vehicle_id,date,report_time,speed_kmh,distance_km,result,addr_jibun,addr_poi,voltage,load_state_raw
SB-000001,2026-08-12,2026-08-12 03:23:24,0,0,리셋보고,전라남도 광양시 태인동 1720(67m 범위),전라남도 광양시 태인동 광양2공장(41m ↓),24.9,공차
SB-000001,2026-08-12,2026-08-12 07:10:17,0,0,Key On,전라남도 광양시 태인동 1720(67m 범위),전라남도 광양시 태인동 광양2공장(41m ↓),22.6,공차
SB-000001,2026-08-12,2026-08-12 07:10:52,0,0,DTG 데이터,전라남도 광양시 태인동 1720(73m 범위),전라남도 광양시 태인동 광양2공장(47m ↓),27.8,공차
SB-000001,2026-08-12,2026-08-12 07:12:53,0,0,DTG 데이터,전라남도 광양시 태인동 1720(75m 범위),전라남도 광양시 태인동 광양2공장(50m ↓),27.7,공차
SB-000001,2026-08-12,2026-08-12 07:14:53,0,0,DTG 데이터,전라남도 광양시 태인동 1720(70m 범위),전라남도 광양시 태인동 광양2공장(46m ↘),27.7,공차
SB-000001,2026-08-12,2026-08-12 07:15:23,0,0,공회전감지,전라남도 광양시 태인동 1720(68m 범위),전라남도 광양시 태인동 광양2공장(45m ↘),27.6,공차
SB-000001,2026-08-12,2026-08-12 07:16:53,0,0,DTG 데이터,전라남도 광양시 태인동 1720(72m 범위),전라남도 광양시 태인동 광양2공장(47m ↓),27.5,공차
SB-000001,2026-08-12,2026-08-12 07:18:53,0,0,DTG 데이터,전라남도 광양시 태인동 1720(76m 범위),전라남도 광양시 태인동 광양2공장(49m ↓),27.4,공차
SB-000001,2026-08-12,2026-08-12 07:20:22,0,0,공회전유지,전라남도 광양시 태인동 1720(74m 범위),전라남도 광양시 태인동 광양2공장(47m ↓),27.6,공차
SB-000001,2026-08-12,2026-08-12 07:20:53,0,0,DTG 데이터,전라남도 광양시 태인동 1720(76m 범위),전라남도 광양시 태인동 광양2공장(48m ↓),27.6,공차
SB-000001,2026-08-12,2026-08-12 07:22:53,0,0,DTG 데이터,전라남도 광양시 태인동 1720(71m 범위),전라남도 광양시 태인동 광양2공장(44m ↓),27.5,공차
SB-000001,2026-08-12,2026-08-12 07:24:31,3,0,공회전종료,전라남도 광양시 태인동 1720(71m 범위),전라남도 광양시 태인동 광양2공장(46m ↓),27.6,공차
SB-000001,2026-08-12,2026-08-12 07:24:52,1,0,DTG 데이터,전라남도 광양시 태인동 1720(93m 범위),전라남도 광양시 태인동 광양2공장(68m ↓),27.3,공차
SB-000001,2026-08-12,2026-08-12 07:26:43,0,0,Key Off,전라남도 광양시 태인동 1654-7(113m 범위),전라남도 광양시 태인동 비에이치인더스트리(93m ↙),26.3,공차
SB-000001,2026-08-12,2026-08-12 07:34:40,0,0,Key On,전라남도 광양시 태인동 1654-7(113m 범위),전라남도 광양시 태인동 비에이치인더스트리(93m ↙),23.5,공차
SB-000001,2026-08-12,2026-08-12 07:34:49,0,0,Key Off,전라남도 광양시 태인동 1654-7(108m 범위),전라남도 광양시 태인동 비에이치인더스트리(88m ↙),24.8,공차
SB-000001,2026-08-12,2026-08-12 07:40:28,0,0,Key On,전라남도 광양시 태인동 1654-7(108m 범위),전라남도 광양시 태인동 비에이치인더스트리(88m ↙),19.7,공차
SB-000001,2026-08-12,2026-08-12 07:40:52,0,0,DTG 데이터,전라남도 광양시 태인동 1654-7(111m 범위),전라남도 광양시 태인동 비에이치인더스트리(91m ↙),27.1,공차
SB-000001,2026-08-12,2026-08-12 07:42:52,0,0,DTG 데이터,전라남도 광양시 태인동 1654-7(112m 범위),전라남도 광양시 태인동 세정테크(92m ↙),27.6,공차
SB-000001,2026-08-12,2026-08-12 07:44:53,0,0,DTG 데이터,전라남도 광양시 태인동 1654-7(115m 범위),전라남도 광양시 태인동 CJ대한통운광양지사(95m →),27.7,공차
SB-000001,2026-08-12,2026-08-12 07:45:33,0,0,공회전감지,전라남도 광양시 태인동 1654-7(111m 범위),전라남도 광양시 태인동 비에이치인더스트리(91m ↙),27.5,공차
SB-000001,2026-08-12,2026-08-12 07:46:53,0,0,DTG 데이터,전라남도 광양시 태인동 1654-7(117m 범위),전라남도 광양시 태인동 CJ대한통운광양지사(95m →),27.6,공차
SB-000001,2026-08-12,2026-08-12 07:48:53,0,0,DTG 데이터,전라남도 광양시 태인동 1654-7(124m 범위),전라남도 광양시 태인동 CJ대한통운광양지사(87m →),27.6,공차
SB-000001,2026-08-12,2026-08-12 07:50:34,0,0,공회전유지,전라남도 광양시 태인동 1654-7(119m 범위),전라남도 광양시 태인동 CJ대한통운광양지사(92m →),27.6,공차
SB-000001,2026-08-12,2026-08-12 07:50:53,0,0,DTG 데이터,전라남도 광양시 태인동 1654-7(120m 범위),전라남도 광양시 태인동 CJ대한통운광양지사(91m →),27.5,공차
SB-000001,2026-08-12,2026-08-12 07:52:53,0,0,DTG 데이터,전라남도 광양시 태인동 1654-7(114m 범위),전라남도 광양시 태인동 CJ대한통운광양지사(94m →),27.1,공차
SB-000001,2026-08-12,2026-08-12 07:54:53,0,0,DTG 데이터,전라남도 광양시 태인동 1654-7(118m 범위),전라남도 광양시 태인동 CJ대한통운광양지사(95m →),27.7,공차
SB-000001,2026-08-12,2026-08-12 07:55:33,0,0,공회전유지,전라남도 광양시 태인동 1654-7(116m 범위),전라남도 광양시 태인동 비에이치인더스트리(98m ↙),27.6,공차
SB-000001,2026-08-12,2026-08-12 07:56:52,0,0,DTG 데이터,전라남도 광양시 태인동 1654-7(112m 범위),전라남도 광양시 태인동 비에이치인더스트리(92m ↙),27.6,공차
SB-000001,2026-08-12,2026-08-12 07:58:23,3,0,공회전종료,전라남도 광양시 태인동 1654-7(119m 범위),전라남도 광양시 태인동 CJ대한통운광양지사(97m →),27.6,공차
SB-000001,2026-08-12,2026-08-12 07:58:52,23,0,DTG 데이터,전라남도 광양시 태인동 1655(82m 범위),전라남도 광양시 태인동 CJ대한통운광양지사(65m ↘),27.1,공차
SB-000001,2026-08-12,2026-08-12 08:00:52,0,1,DTG 데이터,전라남도 광양시 태인동 1653-2(44m 범위),전라남도 광양시 태인동 SK엔크린(36m ↘),27.6,공차
SB-000001,2026-08-12,2026-08-12 08:02:52,22,2,DTG 데이터,전라남도 광양시 태인동 303-50(35m 범위),전라남도 광양시 태인동 소모식당(40m ←),27.5,공차
SB-000001,2026-08-12,2026-08-12 08:04:53,3,3,DTG 데이터,전라남도 광양시 금호동 791(38m 범위),전라남도 광양시 금호동 태인교삼거리(38m ←),27.6,공차
SB-000001,2026-08-12,2026-08-12 08:06:53,33,3,DTG 데이터,전라남도 광양시 금호동 791(302m 범위),전라남도 광양시 금호동 2문(209m ↓),27.3,공차
SB-000001,2026-08-12,2026-08-12 08:08:53,45,4,DTG 데이터,전라남도 광양시 금호동 636(172m 범위),전라남도 광양시 금호동 연구소앞삼거리(311m ↙),27.4,공차
SB-000001,2026-08-12,2026-08-12 08:10:52,21,6,DTG 데이터,전라남도 광양시 금호동 631(180m 범위),전라남도 광양시 금호동 광일엔지니어링(404m ←),27.6,공차
SB-000001,2026-08-12,2026-08-12 08:12:52,45,6,DTG 데이터,전라남도 광양시 금호동 657(329m 범위),주변에 특정 건물이 없습니다,27.7,공차
SB-000001,2026-08-12,2026-08-12 08:14:52,17,7,DTG 데이터,전라남도 광양시 금호동 656(207m 범위),전라남도 광양시 금호동 천문산업안전(382m ↖),27.5,공차
SB-000001,2026-08-12,2026-08-12 08:16:52,23,8,DTG 데이터,전라남도 광양시 금호동 632(441m 범위),주변에 특정 건물이 없습니다,27.5,공차
SB-000001,2026-08-12,2026-08-12 08:18:52,0,8,DTG 데이터,전라남도 광양시 금호동 657(244m 범위),주변에 특정 건물이 없습니다,27.5,공차
SB-000001,2026-08-12,2026-08-12 08:20:17,0,8,Key Off,전라남도 광양시 금호동 657(243m 범위),주변에 특정 건물이 없습니다,25.5,공차
SB-000001,2026-08-12,2026-08-12 08:26:55,0,8,Key On,전라남도 광양시 금호동 657(243m 범위),주변에 특정 건물이 없습니다,23.9,공차
SB-000001,2026-08-12,2026-08-12 08:27:45,0,8,Key Off,전라남도 광양시 금호동 657(239m 범위),주변에 특정 건물이 없습니다,25.5,공차
SB-000001,2026-08-12,2026-08-12 08:33:46,0,8,Key On,전라남도 광양시 금호동 657(239m 범위),주변에 특정 건물이 없습니다,24,공차
SB-000001,2026-08-12,2026-08-12 08:34:52,3,8,DTG 데이터,전라남도 광양시 금호동 657(180m 범위),주변에 특정 건물이 없습니다,27.6,공차
SB-000001,2026-08-12,2026-08-12 08:36:52,0,9,DTG 데이터,전라남도 광양시 금호동 657(34m 범위),주변에 특정 건물이 없습니다,27.6,공차
SB-000001,2026-08-12,2026-08-12 08:38:53,3,9,DTG 데이터,전라남도 광양시 금호동 657(124m 범위),주변에 특정 건물이 없습니다,27.5,공차
SB-000001,2026-08-12,2026-08-12 08:39:41,0,9,Key Off,전라남도 광양시 금호동 657(105m 범위),주변에 특정 건물이 없습니다,25.8,공차
SB-000001,2026-08-12,2026-08-12 08:44:21,0,9,Key On,전라남도 광양시 금호동 657(105m 범위),주변에 특정 건물이 없습니다,24.1,공차
SB-000001,2026-08-12,2026-08-12 08:44:53,0,9,DTG 데이터,전라남도 광양시 금호동 657(109m 범위),주변에 특정 건물이 없습니다,26.3,공차
SB-000001,2026-08-12,2026-08-12 08:46:11,0,9,Key Off,전라남도 광양시 금호동 657(90m 범위),주변에 특정 건물이 없습니다,25.9,공차
SB-000001,2026-08-12,2026-08-12 08:51:43,0,9,Key On,전라남도 광양시 금호동 657(90m 범위),주변에 특정 건물이 없습니다,20.8,공차
SB-000001,2026-08-12,2026-08-12 08:52:53,29,9,DTG 데이터,전라남도 광양시 금호동 653(217m 범위),주변에 특정 건물이 없습니다,27.3,공차
SB-000001,2026-08-12,2026-08-12 08:54:52,21,10,DTG 데이터,전라남도 광양시 금호동 634(139m 범위),전라남도 광양시 금호동 광양제품부두점(86m →),27.5,공차
SB-000001,2026-08-12,2026-08-12 08:56:52,1,11,DTG 데이터,전라남도 광양시 금호동 803(143m 범위),전라남도 광양시 금호동 포스코플로우(291m ↘),27.6,공차
SB-000001,2026-08-12,2026-08-12 08:58:53,0,11,DTG 데이터,전라남도 광양시 금호동 803(103m 범위),전라남도 광양시 금호동 우리은행365(315m ↘),27.3,공차
SB-000001,2026-08-12,2026-08-12 09:00:36,0,11,Key Off,전라남도 광양시 금호동 803(110m 범위),전라남도 광양시 금호동 우리은행365(314m ↘),25.5,공차
SB-000001,2026-08-12,2026-08-12 09:01:36,0,11,Key On,전라남도 광양시 금호동 803(110m 범위),전라남도 광양시 금호동 포스코플로우(314m ↘),24.1,공차
SB-000001,2026-08-12,2026-08-12 09:02:53,42,12,DTG 데이터,전라남도 광양시 금호동 671(125m 범위),전라남도 광양시 금호동 피엠에스(150m ←),27.7,공차
SB-000001,2026-08-12,2026-08-12 09:04:53,17,13,DTG 데이터,전라남도 광양시 금호동 662(457m 범위),주변에 특정 건물이 없습니다,27.5,공차
SB-000001,2026-08-12,2026-08-12 09:06:53,29,14,DTG 데이터,전라남도 광양시 금호동 663(41m 범위),전라남도 광양시 금호동 포스코광양제철소(379m →),27.8,공차
SB-000001,2026-08-12,2026-08-12 09:08:53,0,15,DTG 데이터,전라남도 광양시 금호동 791(315m 범위),전라남도 광양시 금호동 2문(232m ↓),27.1,공차
SB-000001,2026-08-12,2026-08-12 09:10:53,19,15,DTG 데이터,전라남도 광양시 금호동 791(140m 범위),전라남도 광양시 금호동 2문(11m →),27.6,공차
SB-000001,2026-08-12,2026-08-12 09:12:52,63,16,DTG 데이터,전라남도 광양시 태인동 1652-8(44m 범위),전라남도 광양시 태인동 GS칼텍스(24m ↘),27.6,공차
SB-000001,2026-08-12,2026-08-12 09:14:53,0,18,DTG 데이터,전라남도 광양시 태인동 1654-7(86m 범위),전라남도 광양시 태인동 세정테크(57m ↙),27.4,공차
SB-000001,2026-08-12,2026-08-12 09:16:53,0,18,DTG 데이터,전라남도 광양시 태인동 1654-7(77m 범위),전라남도 광양시 태인동 세정테크(42m ↙),27.1,공차
SB-000001,2026-08-12,2026-08-12 09:17:04,0,18,DTG GPS 이상,전라남도 광양시 태인동 1654-7(75m 범위),전라남도 광양시 태인동 세정테크(41m ↙),27,공차
SB-000001,2026-08-12,2026-08-12 09:18:53,30,19,DTG 데이터,전라남도 광양시 태인동 1653-11(61m 범위),전라남도 광양시 태인동 케이아이씨(59m ↖),27,공차
SB-000001,2026-08-12,2026-08-12 09:20:53,30,20,DTG 데이터,전라남도 광양시 태인동 1664-2(21m 범위),전라남도 광양시 태인동 대성이엔지(22m ↘),27.3,공차
SB-000001,2026-08-12,2026-08-12 09:22:53,13,21,DTG 데이터,전라남도 광양시 금호동 791(152m 범위),전라남도 광양시 금호동 2문(25m ↖),27.7,공차
SB-000001,2026-08-12,2026-08-12 09:24:53,40,22,DTG 데이터,전라남도 광양시 금호동 637(175m 범위),전라남도 광양시 금호동 제철삼거리(294m ↘),27.4,공차
SB-000001,2026-08-12,2026-08-12 09:26:52,0,22,DTG 데이터,전라남도 광양시 금호동 658(105m 범위),전라남도 광양시 금호동 정문(188m ↘),26.9,공차
SB-000001,2026-08-12,2026-08-12 09:28:54,0,22,DTG 데이터,전라남도 광양시 금호동 658(100m 범위),전라남도 광양시 금호동 정문(183m ↘),27.2,공차
SB-000001,2026-08-12,2026-08-12 09:30:53,0,22,DTG 데이터,전라남도 광양시 금호동 658(102m 범위),전라남도 광양시 금호동 정문(187m ↘),26.9,공차
SB-000001,2026-08-12,2026-08-12 09:30:56,0,22,공회전감지,전라남도 광양시 금호동 658(103m 범위),전라남도 광양시 금호동 정문(187m ↘),26.9,공차
SB-000001,2026-08-12,2026-08-12 09:31:42,10,22,공회전종료,전라남도 광양시 금호동 658(101m 범위),전라남도 광양시 금호동 정문(182m ↘),27.4,공차
SB-000001,2026-08-12,2026-08-12 09:32:53,24,23,DTG 데이터,전라남도 광양시 금호동 636(205m 범위),전라남도 광양시 금호동 1문(377m ↘),27.4,공차
SB-000001,2026-08-12,2026-08-12 09:34:53,0,23,DTG 데이터,전라남도 광양시 금호동 636(292m 범위),전라남도 광양시 금호동 포렌(370m ↑),26.5,공차
SB-000001,2026-08-12,2026-08-12 09:36:53,0,23,DTG 데이터,전라남도 광양시 금호동 636(405m 범위),전라남도 광양시 금호동 광일엔지니어링(297m ↖),27.7,공차
SB-000001,2026-08-12,2026-08-12 09:38:53,0,23,DTG 데이터,전라남도 광양시 금호동 636(396m 범위),전라남도 광양시 금호동 광일엔지니어링(298m ↖),27.2,공차
SB-000001,2026-08-12,2026-08-12 09:40:53,13,23,DTG 데이터,전라남도 광양시 금호동 636(396m 범위),전라남도 광양시 금호동 광일엔지니어링(267m ↖),27.7,공차
SB-000001,2026-08-12,2026-08-12 09:42:53,11,24,DTG 데이터,전라남도 광양시 금호동 631(194m 범위),전라남도 광양시 금호동 광일엔지니어링(405m ←),27.6,공차
SB-000001,2026-08-12,2026-08-12 09:44:52,43,24,DTG 데이터,전라남도 광양시 금호동 657(5m 범위),주변에 특정 건물이 없습니다,27.8,공차
SB-000001,2026-08-12,2026-08-12 09:46:52,27,25,DTG 데이터,전라남도 광양시 금호동 634(62m 범위),전라남도 광양시 금호동 한유엘엔에스(176m ↗),27.4,공차
SB-000001,2026-08-12,2026-08-12 09:48:53,31,26,DTG 데이터,전라남도 광양시 금호동 802(97m 범위),전라남도 광양시 금호동 아르고마린토탈(152m →),27.3,공차
SB-000001,2026-08-12,2026-08-12 09:50:53,0,26,DTG 데이터,전라남도 광양시 금호동 803(118m 범위),전라남도 광양시 금호동 우리은행365(301m ↘),27.4,공차
SB-000001,2026-08-12,2026-08-12 09:52:53,0,26,DTG 데이터,전라남도 광양시 금호동 803(124m 범위),전라남도 광양시 금호동 포스코플로우(298m ↘),26.6,공차
SB-000001,2026-08-12,2026-08-12 09:53:32,0,26,Key Off,전라남도 광양시 금호동 803(138m 범위),전라남도 광양시 금호동 우리은행365(298m ↘),25,공차
SB-000001,2026-08-12,2026-08-12 09:54:17,0,26,Key On,전라남도 광양시 금호동 803(138m 범위),전라남도 광양시 금호동 우리은행365(298m ↘),23.8,공차
SB-000001,2026-08-12,2026-08-12 09:54:53,20,26,DTG 데이터,전라남도 광양시 금호동 803(156m 범위),전라남도 광양시 금호동 우리은행365(360m ↘),27.6,공차
SB-000001,2026-08-12,2026-08-12 09:55:08,42,26,DTG GPS 정상,전라남도 광양시 금호동 642(69m 범위),전라남도 광양시 금호동 피엠에스(387m ←),27.6,공차
SB-000001,2026-08-12,2026-08-12 09:56:53,32,28,DTG 데이터,전라남도 광양시 금호동 642-1(216m 범위),전라남도 광양시 금호동 피엠에스(492m →),27.4,공차
SB-000001,2026-08-12,2026-08-12 09:58:53,34,29,DTG 데이터,전라남도 광양시 금호동 663(191m 범위),전라남도 광양시 금호동 포스코광양제철소(393m →),27.4,공차
SB-000001,2026-08-12,2026-08-12 10:00:52,39,30,DTG 데이터,주변에 검색된 지번이 없습니다,주변에 특정건물이 없습니다,27.5,공차
SB-000001,2026-08-12,2026-08-12 10:02:53,0,30,DTG 데이터,전라남도 광양시 금호동 791(282m 범위),전라남도 광양시 금호동 2문(196m ↓),27.4,공차
SB-000001,2026-08-12,2026-08-12 10:04:53,0,30,DTG 데이터,전라남도 광양시 금호동 791(201m 범위),전라남도 광양시 금호동 2문(97m ↓),26.8,공차
SB-000001,2026-08-12,2026-08-12 10:06:53,35,31,DTG 데이터,전라남도 광양시 금호동 791(81m 범위),전라남도 광양시 태인동 태인교(19m ↘),27.3,공차
SB-000001,2026-08-12,2026-08-12 10:08:53,17,32,DTG 데이터,전라남도 광양시 태인동 1653-5(27m 범위),전라남도 광양시 태인동 용지삼거리(23m ↙),27.6,공차
SB-000001,2026-08-12,2026-08-12 10:10:53,34,34,DTG 데이터,전라남도 광양시 태인동 1695(32m 범위),전라남도 광양시 태인동 금남산업(41m →),27.5,공차
SB-000001,2026-08-12,2026-08-12 10:12:40,0,34,Key Off,전라남도 광양시 태인동 1714(96m 범위),전라남도 광양시 태인동 엔시스(99m ↑),24.9,공차
SB-000001,2026-08-12,2026-08-12 10:14:07,0,34,Key On,전라남도 광양시 태인동 1714(96m 범위),전라남도 광양시 태인동 엔시스(99m ↑),23.6,공차
SB-000001,2026-08-12,2026-08-12 10:14:53,15,34,DTG 데이터,전라남도 광양시 태인동 1714(111m 범위),전라남도 광양시 태인동 엔시스(130m ↑),27.3,공차
SB-000001,2026-08-12,2026-08-12 10:16:52,0,35,DTG 데이터,전라남도 광양시 태인동 1699(82m 범위),전라남도 광양시 태인동 대주기업(54m ↑),27.4,공차
SB-000001,2026-08-12,2026-08-12 10:18:53,49,36,DTG 데이터,전라남도 광양시 태인동 1721(75m 범위),전라남도 광양시 태인동 대도(76m →),27.2,공차
SB-000001,2026-08-12,2026-08-12 10:20:53,0,37,DTG 데이터,전라남도 광양시 태인동 1653-2(44m 범위),전라남도 광양시 태인동 SK엔크린(39m →),27.1,공차
SB-000001,2026-08-12,2026-08-12 10:22:53,62,37,DTG 데이터,전라남도 광양시 태인동 303-7(46m 범위),전라남도 광양시 태인동 HD현대오일뱅크(27m →),27.4,공차
SB-000001,2026-08-12,2026-08-12 10:24:53,0,38,DTG 데이터,전라남도 광양시 금호동 791(52m 범위),전라남도 광양시 금호동 태인교삼거리(53m ←),27.4,공차
SB-000001,2026-08-12,2026-08-12 10:26:53,18,38,DTG 데이터,전라남도 광양시 금호동 791(199m 범위),전라남도 광양시 금호동 2문(79m ↓),27.7,공차
SB-000001,2026-08-12,2026-08-12 10:28:53,41,40,DTG 데이터,전라남도 광양시 금호동 658(115m 범위),전라남도 광양시 금호동 정문(180m ↙),27.7,공차
SB-000001,2026-08-12,2026-08-12 10:30:53,44,41,DTG 데이터,전라남도 광양시 금호동 631(424m 범위),전라남도 광양시 금호동 포렌(433m ←),27.7,공차
SB-000001,2026-08-12,2026-08-12 10:32:52,0,41,DTG 데이터,전라남도 광양시 금호동 631(156m 범위),전라남도 광양시 금호동 광일엔지니어링(421m ←),27,공차
SB-000001,2026-08-12,2026-08-12 10:34:53,19,42,DTG 데이터,전라남도 광양시 금호동 657(314m 범위),주변에 특정 건물이 없습니다,27.6,공차
SB-000001,2026-08-12,2026-08-12 10:36:53,0,42,DTG 데이터,전라남도 광양시 금호동 657(356m 범위),주변에 특정 건물이 없습니다,27.2,공차
SB-000001,2026-08-12,2026-08-12 10:38:53,0,42,DTG 데이터,전라남도 광양시 금호동 657(328m 범위),주변에 특정 건물이 없습니다,27.5,공차
SB-000001,2026-08-12,2026-08-12 10:40:53,14,43,DTG 데이터,전라남도 광양시 금호동 657(190m 범위),주변에 특정 건물이 없습니다,26.9,공차
SB-000001,2026-08-12,2026-08-12 10:42:53,39,43,DTG 데이터,전라남도 광양시 금호동 656(186m 범위),전라남도 광양시 금호동 한유엘엔에스(384m ↗),27.4,공차
SB-000001,2026-08-12,2026-08-12 10:44:53,30,44,DTG 데이터,전라남도 광양시 금호동 802(21m 범위),전라남도 광양시 금호동 아르고마린토탈(76m →),27.7,공차
SB-000001,2026-08-12,2026-08-12 10:46:40,0,45,Key Off,전라남도 광양시 금호동 803(107m 범위),전라남도 광양시 금호동 우리은행365(316m ↘),25,공차
SB-000001,2026-08-12,2026-08-12 10:47:18,0,45,Key On,전라남도 광양시 금호동 803(107m 범위),전라남도 광양시 금호동 우리은행365(316m ↘),20.4,공차
SB-000001,2026-08-12,2026-08-12 10:48:53,44,45,DTG 데이터,전라남도 광양시 금호동 662(99m 범위),전라남도 광양시 금호동 피엠에스(103m ↘),27.6,공차
SB-000001,2026-08-12,2026-08-12 10:50:53,40,46,DTG 데이터,주변에 검색된 지번이 없습니다,주변에 특정건물이 없습니다,27.5,공차
SB-000001,2026-08-12,2026-08-12 10:52:53,41,48,DTG 데이터,전라남도 광양시 금호동 663(181m 범위),전라남도 광양시 금호동 포스코광양제철소(431m ↗),27.6,공차
SB-000001,2026-08-12,2026-08-12 10:54:53,0,49,DTG 데이터,전라남도 광양시 금호동 791(291m 범위),전라남도 광양시 금호동 2문(210m ↓),27,공차
SB-000001,2026-08-12,2026-08-12 10:56:53,22,49,DTG 데이터,전라남도 광양시 금호동 791(141m 범위),전라남도 광양시 금호동 2문(8m →),27.5,공차
SB-000001,2026-08-12,2026-08-12 10:58:53,0,49,DTG 데이터,전라남도 광양시 태인동 1664-1(24m 범위),전라남도 광양시 태인동 한영통신무전기CCTV(24m →),27.1,공차
SB-000001,2026-08-12,2026-08-12 11:00:53,2,51,DTG 데이터,전라남도 광양시 태인동 1653-5(18m 범위),전라남도 광양시 태인동 성광사(41m ↘),27.3,공차
SB-000001,2026-08-12,2026-08-12 11:02:53,40,52,DTG 데이터,전라남도 광양시 태인동 1717(22m 범위),전라남도 광양시 태인동 우현피엔티(15m ←),27.5,공차
SB-000001,2026-08-12,2026-08-12 11:04:54,0,52,Key Off,전라남도 광양시 태인동 1714(101m 범위),전라남도 광양시 태인동 엔시스(104m ↑),24.7,공차
SB-000001,2026-08-12,2026-08-12 11:08:22,0,52,Key On,전라남도 광양시 태인동 1714(101m 범위),전라남도 광양시 태인동 엔시스(104m ↑),18.2,공차
SB-000001,2026-08-12,2026-08-12 11:08:53,0,52,DTG 데이터,전라남도 광양시 태인동 1714(99m 범위),전라남도 광양시 태인동 엔시스(119m ↑),27.4,공차
SB-000001,2026-08-12,2026-08-12 11:10:53,17,53,DTG 데이터,전라남도 광양시 태인동 1714(106m 범위),전라남도 광양시 태인동 엔시스(121m ↑),27.4,공차
SB-000001,2026-08-12,2026-08-12 11:12:53,0,53,DTG 데이터,전라남도 광양시 태인동 1699(95m 범위),전라남도 광양시 태인동 대주기업(67m ↑),27.2,공차
SB-000001,2026-08-12,2026-08-12 11:14:53,39,54,DTG 데이터,전라남도 광양시 태인동 1698(41m 범위),전라남도 광양시 태인동 에어릭스(71m ↘),27.4,공차
SB-000001,2026-08-12,2026-08-12 11:16:53,0,55,DTG 데이터,전라남도 광양시 태인동 1653-2(59m 범위),전라남도 광양시 태인동 SK엔크린(57m →),26.6,공차
SB-000001,2026-08-12,2026-08-12 11:18:53,40,56,DTG 데이터,전라남도 광양시 금호동 791(17m 범위),전라남도 광양시 금호동 태인교삼거리(33m ↑),27.2,공차
SB-000001,2026-08-12,2026-08-12 11:20:53,6,57,DTG 데이터,전라남도 광양시 금호동 791(165m 범위),전라남도 광양시 금호동 2문(17m ↙),26.1,공차
SB-000001,2026-08-12,2026-08-12 11:22:53,37,57,DTG 데이터,전라남도 광양시 금호동 637(149m 범위),전라남도 광양시 금호동 제철삼거리(312m ↘),27.3,공차
SB-000001,2026-08-12,2026-08-12 11:24:53,14,59,DTG 데이터,전라남도 광양시 금호동 636(386m 범위),전라남도 광양시 금호동 1문(234m ↘),26.4,공차
SB-000001,2026-08-12,2026-08-12 11:26:53,5,60,DTG 데이터,전라남도 광양시 금호동 631(153m 범위),전라남도 광양시 금호동 광일엔지니어링(420m ←),26.6,공차
SB-000001,2026-08-12,2026-08-12 11:28:53,0,60,DTG 데이터,전라남도 광양시 금호동 657(28m 범위),주변에 특정 건물이 없습니다,27.3,공차
SB-000001,2026-08-12,2026-08-12 11:30:53,0,60,DTG 데이터,전라남도 광양시 금호동 657(32m 범위),주변에 특정 건물이 없습니다,27.1,공차
SB-000001,2026-08-12,2026-08-12 11:32:53,0,60,DTG 데이터,전라남도 광양시 금호동 657(31m 범위),주변에 특정 건물이 없습니다,27.3,공차
SB-000001,2026-08-12,2026-08-12 11:33:24,0,60,공회전감지,전라남도 광양시 금호동 657(28m 범위),주변에 특정 건물이 없습니다,27.7,공차
SB-000001,2026-08-12,2026-08-12 11:34:53,0,60,DTG 데이터,전라남도 광양시 금호동 657(35m 범위),주변에 특정 건물이 없습니다,26.9,공차
SB-000001,2026-08-12,2026-08-12 11:36:53,0,60,DTG 데이터,전라남도 광양시 금호동 657(28m 범위),주변에 특정 건물이 없습니다,26.6,공차
SB-000001,2026-08-12,2026-08-12 11:37:46,6,60,공회전종료,전라남도 광양시 금호동 657(27m 범위),주변에 특정 건물이 없습니다,26.4,공차
SB-000001,2026-08-12,2026-08-12 11:38:53,5,60,DTG 데이터,전라남도 광양시 금호동 635(81m 범위),전라남도 광양시 금호동 광일엔지니어링(496m ↙),27.5,공차
SB-000001,2026-08-12,2026-08-12 11:40:53,0,60,DTG 데이터,전라남도 광양시 금호동 657(56m 범위),주변에 특정 건물이 없습니다,27.8,공차
SB-000001,2026-08-12,2026-08-12 11:42:53,0,60,DTG 데이터,전라남도 광양시 금호동 657(61m 범위),주변에 특정 건물이 없습니다,27.1,공차
SB-000001,2026-08-12,2026-08-12 11:44:53,44,61,DTG 데이터,전라남도 광양시 금호동 632(374m 범위),주변에 특정 건물이 없습니다,27.8,공차
SB-000001,2026-08-12,2026-08-12 11:46:53,31,62,DTG 데이터,전라남도 광양시 금호동 802(40m 범위),전라남도 광양시 금호동 아르고마린토탈(96m →),27.6,공차
SB-000001,2026-08-12,2026-08-12 11:48:53,0,63,DTG 데이터,전라남도 광양시 금호동 803(114m 범위),전라남도 광양시 금호동 우리은행365(306m ↘),27.3,공차
SB-000001,2026-08-12,2026-08-12 11:50:53,0,63,DTG 데이터,전라남도 광양시 금호동 803(122m 범위),전라남도 광양시 금호동 우리은행365(298m ↘),27.3,공차
SB-000001,2026-08-12,2026-08-12 11:51:38,0,63,Key Off,전라남도 광양시 금호동 803(121m 범위),전라남도 광양시 금호동 포스코플로우(305m ↘),24.5,공차
SB-000001,2026-08-12,2026-08-12 11:52:07,0,63,Key On,전라남도 광양시 금호동 803(143m 범위),전라남도 광양시 금호동 우리은행365(303m ↘),19.9,공차
SB-000001,2026-08-12,2026-08-12 11:52:53,36,63,DTG 데이터,전라남도 광양시 금호동 803(164m 범위),전라남도 광양시 금호동 포스코플로우(254m ↘),27.5,공차
SB-000001,2026-08-12,2026-08-12 11:54:53,42,64,DTG 데이터,전라남도 광양시 금호동 656(115m 범위),전라남도 광양시 금호동 한유엘엔에스(319m ↗),27.6,공차
SB-000001,2026-08-12,2026-08-12 11:56:53,44,65,DTG 데이터,전라남도 광양시 금호동 631(185m 범위),전라남도 광양시 금호동 광일엔지니어링(403m ←),27.6,공차
SB-000001,2026-08-12,2026-08-12 11:58:53,52,67,DTG 데이터,전라남도 광양시 금호동 652(64m 범위),전라남도 광양시 금호동 광양조경(64m ↗),27.2,공차
SB-000001,2026-08-12,2026-08-12 12:00:53,79,69,DTG 데이터,전라남도 광양시 금호동 796-1(189m 범위),전라남도 광양시 중마동 (중동) 길호대교(164m →),27.7,공차
SB-000001,2026-08-12,2026-08-12 12:02:53,41,71,DTG 데이터,전라남도 광양시 중동 1248(17m 범위),전라남도 광양시 중마동 (중동) 수성카(17m →),26.8,공차
SB-000001,2026-08-12,2026-08-12 12:04:53,59,72,DTG 데이터,전라남도 광양시 도이동 809-1(42m 범위),전라남도 광양시 골약동 (도이동) 광양항홍보관(168m ↓),27.9,공차
SB-000001,2026-08-12,2026-08-12 12:06:53,34,73,DTG 데이터,전라남도 광양시 도이동 832(144m 범위),전라남도 광양시 골약동 (도이동) 동방(131m ↘),27.4,공차
SB-000001,2026-08-12,2026-08-12 12:07:47,0,73,Key Off,전라남도 광양시 도이동 832(53m 범위),전라남도 광양시 골약동 (도이동) 동방(48m ↘),24.9,공차
SB-000001,2026-08-12,2026-08-12 12:47:49,0,73,Key On,전라남도 광양시 도이동 832(53m 범위),전라남도 광양시 골약동 (도이동) 동방(48m ↘),20.3,공차
SB-000001,2026-08-12,2026-08-12 12:48:53,0,73,DTG 데이터,전라남도 광양시 도이동 832(65m 범위),전라남도 광양시 골약동 (도이동) 동방(46m ↘),27.4,공차
SB-000001,2026-08-12,2026-08-12 12:50:53,0,73,DTG 데이터,전라남도 광양시 도이동 832(40m 범위),전라남도 광양시 골약동 (도이동) 동방(43m →),27.5,공차
SB-000001,2026-08-12,2026-08-12 12:52:53,0,73,DTG 데이터,전라남도 광양시 도이동 832(32m 범위),전라남도 광양시 골약동 (도이동) 동방(44m →),27.7,공차
SB-000001,2026-08-12,2026-08-12 12:52:56,0,73,공회전감지,전라남도 광양시 도이동 832(32m 범위),전라남도 광양시 골약동 (도이동) 동방(44m →),27.7,공차
SB-000001,2026-08-12,2026-08-12 12:54:53,0,73,DTG 데이터,전라남도 광양시 도이동 832(43m 범위),전라남도 광양시 골약동 (도이동) 동방(29m →),27.6,공차
SB-000001,2026-08-12,2026-08-12 12:56:53,0,73,DTG 데이터,전라남도 광양시 도이동 832(64m 범위),전라남도 광양시 골약동 (도이동) 동방(7m →),27.6,공차
SB-000001,2026-08-12,2026-08-12 12:57:54,0,73,공회전유지,전라남도 광양시 도이동 832(51m 범위),전라남도 광양시 골약동 (도이동) 동방(20m →),27.6,공차
SB-000001,2026-08-12,2026-08-12 12:58:53,0,73,DTG 데이터,전라남도 광양시 도이동 832(47m 범위),전라남도 광양시 골약동 (도이동) 동방(25m →),27.6,공차
SB-000001,2026-08-12,2026-08-12 13:00:53,0,73,DTG 데이터,전라남도 광양시 도이동 832(52m 범위),전라남도 광양시 골약동 (도이동) 동방(38m ↘),27.5,공차
SB-000001,2026-08-12,2026-08-12 13:02:53,0,73,DTG 데이터,전라남도 광양시 도이동 832(52m 범위),전라남도 광양시 골약동 (도이동) 동방(32m ↘),27.6,공차
SB-000001,2026-08-12,2026-08-12 13:02:55,0,73,공회전유지,전라남도 광양시 도이동 832(52m 범위),전라남도 광양시 골약동 (도이동) 동방(32m ↘),27.6,공차
SB-000001,2026-08-12,2026-08-12 13:03:04,3,73,공회전종료,전라남도 광양시 도이동 832(50m 범위),전라남도 광양시 골약동 (도이동) 동방(32m ↘),27.6,공차
SB-000001,2026-08-12,2026-08-12 13:04:53,0,73,DTG 데이터,전라남도 광양시 도이동 832(13m 범위),전라남도 광양시 골약동 (도이동) 동방(61m →),27.6,공차
SB-000001,2026-08-12,2026-08-12 13:06:53,0,73,DTG 데이터,전라남도 광양시 도이동 832(13m 범위),전라남도 광양시 골약동 (도이동) 동방(59m →),27.7,공차
SB-000001,2026-08-12,2026-08-12 13:08:53,53,74,DTG 데이터,전라남도 광양시 도이동 827-1(130m 범위),전라남도 광양시 골약동 (도이동) 동원로엑스(154m ↗),27.3,공차
SB-000001,2026-08-12,2026-08-12 13:10:53,49,75,DTG 데이터,전라남도 광양시 도이동 779(160m 범위),전라남도 광양시 골약동 (도이동) 주차장(132m →),27.6,공차
SB-000001,2026-08-12,2026-08-12 13:12:53,23,77,DTG 데이터,전라남도 광양시 중동 308-94(19m 범위),전라남도 광양시 중마동 (중동) 버스정류장(50m ←),27.1,공차
SB-000001,2026-08-12,2026-08-12 13:13:40,101,78,과속,전라남도 광양시 중동 102-6(237m 범위),전라남도 광양시 중마동 (중동) 길호대교(95m →),27.8,공차
SB-000001,2026-08-12,2026-08-12 13:14:05,66,78,과속해제,전라남도 광양시 금호동 628-3(96m 범위),전라남도 광양시 금호동 금당교차로(127m ↙),27.5,공차
SB-000001,2026-08-12,2026-08-12 13:14:53,75,79,DTG 데이터,전라남도 광양시 금호동 627-6(115m 범위),전라남도 광양시 금호동 CU(163m ←),27.3,공차
SB-000001,2026-08-12,2026-08-12 13:16:53,61,80,DTG 데이터,전라남도 광양시 금호동 624-4(97m 범위),전라남도 광양시 금호동 자매밥상(81m ↓),27.6,공차
SB-000001,2026-08-12,2026-08-12 13:18:53,7,81,DTG 데이터,전라남도 광양시 금호동 636(430m 범위),전라남도 광양시 금호동 1문(412m ↘),27.6,공차
SB-000001,2026-08-12,2026-08-12 13:20:53,0,81,DTG 데이터,전라남도 광양시 금호동 636(392m 범위),전라남도 광양시 금호동 1문(389m ↘),27.8,공차
SB-000001,2026-08-12,2026-08-12 13:22:53,0,81,DTG 데이터,전라남도 광양시 금호동 636(390m 범위),전라남도 광양시 금호동 1문(409m ↘),27.5,공차
SB-000001,2026-08-12,2026-08-12 13:24:53,44,82,DTG 데이터,전라남도 광양시 금호동 635(76m 범위),전라남도 광양시 금호동 포렌(480m ↙),27.8,공차
SB-000001,2026-08-12,2026-08-12 13:26:53,40,83,DTG 데이터,전라남도 광양시 금호동 656(74m 범위),전라남도 광양시 금호동 한유엘엔에스(185m ↗),27.6,공차
SB-000001,2026-08-12,2026-08-12 13:28:53,15,84,DTG 데이터,전라남도 광양시 금호동 803(112m 범위),전라남도 광양시 금호동 포스코플로우(309m ↘),27.6,공차
SB-000001,2026-08-12,2026-08-12 13:29:22,0,84,Key Off,전라남도 광양시 금호동 803(104m 범위),전라남도 광양시 금호동 포스코플로우(319m ↘),24.9,공차
SB-000001,2026-08-12,2026-08-12 13:29:46,0,84,Key On,전라남도 광양시 금호동 803(104m 범위),전라남도 광양시 금호동 우리은행365(319m ↘),21.9,공차
SB-000001,2026-08-12,2026-08-12 13:30:54,44,85,DTG 데이터,전라남도 광양시 금호동 642(153m 범위),전라남도 광양시 금호동 피엠에스(207m ←),27.5,공차
SB-000001,2026-08-12,2026-08-12 13:32:53,8,86,DTG 데이터,전라남도 광양시 금호동 662(433m 범위),주변에 특정 건물이 없습니다,27.4,공차
SB-000001,2026-08-12,2026-08-12 13:34:53,31,87,DTG 데이터,전라남도 광양시 금호동 663(18m 범위),전라남도 광양시 금호동 포스코광양제철소(360m →),27.3,공차
SB-000001,2026-08-12,2026-08-12 13:36:53,16,88,DTG 데이터,전라남도 광양시 금호동 791(201m 범위),전라남도 광양시 금호동 2문(98m ↓),27.6,공차
SB-000001,2026-08-12,2026-08-12 13:38:53,0,89,DTG 데이터,전라남도 광양시 태인동 1664-2(18m 범위),전라남도 광양시 태인동 태인꽃화원(25m →),27.2,공차
SB-000001,2026-08-12,2026-08-12 13:40:53,43,90,DTG 데이터,전라남도 광양시 태인동 1653-5(30m 범위),전라남도 광양시 태인동 성광사(46m ↓),27.1,공차
SB-000001,2026-08-12,2026-08-12 13:41:54,0,91,Key Off,전라남도 광양시 태인동 1656-6(85m 범위),전라남도 광양시 태인동 동아스틸(80m ↓),24.7,공차
SB-000001,2026-08-12,2026-08-12 13:45:02,0,91,Key On,전라남도 광양시 태인동 1656-6(85m 범위),전라남도 광양시 태인동 동아스틸(80m ↓),19.3,공차
SB-000001,2026-08-12,2026-08-12 13:46:54,26,91,DTG 데이터,전라남도 광양시 태인동 1656-1(81m 범위),전라남도 광양시 태인동 SK엔크린(87m →),27.4,공차
SB-000001,2026-08-12,2026-08-12 13:48:54,46,93,DTG 데이터,전라남도 광양시 금호동 791(33m 범위),전라남도 광양시 금호동 태인교삼거리(49m ↑),26.8,공차
SB-000001,2026-08-12,2026-08-12 13:50:53,29,93,DTG 데이터,전라남도 광양시 금호동 791(221m 범위),전라남도 광양시 금호동 2문(107m ↓),27.4,공차
SB-000001,2026-08-12,2026-08-12 13:52:53,43,95,DTG 데이터,전라남도 광양시 금호동 658(211m 범위),전라남도 광양시 금호동 정문(246m ↙),27.5,공차
SB-000001,2026-08-12,2026-08-12 13:54:53,39,96,DTG 데이터,전라남도 광양시 금호동 631(400m 범위),전라남도 광양시 금호동 포렌(423m ←),27.5,공차
SB-000001,2026-08-12,2026-08-12 13:56:53,16,96,DTG 데이터,전라남도 광양시 금호동 631(169m 범위),전라남도 광양시 금호동 광일엔지니어링(406m ←),27.3,공차
SB-000001,2026-08-12,2026-08-12 13:58:53,18,97,DTG 데이터,전라남도 광양시 금호동 657(269m 범위),주변에 특정 건물이 없습니다,27.3,공차
SB-000001,2026-08-12,2026-08-12 14:00:53,0,97,DTG 데이터,전라남도 광양시 금호동 657(248m 범위),주변에 특정 건물이 없습니다,27,공차
SB-000001,2026-08-12,2026-08-12 14:02:54,0,97,DTG 데이터,전라남도 광양시 금호동 657(273m 범위),전라남도 광양시 금호동 광일엔지니어링(495m ↓),26.9,공차
SB-000001,2026-08-12,2026-08-12 14:04:54,10,97,DTG 데이터,전라남도 광양시 금호동 657(263m 범위),주변에 특정 건물이 없습니다,27.5,공차
SB-000001,2026-08-12,2026-08-12 14:06:54,1,98,DTG 데이터,전라남도 광양시 금호동 657(24m 범위),주변에 특정 건물이 없습니다,27.7,공차
SB-000001,2026-08-12,2026-08-12 14:08:53,0,98,DTG 데이터,전라남도 광양시 금호동 657(22m 범위),주변에 특정 건물이 없습니다,27.7,공차
SB-000001,2026-08-12,2026-08-12 14:10:53,0,98,DTG 데이터,전라남도 광양시 금호동 657(21m 범위),주변에 특정 건물이 없습니다,28,공차
SB-000001,2026-08-12,2026-08-12 14:11:51,0,98,공회전감지,전라남도 광양시 금호동 657(8m 범위),주변에 특정 건물이 없습니다,27.7,공차
SB-000001,2026-08-12,2026-08-12 14:12:32,0,98,공회전종료,전라남도 광양시 금호동 657(10m 범위),주변에 특정 건물이 없습니다,25.9,공차
SB-000001,2026-08-12,2026-08-12 14:12:38,0,98,Key Off,전라남도 광양시 금호동 657(10m 범위),주변에 특정 건물이 없습니다,24.9,공차
SB-000001,2026-08-12,2026-08-12 14:20:36,0,98,Key On,전라남도 광양시 금호동 657(10m 범위),주변에 특정 건물이 없습니다,21.6,공차
SB-000001,2026-08-12,2026-08-12 14:20:54,8,98,DTG 데이터,전라남도 광양시 금호동 657(11m 범위),주변에 특정 건물이 없습니다,27.3,공차
SB-000001,2026-08-12,2026-08-12 14:22:39,0,98,Key Off,전라남도 광양시 금호동 657(62m 범위),주변에 특정 건물이 없습니다,25.5,공차
SB-000001,2026-08-12,2026-08-12 14:31:19,0,98,Key On,전라남도 광양시 금호동 657(62m 범위),주변에 특정 건물이 없습니다,19.3,공차
SB-000001,2026-08-12,2026-08-12 14:32:53,36,99,DTG 데이터,전라남도 광양시 금호동 653(363m 범위),주변에 특정 건물이 없습니다,27.5,공차
SB-000001,2026-08-12,2026-08-12 14:34:53,23,100,DTG 데이터,전라남도 광양시 금호동 634(145m 범위),전라남도 광양시 금호동 광양제품부두점(100m →),27.4,공차
SB-000001,2026-08-12,2026-08-12 14:36:53,0,100,DTG 데이터,전라남도 광양시 금호동 803(119m 범위),전라남도 광양시 금호동 우리은행365(301m ↘),27.2,공차
SB-000001,2026-08-12,2026-08-12 14:38:54,0,100,DTG 데이터,전라남도 광양시 금호동 803(103m 범위),전라남도 광양시 금호동 우리은행365(315m ↘),27.5,공차
SB-000001,2026-08-12,2026-08-12 14:40:54,0,100,Key Off,전라남도 광양시 금호동 803(111m 범위),전라남도 광양시 금호동 우리은행365(309m ↘),25.3,공차
SB-000001,2026-08-12,2026-08-12 14:42:11,1,100,Key On,전라남도 광양시 금호동 803(111m 범위),전라남도 광양시 금호동 포스코플로우(309m ↘),20.6,공차
SB-000001,2026-08-12,2026-08-12 14:42:53,20,100,DTG 데이터,전라남도 광양시 금호동 803(159m 범위),전라남도 광양시 금호동 포스코플로우(363m ↘),26.8,공차
SB-000001,2026-08-12,2026-08-12 14:44:53,22,102,DTG 데이터,전라남도 광양시 금호동 642-1(176m 범위),전라남도 광양시 금호동 피엠에스(490m →),27.5,공차
SB-000001,2026-08-12,2026-08-12 14:46:53,42,103,DTG 데이터,전라남도 광양시 금호동 663(232m 범위),전라남도 광양시 금호동 포스코광양제철소(408m ↘),27.3,공차
SB-000001,2026-08-12,2026-08-12 14:48:53,41,104,DTG 데이터,전라남도 광양시 금호동 791(473m 범위),전라남도 광양시 금호동 2문(399m ↓),27.6,공차
SB-000001,2026-08-12,2026-08-12 14:50:53,16,104,DTG 데이터,전라남도 광양시 금호동 791(131m 범위),전라남도 광양시 금호동 2문(17m ↗),27.7,공차
SB-000001,2026-08-12,2026-08-12 14:52:53,10,105,DTG 데이터,전라남도 광양시 태인동 303-40(15m 범위),전라남도 광양시 태인동 세븐일레븐(20m ↗),27,공차
SB-000001,2026-08-12,2026-08-12 14:54:56,0,106,Key Off,전라남도 광양시 태인동 309-6(14m 범위),전라남도 광양시 태인동 세움건설(30m ↗),24.8,공차
SB-000001,2026-08-12,2026-08-12 14:57:02,0,106,Key On,전라남도 광양시 태인동 309-6(14m 범위),전라남도 광양시 태인동 세움건설(30m ↗),17.9,공차
SB-000001,2026-08-12,2026-08-12 14:57:41,0,106,Key Off,전라남도 광양시 태인동 306-20(1m 범위),전라남도 광양시 태인동 경남스틸(69m ↑),25.4,공차
SB-000001,2026-08-12,2026-08-12 15:04:38,0,106,Key On,전라남도 광양시 태인동 306-20(1m 범위),전라남도 광양시 태인동 경남스틸(69m ↑),20.2,공차
SB-000001,2026-08-12,2026-08-12 15:04:53,0,106,DTG 데이터,전라남도 광양시 태인동 340-9(11m 범위),전라남도 광양시 태인동 경남스틸(76m ↗),27.4,공차
SB-000001,2026-08-12,2026-08-12 15:06:53,31,106,DTG 데이터,전라남도 광양시 태인동 303-175(5m 범위),전라남도 광양시 태인동 거양엔지니어링(83m ↑),27.6,공차
SB-000001,2026-08-12,2026-08-12 15:08:53,41,107,DTG 데이터,전라남도 광양시 태인동 1664-8(15m 범위),전라남도 광양시 태인동 명품타이어아울렛(24m →),27.2,공차
SB-000001,2026-08-12,2026-08-12 15:10:53,8,108,DTG 데이터,전라남도 광양시 금호동 791(86m 범위),전라남도 광양시 금호동 2문(64m ↗),27,공차
SB-000001,2026-08-12,2026-08-12 15:12:55,42,108,DTG 데이터,전라남도 광양시 금호동 637(167m 범위),전라남도 광양시 금호동 제철삼거리(300m ↘),27.4,공차
SB-000001,2026-08-12,2026-08-12 15:14:54,1,110,DTG 데이터,전라남도 광양시 금호동 636(394m 범위),전라남도 광양시 금호동 1문(234m ↘),27.4,공차
SB-000001,2026-08-12,2026-08-12 15:16:53,0,110,DTG 데이터,전라남도 광양시 금호동 631(498m 범위),전라남도 광양시 금호동 광일엔지니어링(339m ↖),27.6,공차
SB-000001,2026-08-12,2026-08-12 15:18:53,3,110,DTG 데이터,전라남도 광양시 금호동 631(482m 범위),전라남도 광양시 금호동 광일엔지니어링(329m ↖),26.7,공차
SB-000001,2026-08-12,2026-08-12 15:19:43,0,110,Key Off,전라남도 광양시 금호동 631(492m 범위),전라남도 광양시 금호동 광일엔지니어링(318m ↖),25,공차
SB-000001,2026-08-12,2026-08-12 15:25:17,0,110,Key On,전라남도 광양시 금호동 631(492m 범위),전라남도 광양시 금호동 광일엔지니어링(318m ↖),19.9,공차
SB-000001,2026-08-12,2026-08-12 15:26:53,4,111,DTG 데이터,전라남도 광양시 금호동 631(418m 범위),전라남도 광양시 금호동 광일엔지니어링(404m ←),27.3,공차
SB-000001,2026-08-12,2026-08-12 15:28:54,0,111,DTG 데이터,전라남도 광양시 금호동 631(169m 범위),전라남도 광양시 금호동 포렌(420m ←),27.5,공차
SB-000001,2026-08-12,2026-08-12 15:30:54,44,112,DTG 데이터,전라남도 광양시 금호동 632(373m 범위),주변에 특정 건물이 없습니다,27.7,공차
SB-000001,2026-08-12,2026-08-12 15:32:54,0,113,DTG 데이터,전라남도 광양시 금호동 656(239m 범위),전라남도 광양시 금호동 메인테크(380m ↖),27.7,공차
SB-000001,2026-08-12,2026-08-12 15:34:54,0,113,DTG 데이터,전라남도 광양시 금호동 656(242m 범위),전라남도 광양시 금호동 천문산업안전(376m ↖),27.4,공차
SB-000001,2026-08-12,2026-08-12 15:36:54,0,113,DTG 데이터,전라남도 광양시 금호동 656(241m 범위),전라남도 광양시 금호동 메인테크(367m ↖),27.4,공차
SB-000001,2026-08-12,2026-08-12 15:37:16,0,113,공회전감지,전라남도 광양시 금호동 656(240m 범위),전라남도 광양시 금호동 메인테크(373m ↖),27.3,공차
SB-000001,2026-08-12,2026-08-12 15:38:53,0,113,DTG 데이터,전라남도 광양시 금호동 656(246m 범위),전라남도 광양시 금호동 천문산업안전(382m ↖),27.5,공차
SB-000001,2026-08-12,2026-08-12 15:40:01,0,113,공회전종료,전라남도 광양시 금호동 656(247m 범위),전라남도 광양시 금호동 천문산업안전(372m ↖),25.3,공차
SB-000001,2026-08-12,2026-08-12 15:40:07,0,113,Key Off,전라남도 광양시 금호동 656(247m 범위),전라남도 광양시 금호동 메인테크(372m ↖),25,공차
SB-000001,2026-08-12,2026-08-12 15:52:48,0,113,Key On,전라남도 광양시 금호동 656(247m 범위),전라남도 광양시 금호동 천문산업안전(372m ↖),16.7,공차
SB-000001,2026-08-12,2026-08-12 15:52:54,0,113,관제주기보고,전라남도 광양시 금호동 656(244m 범위),전라남도 광양시 금호동 메인테크(370m ↖),24.5,공차
SB-000001,2026-08-12,2026-08-12 15:54:54,13,113,DTG 데이터,전라남도 광양시 금호동 656(314m 범위),전라남도 광양시 금호동 천문산업안전(244m ↖),27.4,공차
SB-000001,2026-08-12,2026-08-12 15:55:18,0,113,Key Off,전라남도 광양시 금호동 656(306m 범위),전라남도 광양시 금호동 메인테크(211m ←),25.7,공차
SB-000001,2026-08-12,2026-08-12 16:01:09,0,113,Key On,전라남도 광양시 금호동 656(306m 범위),전라남도 광양시 금호동 메인테크(211m ←),24,공차
SB-000001,2026-08-12,2026-08-12 16:02:55,0,113,DTG 데이터,전라남도 광양시 금호동 656(289m 범위),전라남도 광양시 금호동 천문산업안전(218m ←),27.5,공차
SB-000001,2026-08-12,2026-08-12 16:04:56,6,113,DTG 데이터,전라남도 광양시 금호동 802(275m 범위),전라남도 광양시 금호동 천문산업안전(197m ←),27.1,공차
SB-000001,2026-08-12,2026-08-12 16:06:56,23,113,DTG 데이터,전라남도 광양시 금호동 656(93m 범위),전라남도 광양시 금호동 한유엘엔에스(298m ↗),27.4,공차
SB-000001,2026-08-12,2026-08-12 16:08:56,32,114,DTG 데이터,전라남도 광양시 금호동 802(131m 범위),전라남도 광양시 금호동 아르고마린토탈(185m →),27.6,공차
SB-000001,2026-08-12,2026-08-12 16:10:53,0,115,Key Off,전라남도 광양시 금호동 803(99m 범위),전라남도 광양시 금호동 포스코플로우(325m ↘),25.1,공차
SB-000001,2026-08-12,2026-08-12 16:11:48,5,115,Key On,전라남도 광양시 금호동 803(99m 범위),전라남도 광양시 금호동 포스코플로우(325m ↘),19.5,공차
SB-000001,2026-08-12,2026-08-12 16:12:54,36,115,DTG 데이터,전라남도 광양시 금호동 642(99m 범위),전라남도 광양시 금호동 피엠에스(264m ←),27.5,공차
SB-000001,2026-08-12,2026-08-12 16:14:54,30,116,DTG 데이터,전라남도 광양시 금호동 662(422m 범위),주변에 특정 건물이 없습니다,27.4,공차
SB-000001,2026-08-12,2026-08-12 16:16:53,8,117,DTG 데이터,전라남도 광양시 금호동 663(91m 범위),전라남도 광양시 금호동 포스코광양제철소(369m →),26.4,공차
SB-000001,2026-08-12,2026-08-12 16:18:53,47,118,DTG 데이터,주변에 검색된 지번이 없습니다,주변에 특정건물이 없습니다,27.5,공차
SB-000001,2026-08-12,2026-08-12 16:20:53,0,118,DTG 데이터,전라남도 광양시 금호동 791(246m 범위),전라남도 광양시 금호동 2문(155m ↓),27.2,공차
SB-000001,2026-08-12,2026-08-12 16:22:54,15,119,DTG 데이터,전라남도 광양시 금호동 791(164m 범위),전라남도 광양시 금호동 2문(44m ↓),27.6,공차
SB-000001,2026-08-12,2026-08-12 16:24:54,63,120,DTG 데이터,전라남도 광양시 태인동 303-7(47m 범위),전라남도 광양시 태인동 HD현대오일뱅크(25m ↘),26.9,공차
SB-000001,2026-08-12,2026-08-12 16:26:54,18,121,DTG 데이터,전라남도 광양시 태인동 1654-1(75m 범위),전라남도 광양시 태인동 세정테크(26m ↙),27.5,공차
SB-000001,2026-08-12,2026-08-12 16:27:42,0,121,Key Off,전라남도 광양시 태인동 1654-1(48m 범위),전라남도 광양시 태인동 세정테크(29m ↖),24.9,공차
SB-000001,2026-08-12,2026-08-12 16:31:18,0,121,Key On,전라남도 광양시 태인동 1654-1(48m 범위),전라남도 광양시 태인동 세정테크(29m ↖),19.2,공차
SB-000001,2026-08-12,2026-08-12 16:32:49,0,122,Key Off,전라남도 광양시 태인동 1720(72m 범위),전라남도 광양시 태인동 광양2공장(45m ↓),25.7,공차
SB-000002,2026-08-12,2026-08-12 03:23:24,0,0,리셋보고,전라남도 광양시 태인동 1654-7(122m 범위),전라남도 광양시 태인동 CJ대한통운광양지사(93m →),25.5,공차
SB-000002,2026-08-12,2026-08-12 07:26:21,0,0,Key On,전라남도 광양시 태인동 1654-7(122m 범위),전라남도 광양시 태인동 CJ대한통운광양지사(93m →),24.8,공차
SB-000002,2026-08-12,2026-08-12 07:26:26,0,0,Key Off,전라남도 광양시 태인동 1654-7(115m 범위),전라남도 광양시 태인동 CJ대한통운광양지사(92m →),24.9,공차
SB-000002,2026-08-12,2026-08-12 07:34:46,0,0,Key On,전라남도 광양시 태인동 1654-7(115m 범위),전라남도 광양시 태인동 CJ대한통운광양지사(92m →),20.7,공차
SB-000002,2026-08-12,2026-08-12 07:34:54,0,0,관제주기보고,전라남도 광양시 태인동 1654-7(116m 범위),전라남도 광양시 태인동 CJ대한통운광양지사(92m →),27.9,공차
SB-000002,2026-08-12,2026-08-12 07:36:55,0,0,DTG 데이터,전라남도 광양시 태인동 1654-7(116m 범위),전라남도 광양시 태인동 CJ대한통운광양지사(93m →),28,공차
SB-000002,2026-08-12,2026-08-12 07:38:54,0,0,DTG 데이터,전라남도 광양시 태인동 1654-7(122m 범위),전라남도 광양시 태인동 CJ대한통운광양지사(89m →),27.9,공차
SB-000002,2026-08-12,2026-08-12 07:39:53,0,0,공회전감지,전라남도 광양시 태인동 1654-7(121m 범위),전라남도 광양시 태인동 CJ대한통운광양지사(89m →),28,공차
SB-000002,2026-08-12,2026-08-12 07:40:54,0,0,DTG 데이터,전라남도 광양시 태인동 1654-7(121m 범위),전라남도 광양시 태인동 CJ대한통운광양지사(87m →),27.9,공차
SB-000002,2026-08-12,2026-08-12 07:42:54,0,0,DTG 데이터,전라남도 광양시 태인동 1654-7(118m 범위),전라남도 광양시 태인동 CJ대한통운광양지사(90m →),27.9,공차
SB-000002,2026-08-12,2026-08-12 07:44:53,0,0,공회전유지,전라남도 광양시 태인동 1654-7(116m 범위),전라남도 광양시 태인동 CJ대한통운광양지사(91m →),28,공차
SB-000002,2026-08-12,2026-08-12 07:44:53,0,0,DTG 데이터,전라남도 광양시 태인동 1654-7(116m 범위),전라남도 광양시 태인동 CJ대한통운광양지사(91m →),28,공차
SB-000002,2026-08-12,2026-08-12 07:46:54,0,0,DTG 데이터,전라남도 광양시 태인동 1654-7(118m 범위),전라남도 광양시 태인동 CJ대한통운광양지사(91m →),28,공차
SB-000002,2026-08-12,2026-08-12 07:48:54,0,0,DTG 데이터,전라남도 광양시 태인동 1654-7(123m 범위),전라남도 광양시 태인동 CJ대한통운광양지사(96m →),27.9,공차
SB-000002,2026-08-12,2026-08-12 07:49:54,0,0,공회전유지,전라남도 광양시 태인동 1654-7(125m 범위),전라남도 광양시 태인동 CJ대한통운광양지사(98m →),28,공차
SB-000002,2026-08-12,2026-08-12 07:50:54,0,0,DTG 데이터,전라남도 광양시 태인동 1654-7(122m 범위),전라남도 광양시 태인동 CJ대한통운광양지사(104m →),28,공차
SB-000002,2026-08-12,2026-08-12 07:52:54,0,0,DTG 데이터,전라남도 광양시 태인동 1654-7(124m 범위),전라남도 광양시 태인동 CJ대한통운광양지사(96m →),28,공차
SB-000002,2026-08-12,2026-08-12 07:54:54,0,0,공회전유지,전라남도 광양시 태인동 1654-7(121m 범위),전라남도 광양시 태인동 CJ대한통운광양지사(93m →),27.9,공차
SB-000002,2026-08-12,2026-08-12 07:54:56,0,0,DTG 데이터,전라남도 광양시 태인동 1654-7(121m 범위),전라남도 광양시 태인동 CJ대한통운광양지사(93m →),27.8,공차
SB-000002,2026-08-12,2026-08-12 07:56:54,0,0,DTG 데이터,전라남도 광양시 태인동 1654-7(122m 범위),전라남도 광양시 태인동 CJ대한통운광양지사(95m →),27.9,공차
SB-000002,2026-08-12,2026-08-12 07:58:43,4,0,공회전종료,전라남도 광양시 태인동 1654-7(122m 범위),전라남도 광양시 태인동 CJ대한통운광양지사(95m →),28,공차
SB-000002,2026-08-12,2026-08-12 07:58:54,10,0,DTG 데이터,전라남도 광양시 태인동 1655(113m 범위),전라남도 광양시 태인동 CJ대한통운광양지사(85m ↘),27.9,공차
SB-000002,2026-08-12,2026-08-12 08:00:42,57,1,급가속,전라남도 광양시 태인동 1653-2(63m 범위),전라남도 광양시 태인동 SK엔크린(60m →),27.9,공차
SB-000002,2026-08-12,2026-08-12 08:00:54,0,1,DTG 데이터,전라남도 광양시 태인동 1653-2(60m 범위),전라남도 광양시 태인동 SK엔크린(56m →),28,공차
SB-000002,2026-08-12,2026-08-12 08:02:53,56,1,DTG 데이터,전라남도 광양시 태인동 303-34(27m 범위),전라남도 광양시 태인동 HD현대오일뱅크(51m ↓),27.8,공차
SB-000002,2026-08-12,2026-08-12 08:03:49,89,2,급가속,전라남도 광양시 태인동 1664-7(92m 범위),전라남도 광양시 태인동 태인교(9m ↑),27.9,공차
SB-000002,2026-08-12,2026-08-12 08:03:52,22,2,급감속,전라남도 광양시 태인동 1664-7(98m 범위),전라남도 광양시 태인동 태인교(3m ↖),27.8,공차
SB-000002,2026-08-12,2026-08-12 08:03:56,57,2,급가속,전라남도 광양시 금호동 791(78m 범위),전라남도 광양시 태인동 태인교(21m ↓),27.9,공차
SB-000002,2026-08-12,2026-08-12 08:03:58,12,2,급감속,전라남도 광양시 금호동 791(74m 범위),전라남도 광양시 태인동 태인교(25m ↓),27.9,공차
SB-000002,2026-08-12,2026-08-12 08:04:09,194,2,급가속,전라남도 광양시 금호동 791(33m 범위),전라남도 광양시 금호동 태인교삼거리(49m ↑),28,공차
SB-000002,2026-08-12,2026-08-12 08:04:11,17,2,급감속,전라남도 광양시 금호동 791(29m 범위),전라남도 광양시 금호동 태인교삼거리(45m ↑),27.9,공차
SB-000002,2026-08-12,2026-08-12 08:04:33,231,2,급출발,전라남도 광양시 금호동 791(6m 범위),전라남도 광양시 금호동 태인교삼거리(22m ↑),28,공차
SB-000002,2026-08-12,2026-08-12 08:04:35,185,2,급감속,전라남도 광양시 금호동 791(6m 범위),전라남도 광양시 금호동 태인교삼거리(22m ↑),27.9,공차
SB-000002,2026-08-12,2026-08-12 08:04:36,214,2,급가속,전라남도 광양시 금호동 791(5m 범위),전라남도 광양시 금호동 태인교삼거리(21m ↑),28,공차
SB-000002,2026-08-12,2026-08-12 08:04:38,0,2,급정지,전라남도 광양시 금호동 791(5m 범위),전라남도 광양시 금호동 태인교삼거리(21m ↑),27.9,공차
SB-000002,2026-08-12,2026-08-12 08:04:54,0,2,DTG 데이터,전라남도 광양시 금호동 791(2m 범위),전라남도 광양시 금호동 태인교삼거리(18m ↑),28,공차
SB-000002,2026-08-12,2026-08-12 08:06:16,231,2,급출발,전라남도 광양시 금호동 791(154m 범위),전라남도 광양시 금호동 2문(15m ↖),28,공차
SB-000002,2026-08-12,2026-08-12 08:06:18,92,2,급감속,전라남도 광양시 금호동 791(155m 범위),전라남도 광양시 금호동 2문(14m ↖),28,공차
SB-000002,2026-08-12,2026-08-12 08:06:22,57,2,급가속,전라남도 광양시 금호동 791(157m 범위),전라남도 광양시 금호동 2문(10m ←),27.9,공차
SB-000002,2026-08-12,2026-08-12 08:06:24,7,2,급감속,전라남도 광양시 금호동 791(158m 범위),전라남도 광양시 금호동 2문(10m ←),27.9,공차
SB-000002,2026-08-12,2026-08-12 08:06:35,107,2,급가속,전라남도 광양시 금호동 791(175m 범위),전라남도 광양시 금호동 2문(41m ↓),27.8,공차
SB-000002,2026-08-12,2026-08-12 08:06:37,15,2,급감속,전라남도 광양시 금호동 791(178m 범위),전라남도 광양시 금호동 2문(45m ↓),27.8,공차
SB-000002,2026-08-12,2026-08-12 08:06:54,27,2,DTG 데이터,전라남도 광양시 금호동 791(226m 범위),전라남도 광양시 금호동 2문(118m ↓),27.9,공차
SB-000002,2026-08-12,2026-08-12 08:08:55,39,3,DTG 데이터,전라남도 광양시 금호동 658(191m 범위),전라남도 광양시 금호동 정문(234m ↙),27.9,공차
SB-000002,2026-08-12,2026-08-12 08:10:54,33,5,DTG 데이터,전라남도 광양시 금호동 631(313m 범위),전라남도 광양시 금호동 포렌(398m ←),27.9,공차
SB-000002,2026-08-12,2026-08-12 08:11:42,212,5,급가속,전라남도 광양시 금호동 631(180m 범위),전라남도 광양시 금호동 광일엔지니어링(402m ←),28.1,공차
SB-000002,2026-08-12,2026-08-12 08:11:44,76,5,급감속,전라남도 광양시 금호동 631(180m 범위),전라남도 광양시 금호동 광일엔지니어링(402m ←),27.9,공차
SB-000002,2026-08-12,2026-08-12 08:12:54,5,5,DTG 데이터,전라남도 광양시 금호동 657(91m 범위),주변에 특정 건물이 없습니다,27.8,공차
SB-000002,2026-08-12,2026-08-12 08:14:27,0,5,Key Off,전라남도 광양시 금호동 657(56m 범위),주변에 특정 건물이 없습니다,27,공차
SB-000002,2026-08-12,2026-08-12 08:17:44,0,5,Key On,전라남도 광양시 금호동 657(56m 범위),주변에 특정 건물이 없습니다,27,공차
SB-000002,2026-08-12,2026-08-12 08:18:54,0,5,DTG 데이터,전라남도 광양시 금호동 657(43m 범위),주변에 특정 건물이 없습니다,28,공차
SB-000002,2026-08-12,2026-08-12 08:20:54,0,5,DTG 데이터,전라남도 광양시 금호동 657(58m 범위),주변에 특정 건물이 없습니다,27.9,공차
SB-000002,2026-08-12,2026-08-12 08:21:10,0,5,Key Off,전라남도 광양시 금호동 657(58m 범위),주변에 특정 건물이 없습니다,26.9,공차
SB-000002,2026-08-12,2026-08-12 08:22:18,0,5,Key On,전라남도 광양시 금호동 657(58m 범위),주변에 특정 건물이 없습니다,27.3,공차
SB-000002,2026-08-12,2026-08-12 08:22:54,27,5,DTG 데이터,전라남도 광양시 금호동 635(58m 범위),주변에 특정 건물이 없습니다,27.9,공차
SB-000002,2026-08-12,2026-08-12 08:24:54,29,6,DTG 데이터,전라남도 광양시 금호동 631(152m 범위),전라남도 광양시 금호동 포렌(414m ←),27.9,공차
SB-000002,2026-08-12,2026-08-12 08:25:52,56,6,급가속,주변에 검색된 지번이 없습니다,전라남도 광양시 금호동 1문(438m ↓),27.8,공차
SB-000002,2026-08-12,2026-08-12 08:25:54,9,6,급감속,주변에 검색된 지번이 없습니다,전라남도 광양시 금호동 1문(436m ↓),27.9,공차
SB-000002,2026-08-12,2026-08-12 08:26:28,231,6,급출발,주변에 검색된 지번이 없습니다,전라남도 광양시 금호동 1문(413m ↓),27.9,공차
SB-000002,2026-08-12,2026-08-12 08:26:30,20,6,급감속,주변에 검색된 지번이 없습니다,전라남도 광양시 금호동 1문(413m ↓),27.9,공차
SB-000002,2026-08-12,2026-08-12 08:26:48,0,6,Key Off,주변에 검색된 지번이 없습니다,전라남도 광양시 금호동 1문(407m ↓),26.9,공차
SB-000002,2026-08-12,2026-08-12 08:34:48,0,6,Key On,주변에 검색된 지번이 없습니다,주변에 특정 건물이 없습니다,26,공차
SB-000002,2026-08-12,2026-08-12 08:34:54,0,6,관제주기보고,주변에 검색된 지번이 없습니다,전라남도 광양시 금호동 1문(408m ↓),27.7,공차
SB-000002,2026-08-12,2026-08-12 08:36:48,0,6,Key Off,주변에 검색된 지번이 없습니다,전라남도 광양시 금호동 1문(392m ↓),26.8,공차
SB-000002,2026-08-12,2026-08-12 08:45:39,0,6,Key On,주변에 검색된 지번이 없습니다,전라남도 광양시 금호동 1문(392m ↓),22,공차
SB-000002,2026-08-12,2026-08-12 08:46:54,0,6,DTG 데이터,주변에 검색된 지번이 없습니다,전라남도 광양시 금호동 1문(412m ↓),28,공차
SB-000002,2026-08-12,2026-08-12 08:48:54,0,6,DTG 데이터,주변에 검색된 지번이 없습니다,전라남도 광양시 금호동 1문(410m ↓),27.9,공차
SB-000002,2026-08-12,2026-08-12 08:50:45,0,6,Key Off,전라남도 광양시 금호동 636(425m 범위),전라남도 광양시 금호동 광일엔지니어링(416m ↖),27,공차
SB-000002,2026-08-12,2026-08-12 08:55:27,0,6,Key On,전라남도 광양시 금호동 636(425m 범위),전라남도 광양시 금호동 광일엔지니어링(416m ↖),27,공차
SB-000002,2026-08-12,2026-08-12 08:56:35,231,6,급출발,전라남도 광양시 금호동 636(446m 범위),전라남도 광양시 금호동 포렌(411m ↖),27.9,공차
SB-000002,2026-08-12,2026-08-12 08:56:38,114,6,급감속,전라남도 광양시 금호동 636(445m 범위),전라남도 광양시 금호동 광일엔지니어링(410m ↖),27.9,공차
SB-000002,2026-08-12,2026-08-12 08:56:40,0,6,급정지,전라남도 광양시 금호동 636(444m 범위),전라남도 광양시 금호동 광일엔지니어링(410m ↖),28.1,공차
SB-000002,2026-08-12,2026-08-12 08:56:43,231,6,급가속,전라남도 광양시 금호동 636(441m 범위),전라남도 광양시 금호동 포렌(407m ↖),27.8,공차
SB-000002,2026-08-12,2026-08-12 08:56:43,103,6,급출발,전라남도 광양시 금호동 636(442m 범위),전라남도 광양시 금호동 광일엔지니어링(407m ↖),27.9,공차
SB-000002,2026-08-12,2026-08-12 08:56:45,208,6,급감속,전라남도 광양시 금호동 636(440m 범위),전라남도 광양시 금호동 광일엔지니어링(406m ↖),27.9,공차
SB-000002,2026-08-12,2026-08-12 08:56:46,0,6,급정지,전라남도 광양시 금호동 636(440m 범위),전라남도 광양시 금호동 광일엔지니어링(405m ↖),28,공차
SB-000002,2026-08-12,2026-08-12 08:56:53,0,6,DTG 데이터,전라남도 광양시 금호동 636(435m 범위),주변에 특정 건물이 없습니다,28,공차
SB-000002,2026-08-12,2026-08-12 08:57:04,255,6,급출발,전라남도 광양시 금호동 636(425m 범위),전라남도 광양시 금호동 광일엔지니어링(400m ↖),27.9,공차
SB-000002,2026-08-12,2026-08-12 08:57:07,188,6,급감속,전라남도 광양시 금호동 636(425m 범위),전라남도 광양시 금호동 광일엔지니어링(400m ↖),27.9,공차
SB-000002,2026-08-12,2026-08-12 08:57:09,0,6,급정지,전라남도 광양시 금호동 636(427m 범위),전라남도 광양시 금호동 광일엔지니어링(402m ↖),27.9,공차
SB-000002,2026-08-12,2026-08-12 08:58:54,0,6,DTG 데이터,전라남도 광양시 금호동 636(429m 범위),전라남도 광양시 금호동 1문(408m ↘),28,공차
SB-000002,2026-08-12,2026-08-12 09:00:54,0,6,DTG 데이터,전라남도 광양시 금호동 636(405m 범위),전라남도 광양시 금호동 광일엔지니어링(399m ↖),28,공차
SB-000002,2026-08-12,2026-08-12 09:02:07,0,6,공회전감지,전라남도 광양시 금호동 636(400m 범위),전라남도 광양시 금호동 광일엔지니어링(369m ↖),27.9,공차
SB-000002,2026-08-12,2026-08-12 09:02:54,0,6,DTG 데이터,전라남도 광양시 금호동 636(400m 범위),전라남도 광양시 금호동 광일엔지니어링(372m ↖),27.9,공차
SB-000002,2026-08-12,2026-08-12 09:04:55,0,6,DTG 데이터,전라남도 광양시 금호동 636(424m 범위),전라남도 광양시 금호동 포렌(386m ↖),28,공차
SB-000002,2026-08-12,2026-08-12 09:05:16,5,6,공회전종료,전라남도 광양시 금호동 636(421m 범위),전라남도 광양시 금호동 광일엔지니어링(384m ↖),27.7,공차
SB-000002,2026-08-12,2026-08-12 09:06:54,36,7,DTG 데이터,전라남도 광양시 금호동 631(353m 범위),전라남도 광양시 금호동 광일엔지니어링(407m ←),27.9,공차
SB-000002,2026-08-12,2026-08-12 09:08:54,2,7,DTG 데이터,전라남도 광양시 금호동 631(166m 범위),전라남도 광양시 금호동 광일엔지니어링(411m ←),27.9,공차
SB-000002,2026-08-12,2026-08-12 09:10:54,39,8,DTG 데이터,전라남도 광양시 금호동 656(147m 범위),전라남도 광양시 금호동 한유엘엔에스(350m ↗),27.9,공차
SB-000002,2026-08-12,2026-08-12 09:12:54,28,9,DTG 데이터,전라남도 광양시 금호동 802(134m 범위),전라남도 광양시 금호동 아르고마린토탈(187m →),27.9,공차
SB-000002,2026-08-12,2026-08-12 09:13:33,207,9,급가속,전라남도 광양시 금호동 803(94m 범위),전라남도 광양시 금호동 우리은행365(324m ↘),27.9,공차
SB-000002,2026-08-12,2026-08-12 09:13:36,9,9,급감속,전라남도 광양시 금호동 803(93m 범위),전라남도 광양시 금호동 우리은행365(324m ↘),27.9,공차
SB-000002,2026-08-12,2026-08-12 09:13:55,0,9,Key Off,전라남도 광양시 금호동 803(86m 범위),전라남도 광양시 금호동 우리은행365(334m ↘),26.8,공차
SB-000002,2026-08-12,2026-08-12 09:14:36,0,9,Key On,전라남도 광양시 금호동 803(86m 범위),전라남도 광양시 금호동 우리은행365(334m ↘),24,공차
SB-000002,2026-08-12,2026-08-12 09:14:54,10,9,DTG 데이터,전라남도 광양시 금호동 803(84m 범위),전라남도 광양시 금호동 포스코플로우(363m ↘),27.9,공차
SB-000002,2026-08-12,2026-08-12 09:16:54,38,10,DTG 데이터,전라남도 광양시 금호동 662(126m 범위),전라남도 광양시 금호동 피엠에스(315m →),27.9,공차
SB-000002,2026-08-12,2026-08-12 09:18:54,40,11,DTG 데이터,주변에 검색된 지번이 없습니다,주변에 특정건물이 없습니다,27.9,공차
SB-000002,2026-08-12,2026-08-12 09:20:54,38,12,DTG 데이터,전라남도 광양시 금호동 663(418m 범위),주변에 특정 건물이 없습니다,27.9,공차
SB-000002,2026-08-12,2026-08-12 09:22:54,19,13,DTG 데이터,전라남도 광양시 금호동 791(101m 범위),전라남도 광양시 금호동 2문(47m →),28,공차
SB-000002,2026-08-12,2026-08-12 09:24:54,20,14,DTG 데이터,전라남도 광양시 태인동 303-106(0m 범위),전라남도 광양시 태인동 세림후렉시블(22m ↘),28,공차
SB-000002,2026-08-12,2026-08-12 09:26:54,0,14,DTG 데이터,전라남도 광양시 태인동 산111-5(21m 범위),전라남도 광양시 태인동 세움건설(23m →),28,공차
SB-000002,2026-08-12,2026-08-12 09:27:58,40,14,급가속,전라남도 광양시 태인동 309-6(15m 범위),전라남도 광양시 태인동 세움건설(29m ↗),27.8,공차
SB-000002,2026-08-12,2026-08-12 09:28:09,231,14,급출발,전라남도 광양시 태인동 309-6(17m 범위),전라남도 광양시 태인동 세움건설(28m ↗),27.9,공차
SB-000002,2026-08-12,2026-08-12 09:28:11,97,14,급감속,전라남도 광양시 태인동 309-6(17m 범위),전라남도 광양시 태인동 세움건설(28m ↗),28,공차
SB-000002,2026-08-12,2026-08-12 09:28:55,0,14,DTG 데이터,전라남도 광양시 태인동 309-6(20m 범위),전라남도 광양시 태인동 세움건설(30m →),28,공차
SB-000002,2026-08-12,2026-08-12 09:30:01,0,14,Key Off,전라남도 광양시 태인동 309-6(27m 범위),전라남도 광양시 태인동 경남스틸(41m ↖),26.7,공차
SB-000002,2026-08-12,2026-08-12 09:35:44,0,14,Key On,전라남도 광양시 태인동 309-6(27m 범위),전라남도 광양시 태인동 경남스틸(41m ↖),22.3,공차
SB-000002,2026-08-12,2026-08-12 09:36:18,0,14,Key Off,전라남도 광양시 태인동 306-20(31m 범위),전라남도 광양시 태인동 경남스틸(37m ↑),26.3,공차
SB-000002,2026-08-12,2026-08-12 09:39:07,0,14,Key On,전라남도 광양시 태인동 306-20(31m 범위),전라남도 광양시 태인동 경남스틸(37m ↑),20.9,공차
SB-000002,2026-08-12,2026-08-12 09:40:54,0,14,DTG 데이터,전라남도 광양시 태인동 산111-2(36m 범위),전라남도 광양시 태인동 경남스틸(65m ↓),27.6,공차
SB-000002,2026-08-12,2026-08-12 09:41:32,39,14,급가속,전라남도 광양시 태인동 308-5(21m 범위),전라남도 광양시 태인동 경남스틸(68m ↓),27.8,공차
SB-000002,2026-08-12,2026-08-12 09:41:35,12,14,급감속,전라남도 광양시 태인동 308-5(18m 범위),전라남도 광양시 태인동 경남스틸(69m ↙),27.7,공차
SB-000002,2026-08-12,2026-08-12 09:42:54,26,15,DTG 데이터,전라남도 광양시 태인동 303-96(1m 범위),전라남도 광양시 태인동 세림후렉시블(46m →),28,공차
SB-000002,2026-08-12,2026-08-12 09:44:54,5,16,DTG 데이터,전라남도 광양시 금호동 791(134m 범위),전라남도 광양시 금호동 2문(36m ↑),28.1,공차
SB-000002,2026-08-12,2026-08-12 09:46:54,28,17,DTG 데이터,전라남도 광양시 금호동 637(147m 범위),전라남도 광양시 금호동 제철삼거리(310m ↘),27.9,공차
SB-000002,2026-08-12,2026-08-12 09:48:55,0,17,DTG 데이터,전라남도 광양시 금호동 658(110m 범위),전라남도 광양시 금호동 정문(186m ↘),27.7,공차
SB-000002,2026-08-12,2026-08-12 09:49:53,0,17,Key Off,전라남도 광양시 금호동 658(109m 범위),전라남도 광양시 금호동 정문(186m ↘),26.1,공차
SB-000002,2026-08-12,2026-08-12 09:59:26,0,17,Key On,전라남도 광양시 금호동 658(109m 범위),전라남도 광양시 금호동 정문(186m ↘),23.8,공차
SB-000002,2026-08-12,2026-08-12 10:00:54,0,17,DTG 데이터,전라남도 광양시 금호동 658(99m 범위),전라남도 광양시 금호동 정문(168m ↘),27.9,공차
SB-000002,2026-08-12,2026-08-12 10:02:55,0,17,DTG 데이터,전라남도 광양시 금호동 658(88m 범위),전라남도 광양시 금호동 정문(162m ↘),28,공차
SB-000002,2026-08-12,2026-08-12 10:04:36,0,17,공회전감지,전라남도 광양시 금호동 658(100m 범위),전라남도 광양시 금호동 정문(175m ↘),27.8,공차
SB-000002,2026-08-12,2026-08-12 10:04:54,0,17,DTG 데이터,전라남도 광양시 금호동 658(99m 범위),전라남도 광양시 금호동 정문(175m ↘),27.8,공차
SB-000002,2026-08-12,2026-08-12 10:05:39,0,17,공회전종료,전라남도 광양시 금호동 658(101m 범위),전라남도 광양시 금호동 정문(173m ↘),26.9,공차
SB-000002,2026-08-12,2026-08-12 10:05:45,0,17,Key Off,전라남도 광양시 금호동 658(101m 범위),전라남도 광양시 금호동 정문(173m ↘),26.5,공차
SB-000002,2026-08-12,2026-08-12 10:07:54,0,17,Key On,전라남도 광양시 금호동 658(101m 범위),전라남도 광양시 금호동 정문(173m ↘),25.5,공차
SB-000002,2026-08-12,2026-08-12 10:08:55,39,17,DTG 데이터,전라남도 광양시 금호동 636(207m 범위),전라남도 광양시 금호동 연구소앞삼거리(292m ↓),27.9,공차
SB-000002,2026-08-12,2026-08-12 10:09:27,46,18,급가속,전라남도 광양시 금호동 636(218m 범위),전라남도 광양시 금호동 1문(390m ↘),27.9,공차
SB-000002,2026-08-12,2026-08-12 10:09:29,18,18,급감속,전라남도 광양시 금호동 636(220m 범위),전라남도 광양시 금호동 1문(391m ↘),28,공차
SB-000002,2026-08-12,2026-08-12 10:10:32,119,18,급가속,전라남도 광양시 금호동 636(383m 범위),전라남도 광양시 금호동 광일엔지니어링(280m ↖),28,공차
SB-000002,2026-08-12,2026-08-12 10:10:34,5,18,급정지,전라남도 광양시 금호동 636(386m 범위),전라남도 광양시 금호동 광일엔지니어링(278m ↖),27.9,공차
SB-000002,2026-08-12,2026-08-12 10:10:54,0,18,DTG 데이터,전라남도 광양시 금호동 636(405m 범위),전라남도 광양시 금호동 포렌(260m ↖),27.6,공차
SB-000002,2026-08-12,2026-08-12 10:11:07,241,18,급출발,전라남도 광양시 금호동 636(409m 범위),전라남도 광양시 금호동 포렌(256m ↖),27.8,공차
SB-000002,2026-08-12,2026-08-12 10:11:09,96,18,급감속,전라남도 광양시 금호동 636(409m 범위),전라남도 광양시 금호동 포렌(255m ↖),27.7,공차
SB-000002,2026-08-12,2026-08-12 10:11:12,0,18,급정지,전라남도 광양시 금호동 636(410m 범위),전라남도 광양시 금호동 광일엔지니어링(253m ↖),27.9,공차
SB-000002,2026-08-12,2026-08-12 10:12:54,0,18,DTG 데이터,전라남도 광양시 금호동 636(423m 범위),전라남도 광양시 금호동 광일엔지니어링(229m ↖),27.9,공차
SB-000002,2026-08-12,2026-08-12 10:14:54,0,18,DTG 데이터,전라남도 광양시 금호동 636(410m 범위),전라남도 광양시 금호동 광일엔지니어링(265m ↖),28.1,공차
SB-000002,2026-08-12,2026-08-12 10:16:09,0,18,공회전감지,전라남도 광양시 금호동 636(445m 범위),전라남도 광양시 금호동 광일엔지니어링(218m ↖),27.9,공차
SB-000002,2026-08-12,2026-08-12 10:16:54,0,18,DTG 데이터,전라남도 광양시 금호동 636(456m 범위),전라남도 광양시 금호동 광일엔지니어링(218m ↖),27.9,공차
SB-000002,2026-08-12,2026-08-12 10:18:55,0,18,DTG 데이터,전라남도 광양시 금호동 636(415m 범위),전라남도 광양시 금호동 포렌(258m ↖),28,공차
SB-000002,2026-08-12,2026-08-12 10:20:55,0,18,DTG 데이터,전라남도 광양시 금호동 636(417m 범위),전라남도 광양시 금호동 광일엔지니어링(274m ↖),28.3,공차
SB-000002,2026-08-12,2026-08-12 10:21:10,0,18,공회전유지,전라남도 광양시 금호동 636(420m 범위),전라남도 광양시 금호동 광일엔지니어링(271m ↖),28.2,공차
SB-000002,2026-08-12,2026-08-12 10:21:34,6,18,공회전종료,전라남도 광양시 금호동 636(428m 범위),전라남도 광양시 금호동 광일엔지니어링(257m ↖),27.7,공차
SB-000002,2026-08-12,2026-08-12 10:21:48,0,18,DTG GPS 이상,전라남도 광양시 금호동 636(445m 범위),전라남도 광양시 금호동 광일엔지니어링(243m ↖),27.9,공차
SB-000002,2026-08-12,2026-08-12 10:22:24,21,18,DTG GPS 정상,전라남도 광양시 금호동 631(491m 범위),전라남도 광양시 금호동 포렌(290m ↖),27.9,공차
SB-000002,2026-08-12,2026-08-12 10:22:54,0,18,DTG 데이터,전라남도 광양시 금호동 631(430m 범위),전라남도 광양시 금호동 광일엔지니어링(387m ←),27.9,공차
SB-000002,2026-08-12,2026-08-12 10:24:54,0,18,DTG 데이터,전라남도 광양시 금호동 631(160m 범위),전라남도 광양시 금호동 광일엔지니어링(420m ←),28.1,공차
SB-000002,2026-08-12,2026-08-12 10:26:54,37,20,DTG 데이터,전라남도 광양시 금호동 656(183m 범위),전라남도 광양시 금호동 한유엘엔에스(382m ↗),27.8,공차
SB-000002,2026-08-12,2026-08-12 10:27:28,55,20,급가속,전라남도 광양시 금호동 634(43m 범위),전라남도 광양시 금호동 광양제품부두점(158m ↗),27.6,공차
SB-000002,2026-08-12,2026-08-12 10:27:31,28,20,급감속,전라남도 광양시 금호동 634(44m 범위),전라남도 광양시 금호동 광양제품부두점(151m ↗),27.9,공차
SB-000002,2026-08-12,2026-08-12 10:27:41,88,20,급가속,전라남도 광양시 금호동 634(67m 범위),전라남도 광양시 금호동 광양제품부두점(113m ↗),27.9,공차
SB-000002,2026-08-12,2026-08-12 10:27:43,8,20,급감속,전라남도 광양시 금호동 634(69m 범위),전라남도 광양시 금호동 광양제품부두점(111m ↗),27.9,공차
SB-000002,2026-08-12,2026-08-12 10:28:54,29,20,DTG 데이터,전라남도 광양시 금호동 802(115m 범위),전라남도 광양시 금호동 아르고마린토탈(168m →),28.1,공차
SB-000002,2026-08-12,2026-08-12 10:29:17,37,21,급가속,전라남도 광양시 금호동 803(135m 범위),전라남도 광양시 금호동 우리은행365(291m ↘),28.1,공차
SB-000002,2026-08-12,2026-08-12 10:29:20,20,21,급감속,전라남도 광양시 금호동 803(131m 범위),전라남도 광양시 금호동 우리은행365(293m ↘),27.8,공차
SB-000002,2026-08-12,2026-08-12 10:30:10,23,21,급가속,전라남도 광양시 금호동 803(109m 범위),전라남도 광양시 금호동 우리은행365(312m ↘),28.1,공차
SB-000002,2026-08-12,2026-08-12 10:30:13,9,21,급감속,전라남도 광양시 금호동 803(109m 범위),전라남도 광양시 금호동 우리은행365(312m ↘),27.7,공차
SB-000002,2026-08-12,2026-08-12 10:30:21,0,21,Key Off,전라남도 광양시 금호동 803(111m 범위),전라남도 광양시 금호동 포스코플로우(316m ↘),26.1,공차
SB-000002,2026-08-12,2026-08-12 10:31:04,0,21,Key On,전라남도 광양시 금호동 803(111m 범위),전라남도 광양시 금호동 우리은행365(316m ↘),21.5,공차
SB-000002,2026-08-12,2026-08-12 10:32:54,37,22,DTG 데이터,전라남도 광양시 금호동 662(3m 범위),전라남도 광양시 금호동 피엠에스(198m →),27.9,공차
SB-000002,2026-08-12,2026-08-12 10:34:15,63,22,급가속,전라남도 광양시 금호동 662(427m 범위),주변에 특정 건물이 없습니다,27.8,공차
SB-000002,2026-08-12,2026-08-12 10:34:18,11,22,급감속,전라남도 광양시 금호동 662(429m 범위),주변에 특정 건물이 없습니다,27.8,공차
SB-000002,2026-08-12,2026-08-12 10:34:55,37,22,DTG 데이터,주변에 검색된 지번이 없습니다,주변에 특정건물이 없습니다,28,공차
SB-000002,2026-08-12,2026-08-12 10:36:54,37,24,DTG 데이터,전라남도 광양시 금호동 663(281m 범위),전라남도 광양시 금호동 포스코광양제철소(495m ↗),27.7,공차
SB-000002,2026-08-12,2026-08-12 10:38:54,0,24,DTG 데이터,전라남도 광양시 금호동 791(175m 범위),전라남도 광양시 금호동 2문(61m ↓),28.1,공차
SB-000002,2026-08-12,2026-08-12 10:39:14,231,24,급출발,전라남도 광양시 금호동 791(170m 범위),전라남도 광양시 금호동 2문(58m ↓),27.8,공차
SB-000002,2026-08-12,2026-08-12 10:39:17,114,24,급감속,전라남도 광양시 금호동 791(169m 범위),전라남도 광양시 금호동 2문(57m ↓),28.1,공차
SB-000002,2026-08-12,2026-08-12 10:39:19,0,24,급정지,전라남도 광양시 금호동 791(168m 범위),전라남도 광양시 금호동 2문(55m ↓),27.9,공차
SB-000002,2026-08-12,2026-08-12 10:40:54,0,25,DTG 데이터,전라남도 광양시 태인동 1664-3(21m 범위),전라남도 광양시 태인동 버스정류장(26m ↗),27.8,공차
SB-000002,2026-08-12,2026-08-12 10:42:54,57,26,DTG 데이터,전라남도 광양시 태인동 1664(62m 범위),전라남도 광양시 태인동 전남기업(41m ↙),28.1,공차
SB-000002,2026-08-12,2026-08-12 10:44:54,39,27,DTG 데이터,전라남도 광양시 태인동 1710(52m 범위),전라남도 광양시 태인동 에어릭스(83m ↓),27.7,공차
SB-000002,2026-08-12,2026-08-12 10:46:54,0,28,DTG 데이터,전라남도 광양시 태인동 1688(69m 범위),전라남도 광양시 태인동 엔시스(70m ↑),27.9,공차
SB-000002,2026-08-12,2026-08-12 10:47:58,231,28,급출발,전라남도 광양시 태인동 1688(68m 범위),전라남도 광양시 태인동 엔시스(70m ↑),28.1,공차
SB-000002,2026-08-12,2026-08-12 10:48:00,76,28,급감속,전라남도 광양시 태인동 1688(68m 범위),전라남도 광양시 태인동 엔시스(70m ↑),28.2,공차
SB-000002,2026-08-12,2026-08-12 10:48:23,231,28,급출발,전라남도 광양시 태인동 1688(92m 범위),전라남도 광양시 태인동 엔시스(95m ↑),27.6,공차
SB-000002,2026-08-12,2026-08-12 10:48:25,52,28,급감속,전라남도 광양시 태인동 1688(93m 범위),전라남도 광양시 태인동 엔시스(95m ↑),28,공차
SB-000002,2026-08-12,2026-08-12 10:48:25,0,28,급정지,전라남도 광양시 태인동 1714(93m 범위),전라남도 광양시 태인동 엔시스(96m ↑),28,공차
SB-000002,2026-08-12,2026-08-12 10:48:25,158,28,급가속,전라남도 광양시 태인동 1714(94m 범위),전라남도 광양시 태인동 엔시스(96m ↑),27.7,공차
SB-000002,2026-08-12,2026-08-12 10:48:50,177,28,급출발,전라남도 광양시 태인동 1714(102m 범위),전라남도 광양시 태인동 엔시스(115m ↑),28,공차
SB-000002,2026-08-12,2026-08-12 10:48:53,231,28,급가속,전라남도 광양시 태인동 1714(103m 범위),전라남도 광양시 태인동 엔시스(117m ↑),27.7,공차
SB-000002,2026-08-12,2026-08-12 10:48:53,33,28,급감속,전라남도 광양시 태인동 1714(105m 범위),전라남도 광양시 태인동 엔시스(118m ↑),28.3,공차
SB-000002,2026-08-12,2026-08-12 10:48:56,0,28,DTG 데이터,전라남도 광양시 태인동 1714(106m 범위),전라남도 광양시 태인동 엔시스(119m ↑),28.2,공차
SB-000002,2026-08-12,2026-08-12 10:48:58,0,28,Key Off,전라남도 광양시 태인동 1714(107m 범위),전라남도 광양시 태인동 엔시스(119m ↑),25.7,공차
SB-000002,2026-08-12,2026-08-12 10:50:17,0,28,Key On,전라남도 광양시 태인동 1714(107m 범위),전라남도 광양시 태인동 엔시스(119m ↑),21.7,공차
SB-000002,2026-08-12,2026-08-12 10:50:54,40,28,DTG 데이터,전라남도 광양시 태인동 1714(148m 범위),전라남도 광양시 태인동 매크로시스템엔지니어링(162m →),27.6,공차
SB-000002,2026-08-12,2026-08-12 10:50:54,40,28,급가속,전라남도 광양시 태인동 1714(148m 범위),전라남도 광양시 태인동 매크로시스템엔지니어링(162m →),28,공차
SB-000002,2026-08-12,2026-08-12 10:50:56,8,28,급감속,전라남도 광양시 태인동 1714(149m 범위),전라남도 광양시 태인동 매크로시스템엔지니어링(163m →),27.6,공차
SB-000002,2026-08-12,2026-08-12 10:52:55,0,29,DTG 데이터,전라남도 광양시 태인동 1745(95m 범위),전라남도 광양시 태인동 대주기업(78m ↖),28.1,공차
SB-000002,2026-08-12,2026-08-12 10:54:55,16,29,DTG 데이터,전라남도 광양시 태인동 1688(58m 범위),전라남도 광양시 태인동 현대티에스(66m ↑),27.8,공차
SB-000002,2026-08-12,2026-08-12 10:56:54,42,30,DTG 데이터,전라남도 광양시 태인동 1656-3(78m 범위),전라남도 광양시 태인동 전국레미콘(71m ←),27.9,공차
SB-000002,2026-08-12,2026-08-12 10:58:54,40,31,DTG 데이터,전라남도 광양시 금호동 791(97m 범위),전라남도 광양시 태인동 태인교(4m ↙),28,공차
SB-000002,2026-08-12,2026-08-12 10:59:52,57,32,급가속,전라남도 광양시 금호동 791(57m 범위),전라남도 광양시 금호동 태인교삼거리(58m ←),27.9,공차
SB-000002,2026-08-12,2026-08-12 10:59:55,9,32,급감속,전라남도 광양시 금호동 791(59m 범위),전라남도 광양시 금호동 태인교삼거리(60m ←),28,공차
SB-000002,2026-08-12,2026-08-12 11:00:34,135,32,급가속,전라남도 광양시 금호동 791(91m 범위),전라남도 광양시 금호동 2문(59m ↗),28,공차
SB-000002,2026-08-12,2026-08-12 11:00:37,7,32,급감속,전라남도 광양시 금호동 791(93m 범위),전라남도 광양시 금호동 2문(57m ↗),27.6,공차
SB-000002,2026-08-12,2026-08-12 11:00:54,12,32,DTG 데이터,전라남도 광양시 금호동 791(136m 범위),전라남도 광양시 금호동 2문(32m ↑),27.8,공차
SB-000002,2026-08-12,2026-08-12 11:01:27,25,32,급가속,전라남도 광양시 금호동 791(178m 범위),전라남도 광양시 금호동 2문(44m ↓),27.7,공차
SB-000002,2026-08-12,2026-08-12 11:01:30,10,32,급감속,전라남도 광양시 금호동 791(180m 범위),전라남도 광양시 금호동 2문(47m ↓),27.8,공차
SB-000002,2026-08-12,2026-08-12 11:02:54,33,32,DTG 데이터,전라남도 광양시 금호동 637(153m 범위),전라남도 광양시 금호동 제철삼거리(314m ↘),27.9,공차
SB-000002,2026-08-12,2026-08-12 11:04:38,231,33,급출발,전라남도 광양시 금호동 658(118m 범위),전라남도 광양시 금호동 정문(180m ↘),28.1,공차
SB-000002,2026-08-12,2026-08-12 11:04:40,193,33,급감속,전라남도 광양시 금호동 658(117m 범위),주변에 특정 건물이 없습니다,27.8,공차
SB-000002,2026-08-12,2026-08-12 11:04:40,24,33,급감속,전라남도 광양시 금호동 658(117m 범위),전라남도 광양시 금호동 정문(180m ↘),28.1,공차
SB-000002,2026-08-12,2026-08-12 11:04:54,0,33,DTG 데이터,전라남도 광양시 금호동 658(121m 범위),전라남도 광양시 금호동 정문(182m ↘),27.9,공차
SB-000002,2026-08-12,2026-08-12 11:05:42,231,33,급출발,전라남도 광양시 금호동 658(122m 범위),전라남도 광양시 금호동 정문(185m ↘),28.1,공차
SB-000002,2026-08-12,2026-08-12 11:05:44,171,33,급감속,전라남도 광양시 금호동 658(123m 범위),전라남도 광양시 금호동 정문(186m ↘),27.9,공차
SB-000002,2026-08-12,2026-08-12 11:05:47,0,33,급정지,전라남도 광양시 금호동 658(123m 범위),전라남도 광양시 금호동 정문(186m ↘),27.8,공차
SB-000002,2026-08-12,2026-08-12 11:06:00,0,33,Key Off,전라남도 광양시 금호동 658(123m 범위),전라남도 광양시 금호동 정문(185m ↘),25.8,공차
SB-000002,2026-08-12,2026-08-12 11:08:07,0,33,Key On,전라남도 광양시 금호동 658(123m 범위),전라남도 광양시 금호동 정문(185m ↘),21.4,공차
SB-000002,2026-08-12,2026-08-12 11:08:54,4,33,DTG 데이터,전라남도 광양시 금호동 658(99m 범위),전라남도 광양시 금호동 정문(173m ↘),28,공차
SB-000002,2026-08-12,2026-08-12 11:08:59,137,33,급출발,전라남도 광양시 금호동 658(100m 범위),전라남도 광양시 금호동 정문(174m ↘),27.8,공차
SB-000002,2026-08-12,2026-08-12 11:08:59,19,33,급감속,전라남도 광양시 금호동 658(101m 범위),전라남도 광양시 금호동 정문(174m ↘),27.4,공차
SB-000002,2026-08-12,2026-08-12 11:08:59,231,33,급가속,전라남도 광양시 금호동 658(101m 범위),전라남도 광양시 금호동 정문(174m ↘),27.5,공차
SB-000002,2026-08-12,2026-08-12 11:10:50,0,33,Key Off,전라남도 광양시 금호동 658(101m 범위),전라남도 광양시 금호동 정문(171m ↘),27.3,공차
SB-000002,2026-08-12,2026-08-12 11:31:47,0,33,Key On,전라남도 광양시 금호동 658(101m 범위),전라남도 광양시 금호동 정문(171m ↘),24.6,공차
SB-000002,2026-08-12,2026-08-12 11:32:55,20,33,DTG 데이터,전라남도 광양시 금호동 658(52m 범위),전라남도 광양시 금호동 정문(154m ↘),27.8,공차
SB-000002,2026-08-12,2026-08-12 11:34:46,74,34,급가속,전라남도 광양시 금호동 636(314m 범위),전라남도 광양시 금호동 광일엔지니어링(363m ↖),27.8,공차
SB-000002,2026-08-12,2026-08-12 11:34:48,8,34,급감속,전라남도 광양시 금호동 636(317m 범위),전라남도 광양시 금호동 광일엔지니어링(360m ↖),27.8,공차
SB-000002,2026-08-12,2026-08-12 11:34:54,0,34,DTG 데이터,전라남도 광양시 금호동 636(336m 범위),전라남도 광양시 금호동 광일엔지니어링(339m ↖),27.9,공차
SB-000002,2026-08-12,2026-08-12 11:36:54,0,34,DTG 데이터,전라남도 광양시 금호동 636(399m 범위),전라남도 광양시 금호동 포렌(266m ↖),27.3,공차
SB-000002,2026-08-12,2026-08-12 11:38:54,0,34,DTG 데이터,전라남도 광양시 금호동 636(380m 범위),전라남도 광양시 금호동 광일엔지니어링(261m ↑),27.4,공차
SB-000002,2026-08-12,2026-08-12 11:39:48,0,34,공회전감지,전라남도 광양시 금호동 636(394m 범위),전라남도 광양시 금호동 포렌(258m ↖),27.4,공차
SB-000002,2026-08-12,2026-08-12 11:40:24,7,34,공회전종료,전라남도 광양시 금호동 636(371m 범위),전라남도 광양시 금호동 광일엔지니어링(276m ↑),28,공차
SB-000002,2026-08-12,2026-08-12 11:40:54,2,34,DTG 데이터,전라남도 광양시 금호동 636(409m 범위),전라남도 광양시 금호동 광일엔지니어링(254m ↖),27.2,공차
SB-000002,2026-08-12,2026-08-12 11:42:54,0,34,DTG 데이터,전라남도 광양시 금호동 631(181m 범위),전라남도 광양시 금호동 광일엔지니어링(410m ←),27.1,공차
SB-000002,2026-08-12,2026-08-12 11:44:55,40,35,DTG 데이터,전라남도 광양시 금호동 657(251m 범위),주변에 특정 건물이 없습니다,27.9,공차
SB-000002,2026-08-12,2026-08-12 11:46:55,24,36,DTG 데이터,전라남도 광양시 금호동 634(144m 범위),전라남도 광양시 금호동 광양제품부두점(107m →),27.8,공차
SB-000002,2026-08-12,2026-08-12 11:48:09,94,37,급가속,전라남도 광양시 금호동 803(154m 범위),전라남도 광양시 금호동 우리은행365(283m ↘),27.8,공차
SB-000002,2026-08-12,2026-08-12 11:48:12,19,37,급감속,전라남도 광양시 금호동 803(150m 범위),전라남도 광양시 금호동 우리은행365(285m ↘),28,공차
SB-000002,2026-08-12,2026-08-12 11:48:22,231,37,급출발,전라남도 광양시 금호동 803(131m 범위),전라남도 광양시 금호동 우리은행365(293m ↘),27.6,공차
SB-000002,2026-08-12,2026-08-12 11:48:25,45,37,급감속,전라남도 광양시 금호동 803(131m 범위),전라남도 광양시 금호동 포스코플로우(293m ↘),27.7,공차
SB-000002,2026-08-12,2026-08-12 11:48:29,231,37,급출발,전라남도 광양시 금호동 803(132m 범위),전라남도 광양시 금호동 우리은행365(292m ↘),27.8,공차
SB-000002,2026-08-12,2026-08-12 11:48:31,89,37,급감속,전라남도 광양시 금호동 803(132m 범위),전라남도 광양시 금호동 우리은행365(292m ↘),27.6,공차
SB-000002,2026-08-12,2026-08-12 11:48:55,0,37,DTG 데이터,전라남도 광양시 금호동 803(132m 범위),전라남도 광양시 금호동 우리은행365(291m ↘),28,공차
SB-000002,2026-08-12,2026-08-12 11:49:06,126,37,급가속,전라남도 광양시 금호동 803(127m 범위),전라남도 광양시 금호동 포스코플로우(293m ↘),28,공차
SB-000002,2026-08-12,2026-08-12 11:49:09,3,37,급정지,전라남도 광양시 금호동 803(126m 범위),전라남도 광양시 금호동 우리은행365(294m ↘),27.8,공차
SB-000002,2026-08-12,2026-08-12 11:50:54,0,37,DTG 데이터,전라남도 광양시 금호동 803(109m 범위),전라남도 광양시 금호동 우리은행365(309m ↘),27.9,공차
SB-000002,2026-08-12,2026-08-12 11:52:33,0,37,Key Off,전라남도 광양시 금호동 803(99m 범위),전라남도 광양시 금호동 우리은행365(328m ↘),26.1,공차
SB-000002,2026-08-12,2026-08-12 11:53:11,0,37,Key On,전라남도 광양시 금호동 803(99m 범위),전라남도 광양시 금호동 포스코플로우(328m ↘),22.2,공차
SB-000002,2026-08-12,2026-08-12 11:54:55,38,37,DTG 데이터,전라남도 광양시 금호동 662(44m 범위),전라남도 광양시 금호동 피엠에스(153m ↘),27.8,공차
SB-000002,2026-08-12,2026-08-12 11:55:31,94,38,급가속,전라남도 광양시 금호동 642-1(168m 범위),전라남도 광양시 금호동 피엠에스(467m →),27.8,공차
SB-000002,2026-08-12,2026-08-12 11:55:33,12,38,급감속,전라남도 광양시 금호동 642-1(168m 범위),전라남도 광양시 금호동 피엠에스(467m →),28.2,공차
SB-000002,2026-08-12,2026-08-12 11:56:54,38,38,DTG 데이터,주변에 검색된 지번이 없습니다,주변에 특정건물이 없습니다,28.1,공차
SB-000002,2026-08-12,2026-08-12 11:58:54,35,39,DTG 데이터,전라남도 광양시 금호동 663(247m 범위),전라남도 광양시 금호동 포스코광양제철소(473m ↗),28,공차
SB-000002,2026-08-12,2026-08-12 12:00:28,71,40,급가속,전라남도 광양시 금호동 791(234m 범위),전라남도 광양시 금호동 2문(140m ↓),27.8,공차
SB-000002,2026-08-12,2026-08-12 12:00:54,19,40,DTG 데이터,전라남도 광양시 금호동 791(190m 범위),전라남도 광양시 금호동 2문(85m ↓),28,공차
SB-000002,2026-08-12,2026-08-12 12:02:55,57,41,DTG 데이터,전라남도 광양시 태인동 1736-2(64m 범위),전라남도 광양시 태인동 동원로엑스(22m ↖),28,공차
SB-000002,2026-08-12,2026-08-12 12:04:55,31,43,DTG 데이터,전라남도 광양시 태인동 1711(46m 범위),전라남도 광양시 태인동 에어릭스(82m ↓),27.8,공차
SB-000002,2026-08-12,2026-08-12 12:06:55,14,44,DTG 데이터,전라남도 광양시 태인동 1714(44m 범위),전라남도 광양시 태인동 엔시스(82m ↗),28.1,공차
SB-000002,2026-08-12,2026-08-12 12:07:12,0,44,Key Off,전라남도 광양시 태인동 1714(51m 범위),전라남도 광양시 태인동 엔시스(72m ↗),26.2,공차
SB-000002,2026-08-12,2026-08-12 12:08:36,0,44,Key On,전라남도 광양시 태인동 1714(51m 범위),전라남도 광양시 태인동 엔시스(72m ↗),25.8,공차
SB-000002,2026-08-12,2026-08-12 12:08:55,0,44,DTG 데이터,전라남도 광양시 태인동 1714(62m 범위),전라남도 광양시 태인동 엔시스(69m ↑),27.7,공차
SB-000002,2026-08-12,2026-08-12 12:10:55,0,44,DTG 데이터,전라남도 광양시 태인동 1714(54m 범위),전라남도 광양시 태인동 엔시스(78m ↗),25.6,공차
SB-000002,2026-08-12,2026-08-12 12:12:54,0,44,DTG 데이터,전라남도 광양시 태인동 1714(55m 범위),전라남도 광양시 태인동 엔시스(73m ↑),27.7,공차
SB-000002,2026-08-12,2026-08-12 12:13:44,0,44,공회전감지,전라남도 광양시 태인동 1714(59m 범위),전라남도 광양시 태인동 엔시스(76m ↑),28.3,공차
SB-000002,2026-08-12,2026-08-12 12:14:54,0,44,DTG 데이터,전라남도 광양시 태인동 1714(60m 범위),전라남도 광양시 태인동 엔시스(76m ↑),27.6,공차
SB-000002,2026-08-12,2026-08-12 12:16:54,0,44,DTG 데이터,전라남도 광양시 태인동 1714(56m 범위),전라남도 광양시 태인동 엔시스(73m ↑),28.1,공차
SB-000002,2026-08-12,2026-08-12 12:18:44,0,44,공회전유지,전라남도 광양시 태인동 1714(50m 범위),전라남도 광양시 태인동 엔시스(74m ↗),27.4,공차
SB-000002,2026-08-12,2026-08-12 12:18:54,0,44,DTG 데이터,전라남도 광양시 태인동 1714(51m 범위),전라남도 광양시 태인동 엔시스(75m ↗),28.4,공차
SB-000002,2026-08-12,2026-08-12 12:20:55,0,44,DTG 데이터,전라남도 광양시 태인동 1714(53m 범위),전라남도 광양시 태인동 엔시스(75m ↗),28.1,공차
SB-000002,2026-08-12,2026-08-12 12:22:55,0,44,DTG 데이터,전라남도 광양시 태인동 1714(50m 범위),전라남도 광양시 태인동 엔시스(73m ↗),27.8,공차
SB-000002,2026-08-12,2026-08-12 12:23:45,0,44,공회전유지,전라남도 광양시 태인동 1714(54m 범위),전라남도 광양시 태인동 엔시스(70m ↑),27.6,공차
SB-000002,2026-08-12,2026-08-12 12:24:55,0,44,DTG 데이터,전라남도 광양시 태인동 1714(70m 범위),전라남도 광양시 태인동 엔시스(73m ↑),27.9,공차
SB-000002,2026-08-12,2026-08-12 12:26:54,0,44,DTG 데이터,전라남도 광양시 태인동 1714(74m 범위),전라남도 광양시 태인동 엔시스(85m ↑),28.4,공차
SB-000002,2026-08-12,2026-08-12 12:28:44,0,44,공회전유지,전라남도 광양시 태인동 1714(78m 범위),전라남도 광양시 태인동 엔시스(79m ↑),27.7,공차
SB-000002,2026-08-12,2026-08-12 12:28:51,4,44,공회전종료,전라남도 광양시 태인동 1688(77m 범위),전라남도 광양시 태인동 엔시스(79m ↑),27.7,공차
SB-000002,2026-08-12,2026-08-12 12:28:54,3,44,DTG 데이터,전라남도 광양시 태인동 1688(77m 범위),전라남도 광양시 태인동 엔시스(79m ↑),27.8,공차
SB-000002,2026-08-12,2026-08-12 12:30:45,130,44,급가속,전라남도 광양시 태인동 1688(87m 범위),전라남도 광양시 태인동 엔시스(90m ↑),27.7,공차
SB-000002,2026-08-12,2026-08-12 12:30:48,6,44,급감속,전라남도 광양시 태인동 1688(88m 범위),전라남도 광양시 태인동 엔시스(90m ↑),27.6,공차
SB-000002,2026-08-12,2026-08-12 12:30:54,0,44,DTG 데이터,전라남도 광양시 태인동 1688(94m 범위),전라남도 광양시 태인동 엔시스(97m ↑),27.7,공차
SB-000002,2026-08-12,2026-08-12 12:32:54,0,44,DTG 데이터,전라남도 광양시 태인동 1714(124m 범위),전라남도 광양시 태인동 엔시스(133m ↑),27.4,공차
SB-000002,2026-08-12,2026-08-12 12:33:10,16,44,급감속,전라남도 광양시 태인동 1714(132m 범위),전라남도 광양시 태인동 엔시스(150m ↑),28.1,공차
SB-000002,2026-08-12,2026-08-12 12:34:15,231,44,급출발,전라남도 광양시 태인동 1714(152m 범위),전라남도 광양시 태인동 동아스틸광양(162m ←),27.5,공차
SB-000002,2026-08-12,2026-08-12 12:34:18,132,44,급가속,전라남도 광양시 태인동 1714(155m 범위),전라남도 광양시 태인동 동아스틸광양(164m ←),27.5,공차
SB-000002,2026-08-12,2026-08-12 12:34:18,119,44,급감속,전라남도 광양시 태인동 1714(154m 범위),전라남도 광양시 태인동 동아스틸광양(164m ←),27.8,공차
SB-000002,2026-08-12,2026-08-12 12:34:20,0,44,급정지,전라남도 광양시 태인동 1714(156m 범위),전라남도 광양시 태인동 동아스틸광양(165m ←),27.9,공차
SB-000002,2026-08-12,2026-08-12 12:34:55,15,44,DTG 데이터,전라남도 광양시 태인동 1745(161m 범위),전라남도 광양시 태인동 삼현철강(148m ↓),27.9,공차
SB-000002,2026-08-12,2026-08-12 12:36:55,0,44,DTG 데이터,전라남도 광양시 태인동 1694(89m 범위),전라남도 광양시 태인동 대주기업(66m ↖),27.9,공차
SB-000002,2026-08-12,2026-08-12 12:38:55,5,45,DTG 데이터,전라남도 광양시 태인동 28-226(15m 범위),전라남도 광양시 태인동 동산운수(34m ↙),27.7,공차
SB-000002,2026-08-12,2026-08-12 12:40:55,12,46,DTG 데이터,전라남도 광양시 태인동 1656-1(69m 범위),전라남도 광양시 태인동 심팩메탈로이(79m ↖),28.1,공차
SB-000002,2026-08-12,2026-08-12 12:40:59,134,46,급출발,전라남도 광양시 태인동 1656-1(70m 범위),전라남도 광양시 태인동 심팩메탈로이(81m ↖),27.5,공차
SB-000002,2026-08-12,2026-08-12 12:41:01,5,46,급정지,전라남도 광양시 태인동 1656-1(71m 범위),전라남도 광양시 태인동 심팩메탈로이(82m ↖),27.9,공차
SB-000002,2026-08-12,2026-08-12 12:42:55,52,47,DTG 데이터,전라남도 광양시 태인동 1736-2(42m 범위),전라남도 광양시 태인동 동화레미콘(38m ↑),28,공차
SB-000002,2026-08-12,2026-08-12 12:44:23,231,47,급출발,전라남도 광양시 금호동 791(12m 범위),전라남도 광양시 금호동 태인교삼거리(28m ↑),27.9,공차
SB-000002,2026-08-12,2026-08-12 12:44:25,73,47,급감속,전라남도 광양시 금호동 791(11m 범위),전라남도 광양시 금호동 태인교삼거리(27m ↑),27.7,공차
SB-000002,2026-08-12,2026-08-12 12:44:25,151,47,급감속,전라남도 광양시 금호동 791(11m 범위),전라남도 광양시 금호동 태인교삼거리(27m ↑),27.6,공차
SB-000002,2026-08-12,2026-08-12 12:44:45,231,47,급출발,전라남도 광양시 금호동 791(9m 범위),전라남도 광양시 금호동 태인교삼거리(25m ↖),28.1,공차
SB-000002,2026-08-12,2026-08-12 12:44:47,132,47,급감속,전라남도 광양시 금호동 791(9m 범위),전라남도 광양시 금호동 태인교삼거리(24m ↖),27.8,공차
SB-000002,2026-08-12,2026-08-12 12:44:49,0,47,급정지,전라남도 광양시 금호동 791(8m 범위),전라남도 광양시 금호동 태인교삼거리(24m ↖),27.9,공차
SB-000002,2026-08-12,2026-08-12 12:44:54,0,47,DTG 데이터,전라남도 광양시 금호동 791(8m 범위),전라남도 광양시 금호동 태인교삼거리(23m ↖),27.9,공차
SB-000002,2026-08-12,2026-08-12 12:44:57,30,47,급감속,전라남도 광양시 금호동 791(7m 범위),전라남도 광양시 금호동 태인교삼거리(23m ↖),27.7,공차
SB-000002,2026-08-12,2026-08-12 12:44:57,231,47,급출발,전라남도 광양시 금호동 791(7m 범위),전라남도 광양시 금호동 태인교삼거리(23m ↖),27.9,공차
SB-000002,2026-08-12,2026-08-12 12:44:59,111,47,급가속,전라남도 광양시 금호동 791(7m 범위),전라남도 광양시 금호동 태인교삼거리(22m ↖),27.8,공차
SB-000002,2026-08-12,2026-08-12 12:45:00,0,47,급정지,전라남도 광양시 금호동 791(7m 범위),전라남도 광양시 금호동 태인교삼거리(23m ↖),28,공차
SB-000002,2026-08-12,2026-08-12 12:46:54,9,48,DTG 데이터,전라남도 광양시 금호동 791(181m 범위),전라남도 광양시 금호동 2문(51m ↓),27.9,공차
SB-000002,2026-08-12,2026-08-12 12:48:54,0,49,DTG 데이터,전라남도 광양시 금호동 658(106m 범위),전라남도 광양시 금호동 정문(189m ↘),27.7,공차
SB-000002,2026-08-12,2026-08-12 12:50:54,0,49,DTG 데이터,전라남도 광양시 금호동 658(103m 범위),전라남도 광양시 금호동 정문(187m ↘),27.8,공차
SB-000002,2026-08-12,2026-08-12 12:52:55,0,49,DTG 데이터,전라남도 광양시 금호동 658(98m 범위),전라남도 광양시 금호동 정문(192m ↘),28.2,공차
SB-000002,2026-08-12,2026-08-12 12:53:53,0,49,공회전감지,전라남도 광양시 금호동 658(93m 범위),전라남도 광양시 금호동 정문(188m ↘),28.3,공차
SB-000002,2026-08-12,2026-08-12 12:54:55,0,49,DTG 데이터,전라남도 광양시 금호동 658(94m 범위),전라남도 광양시 금호동 정문(187m ↘),28.2,공차
SB-000002,2026-08-12,2026-08-12 12:55:03,6,49,공회전종료,전라남도 광양시 금호동 658(88m 범위),전라남도 광양시 금호동 정문(184m ↘),28,공차
SB-000002,2026-08-12,2026-08-12 12:56:55,19,50,DTG 데이터,전라남도 광양시 금호동 636(277m 범위),전라남도 광양시 금호동 광일엔지니어링(404m ↑),28.2,공차
SB-000002,2026-08-12,2026-08-12 12:57:28,241,50,급가속,전라남도 광양시 금호동 636(379m 범위),전라남도 광양시 금호동 포렌(295m ↖),27.9,공차
SB-000002,2026-08-12,2026-08-12 12:57:30,65,50,급감속,전라남도 광양시 금호동 636(380m 범위),전라남도 광양시 금호동 광일엔지니어링(293m ↖),27.7,공차
SB-000002,2026-08-12,2026-08-12 12:57:43,100,50,급출발,전라남도 광양시 금호동 636(397m 범위),전라남도 광양시 금호동 포렌(279m ↖),27.3,공차
SB-000002,2026-08-12,2026-08-12 12:57:43,213,50,급감속,전라남도 광양시 금호동 636(398m 범위),전라남도 광양시 금호동 광일엔지니어링(280m ↖),27.9,공차
SB-000002,2026-08-12,2026-08-12 12:57:43,192,50,급가속,전라남도 광양시 금호동 636(401m 범위),전라남도 광양시 금호동 포렌(279m ↖),27.7,공차
SB-000002,2026-08-12,2026-08-12 12:57:43,231,50,급가속,전라남도 광양시 금호동 636(398m 범위),전라남도 광양시 금호동 광일엔지니어링(280m ↖),27.9,공차
SB-000002,2026-08-12,2026-08-12 12:57:43,45,50,급감속,전라남도 광양시 금호동 636(399m 범위),전라남도 광양시 금호동 광일엔지니어링(279m ↖),28.2,공차
SB-000002,2026-08-12,2026-08-12 12:57:46,0,50,급정지,전라남도 광양시 금호동 636(404m 범위),전라남도 광양시 금호동 광일엔지니어링(277m ↖),28,공차
SB-000002,2026-08-12,2026-08-12 12:57:46,130,50,급감속,전라남도 광양시 금호동 636(403m 범위),전라남도 광양시 금호동 포렌(278m ↖),28.4,공차
SB-000002,2026-08-12,2026-08-12 12:57:57,0,50,Key Off,전라남도 광양시 금호동 636(415m 범위),전라남도 광양시 금호동 포렌(265m ↖),25.6,공차
SB-000002,2026-08-12,2026-08-12 13:02:02,0,50,Key On,전라남도 광양시 금호동 636(415m 범위),전라남도 광양시 금호동 광일엔지니어링(265m ↖),22.3,공차
SB-000002,2026-08-12,2026-08-12 13:02:54,0,50,DTG 데이터,전라남도 광양시 금호동 636(462m 범위),전라남도 광양시 금호동 광일엔지니어링(221m ↖),28.3,공차
SB-000002,2026-08-12,2026-08-12 13:04:54,0,50,DTG 데이터,전라남도 광양시 금호동 636(450m 범위),전라남도 광양시 금호동 포렌(245m ↖),28.1,공차
SB-000002,2026-08-12,2026-08-12 13:06:54,7,50,DTG 데이터,전라남도 광양시 금호동 636(461m 범위),전라남도 광양시 금호동 광일엔지니어링(247m ↖),28,공차
SB-000002,2026-08-12,2026-08-12 13:08:54,40,51,DTG 데이터,전라남도 광양시 금호동 657(9m 범위),주변에 특정 건물이 없습니다,28.1,공차
SB-000002,2026-08-12,2026-08-12 13:10:55,19,52,DTG 데이터,전라남도 광양시 금호동 634(67m 범위),전라남도 광양시 금호동 광양제품부두점(158m ↗),28.1,공차
SB-000002,2026-08-12,2026-08-12 13:12:46,29,53,급가속,전라남도 광양시 금호동 803(105m 범위),전라남도 광양시 금호동 우리은행365(312m ↘),27.6,공차
SB-000002,2026-08-12,2026-08-12 13:12:48,15,53,급감속,전라남도 광양시 금호동 803(104m 범위),전라남도 광양시 금호동 우리은행365(314m ↘),28.1,공차
SB-000002,2026-08-12,2026-08-12 13:12:55,5,53,DTG 데이터,전라남도 광양시 금호동 803(99m 범위),전라남도 광양시 금호동 우리은행365(319m ↘),27.6,공차
SB-000002,2026-08-12,2026-08-12 13:13:14,0,53,Key Off,전라남도 광양시 금호동 803(90m 범위),전라남도 광양시 금호동 우리은행365(329m ↘),25.6,공차
SB-000002,2026-08-12,2026-08-12 13:14:04,0,53,Key On,전라남도 광양시 금호동 803(90m 범위),전라남도 광양시 금호동 우리은행365(329m ↘),25.6,공차
SB-000002,2026-08-12,2026-08-12 13:14:55,28,53,DTG 데이터,전라남도 광양시 금호동 642(65m 범위),전라남도 광양시 금호동 피엠에스(386m ←),28,공차
SB-000002,2026-08-12,2026-08-12 13:16:55,28,54,DTG 데이터,전라남도 광양시 금호동 642-1(228m 범위),전라남도 광양시 금호동 피엠에스(491m →),27.7,공차
SB-000002,2026-08-12,2026-08-12 13:18:54,32,55,DTG 데이터,전라남도 광양시 금호동 663(208m 범위),전라남도 광양시 금호동 포스코광양제철소(397m →),28.1,공차
SB-000002,2026-08-12,2026-08-12 13:20:54,34,56,DTG 데이터,전라남도 광양시 금호동 663(462m 범위),주변에 특정 건물이 없습니다,27.9,공차
SB-000002,2026-08-12,2026-08-12 13:22:54,0,56,DTG 데이터,전라남도 광양시 금호동 791(314m 범위),전라남도 광양시 금호동 2문(231m ↓),28.1,공차
SB-000002,2026-08-12,2026-08-12 13:24:44,45,56,급가속,전라남도 광양시 금호동 791(150m 범위),전라남도 광양시 금호동 2문(21m ↘),28.3,공차
SB-000002,2026-08-12,2026-08-12 13:24:47,12,56,급감속,전라남도 광양시 금호동 791(149m 범위),전라남도 광양시 금호동 2문(18m ↘),27.7,공차
SB-000002,2026-08-12,2026-08-12 13:24:54,5,56,DTG 데이터,전라남도 광양시 금호동 791(139m 범위),전라남도 광양시 금호동 2문(10m →),28.1,공차
SB-000002,2026-08-12,2026-08-12 13:26:54,19,57,DTG 데이터,전라남도 광양시 태인동 1664-1(21m 범위),전라남도 광양시 태인동 대성이엔지(22m →),28,공차
SB-000002,2026-08-12,2026-08-12 13:28:55,35,58,DTG 데이터,전라남도 광양시 태인동 125-3(9m 범위),전라남도 광양시 태인동 목련슈퍼(21m →),28.1,공차
SB-000002,2026-08-12,2026-08-12 13:29:16,45,59,급가속,전라남도 광양시 태인동 28-196(6m 범위),전라남도 광양시 태인동 버스정류장(50m ↘),28.2,공차
SB-000002,2026-08-12,2026-08-12 13:29:19,15,59,급감속,전라남도 광양시 태인동 28-196(7m 범위),전라남도 광양시 태인동 버스정류장(46m ↘),27.7,공차
SB-000002,2026-08-12,2026-08-12 13:30:55,29,59,DTG 데이터,전라남도 광양시 태인동 1688(99m 범위),전라남도 광양시 태인동 엔시스(107m ↖),27.7,공차
SB-000002,2026-08-12,2026-08-12 13:31:44,39,59,급가속,전라남도 광양시 태인동 1740(63m 범위),전라남도 광양시 태인동 한국상용트럭서비스센터(163m ↗),27.9,공차
SB-000002,2026-08-12,2026-08-12 13:31:47,12,59,급감속,전라남도 광양시 태인동 1740(60m 범위),전라남도 광양시 태인동 한국상용트럭서비스센터(163m ↗),27.8,공차
SB-000002,2026-08-12,2026-08-12 13:32:24,0,60,Key Off,전라남도 광양시 태인동 1740(38m 범위),전라남도 광양시 태인동 한국상용트럭서비스센터(160m ↑),25.7,공차
SB-000002,2026-08-12,2026-08-12 13:32:26,0,60,Key On,전라남도 광양시 태인동 1740(38m 범위),전라남도 광양시 태인동 한국상용트럭서비스센터(160m ↑),23.3,공차
SB-000002,2026-08-12,2026-08-12 13:32:55,0,60,DTG 데이터,전라남도 광양시 태인동 1740(40m 범위),전라남도 광양시 태인동 한국상용트럭서비스센터(162m ↑),28,공차
SB-000002,2026-08-12,2026-08-12 13:34:55,0,60,DTG 데이터,전라남도 광양시 태인동 1740(37m 범위),전라남도 광양시 태인동 한국상용트럭서비스센터(160m ↑),27.9,공차
SB-000002,2026-08-12,2026-08-12 13:36:55,0,60,DTG 데이터,전라남도 광양시 태인동 1740(35m 범위),전라남도 광양시 태인동 한국상용트럭서비스센터(156m ↑),28.1,공차
SB-000002,2026-08-12,2026-08-12 13:37:26,0,60,공회전감지,전라남도 광양시 태인동 1740(42m 범위),전라남도 광양시 태인동 한국상용트럭서비스센터(164m ↑),28.1,공차
SB-000002,2026-08-12,2026-08-12 13:38:54,0,60,DTG 데이터,전라남도 광양시 태인동 1740(36m 범위),주변에 특정 건물이 없습니다,27.9,공차
SB-000002,2026-08-12,2026-08-12 13:40:54,0,60,DTG 데이터,전라남도 광양시 태인동 1740(40m 범위),전라남도 광양시 태인동 한국상용트럭서비스센터(163m ↑),28,공차
SB-000002,2026-08-12,2026-08-12 13:42:26,0,60,공회전유지,전라남도 광양시 태인동 1740(30m 범위),전라남도 광양시 태인동 한국상용트럭서비스센터(153m ↑),27.9,공차
SB-000002,2026-08-12,2026-08-12 13:42:54,0,60,DTG 데이터,전라남도 광양시 태인동 1740(21m 범위),전라남도 광양시 태인동 한국상용트럭서비스센터(143m ↑),27.9,공차
SB-000002,2026-08-12,2026-08-12 13:44:54,0,60,DTG 데이터,전라남도 광양시 태인동 1740(33m 범위),전라남도 광양시 태인동 한국상용트럭서비스센터(155m ↑),28,공차
SB-000002,2026-08-12,2026-08-12 13:46:55,0,60,DTG 데이터,전라남도 광양시 태인동 1740(30m 범위),전라남도 광양시 태인동 한국상용트럭서비스센터(152m ↑),27.8,공차
SB-000002,2026-08-12,2026-08-12 13:47:26,0,60,공회전유지,전라남도 광양시 태인동 1740(26m 범위),전라남도 광양시 태인동 한국상용트럭서비스센터(148m ↑),27.9,공차
SB-000002,2026-08-12,2026-08-12 13:47:43,6,60,공회전종료,전라남도 광양시 태인동 1740(23m 범위),전라남도 광양시 태인동 한국상용트럭서비스센터(146m ↑),28,공차
SB-000002,2026-08-12,2026-08-12 13:48:15,149,60,급가속,전라남도 광양시 태인동 28-174(47m 범위),전라남도 광양시 태인동 명당자원(148m ↘),28.1,공차
SB-000002,2026-08-12,2026-08-12 13:48:17,5,60,급정지,전라남도 광양시 태인동 28-174(47m 범위),전라남도 광양시 태인동 명당자원(148m ↘),27.6,공차
SB-000002,2026-08-12,2026-08-12 13:48:55,0,60,DTG 데이터,전라남도 광양시 태인동 28-172(53m 범위),전라남도 광양시 태인동 명당자원(125m ↘),25.8,공차
SB-000002,2026-08-12,2026-08-12 13:49:00,0,60,Key Off,전라남도 광양시 태인동 28-172(53m 범위),전라남도 광양시 태인동 명당자원(125m ↘),25.7,공차
SB-000002,2026-08-12,2026-08-12 13:52:23,0,60,Key On,전라남도 광양시 태인동 28-172(53m 범위),전라남도 광양시 태인동 명당자원(125m ↘),25,공차
SB-000002,2026-08-12,2026-08-12 13:52:38,0,60,급출발,전라남도 광양시 태인동 1756(57m 범위),전라남도 광양시 태인동 명당자원(103m ↗),26.4,공차
SB-000002,2026-08-12,2026-08-12 13:52:40,0,60,급가속,전라남도 광양시 태인동 1756(58m 범위),전라남도 광양시 태인동 명당자원(103m ↗),26.5,공차
SB-000002,2026-08-12,2026-08-12 13:52:43,30,60,급감속,전라남도 광양시 태인동 1756(59m 범위),전라남도 광양시 태인동 명당자원(105m ↗),26.3,공차
SB-000002,2026-08-12,2026-08-12 13:52:46,243,60,급가속,전라남도 광양시 태인동 1756(56m 범위),전라남도 광양시 태인동 명당자원(103m ↗),26.4,공차
SB-000002,2026-08-12,2026-08-12 13:52:48,0,60,급정지,전라남도 광양시 태인동 1756(56m 범위),전라남도 광양시 태인동 명당자원(102m ↗),26.7,공차
SB-000002,2026-08-12,2026-08-12 13:52:54,0,60,DTG 데이터,전라남도 광양시 태인동 1756(55m 범위),전라남도 광양시 태인동 명당자원(100m ↗),26.6,공차
SB-000002,2026-08-12,2026-08-12 13:53:22,0,60,Key Off,전라남도 광양시 태인동 1756(51m 범위),전라남도 광양시 태인동 명당자원(92m ↗),26.2,공차
SB-000002,2026-08-12,2026-08-12 14:03:38,0,60,Key On,전라남도 광양시 태인동 1756(51m 범위),전라남도 광양시 태인동 명당자원(92m ↗),22.5,공차
SB-000002,2026-08-12,2026-08-12 14:04:55,18,60,DTG 데이터,전라남도 광양시 태인동 1739(37m 범위),전라남도 광양시 태인동 대성철강(91m ↘),27.8,공차
SB-000002,2026-08-12,2026-08-12 14:06:55,20,61,DTG 데이터,전라남도 광양시 태인동 28-360(9m 범위),전라남도 광양시 태인동 동산운수(28m ↙),27.9,공차
SB-000002,2026-08-12,2026-08-12 14:08:55,0,62,DTG 데이터,전라남도 광양시 태인동 1653-2(53m 범위),전라남도 광양시 태인동 SK엔크린(48m →),27.5,공차
SB-000002,2026-08-12,2026-08-12 14:10:55,40,63,DTG 데이터,전라남도 광양시 태인동 1664-5(17m 범위),전라남도 광양시 태인동 버스정류장(16m ↘),27.9,공차
SB-000002,2026-08-12,2026-08-12 14:12:18,7,63,급감속,전라남도 광양시 금호동 791(61m 범위),전라남도 광양시 금호동 태인교삼거리(64m ←),27.8,공차
SB-000002,2026-08-12,2026-08-12 14:12:54,82,63,급가속,전라남도 광양시 금호동 791(85m 범위),전라남도 광양시 금호동 2문(66m ↗),27.8,공차
SB-000002,2026-08-12,2026-08-12 14:12:54,82,63,DTG 데이터,전라남도 광양시 금호동 791(88m 범위),전라남도 광양시 금호동 2문(63m ↗),27.9,공차
SB-000002,2026-08-12,2026-08-12 14:12:57,11,63,급감속,전라남도 광양시 금호동 791(88m 범위),전라남도 광양시 금호동 2문(63m ↗),27.9,공차
SB-000002,2026-08-12,2026-08-12 14:13:11,50,63,급가속,전라남도 광양시 금호동 791(121m 범위),전라남도 광양시 금호동 2문(41m ↗),27.8,공차
SB-000002,2026-08-12,2026-08-12 14:13:14,12,63,급감속,전라남도 광양시 금호동 791(124m 범위),전라남도 광양시 금호동 2문(39m ↗),27.8,공차
SB-000002,2026-08-12,2026-08-12 14:14:54,38,64,DTG 데이터,전라남도 광양시 금호동 637(191m 범위),전라남도 광양시 금호동 버스정류장(357m ↙),27.9,공차
SB-000002,2026-08-12,2026-08-12 14:16:54,37,65,DTG 데이터,전라남도 광양시 금호동 636(253m 범위),전라남도 광양시 금호동 1문(308m ↘),28,공차
SB-000002,2026-08-12,2026-08-12 14:18:55,23,66,DTG 데이터,전라남도 광양시 금호동 631(174m 범위),전라남도 광양시 금호동 포렌(410m ←),27.7,공차
SB-000002,2026-08-12,2026-08-12 14:20:55,28,67,DTG 데이터,전라남도 광양시 금호동 656(159m 범위),전라남도 광양시 금호동 한유엘엔에스(360m ↗),28,공차
SB-000002,2026-08-12,2026-08-12 14:21:44,103,67,급가속,전라남도 광양시 금호동 656(202m 범위),전라남도 광양시 금호동 한유엘엔에스(403m ↗),27.8,공차
SB-000002,2026-08-12,2026-08-12 14:21:46,6,67,급감속,전라남도 광양시 금호동 656(204m 범위),전라남도 광양시 금호동 한유엘엔에스(405m ↗),27.9,공차
SB-000002,2026-08-12,2026-08-12 14:22:55,0,67,DTG 데이터,전라남도 광양시 금호동 656(227m 범위),전라남도 광양시 금호동 메인테크(381m ↖),28,공차
SB-000002,2026-08-12,2026-08-12 14:24:55,0,67,DTG 데이터,전라남도 광양시 금호동 656(218m 범위),전라남도 광양시 금호동 천문산업안전(404m ↖),28,공차
SB-000002,2026-08-12,2026-08-12 14:25:05,0,67,Key Off,전라남도 광양시 금호동 656(217m 범위),전라남도 광양시 금호동 메인테크(408m ↖),26.2,공차
SB-000002,2026-08-12,2026-08-12 14:35:09,0,67,Key On,전라남도 광양시 금호동 656(217m 범위),전라남도 광양시 금호동 메인테크(408m ↖),25.3,공차
SB-000002,2026-08-12,2026-08-12 14:36:54,0,67,DTG 데이터,전라남도 광양시 금호동 656(241m 범위),전라남도 광양시 금호동 메인테크(372m ↖),26.9,공차
SB-000002,2026-08-12,2026-08-12 14:38:55,25,67,DTG 데이터,전라남도 광양시 금호동 656(289m 범위),전라남도 광양시 금호동 메인테크(293m ↖),27.9,공차
SB-000002,2026-08-12,2026-08-12 14:39:53,116,68,급출발,전라남도 광양시 금호동 656(266m 범위),전라남도 광양시 금호동 메인테크(258m ←),27.3,공차
SB-000002,2026-08-12,2026-08-12 14:39:56,3,68,급정지,전라남도 광양시 금호동 656(266m 범위),전라남도 광양시 금호동 천문산업안전(257m ←),27.4,공차
SB-000002,2026-08-12,2026-08-12 14:40:00,231,68,급출발,전라남도 광양시 금호동 656(278m 범위),전라남도 광양시 금호동 메인테크(246m ←),27.3,공차
SB-000002,2026-08-12,2026-08-12 14:40:03,0,68,급정지,전라남도 광양시 금호동 656(281m 범위),전라남도 광양시 금호동 메인테크(242m ←),27.2,공차
SB-000002,2026-08-12,2026-08-12 14:40:07,231,68,급가속,전라남도 광양시 금호동 656(276m 범위),전라남도 광양시 금호동 메인테크(242m ←),27.1,공차
SB-000002,2026-08-12,2026-08-12 14:40:10,0,68,급정지,전라남도 광양시 금호동 656(275m 범위),전라남도 광양시 금호동 천문산업안전(242m ←),27.3,공차
SB-000002,2026-08-12,2026-08-12 14:40:19,0,68,Key Off,전라남도 광양시 금호동 656(266m 범위),전라남도 광양시 금호동 천문산업안전(249m ←),26.1,공차
SB-000002,2026-08-12,2026-08-12 14:50:14,0,68,Key On,전라남도 광양시 금호동 656(266m 범위),전라남도 광양시 금호동 천문산업안전(249m ←),21.8,공차
SB-000002,2026-08-12,2026-08-12 14:50:55,0,68,DTG 데이터,전라남도 광양시 금호동 802(251m 범위),전라남도 광양시 금호동 천문산업안전(242m ←),26.8,공차
SB-000002,2026-08-12,2026-08-12 14:52:54,0,68,DTG 데이터,전라남도 광양시 금호동 656(292m 범위),전라남도 광양시 금호동 메인테크(214m ←),26.7,공차
SB-000002,2026-08-12,2026-08-12 14:54:55,0,68,DTG 데이터,전라남도 광양시 금호동 802(245m 범위),전라남도 광양시 금호동 청우(244m ↑),27.6,공차
SB-000002,2026-08-12,2026-08-12 14:56:16,231,68,급출발,전라남도 광양시 금호동 802(272m 범위),전라남도 광양시 금호동 천문산업안전(233m ←),27.8,공차
SB-000002,2026-08-12,2026-08-12 14:56:18,0,68,급정지,전라남도 광양시 금호동 656(270m 범위),전라남도 광양시 금호동 메인테크(235m ←),27.9,공차
SB-000002,2026-08-12,2026-08-12 14:56:18,111,68,급감속,전라남도 광양시 금호동 656(271m 범위),전라남도 광양시 금호동 메인테크(234m ←),27.8,공차
SB-000002,2026-08-12,2026-08-12 14:56:55,10,68,DTG 데이터,전라남도 광양시 금호동 656(269m 범위),전라남도 광양시 금호동 메인테크(257m ←),27.9,공차
SB-000002,2026-08-12,2026-08-12 14:58:55,16,68,DTG 데이터,전라남도 광양시 금호동 634(96m 범위),전라남도 광양시 금호동 광양제품부두점(92m ↗),27.9,공차
SB-000002,2026-08-12,2026-08-12 15:00:55,0,69,DTG 데이터,전라남도 광양시 금호동 803(122m 범위),전라남도 광양시 금호동 우리은행365(298m ↘),27.2,공차
SB-000002,2026-08-12,2026-08-12 15:02:55,0,69,DTG 데이터,전라남도 광양시 금호동 803(103m 범위),전라남도 광양시 금호동 우리은행365(315m ↘),27.7,공차
SB-000002,2026-08-12,2026-08-12 15:04:43,85,69,급가속,전라남도 광양시 금호동 803(131m 범위),전라남도 광양시 금호동 우리은행365(298m ↘),27.8,공차
SB-000002,2026-08-12,2026-08-12 15:04:46,8,69,급감속,전라남도 광양시 금호동 803(131m 범위),전라남도 광양시 금호동 우리은행365(298m ↘),27.8,공차
SB-000002,2026-08-12,2026-08-12 15:04:53,0,69,Key Off,전라남도 광양시 금호동 803(130m 범위),전라남도 광양시 금호동 우리은행365(301m ↘),27,공차
SB-000002,2026-08-12,2026-08-12 15:05:48,0,69,Key On,전라남도 광양시 금호동 803(130m 범위),전라남도 광양시 금호동 포스코플로우(301m ↘),22.2,공차
SB-000002,2026-08-12,2026-08-12 15:06:55,30,69,DTG 데이터,전라남도 광양시 금호동 642(98m 범위),전라남도 광양시 금호동 피엠에스(263m ←),27.8,공차
SB-000002,2026-08-12,2026-08-12 15:08:55,30,70,DTG 데이터,전라남도 광양시 금호동 642-1(307m 범위),전라남도 광양시 금호동 피엠에스(498m →),27.9,공차
SB-000002,2026-08-12,2026-08-12 15:10:54,22,71,DTG 데이터,전라남도 광양시 금호동 663(177m 범위),전라남도 광양시 금호동 포스코광양제철소(393m →),27.9,공차
SB-000002,2026-08-12,2026-08-12 15:12:55,38,72,DTG 데이터,전라남도 광양시 금호동 663(153m 범위),전라남도 광양시 금호동 포스코광양제철소(419m ↗),27.9,공차
SB-000002,2026-08-12,2026-08-12 15:14:55,5,73,DTG 데이터,전라남도 광양시 금호동 791(246m 범위),전라남도 광양시 금호동 2문(156m ↓),27.9,공차
SB-000002,2026-08-12,2026-08-12 15:15:10,106,73,급가속,전라남도 광양시 금호동 791(227m 범위),전라남도 광양시 금호동 2문(132m ↓),27.8,공차
SB-000002,2026-08-12,2026-08-12 15:15:13,5,73,급정지,전라남도 광양시 금호동 791(226m 범위),전라남도 광양시 금호동 2문(131m ↓),27.7,공차
SB-000002,2026-08-12,2026-08-12 15:16:18,83,73,급가속,전라남도 광양시 금호동 791(197m 범위),전라남도 광양시 금호동 2문(98m ↓),27.9,공차
SB-000002,2026-08-12,2026-08-12 15:16:21,8,73,급감속,전라남도 광양시 금호동 791(196m 범위),전라남도 광양시 금호동 2문(96m ↓),27.8,공차
SB-000002,2026-08-12,2026-08-12 15:16:55,0,73,DTG 데이터,전라남도 광양시 금호동 791(175m 범위),전라남도 광양시 금호동 2문(66m ↓),28.1,공차
SB-000002,2026-08-12,2026-08-12 15:17:11,42,73,급가속,전라남도 광양시 금호동 791(145m 범위),전라남도 광양시 금호동 2문(16m ↘),27.9,공차
SB-000002,2026-08-12,2026-08-12 15:17:14,14,73,급감속,전라남도 광양시 금호동 791(141m 범위),전라남도 광양시 금호동 2문(14m ↘),27.8,공차
SB-000002,2026-08-12,2026-08-12 15:17:20,182,73,급출발,전라남도 광양시 금호동 791(131m 범위),전라남도 광양시 금호동 2문(17m →),27.9,공차
SB-000002,2026-08-12,2026-08-12 15:17:23,2,73,급정지,전라남도 광양시 금호동 791(129m 범위),전라남도 광양시 금호동 2문(19m →),27.8,공차
SB-000002,2026-08-12,2026-08-12 15:18:35,156,73,급출발,전라남도 광양시 태인동 1664-7(21m 범위),전라남도 광양시 태인동 장가계(29m →),27.7,공차
SB-000002,2026-08-12,2026-08-12 15:18:38,149,73,급감속,전라남도 광양시 태인동 1664-7(21m 범위),전라남도 광양시 태인동 장가계(29m →),27.6,공차
SB-000002,2026-08-12,2026-08-12 15:18:40,0,73,급정지,전라남도 광양시 태인동 1664-7(21m 범위),전라남도 광양시 태인동 장가계(29m →),27.8,공차
SB-000002,2026-08-12,2026-08-12 15:18:55,0,73,DTG 데이터,전라남도 광양시 태인동 1664-7(17m 범위),전라남도 광양시 태인동 장가계(25m →),27.7,공차
SB-000002,2026-08-12,2026-08-12 15:20:03,102,74,급가속,전라남도 광양시 태인동 303-7(48m 범위),전라남도 광양시 태인동 HD현대오일뱅크(29m →),27.8,공차
SB-000002,2026-08-12,2026-08-12 15:20:06,41,74,급감속,전라남도 광양시 태인동 303-7(48m 범위),전라남도 광양시 태인동 HD현대오일뱅크(34m →),27.7,공차
SB-000002,2026-08-12,2026-08-12 15:20:55,58,74,DTG 데이터,전라남도 광양시 태인동 1656-1(63m 범위),주변에 특정 건물이 없습니다,27.8,공차
SB-000002,2026-08-12,2026-08-12 15:22:55,4,75,DTG 데이터,전라남도 광양시 태인동 1654-7(85m 범위),전라남도 광양시 태인동 세정테크(35m ↙),27.9,공차
SB-000002,2026-08-12,2026-08-12 15:23:04,36,75,급감속,전라남도 광양시 태인동 1654-7(85m 범위),전라남도 광양시 태인동 세정테크(37m ↙),27.9,공차
SB-000002,2026-08-12,2026-08-12 15:23:04,231,75,급출발,전라남도 광양시 태인동 1654-7(84m 범위),전라남도 광양시 태인동 세정테크(37m ↙),27.9,공차
SB-000002,2026-08-12,2026-08-12 15:23:13,0,75,Key Off,전라남도 광양시 태인동 1654-1(91m 범위),전라남도 광양시 태인동 세정테크(45m ↙),25.7,공차
SB-000002,2026-08-12,2026-08-12 15:26:33,0,75,Key On,전라남도 광양시 태인동 1654-1(91m 범위),전라남도 광양시 태인동 세정테크(45m ↙),20,공차
SB-000002,2026-08-12,2026-08-12 15:26:54,10,75,DTG 데이터,전라남도 광양시 태인동 1654-1(108m 범위),전라남도 광양시 태인동 CJ대한통운광양지사(69m →),27.7,공차
SB-000002,2026-08-12,2026-08-12 15:27:26,109,75,급가속,전라남도 광양시 태인동 1655(108m 범위),전라남도 광양시 태인동 CJ대한통운광양지사(74m ↘),27.7,공차
SB-000002,2026-08-12,2026-08-12 15:27:28,8,75,급감속,전라남도 광양시 태인동 1655(105m 범위),전라남도 광양시 태인동 CJ대한통운광양지사(73m ↘),27.7,공차
SB-000002,2026-08-12,2026-08-12 15:28:55,0,76,DTG 데이터,전라남도 광양시 태인동 1653-11(10m 범위),전라남도 광양시 태인동 용지삼거리(9m →),28,공차
SB-000002,2026-08-12,2026-08-12 15:30:55,60,77,DTG 데이터,전라남도 광양시 태인동 303-50(36m 범위),전라남도 광양시 태인동 소모식당(27m ↑),27.9,공차
SB-000002,2026-08-12,2026-08-12 15:32:39,106,78,급가속,전라남도 광양시 금호동 791(101m 범위),전라남도 광양시 금호동 2문(52m ↗),28,공차
SB-000002,2026-08-12,2026-08-12 15:32:41,4,78,급정지,전라남도 광양시 금호동 791(102m 범위),전라남도 광양시 금호동 2문(51m ↗),27.8,공차
SB-000002,2026-08-12,2026-08-12 15:32:55,0,78,DTG 데이터,전라남도 광양시 금호동 791(109m 범위),전라남도 광양시 금호동 2문(46m ↗),27.7,공차
SB-000002,2026-08-12,2026-08-12 15:34:55,35,78,DTG 데이터,전라남도 광양시 금호동 637(143m 범위),전라남도 광양시 금호동 제철삼거리(364m ↘),27.9,공차
SB-000002,2026-08-12,2026-08-12 15:36:55,41,80,DTG 데이터,전라남도 광양시 금호동 636(287m 범위),전라남도 광양시 금호동 1문(288m ↘),27.9,공차
SB-000002,2026-08-12,2026-08-12 15:38:40,37,80,급가속,전라남도 광양시 금호동 636(395m 범위),전라남도 광양시 금호동 1문(327m ↘),27.8,공차
SB-000002,2026-08-12,2026-08-12 15:38:43,9,80,급감속,전라남도 광양시 금호동 636(397m 범위),전라남도 광양시 금호동 1문(327m ↘),27.5,공차
SB-000002,2026-08-12,2026-08-12 15:38:55,5,80,DTG 데이터,전라남도 광양시 금호동 636(394m 범위),전라남도 광양시 금호동 1문(326m ↘),27.7,공차
SB-000002,2026-08-12,2026-08-12 15:39:28,231,80,급출발,전라남도 광양시 금호동 636(385m 범위),전라남도 광양시 금호동 1문(329m ↘),27.6,공차
SB-000002,2026-08-12,2026-08-12 15:39:31,150,80,급감속,전라남도 광양시 금호동 636(384m 범위),전라남도 광양시 금호동 1문(327m ↘),27.8,공차
SB-000002,2026-08-12,2026-08-12 15:39:33,0,80,급정지,전라남도 광양시 금호동 636(383m 범위),전라남도 광양시 금호동 1문(327m ↘),27.9,공차
SB-000002,2026-08-12,2026-08-12 15:40:55,0,80,DTG 데이터,전라남도 광양시 금호동 636(373m 범위),전라남도 광양시 금호동 1문(353m ↘),27.9,공차
SB-000002,2026-08-12,2026-08-12 15:42:54,0,80,DTG 데이터,전라남도 광양시 금호동 636(368m 범위),전라남도 광양시 금호동 1문(326m ↘),27.9,공차
SB-000002,2026-08-12,2026-08-12 15:44:31,0,80,공회전감지,전라남도 광양시 금호동 636(383m 범위),전라남도 광양시 금호동 1문(339m ↘),28,공차
SB-000002,2026-08-12,2026-08-12 15:44:55,0,80,DTG 데이터,전라남도 광양시 금호동 636(375m 범위),전라남도 광양시 금호동 1문(335m ↘),28,공차
SB-000002,2026-08-12,2026-08-12 15:46:55,0,80,DTG 데이터,전라남도 광양시 금호동 636(368m 범위),전라남도 광양시 금호동 1문(328m ↘),28,공차
SB-000002,2026-08-12,2026-08-12 15:48:54,5,80,공회전종료,전라남도 광양시 금호동 636(386m 범위),전라남도 광양시 금호동 1문(349m ↘),27.9,공차
SB-000002,2026-08-12,2026-08-12 15:48:56,8,80,DTG 데이터,전라남도 광양시 금호동 636(387m 범위),전라남도 광양시 금호동 1문(348m ↘),27.7,공차
SB-000002,2026-08-12,2026-08-12 15:50:55,0,81,DTG 데이터,전라남도 광양시 금호동 631(166m 범위),전라남도 광양시 금호동 포렌(416m ←),27.9,공차
SB-000002,2026-08-12,2026-08-12 15:52:55,38,82,DTG 데이터,전라남도 광양시 금호동 656(264m 범위),전라남도 광양시 금호동 한유엘엔에스(460m ↗),27.9,공차
SB-000002,2026-08-12,2026-08-12 15:54:55,29,83,DTG 데이터,전라남도 광양시 금호동 802(75m 범위),전라남도 광양시 금호동 아르고마린토탈(130m →),27.9,공차
SB-000002,2026-08-12,2026-08-12 15:56:35,231,83,급출발,전라남도 광양시 금호동 803(100m 범위),전라남도 광양시 금호동 우리은행365(318m ↘),27.8,공차
SB-000002,2026-08-12,2026-08-12 15:56:38,13,83,급감속,전라남도 광양시 금호동 803(101m 범위),전라남도 광양시 금호동 포스코플로우(317m ↘),27.9,공차
SB-000002,2026-08-12,2026-08-12 15:56:55,0,83,DTG 데이터,전라남도 광양시 금호동 803(101m 범위),전라남도 광양시 금호동 우리은행365(318m ↘),27.9,공차
SB-000002,2026-08-12,2026-08-12 15:57:51,0,83,Key Off,전라남도 광양시 금호동 803(101m 범위),전라남도 광양시 금호동 우리은행365(323m ↘),26.4,공차
SB-000002,2026-08-12,2026-08-12 15:59:16,0,83,Key On,전라남도 광양시 금호동 803(101m 범위),전라남도 광양시 금호동 포스코플로우(323m ↘),22.3,공차
SB-000002,2026-08-12,2026-08-12 15:59:33,96,83,급가속,전라남도 광양시 금호동 803(110m 범위),전라남도 광양시 금호동 우리은행365(354m ↘),27.8,공차
SB-000002,2026-08-12,2026-08-12 15:59:35,18,83,급감속,전라남도 광양시 금호동 803(113m 범위),전라남도 광양시 금호동 우리은행365(355m ↘),27.8,공차
SB-000002,2026-08-12,2026-08-12 16:00:54,36,84,DTG 데이터,전라남도 광양시 금호동 671(80m 범위),전라남도 광양시 금호동 피엠에스(83m ↘),27.9,공차
SB-000002,2026-08-12,2026-08-12 16:02:54,17,84,DTG 데이터,전라남도 광양시 금호동 662(457m 범위),주변에 특정 건물이 없습니다,27.9,공차
SB-000002,2026-08-12,2026-08-12 16:04:55,30,86,DTG 데이터,전라남도 광양시 금호동 663(35m 범위),전라남도 광양시 금호동 포스코광양제철소(368m →),28,공차
SB-000002,2026-08-12,2026-08-12 16:06:55,8,87,DTG 데이터,전라남도 광양시 금호동 791(256m 범위),전라남도 광양시 금호동 2문(166m ↓),27.9,공차
SB-000002,2026-08-12,2026-08-12 16:07:15,7,87,급감속,전라남도 광양시 금호동 791(235m 범위),전라남도 광양시 금호동 2문(141m ↓),28,공차
SB-000002,2026-08-12,2026-08-12 16:08:55,32,87,DTG 데이터,전라남도 광양시 태인동 1664-7(55m 범위),전라남도 광양시 태인동 태인교(48m ↑),27.8,공차
SB-000002,2026-08-12,2026-08-12 16:10:55,54,88,DTG 데이터,전라남도 광양시 태인동 1656(64m 범위),전라남도 광양시 태인동 SK엔크린(75m →),28,공차
SB-000002,2026-08-12,2026-08-12 16:12:55,21,89,DTG 데이터,전라남도 광양시 태인동 1654-1(46m 범위),전라남도 광양시 태인동 세정테크(28m ↖),27.8,공차
SB-000002,2026-08-12,2026-08-12 16:13:05,49,89,급가속,전라남도 광양시 태인동 1654-1(20m 범위),전라남도 광양시 태인동 세정테크(57m ↖),27.8,공차
SB-000002,2026-08-12,2026-08-12 16:13:08,11,89,급감속,전라남도 광양시 태인동 1654-1(17m 범위),전라남도 광양시 태인동 세정테크(58m ↖),27.9,공차
SB-000002,2026-08-12,2026-08-12 16:13:43,32,89,급감속,전라남도 광양시 태인동 1654-1(25m 범위),전라남도 광양시 태인동 세정테크(50m ↖),27.8,공차
SB-000002,2026-08-12,2026-08-12 16:13:54,0,89,Key Off,전라남도 광양시 태인동 1654-1(29m 범위),전라남도 광양시 태인동 세정테크(52m ↖),26.5,공차
SB-000002,2026-08-12,2026-08-12 16:17:35,0,89,Key On,전라남도 광양시 태인동 1654-1(29m 범위),전라남도 광양시 태인동 세정테크(52m ↖),21.2,공차
SB-000002,2026-08-12,2026-08-12 16:18:55,3,90,DTG 데이터,전라남도 광양시 태인동 1654-7(128m 범위),전라남도 광양시 태인동 CJ대한통운광양지사(85m →),28,공차
SB-000002,2026-08-12,2026-08-12 16:18:58,231,90,급출발,전라남도 광양시 태인동 1654-7(126m 범위),전라남도 광양시 태인동 CJ대한통운광양지사(85m →),27.8,공차
SB-000002,2026-08-12,2026-08-12 16:19:00,138,90,급감속,전라남도 광양시 태인동 1654-7(126m 범위),전라남도 광양시 태인동 CJ대한통운광양지사(85m →),27.8,공차
SB-000002,2026-08-12,2026-08-12 16:19:03,0,90,급정지,전라남도 광양시 태인동 1654-7(125m 범위),전라남도 광양시 태인동 CJ대한통운광양지사(85m →),27.9,공차
SB-000002,2026-08-12,2026-08-12 16:19:16,0,90,Key Off,전라남도 광양시 태인동 1654-7(124m 범위),전라남도 광양시 태인동 CJ대한통운광양지사(86m →),26.6,공차
SB-000003,2026-08-12,2026-08-12 03:21:43,0,0,리셋보고,전라남도 광양시 태인동 1654-5(78m 범위),전라남도 광양시 태인동 광양2공장(51m ↓),25.3,공차
SB-000003,2026-08-12,2026-08-12 07:41:31,0,0,Key On,전라남도 광양시 태인동 1654-5(78m 범위),전라남도 광양시 태인동 광양2공장(51m ↓),23.9,공차
SB-000003,2026-08-12,2026-08-12 07:43:11,0,0,DTG 데이터,전라남도 광양시 태인동 1654-5(67m 범위),전라남도 광양시 태인동 광양2공장(38m ↓),27.3,공차
SB-000003,2026-08-12,2026-08-12 07:45:11,19,0,DTG 데이터,전라남도 광양시 태인동 1654-5(82m 범위),전라남도 광양시 태인동 광양2공장(57m ↓),27.4,공차
SB-000003,2026-08-12,2026-08-12 07:46:28,0,1,Key Off,전라남도 광양시 태인동 1654-7(88m 범위),전라남도 광양시 태인동 세정테크(63m ↙),27.2,공차
SB-000003,2026-08-12,2026-08-12 07:57:37,0,1,Key On,전라남도 광양시 태인동 1654-7(88m 범위),전라남도 광양시 태인동 세정테크(63m ↙),24.6,공차
SB-000003,2026-08-12,2026-08-12 07:59:11,5,1,DTG 데이터,전라남도 광양시 태인동 1655(113m 범위),전라남도 광양시 태인동 CJ대한통운광양지사(83m ↘),27.5,공차
SB-000003,2026-08-12,2026-08-12 08:01:11,0,2,DTG 데이터,전라남도 광양시 태인동 1656-1(72m 범위),전라남도 광양시 태인동 심팩메탈로이(83m ↖),27.1,공차
SB-000003,2026-08-12,2026-08-12 08:03:12,27,3,DTG 데이터,전라남도 광양시 태인동 303-50(29m 범위),전라남도 광양시 태인동 소모식당(28m ←),27.4,공차
SB-000003,2026-08-12,2026-08-12 08:05:12,0,4,DTG 데이터,전라남도 광양시 금호동 791(23m 범위),전라남도 광양시 금호동 태인교삼거리(38m ↑),27.2,공차
SB-000003,2026-08-12,2026-08-12 08:07:12,50,5,DTG 데이터,전라남도 광양시 금호동 791(290m 범위),전라남도 광양시 금호동 2문(195m ↓),27.3,공차
SB-000003,2026-08-12,2026-08-12 08:09:12,55,6,DTG 데이터,전라남도 광양시 금호동 636(197m 범위),전라남도 광양시 금호동 연구소앞삼거리(299m ↓),27.6,공차
SB-000003,2026-08-12,2026-08-12 08:11:11,32,8,DTG 데이터,전라남도 광양시 금호동 631(248m 범위),전라남도 광양시 금호동 포렌(389m ←),27.2,공차
SB-000003,2026-08-12,2026-08-12 08:13:11,47,9,DTG 데이터,전라남도 광양시 금호동 657(350m 범위),주변에 특정 건물이 없습니다,27.5,공차
SB-000003,2026-08-12,2026-08-12 08:14:08,0,9,Key Off,전라남도 광양시 금호동 657(458m 범위),주변에 특정 건물이 없습니다,27,공차
SB-000003,2026-08-12,2026-08-12 08:15:49,0,9,Key On,전라남도 광양시 금호동 657(458m 범위),주변에 특정 건물이 없습니다,17,공차
SB-000003,2026-08-12,2026-08-12 08:17:11,0,9,DTG 데이터,전라남도 광양시 금호동 657(447m 범위),주변에 특정 건물이 없습니다,27.3,공차
SB-000003,2026-08-12,2026-08-12 08:19:11,0,10,DTG 데이터,전라남도 광양시 금호동 657(260m 범위),주변에 특정 건물이 없습니다,27.5,공차
SB-000003,2026-08-12,2026-08-12 08:21:12,18,10,DTG 데이터,전라남도 광양시 금호동 657(296m 범위),주변에 특정 건물이 없습니다,27.6,공차
SB-000003,2026-08-12,2026-08-12 08:23:12,18,10,DTG 데이터,전라남도 광양시 금호동 657(351m 범위),주변에 특정 건물이 없습니다,27.3,공차
SB-000003,2026-08-12,2026-08-12 08:25:12,23,11,DTG 데이터,전라남도 광양시 금호동 632(355m 범위),주변에 특정 건물이 없습니다,27.6,공차
SB-000003,2026-08-12,2026-08-12 08:26:58,0,11,Key Off,전라남도 광양시 금호동 656(165m 범위),전라남도 광양시 금호동 한유엘엔에스(370m ↗),27.1,공차
SB-000003,2026-08-12,2026-08-12 08:32:07,0,11,Key On,전라남도 광양시 금호동 656(165m 범위),전라남도 광양시 금호동 한유엘엔에스(370m ↗),25.2,공차
SB-000003,2026-08-12,2026-08-12 08:33:11,0,11,DTG 데이터,전라남도 광양시 금호동 656(192m 범위),전라남도 광양시 금호동 한유엘엔에스(393m ↗),27.2,공차
SB-000003,2026-08-12,2026-08-12 08:35:11,0,11,DTG 데이터,전라남도 광양시 금호동 656(149m 범위),전라남도 광양시 금호동 한유엘엔에스(353m ↗),26.8,공차
SB-000003,2026-08-12,2026-08-12 08:37:11,33,12,DTG 데이터,전라남도 광양시 금호동 656(39m 범위),전라남도 광양시 금호동 한유엘엔에스(222m ↗),27.1,공차
SB-000003,2026-08-12,2026-08-12 08:39:12,12,13,DTG 데이터,전라남도 광양시 금호동 803(178m 범위),전라남도 광양시 금호동 우리은행365(269m ↓),26.9,공차
SB-000003,2026-08-12,2026-08-12 08:41:12,0,13,DTG 데이터,전라남도 광양시 금호동 803(125m 범위),전라남도 광양시 금호동 우리은행365(299m ↘),27,공차
SB-000003,2026-08-12,2026-08-12 08:43:12,0,13,DTG 데이터,전라남도 광양시 금호동 803(119m 범위),전라남도 광양시 금호동 포스코플로우(299m ↘),27,공차
SB-000003,2026-08-12,2026-08-12 08:44:45,0,13,Key Off,전라남도 광양시 금호동 803(195m 범위),전라남도 광양시 금호동 우리은행365(240m ↘),26.9,공차
SB-000003,2026-08-12,2026-08-12 08:45:25,1,13,Key On,전라남도 광양시 금호동 803(195m 범위),전라남도 광양시 금호동 우리은행365(240m ↘),20.1,공차
SB-000003,2026-08-12,2026-08-12 08:47:11,51,14,DTG 데이터,전라남도 광양시 금호동 662(20m 범위),전라남도 광양시 금호동 피엠에스(177m ↘),27.1,공차
SB-000003,2026-08-12,2026-08-12 08:49:11,53,15,DTG 데이터,주변에 검색된 지번이 없습니다,주변에 특정건물이 없습니다,27.2,공차
SB-000003,2026-08-12,2026-08-12 08:51:11,52,17,DTG 데이터,전라남도 광양시 금호동 663(275m 범위),전라남도 광양시 금호동 포스코광양제철소(488m ↗),27.3,공차
SB-000003,2026-08-12,2026-08-12 08:53:11,5,18,DTG 데이터,전라남도 광양시 금호동 791(240m 범위),전라남도 광양시 금호동 2문(151m ↓),27.3,공차
SB-000003,2026-08-12,2026-08-12 08:55:11,40,19,DTG 데이터,전라남도 광양시 태인동 1664-7(68m 범위),전라남도 광양시 태인동 태인교(35m ↑),27.1,공차
SB-000003,2026-08-12,2026-08-12 08:57:12,64,19,DTG 데이터,전라남도 광양시 태인동 303-163(41m 범위),전라남도 광양시 태인동 소모식당(35m ↗),27.1,공차
SB-000003,2026-08-12,2026-08-12 08:59:12,36,21,DTG 데이터,전라남도 광양시 태인동 1653-9(22m 범위),전라남도 광양시 태인동 버스정류장(12m ←),27,공차
SB-000003,2026-08-12,2026-08-12 09:01:12,35,22,DTG 데이터,전라남도 광양시 태인동 1688(134m 범위),전라남도 광양시 태인동 매크로시스템엔지니어링(122m →),27.1,공차
SB-000003,2026-08-12,2026-08-12 09:02:39,0,23,Key Off,전라남도 광양시 태인동 1740(51m 범위),전라남도 광양시 태인동 한국상용트럭서비스센터(166m ↗),26.8,공차
SB-000003,2026-08-12,2026-08-12 09:17:33,0,23,Key On,전라남도 광양시 태인동 1740(51m 범위),전라남도 광양시 태인동 한국상용트럭서비스센터(166m ↗),12.4,공차
SB-000003,2026-08-12,2026-08-12 09:18:20,0,23,Key Off,전라남도 광양시 태인동 1740(35m 범위),전라남도 광양시 태인동 한국상용트럭서비스센터(157m ↑),26.5,공차
SB-000003,2026-08-12,2026-08-12 09:35:34,0,23,Key On,전라남도 광양시 태인동 1740(35m 범위),전라남도 광양시 태인동 한국상용트럭서비스센터(157m ↑),24,공차
SB-000003,2026-08-12,2026-08-12 09:37:11,0,23,DTG 데이터,전라남도 광양시 태인동 1740(28m 범위),전라남도 광양시 태인동 한국상용트럭서비스센터(151m ↑),27.3,공차
SB-000003,2026-08-12,2026-08-12 09:39:11,0,23,DTG 데이터,전라남도 광양시 태인동 1740(42m 범위),전라남도 광양시 태인동 한국상용트럭서비스센터(164m ↑),27.1,공차
SB-000003,2026-08-12,2026-08-12 09:41:11,0,23,DTG 데이터,전라남도 광양시 태인동 1740(44m 범위),전라남도 광양시 태인동 한국상용트럭서비스센터(167m ↑),27.1,공차
SB-000003,2026-08-12,2026-08-12 09:43:11,3,23,DTG 데이터,전라남도 광양시 태인동 1738(97m 범위),전라남도 광양시 태인동 명당자원(172m →),27,공차
SB-000003,2026-08-12,2026-08-12 09:43:51,0,23,Key Off,전라남도 광양시 태인동 1738(69m 범위),전라남도 광양시 태인동 명당자원(138m →),27,공차
SB-000003,2026-08-12,2026-08-12 09:48:06,0,23,Key On,전라남도 광양시 태인동 1738(69m 범위),전라남도 광양시 태인동 명당자원(138m →),16,공차
SB-000003,2026-08-12,2026-08-12 09:48:38,0,23,Key Off,전라남도 광양시 태인동 1738(69m 범위),전라남도 광양시 태인동 명당자원(138m →),26.3,공차
SB-000003,2026-08-12,2026-08-12 09:49:09,0,23,Key On,전라남도 광양시 태인동 1738(69m 범위),전라남도 광양시 태인동 명당자원(138m →),19.7,공차
SB-000003,2026-08-12,2026-08-12 09:49:12,0,23,DTG 데이터,전라남도 광양시 태인동 1738(69m 범위),전라남도 광양시 태인동 명당자원(138m →),25.9,공차
SB-000003,2026-08-12,2026-08-12 09:51:14,37,24,DTG 데이터,전라남도 광양시 태인동 28-42(110m 범위),전라남도 광양시 태인동 매크로시스템엔지니어링(98m ↘),27.2,공차
SB-000003,2026-08-12,2026-08-12 09:53:14,65,25,DTG 데이터,전라남도 광양시 태인동 1656-2(58m 범위),전라남도 광양시 태인동 우진일렉트로나이트(69m ↖),27.2,공차
SB-000003,2026-08-12,2026-08-12 09:55:14,82,26,DTG 데이터,전라남도 광양시 태인동 267-3(6m 범위),전라남도 광양시 태인동 SK엔크린(23m →),27.1,공차
SB-000003,2026-08-12,2026-08-12 09:57:13,49,28,DTG 데이터,전라남도 광양시 금호동 791(286m 범위),전라남도 광양시 금호동 2문(189m ↓),26.7,공차
SB-000003,2026-08-12,2026-08-12 09:59:13,0,29,DTG 데이터,전라남도 광양시 금호동 658(132m 범위),전라남도 광양시 금호동 정문(200m ↘),26.8,공차
SB-000003,2026-08-12,2026-08-12 10:01:13,0,29,DTG 데이터,전라남도 광양시 금호동 658(127m 범위),전라남도 광양시 금호동 정문(199m ↘),26.6,공차
SB-000003,2026-08-12,2026-08-12 10:03:14,54,30,DTG 데이터,전라남도 광양시 금호동 636(170m 범위),전라남도 광양시 금호동 축구장(371m ↓),26.2,공차
SB-000003,2026-08-12,2026-08-12 10:05:14,0,30,DTG 데이터,전라남도 광양시 금호동 636(237m 범위),전라남도 광양시 금호동 1문(370m ↘),26.7,공차
SB-000003,2026-08-12,2026-08-12 10:07:14,0,31,DTG 데이터,전라남도 광양시 금호동 636(337m 범위),전라남도 광양시 금호동 포렌(357m ↖),26.4,공차
SB-000003,2026-08-12,2026-08-12 10:09:14,0,31,DTG 데이터,전라남도 광양시 금호동 636(384m 범위),전라남도 광양시 금호동 광일엔지니어링(309m ↖),26.9,공차
SB-000003,2026-08-12,2026-08-12 10:11:08,0,31,공회전감지,전라남도 광양시 금호동 636(370m 범위),전라남도 광양시 금호동 포렌(295m ↖),26.7,공차
SB-000003,2026-08-12,2026-08-12 10:11:14,0,31,DTG 데이터,전라남도 광양시 금호동 636(372m 범위),전라남도 광양시 금호동 포렌(292m ↖),26.1,공차
SB-000003,2026-08-12,2026-08-12 10:11:48,5,31,공회전종료,전라남도 광양시 금호동 636(392m 범위),전라남도 광양시 금호동 포렌(275m ↖),26.4,공차
SB-000003,2026-08-12,2026-08-12 10:13:13,43,31,DTG 데이터,전라남도 광양시 금호동 631(464m 범위),전라남도 광양시 금호동 포렌(360m ↖),26.9,공차
SB-000003,2026-08-12,2026-08-12 10:15:13,50,32,DTG 데이터,전라남도 광양시 금호동 657(167m 범위),주변에 특정 건물이 없습니다,27,공차
SB-000003,2026-08-12,2026-08-12 10:17:13,8,34,DTG 데이터,전라남도 광양시 금호동 634(71m 범위),전라남도 광양시 금호동 광양제품부두점(107m ↗),26.9,공차
SB-000003,2026-08-12,2026-08-12 10:19:14,0,35,DTG 데이터,전라남도 광양시 금호동 803(87m 범위),전라남도 광양시 금호동 우리은행365(335m ↘),26.3,공차
SB-000003,2026-08-12,2026-08-12 10:20:12,0,35,Key Off,전라남도 광양시 금호동 803(72m 범위),전라남도 광양시 금호동 포스코플로우(349m ↘),26.4,공차
SB-000003,2026-08-12,2026-08-12 10:20:40,1,35,Key On,전라남도 광양시 금호동 803(72m 범위),주변에 특정 건물이 없습니다,20.8,공차
SB-000003,2026-08-12,2026-08-12 10:21:12,5,35,DTG 데이터,전라남도 광양시 금호동 803(118m 범위),전라남도 광양시 금호동 우리은행365(356m ↘),26.6,공차
SB-000003,2026-08-12,2026-08-12 10:23:12,9,36,DTG 데이터,전라남도 광양시 금호동 642-1(171m 범위),전라남도 광양시 금호동 피엠에스(464m →),26.5,공차
SB-000003,2026-08-12,2026-08-12 10:25:12,50,38,DTG 데이터,전라남도 광양시 금호동 663(355m 범위),전라남도 광양시 금호동 포스코광양제철소(477m ↘),26.5,공차
SB-000003,2026-08-12,2026-08-12 10:27:13,56,39,DTG 데이터,주변에 검색된 지번이 없습니다,주변에 특정건물이 없습니다,26.7,공차
SB-000003,2026-08-12,2026-08-12 10:29:12,0,40,DTG 데이터,전라남도 광양시 금호동 791(281m 범위),전라남도 광양시 금호동 2문(198m ↓),26.9,공차
SB-000003,2026-08-12,2026-08-12 10:31:11,0,40,DTG 데이터,전라남도 광양시 금호동 791(163m 범위),전라남도 광양시 금호동 2문(38m ↓),26.6,공차
SB-000003,2026-08-12,2026-08-12 10:33:12,0,41,DTG 데이터,전라남도 광양시 태인동 1664-1(19m 범위),전라남도 광양시 태인동 한영통신무전기CCTV(21m →),26.7,공차
SB-000003,2026-08-12,2026-08-12 10:35:12,78,42,DTG 데이터,전라남도 광양시 태인동 1664(27m 범위),전라남도 광양시 태인동 서강기업(52m ↓),26.8,공차
SB-000003,2026-08-12,2026-08-12 10:37:12,36,44,DTG 데이터,전라남도 광양시 태인동 1710(44m 범위),전라남도 광양시 태인동 에어릭스(88m ↓),26.7,공차
SB-000003,2026-08-12,2026-08-12 10:39:12,30,45,DTG 데이터,전라남도 광양시 태인동 1714(36m 범위),전라남도 광양시 태인동 엔시스(82m ↗),27,공차
SB-000003,2026-08-12,2026-08-12 10:41:12,0,45,DTG 데이터,전라남도 광양시 태인동 1714(120m 범위),전라남도 광양시 태인동 엔시스(129m ↑),26.4,공차
SB-000003,2026-08-12,2026-08-12 10:43:12,19,45,DTG 데이터,전라남도 광양시 태인동 1714(145m 범위),전라남도 광양시 태인동 동아스틸광양(157m ←),26.8,공차
SB-000003,2026-08-12,2026-08-12 10:45:12,0,46,DTG 데이터,전라남도 광양시 태인동 1699(85m 범위),전라남도 광양시 태인동 대주기업(58m ↑),26.4,공차
SB-000003,2026-08-12,2026-08-12 10:47:12,55,47,DTG 데이터,전라남도 광양시 태인동 1721(68m 범위),전라남도 광양시 태인동 대도(85m →),26.4,공차
SB-000003,2026-08-12,2026-08-12 10:49:11,0,48,DTG 데이터,전라남도 광양시 태인동 1653-2(52m 범위),전라남도 광양시 태인동 SK엔크린(49m →),26.4,공차
SB-000003,2026-08-12,2026-08-12 10:51:11,61,50,DTG 데이터,전라남도 광양시 금호동 791(31m 범위),전라남도 광양시 금호동 태인교삼거리(47m ↑),26.8,공차
SB-000003,2026-08-12,2026-08-12 10:53:12,44,50,DTG 데이터,전라남도 광양시 금호동 791(234m 범위),전라남도 광양시 금호동 2문(127m ↓),26.9,공차
SB-000003,2026-08-12,2026-08-12 10:55:12,56,52,DTG 데이터,전라남도 광양시 금호동 658(244m 범위),전라남도 광양시 금호동 정문(275m ↙),26.6,공차
SB-000003,2026-08-12,2026-08-12 10:57:12,33,54,DTG 데이터,전라남도 광양시 금호동 631(302m 범위),전라남도 광양시 금호동 포렌(398m ←),27.1,공차
SB-000003,2026-08-12,2026-08-12 10:59:12,34,55,DTG 데이터,전라남도 광양시 금호동 653(445m 범위),주변에 특정 건물이 없습니다,26.3,공차
SB-000003,2026-08-12,2026-08-12 11:01:12,0,55,DTG 데이터,전라남도 광양시 금호동 657(385m 범위),주변에 특정 건물이 없습니다,26.7,공차
SB-000003,2026-08-12,2026-08-12 11:03:12,0,55,DTG 데이터,전라남도 광양시 금호동 657(388m 범위),주변에 특정 건물이 없습니다,26.5,공차
SB-000003,2026-08-12,2026-08-12 11:05:12,2,55,DTG 데이터,전라남도 광양시 금호동 657(384m 범위),주변에 특정 건물이 없습니다,26.3,공차
SB-000003,2026-08-12,2026-08-12 11:06:18,0,55,Key Off,전라남도 광양시 금호동 657(390m 범위),주변에 특정 건물이 없습니다,26.7,공차
SB-000003,2026-08-12,2026-08-12 11:13:06,0,55,Key On,전라남도 광양시 금호동 657(390m 범위),주변에 특정 건물이 없습니다,24.7,공차
SB-000003,2026-08-12,2026-08-12 11:13:12,0,55,관제주기보고,전라남도 광양시 금호동 657(403m 범위),주변에 특정 건물이 없습니다,25.2,공차
SB-000003,2026-08-12,2026-08-12 11:15:12,0,55,DTG 데이터,전라남도 광양시 금호동 657(354m 범위),주변에 특정 건물이 없습니다,27,공차
SB-000003,2026-08-12,2026-08-12 11:17:12,19,55,DTG 데이터,전라남도 광양시 금호동 653(373m 범위),주변에 특정 건물이 없습니다,26.3,공차
SB-000003,2026-08-12,2026-08-12 11:19:12,38,57,DTG 데이터,전라남도 광양시 금호동 795(149m 범위),전라남도 광양시 금호동 광양제품부두점(139m →),27.2,공차
SB-000003,2026-08-12,2026-08-12 11:21:02,0,58,Key Off,전라남도 광양시 금호동 803(180m 범위),전라남도 광양시 금호동 우리은행365(261m ↘),26.5,공차
SB-000003,2026-08-12,2026-08-12 11:21:57,3,58,Key On,전라남도 광양시 금호동 803(180m 범위),전라남도 광양시 금호동 포스코플로우(261m ↘),20.5,공차
SB-000003,2026-08-12,2026-08-12 11:23:12,52,58,DTG 데이터,전라남도 광양시 금호동 671(132m 범위),전라남도 광양시 금호동 피엠에스(152m ←),26.6,공차
SB-000003,2026-08-12,2026-08-12 11:25:12,25,60,DTG 데이터,전라남도 광양시 금호동 662(469m 범위),주변에 특정 건물이 없습니다,26.3,공차
SB-000003,2026-08-12,2026-08-12 11:27:11,47,61,DTG 데이터,전라남도 광양시 금호동 663(117m 범위),전라남도 광양시 금호동 포스코광양제철소(405m →),27,공차
SB-000003,2026-08-12,2026-08-12 11:29:12,7,63,DTG 데이터,전라남도 광양시 금호동 791(278m 범위),전라남도 광양시 금호동 2문(192m ↓),27.1,공차
SB-000003,2026-08-12,2026-08-12 11:31:12,21,63,DTG 데이터,전라남도 광양시 금호동 791(69m 범위),전라남도 광양시 금호동 태인교삼거리(69m ←),26.6,공차
SB-000003,2026-08-12,2026-08-12 11:33:12,36,64,DTG 데이터,전라남도 광양시 태인동 303-96(17m 범위),전라남도 광양시 태인동 세림후렉시블(39m →),27.1,공차
SB-000003,2026-08-12,2026-08-12 11:34:59,0,65,Key Off,전라남도 광양시 태인동 306-20(21m 범위),전라남도 광양시 태인동 경남스틸(48m ↑),26.6,공차
SB-000003,2026-08-12,2026-08-12 11:37:36,0,65,Key On,전라남도 광양시 태인동 306-20(21m 범위),전라남도 광양시 태인동 경남스틸(48m ↑),20.5,공차
SB-000003,2026-08-12,2026-08-12 11:38:01,0,65,Key Off,전라남도 광양시 태인동 306-14(17m 범위),전라남도 광양시 태인동 경남스틸(24m →),26.3,공차
SB-000003,2026-08-12,2026-08-12 11:39:43,1,65,Key On,전라남도 광양시 태인동 306-14(17m 범위),전라남도 광양시 태인동 경남스틸(24m →),20.6,공차
SB-000003,2026-08-12,2026-08-12 11:41:11,22,65,DTG 데이터,전라남도 광양시 태인동 306-19(29m 범위),전라남도 광양시 태인동 경남스틸(71m ↘),26.9,공차
SB-000003,2026-08-12,2026-08-12 11:43:11,22,65,DTG 데이터,전라남도 광양시 태인동 355-130(12m 범위),전라남도 광양시 태인동 세움건설(48m ↘),26.9,공차
SB-000003,2026-08-12,2026-08-12 11:45:13,0,66,DTG 데이터,전라남도 광양시 태인동 1565(19m 범위),전라남도 광양시 태인동 세움건설(183m ←),27,공차
SB-000003,2026-08-12,2026-08-12 11:47:12,0,66,DTG 데이터,전라남도 광양시 태인동 1565(23m 범위),전라남도 광양시 태인동 세움건설(181m ←),26.9,공차
SB-000003,2026-08-12,2026-08-12 11:49:12,0,66,DTG 데이터,전라남도 광양시 태인동 1565(14m 범위),전라남도 광양시 태인동 세움건설(188m ←),26.5,공차
SB-000003,2026-08-12,2026-08-12 11:49:25,0,66,공회전감지,전라남도 광양시 태인동 1565(14m 범위),전라남도 광양시 태인동 세움건설(189m ←),26.4,공차
SB-000003,2026-08-12,2026-08-12 11:51:12,0,66,DTG 데이터,전라남도 광양시 태인동 355-23(19m 범위),전라남도 광양시 태인동 세움건설(185m ←),26.5,공차
SB-000003,2026-08-12,2026-08-12 11:53:12,0,66,DTG 데이터,전라남도 광양시 태인동 1565(17m 범위),전라남도 광양시 태인동 세움건설(186m ←),27,공차
SB-000003,2026-08-12,2026-08-12 11:54:25,0,66,공회전유지,전라남도 광양시 태인동 1565(16m 범위),전라남도 광양시 태인동 세움건설(186m ←),26.5,공차
SB-000003,2026-08-12,2026-08-12 11:55:12,0,66,DTG 데이터,전라남도 광양시 태인동 1565(14m 범위),전라남도 광양시 태인동 세움건설(188m ←),26.6,공차
SB-000003,2026-08-12,2026-08-12 11:57:12,0,66,DTG 데이터,전라남도 광양시 태인동 1565(15m 범위),전라남도 광양시 태인동 세움건설(188m ←),26.6,공차
SB-000003,2026-08-12,2026-08-12 11:59:12,0,66,DTG 데이터,전라남도 광양시 태인동 355-23(18m 범위),전라남도 광양시 태인동 세움건설(187m ←),26.8,공차
SB-000003,2026-08-12,2026-08-12 11:59:25,0,66,공회전유지,전라남도 광양시 태인동 355-23(18m 범위),전라남도 광양시 태인동 세움건설(186m ←),26.5,공차
SB-000003,2026-08-12,2026-08-12 12:01:12,0,66,DTG 데이터,전라남도 광양시 태인동 355-23(16m 범위),전라남도 광양시 태인동 세움건설(188m ←),26.4,공차
SB-000003,2026-08-12,2026-08-12 12:03:12,0,66,DTG 데이터,전라남도 광양시 태인동 1565(13m 범위),전라남도 광양시 태인동 세움건설(189m ←),26.5,공차
SB-000003,2026-08-12,2026-08-12 12:04:25,0,66,공회전유지,전라남도 광양시 태인동 1565(17m 범위),전라남도 광양시 태인동 세움건설(186m ←),26.5,공차
SB-000003,2026-08-12,2026-08-12 12:05:12,0,66,DTG 데이터,전라남도 광양시 태인동 1565(11m 범위),전라남도 광양시 태인동 세움건설(192m ←),26.8,공차
SB-000003,2026-08-12,2026-08-12 12:05:48,3,66,공회전종료,전라남도 광양시 태인동 1565(12m 범위),전라남도 광양시 태인동 세움건설(191m ←),26.5,공차
SB-000003,2026-08-12,2026-08-12 12:07:12,0,66,DTG 데이터,전라남도 광양시 태인동 1567-1(10m 범위),전라남도 광양시 태인동 한양철강공업(180m ↖),26.2,공차
SB-000003,2026-08-12,2026-08-12 12:09:12,38,67,DTG 데이터,전라남도 광양시 태인동 1664-1(19m 범위),전라남도 광양시 태인동 한영통신무전기CCTV(16m ↗),27.1,공차
SB-000003,2026-08-12,2026-08-12 12:11:12,42,68,DTG 데이터,전라남도 광양시 금호동 800(319m 범위),전라남도 광양시 금호동 2문(262m ↓),26.9,공차
SB-000003,2026-08-12,2026-08-12 12:13:12,0,69,DTG 데이터,전라남도 광양시 금호동 658(121m 범위),전라남도 광양시 금호동 정문(189m ↘),26.4,공차
SB-000003,2026-08-12,2026-08-12 12:15:12,35,69,DTG 데이터,전라남도 광양시 금호동 658(86m 범위),전라남도 광양시 금호동 정문(177m ↘),26.5,공차
SB-000003,2026-08-12,2026-08-12 12:17:11,1,70,DTG 데이터,전라남도 광양시 금호동 636(345m 범위),전라남도 광양시 금호동 광일엔지니어링(344m ↖),26,공차
SB-000003,2026-08-12,2026-08-12 12:19:11,0,70,DTG 데이터,전라남도 광양시 금호동 636(425m 범위),전라남도 광양시 금호동 광일엔지니어링(233m ↖),26.4,공차
SB-000003,2026-08-12,2026-08-12 12:21:12,0,70,DTG 데이터,전라남도 광양시 금호동 636(402m 범위),전라남도 광양시 금호동 광일엔지니어링(262m ↖),26.4,공차
SB-000003,2026-08-12,2026-08-12 12:22:10,0,70,공회전감지,전라남도 광양시 금호동 636(393m 범위),전라남도 광양시 금호동 포렌(257m ↑),26.5,공차
SB-000003,2026-08-12,2026-08-12 12:23:12,0,70,DTG 데이터,전라남도 광양시 금호동 636(384m 범위),전라남도 광양시 금호동 광일엔지니어링(275m ↖),26.7,공차
SB-000003,2026-08-12,2026-08-12 12:25:12,0,70,DTG 데이터,전라남도 광양시 금호동 636(398m 범위),전라남도 광양시 금호동 광일엔지니어링(268m ↖),26.3,공차
SB-000003,2026-08-12,2026-08-12 12:26:16,3,70,공회전종료,전라남도 광양시 금호동 636(374m 범위),전라남도 광양시 금호동 광일엔지니어링(288m ↖),26.1,공차
SB-000003,2026-08-12,2026-08-12 12:27:12,34,71,DTG 데이터,주변에 검색된 지번이 없습니다,주변에 특정건물이 없습니다,26.4,공차
SB-000003,2026-08-12,2026-08-12 12:29:12,0,71,DTG 데이터,전라남도 광양시 금호동 631(173m 범위),전라남도 광양시 금호동 광일엔지니어링(407m ←),25.8,공차
SB-000003,2026-08-12,2026-08-12 12:31:12,45,72,DTG 데이터,전라남도 광양시 금호동 653(395m 범위),주변에 특정 건물이 없습니다,26.9,공차
SB-000003,2026-08-12,2026-08-12 12:33:11,42,74,DTG 데이터,전라남도 광양시 금호동 795(127m 범위),전라남도 광양시 금호동 청우(143m ↖),26.5,공차
SB-000003,2026-08-12,2026-08-12 12:35:12,0,75,DTG 데이터,전라남도 광양시 금호동 803(142m 범위),전라남도 광양시 금호동 우리은행365(294m ↘),26.4,공차
SB-000003,2026-08-12,2026-08-12 12:37:12,0,75,DTG 데이터,전라남도 광양시 금호동 803(139m 범위),전라남도 광양시 금호동 포스코플로우(294m ↘),26.7,공차
SB-000003,2026-08-12,2026-08-12 12:39:12,1,75,DTG 데이터,전라남도 광양시 금호동 803(109m 범위),전라남도 광양시 금호동 포스코플로우(309m ↘),26,공차
SB-000003,2026-08-12,2026-08-12 12:41:12,0,75,DTG 데이터,전라남도 광양시 금호동 803(86m 범위),전라남도 광양시 금호동 우리은행365(338m ↘),26.7,공차
SB-000003,2026-08-12,2026-08-12 12:42:34,0,75,Key Off,전라남도 광양시 금호동 803(109m 범위),전라남도 광양시 금호동 우리은행365(319m ↘),26.5,공차
SB-000003,2026-08-12,2026-08-12 12:43:43,1,75,Key On,전라남도 광양시 금호동 803(109m 범위),전라남도 광양시 금호동 포스코플로우(319m ↘),20.6,공차
SB-000003,2026-08-12,2026-08-12 12:45:12,56,76,DTG 데이터,전라남도 광양시 금호동 671(71m 범위),전라남도 광양시 금호동 피엠에스(80m ↓),26.4,공차
SB-000003,2026-08-12,2026-08-12 12:47:12,38,77,DTG 데이터,주변에 검색된 지번이 없습니다,주변에 특정건물이 없습니다,26.4,공차
SB-000003,2026-08-12,2026-08-12 12:49:11,43,78,DTG 데이터,전라남도 광양시 금호동 663(105m 범위),전라남도 광양시 금호동 포스코광양제철소(402m →),26.4,공차
SB-000003,2026-08-12,2026-08-12 12:51:11,11,80,DTG 데이터,전라남도 광양시 금호동 791(213m 범위),전라남도 광양시 금호동 2문(115m ↓),26.9,공차
SB-000003,2026-08-12,2026-08-12 12:53:12,0,81,DTG 데이터,전라남도 광양시 태인동 1664-1(24m 범위),전라남도 광양시 태인동 한영통신무전기CCTV(24m →),26,공차
SB-000003,2026-08-12,2026-08-12 12:55:12,37,81,DTG 데이터,전라남도 광양시 태인동 303-91(3m 범위),전라남도 광양시 태인동 제일크레인(57m ↘),26.2,공차
SB-000003,2026-08-12,2026-08-12 12:57:12,0,82,DTG 데이터,전라남도 광양시 태인동 308-5(4m 범위),전라남도 광양시 태인동 경남스틸(67m ↙),26.7,공차
SB-000003,2026-08-12,2026-08-12 12:59:12,0,82,DTG 데이터,전라남도 광양시 태인동 308-5(7m 범위),전라남도 광양시 태인동 경남스틸(71m ↙),26.2,공차
SB-000003,2026-08-12,2026-08-12 13:01:12,0,82,DTG 데이터,전라남도 광양시 태인동 308-5(5m 범위),전라남도 광양시 태인동 경남스틸(68m ↙),26.3,공차
SB-000003,2026-08-12,2026-08-12 13:01:16,0,82,공회전감지,전라남도 광양시 태인동 308-5(3m 범위),전라남도 광양시 태인동 경남스틸(69m ↙),26.7,공차
SB-000003,2026-08-12,2026-08-12 13:02:18,3,82,공회전종료,전라남도 광양시 태인동 308-4(2m 범위),전라남도 광양시 태인동 경남스틸(77m ↙),26.8,공차
SB-000003,2026-08-12,2026-08-12 13:03:12,0,82,DTG 데이터,전라남도 광양시 태인동 355-130(8m 범위),전라남도 광양시 태인동 세움건설(47m ↘),26.6,공차
SB-000003,2026-08-12,2026-08-12 13:05:12,0,82,DTG 데이터,전라남도 광양시 태인동 산111-5(17m 범위),전라남도 광양시 태인동 세움건설(17m →),26,공차
SB-000003,2026-08-12,2026-08-12 13:07:11,0,82,DTG 데이터,전라남도 광양시 태인동 309-6(56m 범위),전라남도 광양시 태인동 세움건설(26m ←),26.4,공차
SB-000003,2026-08-12,2026-08-12 13:09:13,0,82,DTG 데이터,전라남도 광양시 태인동 1726(48m 범위),전라남도 광양시 태인동 세움건설(57m ←),26.7,공차
SB-000003,2026-08-12,2026-08-12 13:09:21,0,82,공회전감지,전라남도 광양시 태인동 1726(45m 범위),전라남도 광양시 태인동 세움건설(57m ←),26.3,공차
SB-000003,2026-08-12,2026-08-12 13:10:14,3,82,공회전종료,전라남도 광양시 태인동 1726(25m 범위),전라남도 광양시 태인동 세움건설(72m ←),26.8,공차
SB-000003,2026-08-12,2026-08-12 13:11:12,0,82,DTG 데이터,전라남도 광양시 태인동 1726(55m 범위),전라남도 광양시 태인동 세움건설(56m ↖),26.9,공차
SB-000003,2026-08-12,2026-08-12 13:13:09,0,82,Key Off,전라남도 광양시 태인동 309-6(61m 범위),전라남도 광양시 태인동 세움건설(36m ↖),26.4,공차
SB-000003,2026-08-12,2026-08-12 13:29:21,0,82,Key On,전라남도 광양시 태인동 309-6(61m 범위),전라남도 광양시 태인동 세움건설(36m ↖),19.9,공차
SB-000003,2026-08-12,2026-08-12 13:31:12,0,82,DTG 데이터,전라남도 광양시 태인동 309-6(61m 범위),전라남도 광양시 태인동 세움건설(36m ↖),26.6,공차
SB-000003,2026-08-12,2026-08-12 13:33:12,44,83,DTG 데이터,전라남도 광양시 태인동 303-8(12m 범위),전라남도 광양시 태인동 버스정류장(19m →),26.9,공차
SB-000003,2026-08-12,2026-08-12 13:35:12,18,84,DTG 데이터,전라남도 광양시 금호동 791(130m 범위),전라남도 광양시 금호동 2문(41m ↗),26.1,공차
SB-000003,2026-08-12,2026-08-12 13:37:12,53,85,DTG 데이터,전라남도 광양시 금호동 637(230m 범위),전라남도 광양시 금호동 제철삼거리(289m ↓),26.9,공차
SB-000003,2026-08-12,2026-08-12 13:39:12,30,87,DTG 데이터,전라남도 광양시 금호동 624-4(386m 범위),전라남도 광양시 금호동 1문(221m ↓),26.9,공차
SB-000003,2026-08-12,2026-08-12 13:41:12,55,88,DTG 데이터,전라남도 광양시 금호동 635(41m 범위),주변에 특정 건물이 없습니다,26.5,공차
SB-000003,2026-08-12,2026-08-12 13:43:12,31,90,DTG 데이터,전라남도 광양시 금호동 656(139m 범위),전라남도 광양시 금호동 한유엘엔에스(342m ↗),26.3,공차
SB-000003,2026-08-12,2026-08-12 13:45:11,0,90,DTG 데이터,전라남도 광양시 금호동 656(205m 범위),전라남도 광양시 금호동 한유엘엔에스(406m ↗),26.9,공차
SB-000003,2026-08-12,2026-08-12 13:45:56,0,90,Key Off,전라남도 광양시 금호동 656(184m 범위),전라남도 광양시 금호동 한유엘엔에스(384m ↗),26.6,공차
SB-000003,2026-08-12,2026-08-12 13:52:04,0,90,Key On,전라남도 광양시 금호동 656(184m 범위),전라남도 광양시 금호동 한유엘엔에스(384m ↗),20,공차
SB-000003,2026-08-12,2026-08-12 13:53:12,21,90,DTG 데이터,전라남도 광양시 금호동 656(148m 범위),전라남도 광양시 금호동 한유엘엔에스(350m ↗),26.9,공차
SB-000003,2026-08-12,2026-08-12 13:54:06,0,90,Key Off,전라남도 광양시 금호동 656(148m 범위),전라남도 광양시 금호동 한유엘엔에스(350m ↗),26.9,공차
SB-000003,2026-08-12,2026-08-12 14:05:15,0,90,Key On,전라남도 광양시 금호동 656(148m 범위),전라남도 광양시 금호동 한유엘엔에스(350m ↗),24.6,공차
SB-000003,2026-08-12,2026-08-12 14:07:12,38,91,DTG 데이터,전라남도 광양시 금호동 803(174m 범위),전라남도 광양시 금호동 포스코플로우(280m ↓),27.2,공차
SB-000003,2026-08-12,2026-08-12 14:08:24,0,92,Key Off,전라남도 광양시 금호동 803(83m 범위),전라남도 광양시 금호동 우리은행365(336m ↘),26.7,공차
SB-000003,2026-08-12,2026-08-12 14:08:58,0,92,Key On,전라남도 광양시 금호동 803(83m 범위),전라남도 광양시 금호동 포스코플로우(336m ↘),19.6,공차
SB-000003,2026-08-12,2026-08-12 14:09:12,9,92,DTG 데이터,전라남도 광양시 금호동 803(83m 범위),전라남도 광양시 금호동 우리은행365(336m ↘),26.6,공차
SB-000003,2026-08-12,2026-08-12 14:11:12,52,93,DTG 데이터,전라남도 광양시 금호동 642-2(188m 범위),전라남도 광양시 금호동 피엠에스(387m →),26,공차
SB-000003,2026-08-12,2026-08-12 14:13:12,50,94,DTG 데이터,주변에 검색된 지번이 없습니다,주변에 특정건물이 없습니다,26.5,공차
SB-000003,2026-08-12,2026-08-12 14:15:12,24,95,DTG 데이터,전라남도 광양시 금호동 663(26m 범위),전라남도 광양시 금호동 포스코광양제철소(368m →),26.9,공차
SB-000003,2026-08-12,2026-08-12 14:17:13,8,97,DTG 데이터,전라남도 광양시 금호동 791(246m 범위),전라남도 광양시 금호동 2문(152m ↓),26.7,공차
SB-000003,2026-08-12,2026-08-12 14:19:13,0,97,DTG 데이터,전라남도 광양시 금호동 791(187m 범위),전라남도 광양시 금호동 2문(79m ↓),26.6,공차
SB-000003,2026-08-12,2026-08-12 14:21:12,29,97,DTG 데이터,전라남도 광양시 태인동 1664-7(33m 범위),전라남도 광양시 태인동 마당쇠보쌈(38m ↘),26.8,공차
SB-000003,2026-08-12,2026-08-12 14:23:12,76,99,DTG 데이터,전라남도 광양시 태인동 1656(75m 범위),전라남도 광양시 태인동 SK엔크린(74m →),26.5,공차
SB-000003,2026-08-12,2026-08-12 14:24:36,31,100,DTG GPS 이상,전라남도 광양시 태인동 1654-7(83m 범위),전라남도 광양시 태인동 세정테크(57m ↙),26.5,공차
SB-000003,2026-08-12,2026-08-12 14:25:12,6,100,DTG 데이터,전라남도 광양시 태인동 1654-7(73m 범위),전라남도 광양시 태인동 세정테크(30m ↙),26.4,공차
SB-000003,2026-08-12,2026-08-12 14:25:24,0,100,Key Off,전라남도 광양시 태인동 1654-7(70m 범위),전라남도 광양시 태인동 세정테크(31m ↙),26.4,공차
SB-000003,2026-08-12,2026-08-12 14:28:07,0,100,Key On,전라남도 광양시 태인동 1654-7(70m 범위),전라남도 광양시 태인동 세정테크(31m ↙),24.3,공차
SB-000003,2026-08-12,2026-08-12 14:29:04,16,101,DTG GPS 정상,전라남도 광양시 태인동 1655(97m 범위),전라남도 광양시 태인동 CJ대한통운광양지사(78m ↘),26.7,공차
SB-000003,2026-08-12,2026-08-12 14:29:12,37,101,DTG 데이터,전라남도 광양시 태인동 1655(72m 범위),전라남도 광양시 태인동 CJ대한통운광양지사(59m ↘),26.1,공차
SB-000003,2026-08-12,2026-08-12 14:31:12,38,102,DTG 데이터,전라남도 광양시 태인동 1656-2(50m 범위),전라남도 광양시 태인동 우진일렉트로나이트(63m ↖),27.1,공차
SB-000003,2026-08-12,2026-08-12 14:33:12,63,103,DTG 데이터,전라남도 광양시 태인동 303-35(36m 범위),전라남도 광양시 태인동 버스정류장(12m ↑),26.5,공차
SB-000003,2026-08-12,2026-08-12 14:35:12,0,104,DTG 데이터,전라남도 광양시 금호동 791(183m 범위),전라남도 광양시 금호동 2문(50m ↓),26.4,공차
SB-000003,2026-08-12,2026-08-12 14:37:13,47,105,DTG 데이터,전라남도 광양시 금호동 637(152m 범위),전라남도 광양시 금호동 제철삼거리(382m ↘),26.7,공차
SB-000003,2026-08-12,2026-08-12 14:39:12,52,106,DTG 데이터,전라남도 광양시 금호동 636(201m 범위),전라남도 광양시 금호동 1문(357m ↘),26.9,공차
SB-000003,2026-08-12,2026-08-12 14:41:12,0,107,DTG 데이터,전라남도 광양시 금호동 636(446m 범위),전라남도 광양시 금호동 1문(416m ↘),26.8,공차
SB-000003,2026-08-12,2026-08-12 14:41:23,0,107,Key Off,전라남도 광양시 금호동 636(446m 범위),전라남도 광양시 금호동 1문(416m ↘),26.3,공차
SB-000003,2026-08-12,2026-08-12 14:58:09,0,107,Key On,전라남도 광양시 금호동 636(446m 범위),전라남도 광양시 금호동 1문(416m ↘),20.2,공차
SB-000003,2026-08-12,2026-08-12 14:59:12,4,107,DTG 데이터,전라남도 광양시 금호동 631(483m 범위),전라남도 광양시 금호동 광일엔지니어링(321m ↖),27,공차
SB-000003,2026-08-12,2026-08-12 15:00:38,0,107,Key Off,전라남도 광양시 금호동 631(485m 범위),전라남도 광양시 금호동 포렌(331m ↖),26.9,공차
SB-000003,2026-08-12,2026-08-12 15:05:46,0,107,Key On,전라남도 광양시 금호동 631(485m 범위),전라남도 광양시 금호동 포렌(331m ↖),24.7,공차
SB-000003,2026-08-12,2026-08-12 15:07:12,0,107,DTG 데이터,전라남도 광양시 금호동 631(472m 범위),전라남도 광양시 금호동 포렌(295m ↖),26.9,공차
SB-000003,2026-08-12,2026-08-12 15:09:12,24,108,DTG 데이터,전라남도 광양시 금호동 631(420m 범위),전라남도 광양시 금호동 광일엔지니어링(362m ←),26.2,공차
SB-000003,2026-08-12,2026-08-12 15:11:12,21,108,DTG 데이터,전라남도 광양시 금호동 631(199m 범위),전라남도 광양시 금호동 광일엔지니어링(400m ←),26.4,공차
SB-000003,2026-08-12,2026-08-12 15:13:13,37,108,DTG 데이터,전라남도 광양시 금호동 631(121m 범위),전라남도 광양시 금호동 포렌(449m ↙),26.1,공차
SB-000003,2026-08-12,2026-08-12 15:15:12,0,109,DTG 데이터,전라남도 광양시 금호동 657(93m 범위),주변에 특정 건물이 없습니다,26.9,공차
SB-000003,2026-08-12,2026-08-12 15:17:12,0,109,DTG 데이터,전라남도 광양시 금호동 657(81m 범위),주변에 특정 건물이 없습니다,26.3,공차
SB-000003,2026-08-12,2026-08-12 15:19:12,11,109,DTG 데이터,전라남도 광양시 금호동 657(54m 범위),주변에 특정 건물이 없습니다,26.4,공차
SB-000003,2026-08-12,2026-08-12 15:21:12,28,109,DTG 데이터,전라남도 광양시 금호동 657(189m 범위),주변에 특정 건물이 없습니다,26.3,공차
SB-000003,2026-08-12,2026-08-12 15:23:12,16,111,DTG 데이터,전라남도 광양시 금호동 634(88m 범위),전라남도 광양시 금호동 광양제품부두점(94m ↗),26.7,공차
SB-000003,2026-08-12,2026-08-12 15:25:12,0,111,DTG 데이터,전라남도 광양시 금호동 803(154m 범위),전라남도 광양시 금호동 포스코플로우(275m ↘),26.3,공차
SB-000003,2026-08-12,2026-08-12 15:27:12,0,111,DTG 데이터,전라남도 광양시 금호동 803(107m 범위),전라남도 광양시 금호동 포스코플로우(314m ↘),26.2,공차
SB-000003,2026-08-12,2026-08-12 15:29:13,0,112,DTG 데이터,전라남도 광양시 금호동 803(84m 범위),전라남도 광양시 금호동 포스코플로우(333m ↘),26.3,공차
SB-000003,2026-08-12,2026-08-12 15:29:51,0,112,Key Off,전라남도 광양시 금호동 803(75m 범위),전라남도 광양시 금호동 우리은행365(346m ↘),26.4,공차
SB-000003,2026-08-12,2026-08-12 15:30:42,1,112,Key On,전라남도 광양시 금호동 803(75m 범위),전라남도 광양시 금호동 우리은행365(346m ↘),19.3,공차
SB-000003,2026-08-12,2026-08-12 15:31:12,15,112,DTG 데이터,전라남도 광양시 금호동 803(143m 범위),전라남도 광양시 금호동 포스코플로우(345m ↘),26.1,공차
SB-000003,2026-08-12,2026-08-12 15:33:12,17,113,DTG 데이터,전라남도 광양시 금호동 642-1(170m 범위),전라남도 광양시 금호동 피엠에스(461m →),25.6,공차
SB-000003,2026-08-12,2026-08-12 15:35:12,49,114,DTG 데이터,전라남도 광양시 금호동 663(489m 범위),주변에 특정 건물이 없습니다,26.2,공차
SB-000003,2026-08-12,2026-08-12 15:37:12,52,116,DTG 데이터,주변에 검색된 지번이 없습니다,주변에 특정건물이 없습니다,26.8,공차
SB-000003,2026-08-12,2026-08-12 15:39:12,0,117,DTG 데이터,전라남도 광양시 금호동 791(236m 범위),전라남도 광양시 금호동 2문(146m ↓),26.1,공차
SB-000003,2026-08-12,2026-08-12 15:41:12,37,117,DTG 데이터,전라남도 광양시 금호동 791(63m 범위),전라남도 광양시 태인동 태인교(37m ↓),26.4,공차
SB-000003,2026-08-12,2026-08-12 15:43:12,70,119,DTG 데이터,전라남도 광양시 태인동 1657-4(60m 범위),전라남도 광양시 태인동 전남기업(35m ↓),26.3,공차
SB-000003,2026-08-12,2026-08-12 15:45:13,54,120,DTG 데이터,전라남도 광양시 태인동 28-115(31m 범위),전라남도 광양시 태인동 버스정류장(19m ↗),26,공차
SB-000003,2026-08-12,2026-08-12 15:47:13,2,121,DTG 데이터,전라남도 광양시 태인동 1740(36m 범위),전라남도 광양시 태인동 한국상용트럭서비스센터(157m ↑),26.4,공차
SB-000003,2026-08-12,2026-08-12 15:49:13,5,121,DTG 데이터,전라남도 광양시 태인동 1740(46m 범위),전라남도 광양시 태인동 강변특장(163m ↗),26.5,공차
SB-000003,2026-08-12,2026-08-12 15:50:06,0,121,Key Off,전라남도 광양시 태인동 1740(83m 범위),전라남도 광양시 태인동 명당자원(187m →),26.5,공차
SB-000003,2026-08-12,2026-08-12 15:52:32,0,121,Key On,전라남도 광양시 태인동 1740(83m 범위),전라남도 광양시 태인동 명당자원(187m →),19.9,공차
SB-000003,2026-08-12,2026-08-12 15:53:15,0,121,Key Off,전라남도 광양시 태인동 1740(83m 범위),전라남도 광양시 태인동 명당자원(187m →),26.6,공차
SB-000003,2026-08-12,2026-08-12 15:56:34,0,121,Key On,전라남도 광양시 태인동 1740(83m 범위),전라남도 광양시 태인동 명당자원(187m →),24.4,공차
SB-000003,2026-08-12,2026-08-12 15:57:12,16,122,DTG 데이터,전라남도 광양시 태인동 1740(83m 범위),전라남도 광양시 태인동 명당자원(187m →),25.9,공차
SB-000003,2026-08-12,2026-08-12 15:59:12,59,123,DTG 데이터,전라남도 광양시 태인동 1716(23m 범위),전라남도 광양시 태인동 에어릭스(44m ←),26.5,공차
SB-000003,2026-08-12,2026-08-12 16:01:12,34,124,DTG 데이터,전라남도 광양시 태인동 1654-1(46m 범위),전라남도 광양시 태인동 세정테크(27m ↖),27,공차
SB-000003,2026-08-12,2026-08-12 16:01:56,0,124,Key Off,전라남도 광양시 태인동 1720(75m 범위),전라남도 광양시 태인동 광양2공장(49m ↓),26.5,공차
SB-000004,2026-08-12,2026-08-12 03:21:42,0,0,리셋보고,전라남도 광양시 태인동 1654-7(132m 범위),전라남도 광양시 태인동 CJ대한통운광양지사(76m →),25.5,공차
SB-000004,2026-08-12,2026-08-12 07:02:33,0,0,Key On,전라남도 광양시 태인동 1654-7(132m 범위),전라남도 광양시 태인동 CJ대한통운광양지사(76m →),24.9,공차
SB-000004,2026-08-12,2026-08-12 07:02:47,0,0,Key Off,전라남도 광양시 태인동 1654-7(132m 범위),전라남도 광양시 태인동 CJ대한통운광양지사(76m →),24.9,공차
SB-000004,2026-08-12,2026-08-12 07:06:13,0,0,Key On,전라남도 광양시 태인동 1654-7(132m 범위),전라남도 광양시 태인동 CJ대한통운광양지사(76m →),24.6,공차
SB-000004,2026-08-12,2026-08-12 07:06:23,0,0,Key Off,전라남도 광양시 태인동 1654-7(133m 범위),전라남도 광양시 태인동 CJ대한통운광양지사(74m →),24.8,공차
SB-000004,2026-08-12,2026-08-12 07:20:20,0,0,Key On,전라남도 광양시 태인동 1654-7(133m 범위),전라남도 광양시 태인동 CJ대한통운광양지사(74m →),25.1,공차
SB-000004,2026-08-12,2026-08-12 07:21:10,0,0,DTG 데이터,전라남도 광양시 태인동 1654-7(129m 범위),전라남도 광양시 태인동 CJ대한통운광양지사(78m →),27.9,공차
SB-000004,2026-08-12,2026-08-12 07:23:10,0,0,DTG 데이터,전라남도 광양시 태인동 1654-7(129m 범위),전라남도 광양시 태인동 CJ대한통운광양지사(79m →),27.2,공차
SB-000004,2026-08-12,2026-08-12 07:25:10,0,0,DTG 데이터,전라남도 광양시 태인동 1655(132m 범위),전라남도 광양시 태인동 CJ대한통운광양지사(77m →),27.4,공차
SB-000004,2026-08-12,2026-08-12 07:25:27,0,0,공회전감지,전라남도 광양시 태인동 1655(131m 범위),전라남도 광양시 태인동 CJ대한통운광양지사(77m →),28.1,공차
SB-000004,2026-08-12,2026-08-12 07:27:10,0,0,DTG 데이터,전라남도 광양시 태인동 1654-7(130m 범위),전라남도 광양시 태인동 CJ대한통운광양지사(78m →),27.7,공차
SB-000004,2026-08-12,2026-08-12 07:29:11,0,0,DTG 데이터,전라남도 광양시 태인동 1654-7(131m 범위),전라남도 광양시 태인동 CJ대한통운광양지사(77m →),28,공차
SB-000004,2026-08-12,2026-08-12 07:30:27,0,0,공회전유지,전라남도 광양시 태인동 1654-7(132m 범위),전라남도 광양시 태인동 CJ대한통운광양지사(78m →),28.2,공차
SB-000004,2026-08-12,2026-08-12 07:31:10,0,0,DTG 데이터,전라남도 광양시 태인동 1654-7(133m 범위),전라남도 광양시 태인동 CJ대한통운광양지사(75m →),28,공차
SB-000004,2026-08-12,2026-08-12 07:33:10,0,0,DTG 데이터,전라남도 광양시 태인동 1655(132m 범위),전라남도 광양시 태인동 CJ대한통운광양지사(76m →),28.5,공차
SB-000004,2026-08-12,2026-08-12 07:35:10,0,0,DTG 데이터,전라남도 광양시 태인동 1654-7(132m 범위),전라남도 광양시 태인동 CJ대한통운광양지사(77m →),28.2,공차
SB-000004,2026-08-12,2026-08-12 07:35:27,0,0,공회전유지,전라남도 광양시 태인동 1654-7(132m 범위),전라남도 광양시 태인동 CJ대한통운광양지사(77m →),27.9,공차
SB-000004,2026-08-12,2026-08-12 07:37:10,0,0,DTG 데이터,전라남도 광양시 태인동 1654-7(131m 범위),전라남도 광양시 태인동 CJ대한통운광양지사(76m →),27.4,공차
SB-000004,2026-08-12,2026-08-12 07:39:10,0,0,DTG 데이터,전라남도 광양시 태인동 1654-7(132m 범위),전라남도 광양시 태인동 CJ대한통운광양지사(77m →),27.4,공차
SB-000004,2026-08-12,2026-08-12 07:40:28,0,0,공회전유지,전라남도 광양시 태인동 1654-7(131m 범위),전라남도 광양시 태인동 CJ대한통운광양지사(78m →),27.4,공차
SB-000004,2026-08-12,2026-08-12 07:41:10,0,0,DTG 데이터,전라남도 광양시 태인동 1654-7(132m 범위),전라남도 광양시 태인동 CJ대한통운광양지사(76m →),28.3,공차
SB-000004,2026-08-12,2026-08-12 07:43:10,0,0,DTG 데이터,전라남도 광양시 태인동 1654-7(132m 범위),전라남도 광양시 태인동 CJ대한통운광양지사(78m →),28.2,공차
SB-000004,2026-08-12,2026-08-12 07:45:10,0,0,DTG 데이터,전라남도 광양시 태인동 1655(131m 범위),전라남도 광양시 태인동 CJ대한통운광양지사(75m →),28.5,공차
SB-000004,2026-08-12,2026-08-12 07:45:20,0,0,Key Off,전라남도 광양시 태인동 1655(131m 범위),전라남도 광양시 태인동 CJ대한통운광양지사(75m →),27,공차
SB-000004,2026-08-12,2026-08-12 07:45:20,0,0,공회전종료,전라남도 광양시 태인동 1655(131m 범위),전라남도 광양시 태인동 CJ대한통운광양지사(75m →),27,공차
SB-000004,2026-08-12,2026-08-12 07:56:47,0,0,Key On,전라남도 광양시 태인동 1655(131m 범위),전라남도 광양시 태인동 CJ대한통운광양지사(75m →),25.4,공차
SB-000004,2026-08-12,2026-08-12 07:57:03,236,0,급가속,전라남도 광양시 태인동 1655(120m 범위),전라남도 광양시 태인동 CJ대한통운광양지사(83m ↘),28.3,공차
SB-000004,2026-08-12,2026-08-12 07:57:06,4,0,급정지,전라남도 광양시 태인동 1655(118m 범위),전라남도 광양시 태인동 CJ대한통운광양지사(83m ↘),28.1,공차
SB-000004,2026-08-12,2026-08-12 07:57:10,8,0,DTG 데이터,전라남도 광양시 태인동 1655(106m 범위),전라남도 광양시 태인동 CJ대한통운광양지사(80m ↘),28.2,공차
SB-000004,2026-08-12,2026-08-12 07:57:56,32,1,급가속,전라남도 광양시 태인동 1653-11(28m 범위),전라남도 광양시 태인동 용지삼거리(41m →),28.1,공차
SB-000004,2026-08-12,2026-08-12 07:57:59,19,1,급감속,전라남도 광양시 태인동 1653-11(21m 범위),전라남도 광양시 태인동 용지삼거리(34m →),27.9,공차
SB-000004,2026-08-12,2026-08-12 07:59:10,0,1,DTG 데이터,전라남도 광양시 태인동 1653-2(52m 범위),전라남도 광양시 태인동 SK엔크린(48m →),27.7,공차
SB-000004,2026-08-12,2026-08-12 08:01:10,23,2,DTG 데이터,전라남도 광양시 금호동 791(76m 범위),전라남도 광양시 태인동 태인교(24m ↓),28.2,공차
SB-000004,2026-08-12,2026-08-12 08:01:26,50,2,급가속,전라남도 광양시 금호동 791(29m 범위),전라남도 광양시 금호동 태인교삼거리(28m ←),27.9,공차
SB-000004,2026-08-12,2026-08-12 08:01:28,16,2,급감속,전라남도 광양시 금호동 791(34m 범위),전라남도 광양시 금호동 태인교삼거리(34m ←),28,공차
SB-000004,2026-08-12,2026-08-12 08:03:11,4,2,DTG 데이터,전라남도 광양시 금호동 791(142m 범위),전라남도 광양시 금호동 2문(35m ↑),28.2,공차
SB-000004,2026-08-12,2026-08-12 08:03:28,69,2,급가속,전라남도 광양시 금호동 791(171m 범위),전라남도 광양시 금호동 2문(36m ↓),28.2,공차
SB-000004,2026-08-12,2026-08-12 08:03:30,12,2,급감속,전라남도 광양시 금호동 791(174m 범위),전라남도 광양시 금호동 2문(41m ↓),28,공차
SB-000004,2026-08-12,2026-08-12 08:05:11,28,3,DTG 데이터,전라남도 광양시 금호동 658(75m 범위),전라남도 광양시 금호동 정문(182m ↘),27.9,공차
SB-000004,2026-08-12,2026-08-12 08:07:11,30,4,DTG 데이터,주변에 검색된 지번이 없습니다,전라남도 광양시 금호동 1문(452m ↓),28.2,공차
SB-000004,2026-08-12,2026-08-12 08:07:22,53,4,급가속,전라남도 광양시 금호동 631(383m 범위),전라남도 광양시 금호동 광일엔지니어링(418m ←),28.1,공차
SB-000004,2026-08-12,2026-08-12 08:07:25,31,4,급감속,전라남도 광양시 금호동 631(372m 범위),전라남도 광양시 금호동 포렌(415m ←),28.1,공차
SB-000004,2026-08-12,2026-08-12 08:09:11,8,4,DTG 데이터,전라남도 광양시 금호동 631(173m 범위),전라남도 광양시 금호동 광일엔지니어링(409m ←),28.1,공차
SB-000004,2026-08-12,2026-08-12 08:09:36,34,4,DTG GPS 이상,전라남도 광양시 금호동 657(62m 범위),주변에 특정 건물이 없습니다,28.1,공차
SB-000004,2026-08-12,2026-08-12 08:11:10,0,4,DTG 데이터,전라남도 광양시 금호동 657(46m 범위),주변에 특정 건물이 없습니다,27.3,공차
SB-000004,2026-08-12,2026-08-12 08:13:10,0,4,DTG 데이터,전라남도 광양시 금호동 657(48m 범위),주변에 특정 건물이 없습니다,27.8,공차
SB-000004,2026-08-12,2026-08-12 08:15:08,0,4,공회전감지,전라남도 광양시 금호동 657(49m 범위),주변에 특정 건물이 없습니다,28,공차
SB-000004,2026-08-12,2026-08-12 08:15:11,0,4,DTG 데이터,주변에 검색된 지번이 없습니다,주변에 특정건물이 없습니다,28,공차
SB-000004,2026-08-12,2026-08-12 08:17:10,0,4,DTG 데이터,전라남도 광양시 금호동 657(50m 범위),주변에 특정 건물이 없습니다,27.5,공차
SB-000004,2026-08-12,2026-08-12 08:17:27,7,4,공회전종료,전라남도 광양시 금호동 657(48m 범위),주변에 특정 건물이 없습니다,27.7,공차
SB-000004,2026-08-12,2026-08-12 08:17:43,38,5,급가속,전라남도 광양시 금호동 657(46m 범위),주변에 특정 건물이 없습니다,28.2,공차
SB-000004,2026-08-12,2026-08-12 08:17:45,24,5,급감속,전라남도 광양시 금호동 657(55m 범위),주변에 특정 건물이 없습니다,27.9,공차
SB-000004,2026-08-12,2026-08-12 08:19:10,0,5,DTG 데이터,전라남도 광양시 금호동 657(103m 범위),주변에 특정 건물이 없습니다,27.9,공차
SB-000004,2026-08-12,2026-08-12 08:21:11,0,5,DTG 데이터,전라남도 광양시 금호동 657(119m 범위),주변에 특정 건물이 없습니다,27.7,공차
SB-000004,2026-08-12,2026-08-12 08:23:11,0,5,DTG 데이터,전라남도 광양시 금호동 657(108m 범위),주변에 특정 건물이 없습니다,28.1,공차
SB-000004,2026-08-12,2026-08-12 08:24:24,0,5,공회전감지,전라남도 광양시 금호동 657(147m 범위),주변에 특정 건물이 없습니다,28,공차
SB-000004,2026-08-12,2026-08-12 08:25:11,0,5,DTG 데이터,전라남도 광양시 금호동 657(143m 범위),주변에 특정 건물이 없습니다,28.5,공차
SB-000004,2026-08-12,2026-08-12 08:27:11,0,5,DTG 데이터,전라남도 광양시 금호동 657(135m 범위),주변에 특정 건물이 없습니다,27.7,공차
SB-000004,2026-08-12,2026-08-12 08:29:10,0,5,DTG 데이터,전라남도 광양시 금호동 657(137m 범위),주변에 특정 건물이 없습니다,28.4,공차
SB-000004,2026-08-12,2026-08-12 08:29:23,0,5,공회전유지,전라남도 광양시 금호동 657(140m 범위),주변에 특정 건물이 없습니다,27.7,공차
SB-000004,2026-08-12,2026-08-12 08:31:10,0,5,DTG 데이터,전라남도 광양시 금호동 657(127m 범위),주변에 특정 건물이 없습니다,28.5,공차
SB-000004,2026-08-12,2026-08-12 08:32:00,13,5,공회전종료,전라남도 광양시 금호동 657(142m 범위),주변에 특정 건물이 없습니다,28,공차
SB-000004,2026-08-12,2026-08-12 08:33:10,0,5,DTG 데이터,전라남도 광양시 금호동 657(155m 범위),주변에 특정 건물이 없습니다,28.4,공차
SB-000004,2026-08-12,2026-08-12 08:35:10,25,6,DTG 데이터,전라남도 광양시 금호동 656(48m 범위),전라남도 광양시 금호동 한유엘엔에스(223m ↗),28.3,공차
SB-000004,2026-08-12,2026-08-12 08:35:14,36,6,급가속,전라남도 광양시 금호동 656(69m 범위),전라남도 광양시 금호동 한유엘엔에스(197m ↗),28.1,공차
SB-000004,2026-08-12,2026-08-12 08:37:10,17,6,DTG 데이터,전라남도 광양시 금호동 803(154m 범위),전라남도 광양시 금호동 우리은행365(289m ↘),28.1,공차
SB-000004,2026-08-12,2026-08-12 08:37:34,59,6,급가속,전라남도 광양시 금호동 803(111m 범위),전라남도 광양시 금호동 우리은행365(312m ↘),28,공차
SB-000004,2026-08-12,2026-08-12 08:37:36,7,6,급감속,전라남도 광양시 금호동 803(109m 범위),전라남도 광양시 금호동 우리은행365(314m ↘),28.3,공차
SB-000004,2026-08-12,2026-08-12 08:39:11,0,6,DTG 데이터,전라남도 광양시 금호동 803(92m 범위),전라남도 광양시 금호동 우리은행365(327m ↘),27.7,공차
SB-000004,2026-08-12,2026-08-12 08:41:11,5,6,DTG 데이터,전라남도 광양시 금호동 803(130m 범위),전라남도 광양시 금호동 우리은행365(290m ↘),28.2,공차
SB-000004,2026-08-12,2026-08-12 08:41:20,0,6,Key Off,전라남도 광양시 금호동 803(126m 범위),전라남도 광양시 금호동 포스코플로우(294m ↘),26.8,공차
SB-000004,2026-08-12,2026-08-12 08:41:22,0,6,Key On,전라남도 광양시 금호동 803(126m 범위),전라남도 광양시 금호동 포스코플로우(294m ↘),26.1,공차
SB-000004,2026-08-12,2026-08-12 08:42:14,32,6,급가속,전라남도 광양시 금호동 803(109m 범위),전라남도 광양시 금호동 우리은행365(362m ↘),28.1,공차
SB-000004,2026-08-12,2026-08-12 08:42:16,15,6,급감속,전라남도 광양시 금호동 803(114m 범위),전라남도 광양시 금호동 포스코플로우(361m ↘),28,공차
SB-000004,2026-08-12,2026-08-12 08:42:46,72,6,급가속,전라남도 광양시 금호동 642(40m 범위),전라남도 광양시 금호동 피엠에스(346m ←),28.1,공차
SB-000004,2026-08-12,2026-08-12 08:42:48,31,6,급감속,전라남도 광양시 금호동 642(42m 범위),전라남도 광양시 금호동 피엠에스(335m ←),28,공차
SB-000004,2026-08-12,2026-08-12 08:43:11,29,7,DTG 데이터,전라남도 광양시 금호동 671(70m 범위),전라남도 광양시 금호동 피엠에스(108m ↙),28.1,공차
SB-000004,2026-08-12,2026-08-12 08:45:10,21,7,DTG 데이터,전라남도 광양시 금호동 662(479m 범위),주변에 특정 건물이 없습니다,28.2,공차
SB-000004,2026-08-12,2026-08-12 08:45:54,39,8,급가속,전라남도 광양시 금호동 663(467m 범위),주변에 특정 건물이 없습니다,28.2,공차
SB-000004,2026-08-12,2026-08-12 08:45:57,24,8,급감속,전라남도 광양시 금호동 663(458m 범위),주변에 특정 건물이 없습니다,28,공차
SB-000004,2026-08-12,2026-08-12 08:47:10,29,8,DTG 데이터,전라남도 광양시 금호동 663(109m 범위),전라남도 광양시 금호동 포스코광양제철소(408m →),28.1,공차
SB-000004,2026-08-12,2026-08-12 08:48:39,41,9,급가속,전라남도 광양시 금호동 791(253m 범위),전라남도 광양시 금호동 2문(164m ↓),28.2,공차
SB-000004,2026-08-12,2026-08-12 08:48:42,15,9,급감속,전라남도 광양시 금호동 791(248m 범위),전라남도 광양시 금호동 2문(159m ↓),28.1,공차
SB-000004,2026-08-12,2026-08-12 08:49:10,17,9,DTG 데이터,전라남도 광양시 금호동 791(173m 범위),전라남도 광양시 금호동 2문(64m ↓),28.2,공차
SB-000004,2026-08-12,2026-08-12 08:49:13,15,9,급감속,전라남도 광양시 금호동 791(166m 범위),전라남도 광양시 금호동 2문(52m ↘),28.1,공차
SB-000004,2026-08-12,2026-08-12 08:49:13,41,9,급가속,전라남도 광양시 금호동 791(169m 범위),전라남도 광양시 금호동 2문(58m ↓),28.2,공차
SB-000004,2026-08-12,2026-08-12 08:51:10,0,9,DTG 데이터,전라남도 광양시 태인동 1664-2(27m 범위),전라남도 광양시 태인동 대성이엔지(30m ↘),28,공차
SB-000004,2026-08-12,2026-08-12 08:53:10,5,11,DTG 데이터,전라남도 광양시 태인동 1653-5(26m 범위),전라남도 광양시 태인동 용지삼거리(34m ↙),27.8,공차
SB-000004,2026-08-12,2026-08-12 08:54:46,62,11,급가속,전라남도 광양시 태인동 28-295(79m 범위),전라남도 광양시 태인동 매크로시스템엔지니어링(94m ↘),28.2,공차
SB-000004,2026-08-12,2026-08-12 08:54:48,31,11,급감속,전라남도 광양시 태인동 28-295(90m 범위),전라남도 광양시 태인동 매크로시스템엔지니어링(99m ↘),28.2,공차
SB-000004,2026-08-12,2026-08-12 08:55:10,25,11,DTG 데이터,전라남도 광양시 태인동 1688(111m 범위),전라남도 광양시 태인동 엔시스(118m ↖),28.3,공차
SB-000004,2026-08-12,2026-08-12 08:55:38,34,11,급가속,전라남도 광양시 태인동 1753(90m 범위),전라남도 광양시 태인동 삼현철강(123m ←),28.1,공차
SB-000004,2026-08-12,2026-08-12 08:57:11,0,12,DTG 데이터,전라남도 광양시 태인동 1740(42m 범위),전라남도 광양시 태인동 한국상용트럭서비스센터(158m ↗),28.2,공차
SB-000004,2026-08-12,2026-08-12 08:59:11,0,12,DTG 데이터,전라남도 광양시 태인동 1740(43m 범위),전라남도 광양시 태인동 한국상용트럭서비스센터(159m ↗),28.1,공차
SB-000004,2026-08-12,2026-08-12 08:59:22,0,12,Key Off,전라남도 광양시 태인동 1740(43m 범위),전라남도 광양시 태인동 한국상용트럭서비스센터(159m ↗),27.3,공차
SB-000004,2026-08-12,2026-08-12 09:07:28,0,12,Key On,전라남도 광양시 태인동 1740(43m 범위),전라남도 광양시 태인동 한국상용트럭서비스센터(159m ↗),25.7,공차
SB-000004,2026-08-12,2026-08-12 09:08:12,0,12,DTG GPS 정상,전라남도 광양시 태인동 1740(26m 범위),전라남도 광양시 태인동 한국상용트럭서비스센터(149m ↑),28.2,공차
SB-000004,2026-08-12,2026-08-12 09:09:10,0,12,DTG 데이터,전라남도 광양시 태인동 1740(30m 범위),전라남도 광양시 태인동 한국상용트럭서비스센터(154m ↑),28.2,공차
SB-000004,2026-08-12,2026-08-12 09:10:21,0,12,Key Off,전라남도 광양시 태인동 1740(31m 범위),전라남도 광양시 태인동 한국상용트럭서비스센터(154m ↑),27.2,공차
SB-000004,2026-08-12,2026-08-12 09:13:21,0,12,Key On,전라남도 광양시 태인동 1740(31m 범위),전라남도 광양시 태인동 한국상용트럭서비스센터(154m ↑),26.2,공차
SB-000004,2026-08-12,2026-08-12 09:15:11,0,12,DTG 데이터,전라남도 광양시 태인동 1740(30m 범위),전라남도 광양시 태인동 한국상용트럭서비스센터(150m ↑),28.1,공차
SB-000004,2026-08-12,2026-08-12 09:17:11,0,12,DTG 데이터,전라남도 광양시 태인동 1740(35m 범위),전라남도 광양시 태인동 한국상용트럭서비스센터(156m ↑),28,공차
SB-000004,2026-08-12,2026-08-12 09:18:40,0,12,공회전감지,전라남도 광양시 태인동 1740(34m 범위),전라남도 광양시 태인동 한국상용트럭서비스센터(155m ↑),28.1,공차
SB-000004,2026-08-12,2026-08-12 09:19:11,0,12,DTG 데이터,전라남도 광양시 태인동 1740(29m 범위),전라남도 광양시 태인동 한국상용트럭서비스센터(150m ↑),28.2,공차
SB-000004,2026-08-12,2026-08-12 09:21:10,0,12,DTG 데이터,전라남도 광양시 태인동 1740(39m 범위),전라남도 광양시 태인동 한국상용트럭서비스센터(162m ↑),28.3,공차
SB-000004,2026-08-12,2026-08-12 09:23:10,0,12,DTG 데이터,전라남도 광양시 태인동 1740(34m 범위),전라남도 광양시 태인동 한국상용트럭서비스센터(157m ↑),27.9,공차
SB-000004,2026-08-12,2026-08-12 09:23:39,0,12,공회전유지,전라남도 광양시 태인동 1740(27m 범위),전라남도 광양시 태인동 한국상용트럭서비스센터(148m ↑),28.2,공차
SB-000004,2026-08-12,2026-08-12 09:24:37,0,12,공회전종료,전라남도 광양시 태인동 1740(32m 범위),전라남도 광양시 태인동 한국상용트럭서비스센터(154m ↑),27.4,공차
SB-000004,2026-08-12,2026-08-12 09:24:43,0,12,Key Off,전라남도 광양시 태인동 1740(32m 범위),전라남도 광양시 태인동 한국상용트럭서비스센터(154m ↑),27.1,공차
SB-000004,2026-08-12,2026-08-12 09:32:34,0,12,Key On,전라남도 광양시 태인동 1740(32m 범위),전라남도 광양시 태인동 한국상용트럭서비스센터(154m ↑),25.9,공차
SB-000004,2026-08-12,2026-08-12 09:33:11,0,12,DTG 데이터,전라남도 광양시 태인동 1740(41m 범위),전라남도 광양시 태인동 강변특장(148m ↗),27.7,공차
SB-000004,2026-08-12,2026-08-12 09:35:11,5,12,DTG 데이터,전라남도 광양시 태인동 1740(61m 범위),전라남도 광양시 태인동 강변특장(174m ↑),28.2,공차
SB-000004,2026-08-12,2026-08-12 09:35:26,0,12,Key Off,전라남도 광양시 태인동 1740(65m 범위),전라남도 광양시 태인동 강변특장(179m ↑),26.8,공차
SB-000004,2026-08-12,2026-08-12 09:35:29,0,12,Key On,전라남도 광양시 태인동 1740(65m 범위),전라남도 광양시 태인동 강변특장(179m ↑),26.3,공차
SB-000004,2026-08-12,2026-08-12 09:37:10,0,12,DTG 데이터,전라남도 광양시 태인동 1740(74m 범위),전라남도 광양시 태인동 강변특장(179m ↑),25.3,공차
SB-000004,2026-08-12,2026-08-12 09:39:10,0,12,DTG 데이터,전라남도 광양시 태인동 1740(38m 범위),전라남도 광양시 태인동 한국상용트럭서비스센터(161m ↑),25.1,공차
SB-000004,2026-08-12,2026-08-12 09:41:10,0,12,DTG 데이터,전라남도 광양시 태인동 1738(104m 범위),전라남도 광양시 태인동 명당자원(181m →),25,공차
SB-000004,2026-08-12,2026-08-12 09:42:12,0,12,Key Off,전라남도 광양시 태인동 1738(82m 범위),전라남도 광양시 태인동 명당자원(178m →),26.2,공차
SB-000004,2026-08-12,2026-08-12 09:42:12,0,12,Key On,전라남도 광양시 태인동 1738(82m 범위),전라남도 광양시 태인동 명당자원(178m →),26,공차
SB-000004,2026-08-12,2026-08-12 09:43:10,0,12,DTG 데이터,전라남도 광양시 태인동 1739(56m 범위),전라남도 광양시 태인동 대성철강(140m ↓),27.7,공차
SB-000004,2026-08-12,2026-08-12 09:43:58,35,12,급가속,전라남도 광양시 태인동 1753(54m 범위),전라남도 광양시 태인동 피제이메탈(111m ↙),28.2,공차
SB-000004,2026-08-12,2026-08-12 09:44:01,11,12,급감속,전라남도 광양시 태인동 1753(54m 범위),전라남도 광양시 태인동 피제이메탈(109m ↙),28.2,공차
SB-000004,2026-08-12,2026-08-12 09:45:10,2,12,DTG 데이터,전라남도 광양시 태인동 28-295(25m 범위),전라남도 광양시 태인동 동산운수(32m ↘),28.4,공차
SB-000004,2026-08-12,2026-08-12 09:47:10,0,13,DTG 데이터,전라남도 광양시 태인동 1656-1(76m 범위),전라남도 광양시 태인동 심팩메탈로이(81m ↖),28.3,공차
SB-000004,2026-08-12,2026-08-12 09:48:21,75,14,급가속,전라남도 광양시 태인동 303-35(28m 범위),전라남도 광양시 태인동 태인장내배수펌프장(20m →),28.3,공차
SB-000004,2026-08-12,2026-08-12 09:48:23,41,14,급감속,전라남도 광양시 태인동 303-35(25m 범위),전라남도 광양시 태인동 태인장내배수펌프장(19m ↘),28.1,공차
SB-000004,2026-08-12,2026-08-12 09:48:31,55,14,급가속,전라남도 광양시 태인동 1664-3(14m 범위),전라남도 광양시 태인동 버스정류장(19m ↗),28.4,공차
SB-000004,2026-08-12,2026-08-12 09:48:33,35,14,급감속,전라남도 광양시 태인동 1664-4(14m 범위),전라남도 광양시 태인동 버스정류장(9m ↗),28.2,공차
SB-000004,2026-08-12,2026-08-12 09:49:11,7,14,DTG 데이터,전라남도 광양시 금호동 791(64m 범위),전라남도 광양시 금호동 태인교삼거리(66m ←),28,공차
SB-000004,2026-08-12,2026-08-12 09:51:11,9,14,DTG 데이터,전라남도 광양시 금호동 791(157m 범위),전라남도 광양시 금호동 2문(20m ↖),28.2,공차
SB-000004,2026-08-12,2026-08-12 09:51:17,30,14,급가속,전라남도 광양시 금호동 791(163m 범위),전라남도 광양시 금호동 2문(17m ↙),27.9,공차
SB-000004,2026-08-12,2026-08-12 09:51:19,13,14,급감속,전라남도 광양시 금호동 791(165m 범위),전라남도 광양시 금호동 2문(20m ↙),27.9,공차
SB-000004,2026-08-12,2026-08-12 09:52:30,45,15,급가속,전라남도 광양시 금호동 637(162m 범위),전라남도 광양시 금호동 버스정류장(388m ↙),28.1,공차
SB-000004,2026-08-12,2026-08-12 09:52:32,31,15,급감속,전라남도 광양시 금호동 637(157m 범위),전라남도 광양시 금호동 제철삼거리(387m ↘),28,공차
SB-000004,2026-08-12,2026-08-12 09:53:10,27,15,DTG 데이터,전라남도 광양시 금호동 658(127m 범위),전라남도 광양시 금호동 정문(215m ↘),28.1,공차
SB-000004,2026-08-12,2026-08-12 09:54:50,31,16,급가속,전라남도 광양시 금호동 624-4(396m 범위),전라남도 광양시 금호동 1문(232m ↓),28.1,공차
SB-000004,2026-08-12,2026-08-12 09:54:52,10,16,급감속,전라남도 광양시 금호동 624-4(397m 범위),전라남도 광양시 금호동 1문(233m ↓),27.9,공차
SB-000004,2026-08-12,2026-08-12 09:55:10,28,16,DTG 데이터,전라남도 광양시 금호동 796-9(494m 범위),전라남도 광양시 금호동 1문(384m ↓),28.1,공차
SB-000004,2026-08-12,2026-08-12 09:57:11,0,16,DTG 데이터,전라남도 광양시 금호동 631(165m 범위),전라남도 광양시 금호동 포렌(417m ←),27.9,공차
SB-000004,2026-08-12,2026-08-12 09:58:20,38,17,급가속,전라남도 광양시 금호동 657(37m 범위),주변에 특정 건물이 없습니다,28,공차
SB-000004,2026-08-12,2026-08-12 09:58:24,23,17,급감속,전라남도 광양시 금호동 657(46m 범위),주변에 특정 건물이 없습니다,28.2,공차
SB-000004,2026-08-12,2026-08-12 09:59:10,14,17,DTG 데이터,전라남도 광양시 금호동 657(312m 범위),주변에 특정 건물이 없습니다,28.2,공차
SB-000004,2026-08-12,2026-08-12 09:59:18,38,17,급가속,전라남도 광양시 금호동 657(311m 범위),주변에 특정 건물이 없습니다,28.2,공차
SB-000004,2026-08-12,2026-08-12 09:59:21,10,17,급감속,전라남도 광양시 금호동 657(312m 범위),주변에 특정 건물이 없습니다,28.1,공차
SB-000004,2026-08-12,2026-08-12 10:01:10,0,17,DTG 데이터,전라남도 광양시 금호동 657(315m 범위),주변에 특정 건물이 없습니다,27.4,공차
SB-000004,2026-08-12,2026-08-12 10:03:11,0,17,DTG 데이터,전라남도 광양시 금호동 657(430m 범위),주변에 특정 건물이 없습니다,28.1,공차
SB-000004,2026-08-12,2026-08-12 10:03:41,84,17,급가속,전라남도 광양시 금호동 657(402m 범위),주변에 특정 건물이 없습니다,28,공차
SB-000004,2026-08-12,2026-08-12 10:03:43,6,17,급감속,전라남도 광양시 금호동 657(401m 범위),주변에 특정 건물이 없습니다,28.1,공차
SB-000004,2026-08-12,2026-08-12 10:05:11,0,17,DTG 데이터,전라남도 광양시 금호동 657(382m 범위),주변에 특정 건물이 없습니다,27.7,공차
SB-000004,2026-08-12,2026-08-12 10:07:11,0,17,DTG 데이터,전라남도 광양시 금호동 657(397m 범위),주변에 특정 건물이 없습니다,28,공차
SB-000004,2026-08-12,2026-08-12 10:09:10,5,17,DTG 데이터,전라남도 광양시 금호동 657(304m 범위),주변에 특정 건물이 없습니다,28.2,공차
SB-000004,2026-08-12,2026-08-12 10:11:10,0,17,DTG 데이터,전라남도 광양시 금호동 657(166m 범위),주변에 특정 건물이 없습니다,27.7,공차
SB-000004,2026-08-12,2026-08-12 10:13:10,24,18,DTG 데이터,전라남도 광양시 금호동 634(65m 범위),전라남도 광양시 금호동 한유엘엔에스(178m ↗),28.2,공차
SB-000004,2026-08-12,2026-08-12 10:15:10,17,19,DTG 데이터,전라남도 광양시 금호동 803(200m 범위),전라남도 광양시 금호동 아르고마린토탈(257m →),28.2,공차
SB-000004,2026-08-12,2026-08-12 10:16:54,0,19,Key Off,전라남도 광양시 금호동 803(114m 범위),전라남도 광양시 금호동 포스코플로우(310m ↘),26.6,공차
SB-000004,2026-08-12,2026-08-12 10:16:57,0,19,Key On,전라남도 광양시 금호동 803(114m 범위),전라남도 광양시 금호동 우리은행365(310m ↘),25.9,공차
SB-000004,2026-08-12,2026-08-12 10:17:10,0,19,DTG 데이터,전라남도 광양시 금호동 803(109m 범위),전라남도 광양시 금호동 포스코플로우(318m ↘),25.5,공차
SB-000004,2026-08-12,2026-08-12 10:19:08,46,19,급가속,전라남도 광양시 금호동 662(102m 범위),전라남도 광양시 금호동 피엠에스(293m →),28.2,공차
SB-000004,2026-08-12,2026-08-12 10:19:11,32,19,DTG 데이터,전라남도 광양시 금호동 662(125m 범위),전라남도 광양시 금호동 피엠에스(315m →),28.1,공차
SB-000004,2026-08-12,2026-08-12 10:19:11,33,19,급감속,전라남도 광양시 금호동 662(113m 범위),전라남도 광양시 금호동 피엠에스(304m →),28.1,공차
SB-000004,2026-08-12,2026-08-12 10:21:11,31,20,DTG 데이터,주변에 검색된 지번이 없습니다,주변에 특정건물이 없습니다,28.1,공차
SB-000004,2026-08-12,2026-08-12 10:23:11,31,21,DTG 데이터,주변에 검색된 지번이 없습니다,주변에 특정건물이 없습니다,28.2,공차
SB-000004,2026-08-12,2026-08-12 10:25:11,1,21,DTG 데이터,전라남도 광양시 금호동 791(268m 범위),전라남도 광양시 금호동 2문(180m ↓),28.2,공차
SB-000004,2026-08-12,2026-08-12 10:27:11,0,21,DTG 데이터,전라남도 광양시 금호동 791(254m 범위),전라남도 광양시 금호동 2문(163m ↓),28.2,공차
SB-000004,2026-08-12,2026-08-12 10:29:10,0,21,DTG 데이터,전라남도 광양시 금호동 791(212m 범위),전라남도 광양시 금호동 2문(115m ↓),28.2,공차
SB-000004,2026-08-12,2026-08-12 10:31:10,0,22,DTG 데이터,전라남도 광양시 태인동 1664-4(22m 범위),전라남도 광양시 태인동 버스정류장(20m ↗),27.5,공차
SB-000004,2026-08-12,2026-08-12 10:33:11,25,23,DTG 데이터,전라남도 광양시 태인동 1656-1(68m 범위),전라남도 광양시 태인동 심팩메탈로이(78m ↖),28,공차
SB-000004,2026-08-12,2026-08-12 10:35:11,32,24,DTG 데이터,전라남도 광양시 태인동 1717(29m 범위),전라남도 광양시 태인동 우현피엔티(17m ↙),28.1,공차
SB-000004,2026-08-12,2026-08-12 10:35:30,74,24,급가속,전라남도 광양시 태인동 1699(61m 범위),전라남도 광양시 태인동 대주기업(33m ↖),28.1,공차
SB-000004,2026-08-12,2026-08-12 10:35:32,15,24,급감속,전라남도 광양시 태인동 1699(66m 범위),전라남도 광양시 태인동 대주기업(37m ↖),28,공차
SB-000004,2026-08-12,2026-08-12 10:37:11,0,24,DTG 데이터,전라남도 광양시 태인동 1714(118m 범위),전라남도 광양시 태인동 엔시스(124m ↑),27.5,공차
SB-000004,2026-08-12,2026-08-12 10:39:11,20,24,DTG 데이터,전라남도 광양시 태인동 1750(102m 범위),전라남도 광양시 태인동 동아스틸광양(98m ↖),28.3,공차
SB-000004,2026-08-12,2026-08-12 10:41:11,7,25,DTG 데이터,전라남도 광양시 태인동 1694(77m 범위),전라남도 광양시 태인동 대주기업(49m ↖),28.2,공차
SB-000004,2026-08-12,2026-08-12 10:42:07,45,25,급가속,전라남도 광양시 태인동 1654-5(19m 범위),전라남도 광양시 태인동 광양2공장(62m ↖),28.1,공차
SB-000004,2026-08-12,2026-08-12 10:42:11,32,25,급감속,전라남도 광양시 태인동 1654-5(28m 범위),전라남도 광양시 태인동 광양2공장(71m ←),28.1,공차
SB-000004,2026-08-12,2026-08-12 10:42:34,49,25,급가속,전라남도 광양시 태인동 28-266(39m 범위),전라남도 광양시 태인동 대도(40m ↘),28.2,공차
SB-000004,2026-08-12,2026-08-12 10:42:36,33,25,급감속,전라남도 광양시 태인동 28-266(31m 범위),전라남도 광양시 태인동 대도(34m ↘),28,공차
SB-000004,2026-08-12,2026-08-12 10:43:10,28,25,DTG 데이터,전라남도 광양시 태인동 28-196(18m 범위),전라남도 광양시 태인동 버스정류장(57m ↓),28,공차
SB-000004,2026-08-12,2026-08-12 10:45:10,39,26,DTG 데이터,전라남도 광양시 태인동 1664(47m 범위),전라남도 광양시 태인동 서강기업(33m ↘),28.2,공차
SB-000004,2026-08-12,2026-08-12 10:47:10,0,27,DTG 데이터,전라남도 광양시 금호동 791(54m 범위),전라남도 광양시 금호동 태인교삼거리(55m ←),27.7,공차
SB-000004,2026-08-12,2026-08-12 10:49:05,77,27,급가속,전라남도 광양시 금호동 800(287m 범위),전라남도 광양시 금호동 버스정류장(287m ↙),28.1,공차
SB-000004,2026-08-12,2026-08-12 10:49:08,42,27,급감속,전라남도 광양시 금호동 637(277m 범위),전라남도 광양시 금호동 버스정류장(293m ↙),28.1,공차
SB-000004,2026-08-12,2026-08-12 10:49:10,39,27,DTG 데이터,전라남도 광양시 금호동 637(241m 범위),전라남도 광양시 금호동 버스정류장(311m ↙),28.2,공차
SB-000004,2026-08-12,2026-08-12 10:49:25,59,28,급가속,전라남도 광양시 금호동 637(137m 범위),전라남도 광양시 금호동 제철삼거리(340m ↘),28,공차
SB-000004,2026-08-12,2026-08-12 10:49:28,36,28,급감속,전라남도 광양시 금호동 637(138m 범위),전라남도 광양시 금호동 제철삼거리(333m ↘),28,공차
SB-000004,2026-08-12,2026-08-12 10:51:10,28,28,DTG 데이터,전라남도 광양시 금호동 636(328m 범위),전라남도 광양시 금호동 1문(257m ↘),28.1,공차
SB-000004,2026-08-12,2026-08-12 10:51:42,48,29,급가속,전라남도 광양시 금호동 796-9(435m 범위),전라남도 광양시 금호동 1문(295m ↓),28.2,공차
SB-000004,2026-08-12,2026-08-12 10:51:45,34,29,급감속,전라남도 광양시 금호동 796-9(443m 범위),전라남도 광양시 금호동 1문(307m ↓),28,공차
SB-000004,2026-08-12,2026-08-12 10:51:54,46,29,급가속,주변에 검색된 지번이 없습니다,전라남도 광양시 금호동 1문(437m ↓),28.1,공차
SB-000004,2026-08-12,2026-08-12 10:51:57,46,29,급가속,전라남도 광양시 금호동 631(491m 범위),전라남도 광양시 금호동 광일엔지니어링(462m ↖),28.1,공차
SB-000004,2026-08-12,2026-08-12 10:51:59,31,29,급감속,전라남도 광양시 금호동 631(479m 범위),전라남도 광양시 금호동 포렌(456m ↖),28.1,공차
SB-000004,2026-08-12,2026-08-12 10:53:11,73,29,급가속,전라남도 광양시 금호동 657(41m 범위),주변에 특정 건물이 없습니다,28,공차
SB-000004,2026-08-12,2026-08-12 10:53:11,26,29,DTG 데이터,전라남도 광양시 금호동 657(31m 범위),주변에 특정 건물이 없습니다,28,공차
SB-000004,2026-08-12,2026-08-12 10:53:13,26,29,급감속,전라남도 광양시 금호동 657(50m 범위),주변에 특정 건물이 없습니다,27.8,공차
SB-000004,2026-08-12,2026-08-12 10:55:11,0,29,DTG 데이터,전라남도 광양시 금호동 657(49m 범위),주변에 특정 건물이 없습니다,27.6,공차
SB-000004,2026-08-12,2026-08-12 10:57:11,0,29,DTG 데이터,전라남도 광양시 금호동 657(49m 범위),주변에 특정 건물이 없습니다,27.9,공차
SB-000004,2026-08-12,2026-08-12 10:58:31,0,29,공회전감지,전라남도 광양시 금호동 657(50m 범위),주변에 특정 건물이 없습니다,27.8,공차
SB-000004,2026-08-12,2026-08-12 10:59:11,0,29,DTG 데이터,전라남도 광양시 금호동 657(50m 범위),주변에 특정 건물이 없습니다,27.7,공차
SB-000004,2026-08-12,2026-08-12 11:01:11,0,29,DTG 데이터,전라남도 광양시 금호동 657(47m 범위),주변에 특정 건물이 없습니다,27.9,공차
SB-000004,2026-08-12,2026-08-12 11:03:10,0,29,DTG 데이터,전라남도 광양시 금호동 657(47m 범위),주변에 특정 건물이 없습니다,27.4,공차
SB-000004,2026-08-12,2026-08-12 11:03:30,0,29,공회전유지,전라남도 광양시 금호동 657(47m 범위),주변에 특정 건물이 없습니다,27.5,공차
SB-000004,2026-08-12,2026-08-12 11:03:47,5,29,공회전종료,전라남도 광양시 금호동 657(44m 범위),주변에 특정 건물이 없습니다,28.3,공차
SB-000004,2026-08-12,2026-08-12 11:04:48,89,30,급가속,전라남도 광양시 금호동 657(66m 범위),주변에 특정 건물이 없습니다,28,공차
SB-000004,2026-08-12,2026-08-12 11:04:51,14,30,급감속,전라남도 광양시 금호동 657(62m 범위),주변에 특정 건물이 없습니다,27.9,공차
SB-000004,2026-08-12,2026-08-12 11:04:54,44,30,급가속,전라남도 광양시 금호동 657(48m 범위),주변에 특정 건물이 없습니다,28,공차
SB-000004,2026-08-12,2026-08-12 11:04:57,10,30,급감속,전라남도 광양시 금호동 657(47m 범위),주변에 특정 건물이 없습니다,28.1,공차
SB-000004,2026-08-12,2026-08-12 11:05:10,3,30,DTG 데이터,전라남도 광양시 금호동 657(66m 범위),주변에 특정 건물이 없습니다,27.8,공차
SB-000004,2026-08-12,2026-08-12 11:05:55,0,30,Key Off,전라남도 광양시 금호동 657(98m 범위),주변에 특정 건물이 없습니다,26.6,공차
SB-000004,2026-08-12,2026-08-12 11:07:10,0,30,Key On,전라남도 광양시 금호동 657(98m 범위),주변에 특정 건물이 없습니다,25.9,공차
SB-000004,2026-08-12,2026-08-12 11:07:11,0,30,DTG 데이터,전라남도 광양시 금호동 657(120m 범위),주변에 특정 건물이 없습니다,24.7,공차
SB-000004,2026-08-12,2026-08-12 11:09:10,0,30,DTG 데이터,전라남도 광양시 금호동 657(108m 범위),주변에 특정 건물이 없습니다,24.6,공차
SB-000004,2026-08-12,2026-08-12 11:11:11,0,30,DTG 데이터,전라남도 광양시 금호동 657(122m 범위),주변에 특정 건물이 없습니다,24.6,공차
SB-000004,2026-08-12,2026-08-12 11:13:11,0,30,DTG 데이터,전라남도 광양시 금호동 657(89m 범위),주변에 특정 건물이 없습니다,24.6,공차
SB-000004,2026-08-12,2026-08-12 11:15:11,0,30,DTG 데이터,전라남도 광양시 금호동 657(116m 범위),주변에 특정 건물이 없습니다,28.2,공차
SB-000004,2026-08-12,2026-08-12 11:17:11,0,30,DTG 데이터,전라남도 광양시 금호동 657(138m 범위),주변에 특정 건물이 없습니다,28.1,공차
SB-000004,2026-08-12,2026-08-12 11:19:11,0,30,DTG 데이터,전라남도 광양시 금호동 657(138m 범위),주변에 특정 건물이 없습니다,28,공차
SB-000004,2026-08-12,2026-08-12 11:19:16,0,30,공회전감지,전라남도 광양시 금호동 657(140m 범위),주변에 특정 건물이 없습니다,28,공차
SB-000004,2026-08-12,2026-08-12 11:21:11,0,30,DTG 데이터,전라남도 광양시 금호동 657(151m 범위),주변에 특정 건물이 없습니다,28,공차
SB-000004,2026-08-12,2026-08-12 11:21:28,4,30,공회전종료,전라남도 광양시 금호동 657(152m 범위),주변에 특정 건물이 없습니다,28,공차
SB-000004,2026-08-12,2026-08-12 11:21:39,24,30,급가속,전라남도 광양시 금호동 657(171m 범위),주변에 특정 건물이 없습니다,27.9,공차
SB-000004,2026-08-12,2026-08-12 11:21:42,10,30,급감속,전라남도 광양시 금호동 657(171m 범위),주변에 특정 건물이 없습니다,28,공차
SB-000004,2026-08-12,2026-08-12 11:23:10,29,30,DTG 데이터,전라남도 광양시 금호동 632(312m 범위),주변에 특정 건물이 없습니다,28.1,공차
SB-000004,2026-08-12,2026-08-12 11:23:41,36,30,급가속,전라남도 광양시 금호동 656(59m 범위),전라남도 광양시 금호동 한유엘엔에스(262m ↗),28,공차
SB-000004,2026-08-12,2026-08-12 11:23:44,18,30,급감속,전라남도 광양시 금호동 656(55m 범위),전라남도 광양시 금호동 한유엘엔에스(257m ↗),28,공차
SB-000004,2026-08-12,2026-08-12 11:24:00,38,31,급가속,전라남도 광양시 금호동 634(48m 범위),전라남도 광양시 금호동 한유엘엔에스(165m →),28.1,공차
SB-000004,2026-08-12,2026-08-12 11:24:03,23,31,급감속,전라남도 광양시 금호동 634(45m 범위),전라남도 광양시 금호동 한유엘엔에스(162m →),28,공차
SB-000004,2026-08-12,2026-08-12 11:25:10,19,31,DTG 데이터,전라남도 광양시 금호동 802(50m 범위),전라남도 광양시 금호동 아르고마린토탈(32m ↗),28.1,공차
SB-000004,2026-08-12,2026-08-12 11:26:22,0,31,Key Off,전라남도 광양시 금호동 803(87m 범위),전라남도 광양시 금호동 포스코플로우(332m ↘),26.9,공차
SB-000004,2026-08-12,2026-08-12 11:26:25,0,31,Key On,전라남도 광양시 금호동 803(87m 범위),전라남도 광양시 금호동 포스코플로우(332m ↘),26.4,공차
SB-000004,2026-08-12,2026-08-12 11:27:10,0,31,DTG 데이터,전라남도 광양시 금호동 803(76m 범위),전라남도 광양시 금호동 포스코플로우(351m ↘),25.1,공차
SB-000004,2026-08-12,2026-08-12 11:28:04,50,31,급가속,전라남도 광양시 금호동 642(40m 범위),전라남도 광양시 금호동 피엠에스(333m ←),28.1,공차
SB-000004,2026-08-12,2026-08-12 11:28:07,31,31,급감속,전라남도 광양시 금호동 642(46m 범위),전라남도 광양시 금호동 피엠에스(322m ←),28.1,공차
SB-000004,2026-08-12,2026-08-12 11:29:11,25,32,DTG 데이터,전라남도 광양시 금호동 642-1(191m 범위),전라남도 광양시 금호동 피엠에스(429m →),28,공차
SB-000004,2026-08-12,2026-08-12 11:31:11,32,33,DTG 데이터,전라남도 광양시 금호동 663(357m 범위),전라남도 광양시 금호동 포스코광양제철소(479m ↘),28.1,공차
SB-000004,2026-08-12,2026-08-12 11:31:18,44,33,급가속,전라남도 광양시 금호동 663(280m 범위),전라남도 광양시 금호동 포스코광양제철소(434m ↘),28.1,공차
SB-000004,2026-08-12,2026-08-12 11:31:20,30,33,급감속,전라남도 광양시 금호동 663(271m 범위),전라남도 광양시 금호동 포스코광양제철소(429m ↘),27.9,공차
SB-000004,2026-08-12,2026-08-12 11:33:11,0,33,DTG 데이터,전라남도 광양시 금호동 663(116m 범위),전라남도 광양시 금호동 포스코광양제철소(373m →),28.3,공차
SB-000004,2026-08-12,2026-08-12 11:33:36,40,33,급가속,전라남도 광양시 금호동 663(101m 범위),전라남도 광양시 금호동 포스코광양제철소(370m →),27.8,공차
SB-000004,2026-08-12,2026-08-12 11:33:38,7,33,급감속,전라남도 광양시 금호동 663(98m 범위),전라남도 광양시 금호동 포스코광양제철소(370m →),27.9,공차
SB-000004,2026-08-12,2026-08-12 11:35:10,45,33,급가속,주변에 검색된 지번이 없습니다,주변에 특정건물이 없습니다,28.2,공차
SB-000004,2026-08-12,2026-08-12 11:35:12,30,33,DTG 데이터,주변에 검색된 지번이 없습니다,주변에 특정건물이 없습니다,28.1,공차
SB-000004,2026-08-12,2026-08-12 11:35:12,30,33,급감속,주변에 검색된 지번이 없습니다,주변에 특정건물이 없습니다,28.1,공차
SB-000004,2026-08-12,2026-08-12 11:36:34,94,34,급가속,전라남도 광양시 금호동 791(233m 범위),전라남도 광양시 금호동 2문(141m ↓),28,공차
SB-000004,2026-08-12,2026-08-12 11:36:37,7,34,급감속,전라남도 광양시 금호동 791(231m 범위),전라남도 광양시 금호동 2문(138m ↓),28.2,공차
SB-000004,2026-08-12,2026-08-12 11:36:58,39,34,급가속,전라남도 광양시 금호동 791(191m 범위),전라남도 광양시 금호동 2문(86m ↓),28.2,공차
SB-000004,2026-08-12,2026-08-12 11:37:01,13,34,급감속,전라남도 광양시 금호동 791(188m 범위),전라남도 광양시 금호동 2문(83m ↓),27.9,공차
SB-000004,2026-08-12,2026-08-12 11:37:11,0,34,DTG 데이터,전라남도 광양시 금호동 791(178m 범위),전라남도 광양시 금호동 2문(71m ↓),27.9,공차
SB-000004,2026-08-12,2026-08-12 11:37:48,35,34,급가속,전라남도 광양시 금호동 791(125m 범위),전라남도 광양시 금호동 2문(23m →),28.2,공차
SB-000004,2026-08-12,2026-08-12 11:37:51,8,34,급감속,전라남도 광양시 금호동 791(122m 범위),전라남도 광양시 금호동 2문(25m →),28.1,공차
SB-000004,2026-08-12,2026-08-12 11:39:10,0,34,DTG 데이터,전라남도 광양시 태인동 1664-5(21m 범위),전라남도 광양시 태인동 버스정류장(19m ↘),27.9,공차
SB-000004,2026-08-12,2026-08-12 11:40:30,65,35,급가속,전라남도 광양시 태인동 1656-1(72m 범위),전라남도 광양시 태인동 심팩메탈로이(85m ←),28.1,공차
SB-000004,2026-08-12,2026-08-12 11:41:10,41,36,DTG 데이터,전라남도 광양시 태인동 1656-6(68m 범위),전라남도 광양시 태인동 GS칼텍스(70m ←),28.2,공차
SB-000004,2026-08-12,2026-08-12 11:41:32,45,36,급가속,전라남도 광양시 태인동 1654-7(107m 범위),전라남도 광양시 태인동 비에이치인더스트리(88m ↙),28,공차
SB-000004,2026-08-12,2026-08-12 11:41:35,18,36,급감속,전라남도 광양시 태인동 1654-7(102m 범위),전라남도 광양시 태인동 비에이치인더스트리(82m ↙),28.1,공차
SB-000004,2026-08-12,2026-08-12 11:43:10,0,36,DTG 데이터,전라남도 광양시 태인동 1654-1(124m 범위),전라남도 광양시 태인동 CJ대한통운광양지사(63m →),28.4,공차
SB-000004,2026-08-12,2026-08-12 11:45:11,29,36,DTG 데이터,전라남도 광양시 태인동 1654-4(38m 범위),전라남도 광양시 태인동 GS칼텍스(37m ↘),28.1,공차
SB-000004,2026-08-12,2026-08-12 11:45:21,38,36,급가속,전라남도 광양시 태인동 1656-6(70m 범위),전라남도 광양시 태인동 GS칼텍스(71m ←),28.1,공차
SB-000004,2026-08-12,2026-08-12 11:45:23,21,36,급감속,전라남도 광양시 태인동 1656-6(65m 범위),전라남도 광양시 태인동 GS칼텍스(78m ←),28.1,공차
SB-000004,2026-08-12,2026-08-12 11:45:26,30,36,급가속,전라남도 광양시 태인동 1656-6(53m 범위),전라남도 광양시 태인동 포스코DX(60m ↗),28.1,공차
SB-000004,2026-08-12,2026-08-12 11:45:28,16,36,급감속,전라남도 광양시 태인동 1656-6(53m 범위),전라남도 광양시 태인동 포스코DX(60m ↗),28.1,공차
SB-000004,2026-08-12,2026-08-12 11:47:11,10,37,DTG 데이터,전라남도 광양시 태인동 1653-2(68m 범위),전라남도 광양시 태인동 SK엔크린(66m →),28.2,공차
SB-000004,2026-08-12,2026-08-12 11:49:11,0,38,DTG 데이터,전라남도 광양시 금호동 791(81m 범위),전라남도 광양시 금호동 2문(69m ↗),27.6,공차
SB-000004,2026-08-12,2026-08-12 11:51:11,27,38,DTG 데이터,전라남도 광양시 금호동 800(333m 범위),전라남도 광양시 금호동 2문(255m ↓),28.1,공차
SB-000004,2026-08-12,2026-08-12 11:53:11,31,39,DTG 데이터,전라남도 광양시 금호동 636(142m 범위),전라남도 광양시 금호동 축구장(349m ↓),28.1,공차
SB-000004,2026-08-12,2026-08-12 11:55:11,30,40,DTG 데이터,전라남도 광양시 금호동 635(53m 범위),전라남도 광양시 금호동 광일엔지니어링(496m ↙),28.1,공차
SB-000004,2026-08-12,2026-08-12 11:56:14,0,40,Key Off,전라남도 광양시 금호동 657(19m 범위),주변에 특정 건물이 없습니다,26.8,공차
SB-000004,2026-08-12,2026-08-12 12:04:13,0,40,Key On,전라남도 광양시 금호동 657(19m 범위),주변에 특정 건물이 없습니다,25.3,공차
SB-000004,2026-08-12,2026-08-12 12:04:19,0,40,Key Off,전라남도 광양시 금호동 657(10m 범위),주변에 특정 건물이 없습니다,25.4,공차
SB-000004,2026-08-12,2026-08-12 12:06:53,0,40,Key On,전라남도 광양시 금호동 657(10m 범위),주변에 특정 건물이 없습니다,25.5,공차
SB-000004,2026-08-12,2026-08-12 12:07:11,14,40,DTG 데이터,전라남도 광양시 금호동 657(41m 범위),주변에 특정 건물이 없습니다,28.2,공차
SB-000004,2026-08-12,2026-08-12 12:07:57,39,40,급가속,전라남도 광양시 금호동 657(93m 범위),전라남도 광양시 금호동 광일엔지니어링(498m ↙),28.2,공차
SB-000004,2026-08-12,2026-08-12 12:08:00,12,40,급감속,전라남도 광양시 금호동 657(89m 범위),주변에 특정 건물이 없습니다,28,공차
SB-000004,2026-08-12,2026-08-12 12:09:11,0,40,DTG 데이터,전라남도 광양시 금호동 657(49m 범위),주변에 특정 건물이 없습니다,28.2,공차
SB-000004,2026-08-12,2026-08-12 12:11:11,0,40,DTG 데이터,전라남도 광양시 금호동 657(51m 범위),주변에 특정 건물이 없습니다,28.1,공차
SB-000004,2026-08-12,2026-08-12 12:13:11,0,41,DTG 데이터,전라남도 광양시 금호동 657(140m 범위),주변에 특정 건물이 없습니다,28.1,공차
SB-000004,2026-08-12,2026-08-12 12:13:46,59,41,급가속,전라남도 광양시 금호동 657(148m 범위),주변에 특정 건물이 없습니다,28.2,공차
SB-000004,2026-08-12,2026-08-12 12:13:48,9,41,급감속,전라남도 광양시 금호동 657(150m 범위),주변에 특정 건물이 없습니다,28.1,공차
SB-000004,2026-08-12,2026-08-12 12:15:11,28,41,DTG 데이터,전라남도 광양시 금호동 656(204m 범위),전라남도 광양시 금호동 한유엘엔에스(402m ↗),28.1,공차
SB-000004,2026-08-12,2026-08-12 12:17:10,16,42,DTG 데이터,전라남도 광양시 금호동 802(84m 범위),전라남도 광양시 금호동 아르고마린토탈(138m →),28.1,공차
SB-000004,2026-08-12,2026-08-12 12:19:10,0,42,DTG 데이터,전라남도 광양시 금호동 803(196m 범위),전라남도 광양시 금호동 아르고마린토탈(259m →),28.1,공차
SB-000004,2026-08-12,2026-08-12 12:21:11,0,42,DTG 데이터,전라남도 광양시 금호동 803(182m 범위),전라남도 광양시 금호동 아르고마린토탈(275m →),28.2,공차
SB-000004,2026-08-12,2026-08-12 12:23:11,0,42,DTG 데이터,전라남도 광양시 금호동 803(165m 범위),전라남도 광양시 금호동 우리은행365(285m ↓),28.2,공차
SB-000004,2026-08-12,2026-08-12 12:25:11,0,42,DTG 데이터,전라남도 광양시 금호동 803(132m 범위),전라남도 광양시 금호동 포스코플로우(302m ↘),28,공차
SB-000004,2026-08-12,2026-08-12 12:27:11,0,42,DTG 데이터,전라남도 광양시 금호동 803(103m 범위),전라남도 광양시 금호동 우리은행365(318m ↘),27.8,공차
SB-000004,2026-08-12,2026-08-12 12:29:11,0,42,DTG 데이터,전라남도 광양시 금호동 803(105m 범위),전라남도 광양시 금호동 포스코플로우(316m ↘),28.1,공차
SB-000004,2026-08-12,2026-08-12 12:31:10,5,42,DTG 데이터,전라남도 광양시 금호동 803(89m 범위),전라남도 광양시 금호동 우리은행365(329m ↘),28.2,공차
SB-000004,2026-08-12,2026-08-12 12:33:10,1,42,DTG 데이터,전라남도 광양시 금호동 803(64m 범위),전라남도 광양시 금호동 우리은행365(354m ↘),28.1,공차
SB-000004,2026-08-12,2026-08-12 12:35:11,29,42,DTG 데이터,전라남도 광양시 금호동 795(83m 범위),전라남도 광양시 금호동 청우(75m ↖),28.1,공차
SB-000004,2026-08-12,2026-08-12 12:36:06,56,43,급가속,전라남도 광양시 금호동 656(53m 범위),전라남도 광양시 금호동 한유엘엔에스(224m ↗),28,공차
SB-000004,2026-08-12,2026-08-12 12:36:08,27,43,급감속,전라남도 광양시 금호동 656(51m 범위),전라남도 광양시 금호동 한유엘엔에스(230m ↗),27.9,공차
SB-000004,2026-08-12,2026-08-12 12:37:11,26,43,DTG 데이터,전라남도 광양시 금호동 657(377m 범위),주변에 특정 건물이 없습니다,28.1,공차
SB-000004,2026-08-12,2026-08-12 12:39:11,0,43,DTG 데이터,전라남도 광양시 금호동 657(177m 범위),주변에 특정 건물이 없습니다,27.8,공차
SB-000004,2026-08-12,2026-08-12 12:40:22,44,44,급가속,전라남도 광양시 금호동 631(239m 범위),전라남도 광양시 금호동 광일엔지니어링(388m ←),28.2,공차
SB-000004,2026-08-12,2026-08-12 12:41:11,28,44,DTG 데이터,전라남도 광양시 금호동 652(397m 범위),전라남도 광양시 금호동 1문(239m ↓),28.1,공차
SB-000004,2026-08-12,2026-08-12 12:41:19,37,44,급가속,전라남도 광양시 금호동 624-4(334m 범위),전라남도 광양시 금호동 1문(169m ↓),28.1,공차
SB-000004,2026-08-12,2026-08-12 12:41:21,18,44,급감속,전라남도 광양시 금호동 624-4(327m 범위),전라남도 광양시 금호동 1문(162m ↓),27.9,공차
SB-000004,2026-08-12,2026-08-12 12:43:11,43,45,DTG 데이터,전라남도 광양시 금호동 652(67m 범위),전라남도 광양시 금호동 광양조경(66m ↗),28,공차
SB-000004,2026-08-12,2026-08-12 12:45:11,49,46,DTG 데이터,전라남도 광양시 금호동 628-3(110m 범위),전라남도 광양시 금호동 금당교차로(158m ←),28.1,공차
SB-000004,2026-08-12,2026-08-12 12:47:11,4,47,DTG 데이터,전라남도 광양시 중동 1692(32m 범위),전라남도 광양시 중마동 (중동) 버스정류장(16m ↙),27.8,공차
SB-000004,2026-08-12,2026-08-12 12:49:10,17,48,DTG 데이터,전라남도 광양시 도이동 779(170m 범위),전라남도 광양시 골약동 (도이동) 주차장(66m ↘),28.1,공차
SB-000004,2026-08-12,2026-08-12 12:50:22,31,49,급가속,전라남도 광양시 도이동 814(147m 범위),전라남도 광양시 골약동 (도이동) 황금식당(123m →),28.2,공차
SB-000004,2026-08-12,2026-08-12 12:50:24,17,49,급감속,전라남도 광양시 도이동 814(144m 범위),전라남도 광양시 골약동 (도이동) 황금식당(121m →),28.1,공차
SB-000004,2026-08-12,2026-08-12 12:51:10,27,49,DTG 데이터,전라남도 광양시 도이동 816(50m 범위),전라남도 광양시 골약동 (도이동) 백광특수화물(113m ↙),28.3,공차
SB-000004,2026-08-12,2026-08-12 12:52:05,0,49,Key Off,전라남도 광양시 도이동 832(158m 범위),전라남도 광양시 골약동 (도이동) 동방(156m ↘),26.9,공차
SB-000004,2026-08-12,2026-08-12 13:03:19,0,49,Key On,전라남도 광양시 도이동 832(158m 범위),전라남도 광양시 골약동 (도이동) 동방(156m ↘),25.4,공차
SB-000004,2026-08-12,2026-08-12 13:05:11,4,49,DTG 데이터,전라남도 광양시 도이동 832(13m 범위),전라남도 광양시 골약동 (도이동) 동방(82m →),28.3,공차
SB-000004,2026-08-12,2026-08-12 13:07:10,0,49,DTG 데이터,전라남도 광양시 도이동 832(63m 범위),전라남도 광양시 골약동 (도이동) 성화산업주식회사(125m ↖),28,공차
SB-000004,2026-08-12,2026-08-12 13:09:12,0,49,DTG 데이터,전라남도 광양시 도이동 832(43m 범위),전라남도 광양시 골약동 (도이동) 동방(108m →),28.3,공차
SB-000004,2026-08-12,2026-08-12 13:11:11,0,49,DTG 데이터,전라남도 광양시 도이동 832(19m 범위),전라남도 광양시 골약동 (도이동) 동방(53m →),28.2,공차
SB-000004,2026-08-12,2026-08-12 13:13:00,40,50,급가속,전라남도 광양시 도이동 816(98m 범위),전라남도 광양시 골약동 (도이동) 백광특수화물(146m ←),28.1,공차
SB-000004,2026-08-12,2026-08-12 13:13:03,11,50,급감속,전라남도 광양시 도이동 816(93m 범위),전라남도 광양시 골약동 (도이동) 백광특수화물(144m ←),28.1,공차
SB-000004,2026-08-12,2026-08-12 13:13:11,17,50,DTG 데이터,전라남도 광양시 도이동 816(41m 범위),전라남도 광양시 골약동 (도이동) 백광특수화물(121m ←),28.2,공차
SB-000004,2026-08-12,2026-08-12 13:13:29,76,50,급가속,전라남도 광양시 도이동 827-1(130m 범위),전라남도 광양시 골약동 (도이동) 동원로엑스(149m ↗),28.2,공차
SB-000004,2026-08-12,2026-08-12 13:13:32,42,50,급감속,전라남도 광양시 도이동 827-1(137m 범위),전라남도 광양시 골약동 (도이동) 동원로엑스(143m ↗),28.1,공차
SB-000004,2026-08-12,2026-08-12 13:15:11,12,50,DTG 데이터,전라남도 광양시 도이동 782(135m 범위),전라남도 광양시 골약동 (도이동) 황금식당(133m →),28.1,공차
SB-000004,2026-08-12,2026-08-12 13:17:11,46,51,DTG 데이터,전라남도 광양시 중동 1816-2(86m 범위),전라남도 광양시 중마동 (중동) 광양산이고운마린파크어린이집(92m ←),28.2,공차
SB-000004,2026-08-12,2026-08-12 13:17:39,62,52,급가속,전라남도 광양시 중동 1811-10(19m 범위),전라남도 광양시 중마동 (중동) 버스정류장(119m ↓),28.2,공차
SB-000004,2026-08-12,2026-08-12 13:17:42,38,52,급감속,전라남도 광양시 중동 1811-10(27m 범위),전라남도 광양시 중마동 (중동) 버스정류장(107m ↓),28.1,공차
SB-000004,2026-08-12,2026-08-12 13:17:58,54,52,급가속,전라남도 광양시 중동 1811-7(13m 범위),전라남도 광양시 중마동 (중동) 버스정류장(85m ↗),28.1,공차
SB-000004,2026-08-12,2026-08-12 13:19:11,58,53,DTG 데이터,전라남도 광양시 금호동 915(105m 범위),전라남도 광양시 금호동 금당교차로(238m ←),28.1,공차
SB-000004,2026-08-12,2026-08-12 13:21:11,23,53,DTG 데이터,전라남도 광양시 금호동 651-2(24m 범위),주변에 특정 건물이 없습니다,28.1,공차
SB-000004,2026-08-12,2026-08-12 13:21:49,72,54,급가속,전라남도 광양시 금호동 652(29m 범위),전라남도 광양시 금호동 광양조경(61m ↖),28.1,공차
SB-000004,2026-08-12,2026-08-12 13:21:51,55,54,급감속,전라남도 광양시 금호동 652(11m 범위),전라남도 광양시 금호동 광양조경(47m ↖),28,공차
SB-000004,2026-08-12,2026-08-12 13:21:54,49,54,급감속,전라남도 광양시 금호동 652(63m 범위),전라남도 광양시 금호동 광양조경(54m ↗),28,공차
SB-000004,2026-08-12,2026-08-12 13:21:54,67,54,급가속,전라남도 광양시 금호동 652(46m 범위),전라남도 광양시 금호동 광양조경(42m ↗),28,공차
SB-000004,2026-08-12,2026-08-12 13:23:12,33,55,DTG 데이터,전라남도 광양시 금호동 631(468m 범위),전라남도 광양시 금호동 광일엔지니어링(458m ↖),28.1,공차
SB-000004,2026-08-12,2026-08-12 13:25:10,22,55,DTG 데이터,전라남도 광양시 금호동 657(50m 범위),주변에 특정 건물이 없습니다,28.1,공차
SB-000004,2026-08-12,2026-08-12 13:27:11,0,55,DTG 데이터,전라남도 광양시 금호동 657(250m 범위),주변에 특정 건물이 없습니다,28.1,공차
SB-000004,2026-08-12,2026-08-12 13:29:11,0,55,DTG 데이터,전라남도 광양시 금호동 657(250m 범위),주변에 특정 건물이 없습니다,28.1,공차
SB-000004,2026-08-12,2026-08-12 13:31:11,11,56,DTG 데이터,전라남도 광양시 금호동 657(196m 범위),주변에 특정 건물이 없습니다,28.1,공차
SB-000004,2026-08-12,2026-08-12 13:31:18,48,56,급가속,전라남도 광양시 금호동 657(237m 범위),주변에 특정 건물이 없습니다,28,공차
SB-000004,2026-08-12,2026-08-12 13:31:21,28,56,급감속,전라남도 광양시 금호동 657(245m 범위),주변에 특정 건물이 없습니다,28.1,공차
SB-000004,2026-08-12,2026-08-12 13:33:11,4,56,DTG 데이터,전라남도 광양시 금호동 657(252m 범위),주변에 특정 건물이 없습니다,28.1,공차
SB-000004,2026-08-12,2026-08-12 13:35:11,0,56,DTG 데이터,전라남도 광양시 금호동 657(245m 범위),주변에 특정 건물이 없습니다,28.2,공차
SB-000004,2026-08-12,2026-08-12 13:37:11,0,56,DTG 데이터,전라남도 광양시 금호동 657(248m 범위),주변에 특정 건물이 없습니다,28.3,공차
SB-000004,2026-08-12,2026-08-12 13:38:17,0,56,공회전감지,전라남도 광양시 금호동 657(237m 범위),주변에 특정 건물이 없습니다,28.2,공차
SB-000004,2026-08-12,2026-08-12 13:38:39,3,56,공회전종료,전라남도 광양시 금호동 657(267m 범위),주변에 특정 건물이 없습니다,28.2,공차
SB-000004,2026-08-12,2026-08-12 13:39:11,10,56,DTG 데이터,전라남도 광양시 금호동 657(303m 범위),주변에 특정 건물이 없습니다,28.1,공차
SB-000004,2026-08-12,2026-08-12 13:41:11,14,56,DTG 데이터,전라남도 광양시 금호동 635(67m 범위),전라남도 광양시 금호동 광일엔지니어링(496m ↙),28.1,공차
SB-000004,2026-08-12,2026-08-12 13:41:15,63,56,급가속,전라남도 광양시 금호동 635(84m 범위),전라남도 광양시 금호동 광일엔지니어링(480m ↙),28.1,공차
SB-000004,2026-08-12,2026-08-12 13:41:17,13,56,급감속,전라남도 광양시 금호동 635(88m 범위),전라남도 광양시 금호동 포렌(477m ↙),28,공차
SB-000004,2026-08-12,2026-08-12 13:41:57,30,56,급가속,전라남도 광양시 금호동 657(89m 범위),주변에 특정 건물이 없습니다,28.2,공차
SB-000004,2026-08-12,2026-08-12 13:41:59,11,56,급감속,전라남도 광양시 금호동 657(87m 범위),주변에 특정 건물이 없습니다,28.1,공차
SB-000004,2026-08-12,2026-08-12 13:43:10,0,56,DTG 데이터,전라남도 광양시 금호동 657(89m 범위),주변에 특정 건물이 없습니다,28.1,공차
SB-000004,2026-08-12,2026-08-12 13:45:10,0,56,DTG 데이터,전라남도 광양시 금호동 657(79m 범위),주변에 특정 건물이 없습니다,28.3,공차
SB-000004,2026-08-12,2026-08-12 13:47:11,19,57,DTG 데이터,전라남도 광양시 금호동 657(259m 범위),주변에 특정 건물이 없습니다,28.3,공차
SB-000004,2026-08-12,2026-08-12 13:47:14,36,57,급가속,전라남도 광양시 금호동 657(272m 범위),주변에 특정 건물이 없습니다,28.1,공차
SB-000004,2026-08-12,2026-08-12 13:47:16,18,57,급감속,전라남도 광양시 금호동 657(278m 범위),주변에 특정 건물이 없습니다,28.1,공차
SB-000004,2026-08-12,2026-08-12 13:48:41,51,57,급가속,전라남도 광양시 금호동 656(133m 범위),전라남도 광양시 금호동 한유엘엔에스(335m ↗),28.1,공차
SB-000004,2026-08-12,2026-08-12 13:48:44,29,57,급감속,전라남도 광양시 금호동 656(124m 범위),전라남도 광양시 금호동 한유엘엔에스(326m ↗),28.1,공차
SB-000004,2026-08-12,2026-08-12 13:48:44,44,57,급가속,전라남도 광양시 금호동 656(114m 범위),전라남도 광양시 금호동 한유엘엔에스(317m ↗),28,공차
SB-000004,2026-08-12,2026-08-12 13:48:47,27,57,급감속,전라남도 광양시 금호동 656(105m 범위),전라남도 광양시 금호동 한유엘엔에스(308m ↗),28,공차
SB-000004,2026-08-12,2026-08-12 13:49:11,24,57,DTG 데이터,전라남도 광양시 금호동 634(42m 범위),전라남도 광양시 금호동 한유엘엔에스(159m →),28.1,공차
SB-000004,2026-08-12,2026-08-12 13:51:11,8,58,DTG 데이터,전라남도 광양시 금호동 803(131m 범위),전라남도 광양시 금호동 포스코플로우(297m ↘),27.9,공차
SB-000004,2026-08-12,2026-08-12 13:53:11,0,58,DTG 데이터,전라남도 광양시 금호동 803(99m 범위),전라남도 광양시 금호동 우리은행365(319m ↘),28.2,공차
SB-000004,2026-08-12,2026-08-12 13:53:59,0,58,Key Off,전라남도 광양시 금호동 803(124m 범위),전라남도 광양시 금호동 우리은행365(307m ↘),26.6,공차
SB-000004,2026-08-12,2026-08-12 13:54:01,0,58,Key On,주변에 검색된 지번이 없습니다,전라남도 광양시 금호동 우리은행365(307m ↘),25.9,공차
SB-000004,2026-08-12,2026-08-12 13:55:11,24,58,DTG 데이터,전라남도 광양시 금호동 642(117m 범위),전라남도 광양시 금호동 우리은행365(407m ↘),28.1,공차
SB-000004,2026-08-12,2026-08-12 13:57:11,26,59,DTG 데이터,전라남도 광양시 금호동 642-1(207m 범위),전라남도 광양시 금호동 피엠에스(496m →),28.1,공차
SB-000004,2026-08-12,2026-08-12 13:59:09,51,60,급가속,전라남도 광양시 금호동 663(171m 범위),전라남도 광양시 금호동 포스코광양제철소(390m →),28.3,공차
SB-000004,2026-08-12,2026-08-12 13:59:11,27,60,급감속,전라남도 광양시 금호동 663(161m 범위),전라남도 광양시 금호동 포스코광양제철소(387m →),28.1,공차
SB-000004,2026-08-12,2026-08-12 13:59:11,27,60,DTG 데이터,전라남도 광양시 금호동 663(151m 범위),전라남도 광양시 금호동 포스코광양제철소(384m →),28.1,공차
SB-000004,2026-08-12,2026-08-12 13:59:14,53,60,급가속,전라남도 광양시 금호동 663(123m 범위),전라남도 광양시 금호동 포스코광양제철소(377m →),28.1,공차
SB-000004,2026-08-12,2026-08-12 13:59:17,23,60,급감속,전라남도 광양시 금호동 663(105m 범위),전라남도 광양시 금호동 포스코광양제철소(374m →),28.1,공차
SB-000004,2026-08-12,2026-08-12 13:59:17,76,60,급가속,전라남도 광양시 금호동 663(114m 범위),전라남도 광양시 금호동 포스코광양제철소(375m →),28,공차
SB-000004,2026-08-12,2026-08-12 14:00:51,27,60,급감속,주변에 검색된 지번이 없습니다,주변에 특정건물이 없습니다,28,공차
SB-000004,2026-08-12,2026-08-12 14:00:51,45,60,급가속,주변에 검색된 지번이 없습니다,주변에 특정건물이 없습니다,28.1,공차
SB-000004,2026-08-12,2026-08-12 14:01:10,32,61,DTG 데이터,전라남도 광양시 금호동 791(376m 범위),전라남도 광양시 금호동 2문(299m ↓),28.3,공차
SB-000004,2026-08-12,2026-08-12 14:03:11,0,61,DTG 데이터,전라남도 광양시 태인동 1664-1(23m 범위),전라남도 광양시 태인동 대성이엔지(24m →),27.5,공차
SB-000004,2026-08-12,2026-08-12 14:05:11,30,61,DTG 데이터,전라남도 광양시 태인동 303-91(4m 범위),전라남도 광양시 태인동 광양기업(59m ↑),28.1,공차
SB-000004,2026-08-12,2026-08-12 14:05:47,53,62,급가속,전라남도 광양시 태인동 산111-4(9m 범위),전라남도 광양시 태인동 경남스틸(103m ↙),27.9,공차
SB-000004,2026-08-12,2026-08-12 14:05:49,27,62,급감속,전라남도 광양시 태인동 산111-4(0m 범위),전라남도 광양시 태인동 경남스틸(95m ↙),27.9,공차
SB-000004,2026-08-12,2026-08-12 14:07:11,0,62,DTG 데이터,전라남도 광양시 태인동 309-6(32m 범위),전라남도 광양시 태인동 경남스틸(39m ↖),25.9,공차
SB-000004,2026-08-12,2026-08-12 14:07:59,0,62,Key Off,전라남도 광양시 태인동 산111-1(31m 범위),전라남도 광양시 태인동 경남스틸(35m ↖),26.4,공차
SB-000004,2026-08-12,2026-08-12 14:07:59,0,62,Key On,전라남도 광양시 태인동 산111-1(31m 범위),전라남도 광양시 태인동 경남스틸(34m ↖),26.1,공차
SB-000004,2026-08-12,2026-08-12 14:09:11,0,62,DTG 데이터,전라남도 광양시 태인동 306-20(35m 범위),전라남도 광양시 태인동 경남스틸(37m ↗),25.4,공차
SB-000004,2026-08-12,2026-08-12 14:11:11,0,62,DTG 데이터,전라남도 광양시 태인동 340-7(6m 범위),전라남도 광양시 태인동 경남스틸(79m ↑),25,공차
SB-000004,2026-08-12,2026-08-12 14:13:11,0,62,DTG 데이터,전라남도 광양시 태인동 308-2(38m 범위),전라남도 광양시 태인동 경남스틸(61m ↓),28,공차
SB-000004,2026-08-12,2026-08-12 14:14:11,39,62,급가속,전라남도 광양시 태인동 303-177(12m 범위),전라남도 광양시 태인동 거양엔지니어링(60m ↗),28.3,공차
SB-000004,2026-08-12,2026-08-12 14:14:13,25,62,급감속,전라남도 광양시 태인동 303-182(6m 범위),전라남도 광양시 태인동 거양엔지니어링(56m ↗),28.1,공차
SB-000004,2026-08-12,2026-08-12 14:15:10,13,63,DTG 데이터,전라남도 광양시 태인동 1664-1(14m 범위),전라남도 광양시 태인동 한영통신무전기CCTV(14m →),28.2,공차
SB-000004,2026-08-12,2026-08-12 14:16:25,38,63,급가속,전라남도 광양시 금호동 791(12m 범위),전라남도 광양시 금호동 태인교삼거리(28m ↑),28.2,공차
SB-000004,2026-08-12,2026-08-12 14:16:27,19,63,급감속,전라남도 광양시 금호동 791(6m 범위),전라남도 광양시 금호동 태인교삼거리(22m ↖),28.1,공차
SB-000004,2026-08-12,2026-08-12 14:17:10,0,63,DTG 데이터,전라남도 광양시 금호동 791(61m 범위),전라남도 광양시 금호동 태인교삼거리(63m ←),27.9,공차
SB-000004,2026-08-12,2026-08-12 14:19:11,10,63,DTG 데이터,전라남도 광양시 금호동 791(180m 범위),전라남도 광양시 금호동 2문(46m ↓),28.2,공차
SB-000004,2026-08-12,2026-08-12 14:21:11,30,64,DTG 데이터,전라남도 광양시 금호동 658(40m 범위),전라남도 광양시 금호동 정문(154m ↓),28.2,공차
SB-000004,2026-08-12,2026-08-12 14:23:11,28,65,DTG 데이터,전라남도 광양시 금호동 631(393m 범위),전라남도 광양시 금호동 광일엔지니어링(419m ←),28.1,공차
SB-000004,2026-08-12,2026-08-12 14:23:26,39,65,급가속,전라남도 광양시 금호동 631(266m 범위),전라남도 광양시 금호동 포렌(397m ←),28,공차
SB-000004,2026-08-12,2026-08-12 14:23:29,22,65,급감속,전라남도 광양시 금호동 631(259m 범위),전라남도 광양시 금호동 포렌(397m ←),28,공차
SB-000004,2026-08-12,2026-08-12 14:23:34,32,65,급가속,전라남도 광양시 금호동 631(219m 범위),전라남도 광양시 금호동 광일엔지니어링(400m ←),27.9,공차
SB-000004,2026-08-12,2026-08-12 14:23:37,15,65,급감속,전라남도 광양시 금호동 631(214m 범위),전라남도 광양시 금호동 광일엔지니어링(401m ←),28,공차
SB-000004,2026-08-12,2026-08-12 14:25:11,4,65,DTG 데이터,전라남도 광양시 금호동 657(92m 범위),주변에 특정 건물이 없습니다,28.2,공차
SB-000004,2026-08-12,2026-08-12 14:27:11,0,65,DTG 데이터,전라남도 광양시 금호동 657(66m 범위),주변에 특정 건물이 없습니다,28.1,공차
SB-000004,2026-08-12,2026-08-12 14:29:11,0,65,DTG 데이터,전라남도 광양시 금호동 657(49m 범위),주변에 특정 건물이 없습니다,28.3,공차
SB-000004,2026-08-12,2026-08-12 14:30:17,0,65,공회전감지,전라남도 광양시 금호동 657(71m 범위),주변에 특정 건물이 없습니다,28.2,공차
SB-000004,2026-08-12,2026-08-12 14:31:11,0,65,DTG 데이터,전라남도 광양시 금호동 657(30m 범위),주변에 특정 건물이 없습니다,28.2,공차
SB-000004,2026-08-12,2026-08-12 14:31:40,4,65,공회전종료,전라남도 광양시 금호동 657(31m 범위),주변에 특정 건물이 없습니다,28.3,공차
SB-000004,2026-08-12,2026-08-12 14:33:11,25,66,DTG 데이터,전라남도 광양시 금호동 653(438m 범위),주변에 특정 건물이 없습니다,28.2,공차
SB-000004,2026-08-12,2026-08-12 14:33:17,48,66,급가속,전라남도 광양시 금호동 632(429m 범위),주변에 특정 건물이 없습니다,28.1,공차
SB-000004,2026-08-12,2026-08-12 14:33:19,27,66,급감속,전라남도 광양시 금호동 632(420m 범위),주변에 특정 건물이 없습니다,27.9,공차
SB-000004,2026-08-12,2026-08-12 14:34:06,34,66,급가속,전라남도 광양시 금호동 656(123m 범위),전라남도 광양시 금호동 한유엘엔에스(327m ↗),28.2,공차
SB-000004,2026-08-12,2026-08-12 14:34:08,15,66,급감속,전라남도 광양시 금호동 656(127m 범위),전라남도 광양시 금호동 한유엘엔에스(331m ↗),28.1,공차
SB-000004,2026-08-12,2026-08-12 14:34:36,55,66,급가속,전라남도 광양시 금호동 656(219m 범위),전라남도 광양시 금호동 메인테크(389m ↖),28.2,공차
SB-000004,2026-08-12,2026-08-12 14:35:10,0,66,DTG 데이터,전라남도 광양시 금호동 656(227m 범위),전라남도 광양시 금호동 메인테크(385m ↖),28.2,공차
SB-000004,2026-08-12,2026-08-12 14:37:11,0,66,DTG 데이터,전라남도 광양시 금호동 656(228m 범위),전라남도 광양시 금호동 천문산업안전(380m ↖),28.1,공차
SB-000004,2026-08-12,2026-08-12 14:37:30,0,66,Key Off,전라남도 광양시 금호동 656(227m 범위),전라남도 광양시 금호동 메인테크(379m ↖),26.4,공차
SB-000004,2026-08-12,2026-08-12 14:58:39,0,66,Key On,전라남도 광양시 금호동 656(227m 범위),전라남도 광양시 금호동 메인테크(379m ↖),24.9,공차
SB-000004,2026-08-12,2026-08-12 14:59:01,48,66,급가속,전라남도 광양시 금호동 656(236m 범위),전라남도 광양시 금호동 메인테크(361m ↖),28.1,공차
SB-000004,2026-08-12,2026-08-12 14:59:04,9,66,급감속,전라남도 광양시 금호동 656(234m 범위),전라남도 광양시 금호동 메인테크(360m ↖),27.8,공차
SB-000004,2026-08-12,2026-08-12 14:59:11,11,66,DTG 데이터,전라남도 광양시 금호동 656(228m 범위),전라남도 광양시 금호동 천문산업안전(342m ↖),28,공차
SB-000004,2026-08-12,2026-08-12 15:01:11,0,66,DTG 데이터,전라남도 광양시 금호동 656(255m 범위),전라남도 광양시 금호동 메인테크(253m ←),27.9,공차
SB-000004,2026-08-12,2026-08-12 15:03:11,0,66,DTG 데이터,전라남도 광양시 금호동 656(261m 범위),전라남도 광양시 금호동 천문산업안전(245m ←),27.9,공차
SB-000004,2026-08-12,2026-08-12 15:05:08,0,66,공회전감지,전라남도 광양시 금호동 656(266m 범위),전라남도 광양시 금호동 천문산업안전(239m ←),28.4,공차
SB-000004,2026-08-12,2026-08-12 15:05:11,0,66,DTG 데이터,전라남도 광양시 금호동 656(267m 범위),전라남도 광양시 금호동 메인테크(238m ←),27.7,공차
SB-000004,2026-08-12,2026-08-12 15:06:16,4,66,공회전종료,전라남도 광양시 금호동 656(313m 범위),전라남도 광양시 금호동 메인테크(200m ←),28.1,공차
SB-000004,2026-08-12,2026-08-12 15:07:11,0,67,DTG 데이터,전라남도 광양시 금호동 802(213m 범위),전라남도 광양시 금호동 아르고마린토탈(219m ↑),28.6,공차
SB-000004,2026-08-12,2026-08-12 15:08:39,42,67,급가속,전라남도 광양시 금호동 656(192m 범위),전라남도 광양시 금호동 메인테크(366m ←),28,공차
SB-000004,2026-08-12,2026-08-12 15:08:41,27,67,급감속,전라남도 광양시 금호동 656(184m 범위),전라남도 광양시 금호동 메인테크(375m ←),28.3,공차
SB-000004,2026-08-12,2026-08-12 15:09:10,28,67,DTG 데이터,전라남도 광양시 금호동 656(72m 범위),전라남도 광양시 금호동 한유엘엔에스(276m ↗),28.1,공차
SB-000004,2026-08-12,2026-08-12 15:11:10,22,67,DTG 데이터,전라남도 광양시 금호동 802(88m 범위),전라남도 광양시 금호동 아르고마린토탈(142m →),28.2,공차
SB-000004,2026-08-12,2026-08-12 15:12:53,0,68,Key Off,전라남도 광양시 금호동 803(86m 범위),전라남도 광양시 금호동 우리은행365(333m ↘),26.8,공차
SB-000004,2026-08-12,2026-08-12 15:12:55,0,68,Key On,전라남도 광양시 금호동 803(86m 범위),전라남도 광양시 금호동 우리은행365(333m ↘),26.1,공차
SB-000004,2026-08-12,2026-08-12 15:13:12,0,68,DTG 데이터,전라남도 광양시 금호동 803(82m 범위),전라남도 광양시 금호동 우리은행365(341m ↘),25.7,공차
SB-000004,2026-08-12,2026-08-12 15:15:11,30,68,DTG 데이터,전라남도 광양시 금호동 671(66m 범위),전라남도 광양시 금호동 피엠에스(91m ↓),28.2,공차
SB-000004,2026-08-12,2026-08-12 15:17:11,21,69,DTG 데이터,전라남도 광양시 금호동 662(492m 범위),주변에 특정 건물이 없습니다,28.1,공차
SB-000004,2026-08-12,2026-08-12 15:19:11,31,70,DTG 데이터,전라남도 광양시 금호동 663(145m 범위),전라남도 광양시 금호동 포스코광양제철소(413m ↗),28.2,공차
SB-000004,2026-08-12,2026-08-12 15:21:11,0,70,DTG 데이터,전라남도 광양시 금호동 791(275m 범위),전라남도 광양시 금호동 2문(189m ↓),27.9,공차
SB-000004,2026-08-12,2026-08-12 15:23:11,6,71,DTG 데이터,전라남도 광양시 금호동 791(180m 범위),전라남도 광양시 금호동 2문(68m ↓),28.1,공차
SB-000004,2026-08-12,2026-08-12 15:25:11,39,71,DTG 데이터,전라남도 광양시 태인동 303-34(42m 범위),전라남도 광양시 태인동 HD현대오일뱅크(34m ↓),28.2,공차
SB-000004,2026-08-12,2026-08-12 15:27:11,5,72,DTG 데이터,전라남도 광양시 태인동 49-2(18m 범위),전라남도 광양시 태인동 버스정류장(69m ↓),28.1,공차
SB-000004,2026-08-12,2026-08-12 15:29:12,9,73,DTG 데이터,전라남도 광양시 태인동 1753(98m 범위),전라남도 광양시 태인동 삼현철강(112m ↙),28,공차
SB-000004,2026-08-12,2026-08-12 15:29:43,22,73,급가속,전라남도 광양시 태인동 1740(32m 범위),전라남도 광양시 태인동 한국상용트럭서비스센터(152m ↗),28.1,공차
SB-000004,2026-08-12,2026-08-12 15:31:11,0,73,DTG 데이터,전라남도 광양시 태인동 1740(36m 범위),전라남도 광양시 태인동 한국상용트럭서비스센터(158m ↑),28.5,공차
SB-000004,2026-08-12,2026-08-12 15:33:11,0,73,DTG 데이터,전라남도 광양시 태인동 1740(45m 범위),전라남도 광양시 태인동 강변특장(160m ↗),28.1,공차
SB-000004,2026-08-12,2026-08-12 15:35:11,0,73,DTG 데이터,전라남도 광양시 태인동 1740(42m 범위),전라남도 광양시 태인동 강변특장(147m ↗),28,공차
SB-000004,2026-08-12,2026-08-12 15:37:11,0,73,DTG 데이터,전라남도 광양시 태인동 1740(42m 범위),전라남도 광양시 태인동 강변특장(147m ↗),28.3,공차
SB-000004,2026-08-12,2026-08-12 15:37:53,0,73,공회전감지,전라남도 광양시 태인동 1740(45m 범위),전라남도 광양시 태인동 강변특장(153m ↗),28.1,공차
SB-000004,2026-08-12,2026-08-12 15:39:11,0,73,DTG 데이터,전라남도 광양시 태인동 1740(45m 범위),전라남도 광양시 태인동 강변특장(156m ↗),28.1,공차
SB-000004,2026-08-12,2026-08-12 15:41:11,0,73,DTG 데이터,전라남도 광양시 태인동 1740(41m 범위),전라남도 광양시 태인동 강변특장(145m ↗),28,공차
SB-000004,2026-08-12,2026-08-12 15:41:42,4,73,공회전종료,전라남도 광양시 태인동 1740(43m 범위),전라남도 광양시 태인동 강변특장(149m ↗),28.2,공차
SB-000004,2026-08-12,2026-08-12 15:42:14,0,73,Key Off,전라남도 광양시 태인동 1740(79m 범위),전라남도 광양시 태인동 명당자원(194m →),26.5,공차
SB-000004,2026-08-12,2026-08-12 15:42:16,0,73,Key On,전라남도 광양시 태인동 1740(79m 범위),전라남도 광양시 태인동 명당자원(194m →),26.2,공차
SB-000004,2026-08-12,2026-08-12 15:43:11,0,73,DTG 데이터,전라남도 광양시 태인동 1738(87m 범위),전라남도 광양시 태인동 대성철강(182m ↓),25.6,공차
SB-000004,2026-08-12,2026-08-12 15:45:03,0,73,Key Off,전라남도 광양시 태인동 1740(91m 범위),전라남도 광양시 태인동 명당자원(186m →),26.6,공차
SB-000004,2026-08-12,2026-08-12 15:45:06,0,73,Key On,전라남도 광양시 태인동 1740(91m 범위),전라남도 광양시 태인동 명당자원(186m →),26.3,공차
SB-000004,2026-08-12,2026-08-12 15:45:12,0,73,DTG 데이터,전라남도 광양시 태인동 1755(104m 범위),전라남도 광양시 태인동 명당자원(165m →),26.2,공차
SB-000004,2026-08-12,2026-08-12 15:47:12,9,73,DTG 데이터,전라남도 광양시 태인동 1753(50m 범위),전라남도 광양시 태인동 피제이메탈(117m ↙),28.3,공차
SB-000004,2026-08-12,2026-08-12 15:47:57,36,73,급가속,전라남도 광양시 태인동 1688(109m 범위),전라남도 광양시 태인동 엔시스(117m ↖),28.2,공차
SB-000004,2026-08-12,2026-08-12 15:47:59,19,73,급감속,전라남도 광양시 태인동 1688(103m 범위),전라남도 광양시 태인동 엔시스(111m ↖),28.2,공차
SB-000004,2026-08-12,2026-08-12 15:49:11,31,74,DTG 데이터,전라남도 광양시 태인동 1720(13m 범위),전라남도 광양시 태인동 광양2공장(26m ↗),28.3,공차
SB-000004,2026-08-12,2026-08-12 15:50:00,32,74,급가속,전라남도 광양시 태인동 1713(29m 범위),전라남도 광양시 태인동 형우스틸(75m ↘),28.3,공차
SB-000004,2026-08-12,2026-08-12 15:50:03,6,74,급감속,전라남도 광양시 태인동 1713(29m 범위),전라남도 광양시 태인동 형우스틸(77m ↘),28.2,공차
SB-000004,2026-08-12,2026-08-12 15:50:50,0,74,Key Off,전라남도 광양시 태인동 1644-16(11m 범위),전라남도 광양시 태인동 SK엔크린(8m ↓),26.9,공차
SB-000004,2026-08-12,2026-08-12 15:58:07,0,74,Key On,전라남도 광양시 태인동 1644-16(11m 범위),전라남도 광양시 태인동 SK엔크린(8m ↓),25.6,공차
SB-000004,2026-08-12,2026-08-12 15:58:47,52,74,급가속,전라남도 광양시 태인동 1663-1(38m 범위),전라남도 광양시 태인동 섬진대교삼거리(107m ↑),28.3,공차
SB-000004,2026-08-12,2026-08-12 15:58:49,30,74,급감속,전라남도 광양시 태인동 1663-1(45m 범위),전라남도 광양시 태인동 섬진대교삼거리(96m ↑),28.1,공차
SB-000004,2026-08-12,2026-08-12 15:59:10,43,74,급가속,전라남도 광양시 태인동 1655-6(40m 범위),전라남도 광양시 태인동 사카팬코리아(38m ↗),28.2,공차
SB-000004,2026-08-12,2026-08-12 15:59:12,17,74,DTG 데이터,전라남도 광양시 태인동 1655-6(39m 범위),전라남도 광양시 태인동 사카팬코리아(34m ↗),28.2,공차
SB-000004,2026-08-12,2026-08-12 15:59:12,17,74,급감속,전라남도 광양시 태인동 1655-6(39m 범위),전라남도 광양시 태인동 사카팬코리아(34m ↗),28.2,공차
SB-000004,2026-08-12,2026-08-12 15:59:26,61,74,급가속,전라남도 광양시 태인동 1678(41m 범위),전라남도 광양시 태인동 지원테크(35m →),28.2,공차
SB-000004,2026-08-12,2026-08-12 15:59:28,9,74,급감속,전라남도 광양시 태인동 1678(42m 범위),전라남도 광양시 태인동 지원테크(32m →),28.1,공차
SB-000004,2026-08-12,2026-08-12 16:00:15,75,75,급가속,전라남도 광양시 태인동 1654-4(127m 범위),전라남도 광양시 태인동 CJ대한통운광양지사(62m →),28.2,공차
SB-000004,2026-08-12,2026-08-12 16:00:18,12,75,급감속,전라남도 광양시 태인동 1654-4(128m 범위),전라남도 광양시 태인동 CJ대한통운광양지사(62m →),28.1,공차
SB-000004,2026-08-12,2026-08-12 16:01:13,0,75,Key Off,전라남도 광양시 태인동 1654-7(131m 범위),전라남도 광양시 태인동 CJ대한통운광양지사(77m →),27.1,공차
SB-000005,2026-08-12,2026-08-12 03:23:31,0,0,리셋보고,전라남도 광양시 태인동 1655(132m 범위),전라남도 광양시 태인동 CJ대한통운광양지사(74m →),25.3,공차
SB-000005,2026-08-12,2026-08-12 07:21:54,0,0,Key On,전라남도 광양시 태인동 1655(132m 범위),전라남도 광양시 태인동 CJ대한통운광양지사(74m →),19.9,공차
SB-000005,2026-08-12,2026-08-12 07:23:00,0,0,DTG 데이터,전라남도 광양시 태인동 1655(131m 범위),전라남도 광양시 태인동 CJ대한통운광양지사(71m →),28,공차
SB-000005,2026-08-12,2026-08-12 07:25:00,0,0,DTG 데이터,전라남도 광양시 태인동 1655(131m 범위),전라남도 광양시 태인동 CJ대한통운광양지사(68m →),27.9,공차
SB-000005,2026-08-12,2026-08-12 07:26:58,0,0,공회전감지,전라남도 광양시 태인동 1654-4(131m 범위),전라남도 광양시 태인동 CJ대한통운광양지사(66m →),28,공차
SB-000005,2026-08-12,2026-08-12 07:27:00,0,0,DTG 데이터,전라남도 광양시 태인동 1654-4(131m 범위),전라남도 광양시 태인동 CJ대한통운광양지사(67m →),27.8,공차
SB-000005,2026-08-12,2026-08-12 07:29:00,0,0,DTG 데이터,전라남도 광양시 태인동 1655(130m 범위),전라남도 광양시 태인동 CJ대한통운광양지사(67m →),28.2,공차
SB-000005,2026-08-12,2026-08-12 07:31:00,0,0,DTG 데이터,전라남도 광양시 태인동 1655(131m 범위),전라남도 광양시 태인동 CJ대한통운광양지사(68m →),28,공차
SB-000005,2026-08-12,2026-08-12 07:31:59,0,0,공회전유지,전라남도 광양시 태인동 1655(133m 범위),전라남도 광양시 태인동 CJ대한통운광양지사(71m →),28,공차
SB-000005,2026-08-12,2026-08-12 07:33:00,0,0,DTG 데이터,전라남도 광양시 태인동 1655(131m 범위),전라남도 광양시 태인동 CJ대한통운광양지사(68m →),28,공차
SB-000005,2026-08-12,2026-08-12 07:35:00,0,0,DTG 데이터,전라남도 광양시 태인동 1655(130m 범위),전라남도 광양시 태인동 CJ대한통운광양지사(70m →),28.1,공차
SB-000005,2026-08-12,2026-08-12 07:36:58,0,0,공회전유지,전라남도 광양시 태인동 1655(127m 범위),전라남도 광양시 태인동 CJ대한통운광양지사(66m →),27.8,공차
SB-000005,2026-08-12,2026-08-12 07:37:01,0,0,DTG 데이터,전라남도 광양시 태인동 1655(127m 범위),주변에 특정 건물이 없습니다,27.8,공차
SB-000005,2026-08-12,2026-08-12 07:39:00,0,0,DTG 데이터,전라남도 광양시 태인동 1655(126m 범위),전라남도 광양시 태인동 CJ대한통운광양지사(70m →),28,공차
SB-000005,2026-08-12,2026-08-12 07:41:00,0,0,DTG 데이터,전라남도 광양시 태인동 1655(124m 범위),전라남도 광양시 태인동 CJ대한통운광양지사(74m →),28,공차
SB-000005,2026-08-12,2026-08-12 07:41:59,0,0,공회전유지,전라남도 광양시 태인동 1655(125m 범위),전라남도 광양시 태인동 CJ대한통운광양지사(72m →),28,공차
SB-000005,2026-08-12,2026-08-12 07:42:59,0,0,DTG 데이터,전라남도 광양시 태인동 1655(127m 범위),전라남도 광양시 태인동 CJ대한통운광양지사(74m →),27.9,공차
SB-000005,2026-08-12,2026-08-12 07:44:59,0,0,DTG 데이터,전라남도 광양시 태인동 1655(129m 범위),전라남도 광양시 태인동 CJ대한통운광양지사(74m →),27.8,공차
SB-000005,2026-08-12,2026-08-12 07:46:59,0,0,공회전유지,전라남도 광양시 태인동 1655(130m 범위),전라남도 광양시 태인동 CJ대한통운광양지사(76m →),27.9,공차
SB-000005,2026-08-12,2026-08-12 07:47:01,0,0,DTG 데이터,전라남도 광양시 태인동 1655(130m 범위),전라남도 광양시 태인동 CJ대한통운광양지사(76m →),27.8,공차
SB-000005,2026-08-12,2026-08-12 07:49:00,0,0,DTG 데이터,전라남도 광양시 태인동 1655(132m 범위),전라남도 광양시 태인동 CJ대한통운광양지사(72m →),28.1,공차
SB-000005,2026-08-12,2026-08-12 07:51:00,0,0,DTG 데이터,전라남도 광양시 태인동 1655(130m 범위),전라남도 광양시 태인동 CJ대한통운광양지사(72m →),28,공차
SB-000005,2026-08-12,2026-08-12 07:51:58,0,0,공회전유지,전라남도 광양시 태인동 1655(128m 범위),전라남도 광양시 태인동 CJ대한통운광양지사(69m →),28.1,공차
SB-000005,2026-08-12,2026-08-12 07:53:00,0,0,DTG 데이터,전라남도 광양시 태인동 1655(130m 범위),전라남도 광양시 태인동 CJ대한통운광양지사(71m →),27.9,공차
SB-000005,2026-08-12,2026-08-12 07:55:00,0,0,DTG 데이터,전라남도 광양시 태인동 1655(132m 범위),전라남도 광양시 태인동 CJ대한통운광양지사(73m →),27.9,공차
SB-000005,2026-08-12,2026-08-12 07:56:58,0,0,공회전유지,전라남도 광양시 태인동 1655(131m 범위),전라남도 광양시 태인동 CJ대한통운광양지사(72m →),27.9,공차
SB-000005,2026-08-12,2026-08-12 07:57:01,0,0,DTG 데이터,전라남도 광양시 태인동 1655(130m 범위),전라남도 광양시 태인동 CJ대한통운광양지사(72m →),28,공차
SB-000005,2026-08-12,2026-08-12 07:57:22,3,0,공회전종료,전라남도 광양시 태인동 1655(131m 범위),전라남도 광양시 태인동 CJ대한통운광양지사(72m →),27.8,공차
SB-000005,2026-08-12,2026-08-12 07:59:00,38,1,DTG 데이터,전라남도 광양시 태인동 1656-1(70m 범위),전라남도 광양시 태인동 심팩메탈로이(76m ↖),27.8,공차
SB-000005,2026-08-12,2026-08-12 08:00:59,36,2,DTG 데이터,전라남도 광양시 태인동 1664-7(11m 범위),전라남도 광양시 태인동 장가계(19m →),28,공차
SB-000005,2026-08-12,2026-08-12 08:02:59,10,2,DTG 데이터,전라남도 광양시 금호동 791(115m 범위),전라남도 광양시 금호동 2문(42m ↗),27.9,공차
SB-000005,2026-08-12,2026-08-12 08:05:00,33,3,DTG 데이터,전라남도 광양시 금호동 637(164m 범위),전라남도 광양시 금호동 제철삼거리(306m ↘),28,공차
SB-000005,2026-08-12,2026-08-12 08:07:00,0,3,DTG 데이터,전라남도 광양시 금호동 658(116m 범위),전라남도 광양시 금호동 정문(195m ↘),27.9,공차
SB-000005,2026-08-12,2026-08-12 08:09:00,0,3,DTG 데이터,전라남도 광양시 금호동 658(102m 범위),전라남도 광양시 금호동 정문(186m ↘),27.9,공차
SB-000005,2026-08-12,2026-08-12 08:11:00,0,3,DTG 데이터,전라남도 광양시 금호동 658(105m 범위),전라남도 광양시 금호동 정문(190m ↘),27.7,공차
SB-000005,2026-08-12,2026-08-12 08:13:00,0,3,DTG 데이터,전라남도 광양시 금호동 658(105m 범위),전라남도 광양시 금호동 정문(187m ↘),28.1,공차
SB-000005,2026-08-12,2026-08-12 08:13:07,0,3,공회전감지,전라남도 광양시 금호동 658(105m 범위),전라남도 광양시 금호동 정문(188m ↘),27.9,공차
SB-000005,2026-08-12,2026-08-12 08:15:00,0,3,DTG 데이터,전라남도 광양시 금호동 658(105m 범위),전라남도 광양시 금호동 정문(188m ↘),28,공차
SB-000005,2026-08-12,2026-08-12 08:16:59,0,3,DTG 데이터,전라남도 광양시 금호동 658(105m 범위),전라남도 광양시 금호동 정문(186m ↘),27.8,공차
SB-000005,2026-08-12,2026-08-12 08:18:07,0,3,공회전유지,전라남도 광양시 금호동 658(109m 범위),전라남도 광양시 금호동 정문(192m ↘),28,공차
SB-000005,2026-08-12,2026-08-12 08:18:59,0,3,DTG 데이터,전라남도 광양시 금호동 658(106m 범위),전라남도 광양시 금호동 정문(186m ↘),27.9,공차
SB-000005,2026-08-12,2026-08-12 08:21:00,0,3,DTG 데이터,전라남도 광양시 금호동 658(106m 범위),전라남도 광양시 금호동 정문(185m ↘),27.9,공차
SB-000005,2026-08-12,2026-08-12 08:23:00,0,3,DTG 데이터,전라남도 광양시 금호동 658(102m 범위),전라남도 광양시 금호동 정문(185m ↘),27.9,공차
SB-000005,2026-08-12,2026-08-12 08:23:07,0,3,공회전유지,전라남도 광양시 금호동 658(102m 범위),전라남도 광양시 금호동 정문(184m ↘),27.8,공차
SB-000005,2026-08-12,2026-08-12 08:25:00,0,3,DTG 데이터,전라남도 광양시 금호동 658(98m 범위),전라남도 광양시 금호동 정문(175m ↘),27.8,공차
SB-000005,2026-08-12,2026-08-12 08:25:51,5,3,공회전종료,전라남도 광양시 금호동 658(101m 범위),전라남도 광양시 금호동 정문(186m ↘),28,공차
SB-000005,2026-08-12,2026-08-12 08:27:00,35,4,DTG 데이터,전라남도 광양시 금호동 636(147m 범위),전라남도 광양시 금호동 축구장(355m ↓),27.7,공차
SB-000005,2026-08-12,2026-08-12 08:29:00,0,4,DTG 데이터,전라남도 광양시 금호동 636(405m 범위),전라남도 광양시 금호동 광일엔지니어링(275m ↖),27.7,공차
SB-000005,2026-08-12,2026-08-12 08:31:00,0,4,DTG 데이터,전라남도 광양시 금호동 636(441m 범위),전라남도 광양시 금호동 포렌(205m ↖),27.8,공차
SB-000005,2026-08-12,2026-08-12 08:33:00,0,4,DTG 데이터,전라남도 광양시 금호동 636(377m 범위),전라남도 광양시 금호동 포렌(289m ↖),27.9,공차
SB-000005,2026-08-12,2026-08-12 08:33:39,0,4,공회전감지,전라남도 광양시 금호동 636(381m 범위),전라남도 광양시 금호동 포렌(309m ↖),27.9,공차
SB-000005,2026-08-12,2026-08-12 08:34:59,0,4,DTG 데이터,전라남도 광양시 금호동 636(383m 범위),전라남도 광양시 금호동 광일엔지니어링(303m ↖),27.9,공차
SB-000005,2026-08-12,2026-08-12 08:36:59,0,4,DTG 데이터,전라남도 광양시 금호동 636(388m 범위),전라남도 광양시 금호동 포렌(271m ↖),27.8,공차
SB-000005,2026-08-12,2026-08-12 08:38:40,0,4,공회전유지,전라남도 광양시 금호동 636(414m 범위),전라남도 광양시 금호동 광일엔지니어링(242m ↖),28.1,공차
SB-000005,2026-08-12,2026-08-12 08:39:00,0,4,DTG 데이터,전라남도 광양시 금호동 636(413m 범위),전라남도 광양시 금호동 포렌(239m ↖),27.9,공차
SB-000005,2026-08-12,2026-08-12 08:41:00,0,4,DTG 데이터,전라남도 광양시 금호동 636(449m 범위),전라남도 광양시 금호동 광일엔지니어링(215m ↖),28,공차
SB-000005,2026-08-12,2026-08-12 08:43:00,0,4,DTG 데이터,전라남도 광양시 금호동 636(446m 범위),전라남도 광양시 금호동 광일엔지니어링(209m ↖),28,공차
SB-000005,2026-08-12,2026-08-12 08:43:39,0,4,공회전유지,전라남도 광양시 금호동 636(426m 범위),전라남도 광양시 금호동 포렌(216m ↑),27.9,공차
SB-000005,2026-08-12,2026-08-12 08:45:00,0,4,DTG 데이터,전라남도 광양시 금호동 636(420m 범위),전라남도 광양시 금호동 포렌(235m ↖),27.9,공차
SB-000005,2026-08-12,2026-08-12 08:46:58,5,4,공회전종료,전라남도 광양시 금호동 636(438m 범위),전라남도 광양시 금호동 광일엔지니어링(240m ↖),27.7,공차
SB-000005,2026-08-12,2026-08-12 08:47:00,5,4,DTG 데이터,전라남도 광양시 금호동 636(440m 범위),전라남도 광양시 금호동 광일엔지니어링(239m ↖),27.7,공차
SB-000005,2026-08-12,2026-08-12 08:49:00,12,5,DTG 데이터,전라남도 광양시 금호동 631(230m 범위),전라남도 광양시 금호동 광일엔지니어링(395m ←),28,공차
SB-000005,2026-08-12,2026-08-12 08:51:00,30,5,DTG 데이터,전라남도 광양시 금호동 657(187m 범위),주변에 특정 건물이 없습니다,28,공차
SB-000005,2026-08-12,2026-08-12 08:53:00,2,6,DTG 데이터,전라남도 광양시 금호동 634(73m 범위),전라남도 광양시 금호동 광양제품부두점(101m ↗),27.8,공차
SB-000005,2026-08-12,2026-08-12 08:54:59,0,7,DTG 데이터,전라남도 광양시 금호동 803(120m 범위),전라남도 광양시 금호동 우리은행365(302m ↘),28,공차
SB-000005,2026-08-12,2026-08-12 08:57:01,8,7,DTG 데이터,전라남도 광양시 금호동 803(104m 범위),전라남도 광양시 금호동 우리은행365(314m ↘),28,공차
SB-000005,2026-08-12,2026-08-12 08:57:13,0,7,Key Off,전라남도 광양시 금호동 803(118m 범위),전라남도 광양시 금호동 포스코플로우(305m ↘),27.1,공차
SB-000005,2026-08-12,2026-08-12 08:57:59,0,7,Key On,전라남도 광양시 금호동 803(106m 범위),전라남도 광양시 금호동 포스코플로우(326m ↘),20.9,공차
SB-000005,2026-08-12,2026-08-12 08:59:00,18,7,DTG 데이터,전라남도 광양시 금호동 642(152m 범위),전라남도 광양시 금호동 우리은행365(380m ↘),28,공차
SB-000005,2026-08-12,2026-08-12 09:01:00,21,8,DTG 데이터,전라남도 광양시 금호동 642-1(190m 범위),전라남도 광양시 금호동 피엠에스(493m →),27.8,공차
SB-000005,2026-08-12,2026-08-12 09:03:00,33,9,DTG 데이터,전라남도 광양시 금호동 663(263m 범위),전라남도 광양시 금호동 포스코광양제철소(423m ↘),28,공차
SB-000005,2026-08-12,2026-08-12 09:05:00,36,10,DTG 데이터,주변에 검색된 지번이 없습니다,주변에 특정건물이 없습니다,28,공차
SB-000005,2026-08-12,2026-08-12 09:07:00,15,11,DTG 데이터,전라남도 광양시 금호동 791(158m 범위),전라남도 광양시 금호동 2문(43m ↘),27.8,공차
SB-000005,2026-08-12,2026-08-12 09:09:00,0,11,DTG 데이터,전라남도 광양시 태인동 1664-4(22m 범위),전라남도 광양시 태인동 버스정류장(21m ↗),27.8,공차
SB-000005,2026-08-12,2026-08-12 09:11:00,23,12,DTG 데이터,전라남도 광양시 태인동 1653-5(16m 범위),전라남도 광양시 태인동 용지삼거리(40m ←),27.8,공차
SB-000005,2026-08-12,2026-08-12 09:13:00,12,13,DTG 데이터,전라남도 광양시 태인동 1688(62m 범위),전라남도 광양시 태인동 현대티에스(64m ↖),27.9,공차
SB-000005,2026-08-12,2026-08-12 09:15:00,0,14,DTG 데이터,전라남도 광양시 태인동 1740(64m 범위),전라남도 광양시 태인동 한국상용트럭서비스센터(173m ↗),28,공차
SB-000005,2026-08-12,2026-08-12 09:17:00,0,14,DTG 데이터,전라남도 광양시 태인동 1740(66m 범위),전라남도 광양시 태인동 삼현철강(172m ←),27.9,공차
SB-000005,2026-08-12,2026-08-12 09:19:00,0,14,DTG 데이터,전라남도 광양시 태인동 1740(50m 범위),전라남도 광양시 태인동 한국상용트럭서비스센터(172m ↑),28,공차
SB-000005,2026-08-12,2026-08-12 09:19:47,0,14,Key Off,전라남도 광양시 태인동 1740(50m 범위),전라남도 광양시 태인동 한국상용트럭서비스센터(173m ↑),27,공차
SB-000005,2026-08-12,2026-08-12 09:43:01,0,14,Key On,전라남도 광양시 태인동 1740(50m 범위),전라남도 광양시 태인동 한국상용트럭서비스센터(173m ↑),20.5,공차
SB-000005,2026-08-12,2026-08-12 09:45:00,0,14,DTG 데이터,전라남도 광양시 태인동 1740(25m 범위),전라남도 광양시 태인동 한국상용트럭서비스센터(148m ↑),28,공차
SB-000005,2026-08-12,2026-08-12 09:47:00,0,14,DTG 데이터,전라남도 광양시 태인동 1740(27m 범위),전라남도 광양시 태인동 한국상용트럭서비스센터(150m ↑),27.9,공차
SB-000005,2026-08-12,2026-08-12 09:48:42,0,14,공회전감지,전라남도 광양시 태인동 1740(31m 범위),전라남도 광양시 태인동 한국상용트럭서비스센터(154m ↑),27.7,공차
SB-000005,2026-08-12,2026-08-12 09:49:00,0,14,DTG 데이터,전라남도 광양시 태인동 1740(33m 범위),전라남도 광양시 태인동 한국상용트럭서비스센터(156m ↑),28,공차
SB-000005,2026-08-12,2026-08-12 09:51:00,0,14,DTG 데이터,전라남도 광양시 태인동 1740(40m 범위),전라남도 광양시 태인동 한국상용트럭서비스센터(163m ↑),28.1,공차
SB-000005,2026-08-12,2026-08-12 09:53:00,0,14,DTG 데이터,전라남도 광양시 태인동 1740(50m 범위),전라남도 광양시 태인동 한국상용트럭서비스센터(173m ↑),27.9,공차
SB-000005,2026-08-12,2026-08-12 09:53:41,0,14,공회전유지,전라남도 광양시 태인동 1740(52m 범위),전라남도 광양시 태인동 한국상용트럭서비스센터(175m ↑),27.9,공차
SB-000005,2026-08-12,2026-08-12 09:55:01,0,14,DTG 데이터,전라남도 광양시 태인동 1740(39m 범위),전라남도 광양시 태인동 한국상용트럭서비스센터(162m ↑),28,공차
SB-000005,2026-08-12,2026-08-12 09:56:08,5,14,공회전종료,전라남도 광양시 태인동 1740(37m 범위),전라남도 광양시 태인동 한국상용트럭서비스센터(159m ↑),28,공차
SB-000005,2026-08-12,2026-08-12 09:56:45,0,14,Key Off,전라남도 광양시 태인동 1740(76m 범위),전라남도 광양시 태인동 강변특장(194m ↗),27.2,공차
SB-000005,2026-08-12,2026-08-12 10:03:56,0,14,Key On,전라남도 광양시 태인동 1740(76m 범위),전라남도 광양시 태인동 강변특장(194m ↗),20.7,공차
SB-000005,2026-08-12,2026-08-12 10:05:00,17,14,DTG 데이터,전라남도 광양시 태인동 1739(41m 범위),전라남도 광양시 태인동 대성철강(147m ↘),27.8,공차
SB-000005,2026-08-12,2026-08-12 10:07:00,39,15,DTG 데이터,전라남도 광양시 태인동 28-108(23m 범위),전라남도 광양시 태인동 버스정류장(43m ↑),27.8,공차
SB-000005,2026-08-12,2026-08-12 10:09:01,0,16,DTG 데이터,전라남도 광양시 태인동 1653-2(42m 범위),전라남도 광양시 태인동 SK엔크린(37m →),27.9,공차
SB-000005,2026-08-12,2026-08-12 10:11:00,39,17,DTG 데이터,전라남도 광양시 태인동 1664-8(13m 범위),전라남도 광양시 태인동 명품타이어아울렛(22m →),27.9,공차
SB-000005,2026-08-12,2026-08-12 10:13:00,5,17,DTG 데이터,전라남도 광양시 금호동 791(102m 범위),전라남도 광양시 금호동 2문(51m ↗),27.9,공차
SB-000005,2026-08-12,2026-08-12 10:15:00,34,18,DTG 데이터,전라남도 광양시 금호동 637(143m 범위),전라남도 광양시 금호동 제철삼거리(365m ↘),28,공차
SB-000005,2026-08-12,2026-08-12 10:16:13,0,18,Key Off,전라남도 광양시 금호동 658(106m 범위),주변에 특정 건물이 없습니다,27,공차
SB-000005,2026-08-12,2026-08-12 10:16:16,0,18,Key On,전라남도 광양시 금호동 658(106m 범위),전라남도 광양시 금호동 정문(188m ↘),26.7,공차
SB-000005,2026-08-12,2026-08-12 10:16:17,0,18,Key Off,전라남도 광양시 금호동 658(106m 범위),전라남도 광양시 금호동 정문(188m ↘),26.7,공차
SB-000005,2026-08-12,2026-08-12 10:32:36,0,18,Key On,전라남도 광양시 금호동 658(106m 범위),전라남도 광양시 금호동 정문(188m ↘),20.5,공차
SB-000005,2026-08-12,2026-08-12 10:32:59,0,18,DTG 데이터,전라남도 광양시 금호동 658(105m 범위),전라남도 광양시 금호동 정문(187m ↘),27.6,공차
SB-000005,2026-08-12,2026-08-12 10:35:00,2,18,DTG 데이터,전라남도 광양시 금호동 658(107m 범위),전라남도 광양시 금호동 정문(187m ↘),28,공차
SB-000005,2026-08-12,2026-08-12 10:37:00,14,19,DTG 데이터,전라남도 광양시 금호동 636(274m 범위),전라남도 광양시 금호동 포렌(394m ↑),27.8,공차
SB-000005,2026-08-12,2026-08-12 10:39:00,0,19,DTG 데이터,전라남도 광양시 금호동 636(376m 범위),전라남도 광양시 금호동 광일엔지니어링(292m ↖),28,공차
SB-000005,2026-08-12,2026-08-12 10:41:00,0,19,DTG 데이터,전라남도 광양시 금호동 636(375m 범위),전라남도 광양시 금호동 광일엔지니어링(311m ↖),27.9,공차
SB-000005,2026-08-12,2026-08-12 10:42:21,0,19,공회전감지,전라남도 광양시 금호동 636(376m 범위),전라남도 광양시 금호동 광일엔지니어링(292m ↖),28,공차
SB-000005,2026-08-12,2026-08-12 10:42:39,5,19,공회전종료,전라남도 광양시 금호동 636(371m 범위),전라남도 광양시 금호동 광일엔지니어링(293m ↖),28.1,공차
SB-000005,2026-08-12,2026-08-12 10:43:00,14,19,DTG 데이터,전라남도 광양시 금호동 636(420m 범위),전라남도 광양시 금호동 포렌(249m ↖),27.9,공차
SB-000005,2026-08-12,2026-08-12 10:45:00,0,20,DTG 데이터,전라남도 광양시 금호동 631(168m 범위),전라남도 광양시 금호동 포렌(418m ←),27.7,공차
SB-000005,2026-08-12,2026-08-12 10:47:00,34,20,DTG 데이터,전라남도 광양시 금호동 635(77m 범위),전라남도 광양시 금호동 광일엔지니어링(479m ↙),28,공차
SB-000005,2026-08-12,2026-08-12 10:49:00,29,21,DTG 데이터,전라남도 광양시 금호동 656(49m 범위),전라남도 광양시 금호동 한유엘엔에스(202m ↗),28,공차
SB-000005,2026-08-12,2026-08-12 10:51:00,22,22,DTG 데이터,전라남도 광양시 금호동 803(135m 범위),전라남도 광양시 금호동 우리은행365(295m ↘),27.7,공차
SB-000005,2026-08-12,2026-08-12 10:52:08,0,22,Key Off,전라남도 광양시 금호동 803(83m 범위),전라남도 광양시 금호동 우리은행365(335m ↘),26.9,공차
SB-000005,2026-08-12,2026-08-12 10:52:40,0,22,Key On,전라남도 광양시 금호동 803(83m 범위),전라남도 광양시 금호동 우리은행365(335m ↘),21.4,공차
SB-000005,2026-08-12,2026-08-12 10:53:00,14,22,DTG 데이터,전라남도 광양시 금호동 803(111m 범위),전라남도 광양시 금호동 우리은행365(343m ↘),27.8,공차
SB-000005,2026-08-12,2026-08-12 10:55:00,24,23,DTG 데이터,전라남도 광양시 금호동 642-1(179m 범위),전라남도 광양시 금호동 피엠에스(455m →),28,공차
SB-000005,2026-08-12,2026-08-12 10:57:00,40,24,DTG 데이터,전라남도 광양시 금호동 663(389m 범위),주변에 특정 건물이 없습니다,27.9,공차
SB-000005,2026-08-12,2026-08-12 10:59:00,0,24,DTG 데이터,전라남도 광양시 금호동 663(62m 범위),전라남도 광양시 금호동 포스코광양제철소(375m →),27.9,공차
SB-000005,2026-08-12,2026-08-12 11:01:00,30,25,DTG 데이터,전라남도 광양시 금호동 791(289m 범위),전라남도 광양시 금호동 2문(206m ↓),27.8,공차
SB-000005,2026-08-12,2026-08-12 11:03:00,0,26,DTG 데이터,전라남도 광양시 태인동 1664-1(24m 범위),전라남도 광양시 태인동 한영통신무전기CCTV(27m ↘),27.9,공차
SB-000005,2026-08-12,2026-08-12 11:05:00,59,26,DTG 데이터,전라남도 광양시 태인동 1736-2(66m 범위),전라남도 광양시 태인동 동원로엑스(21m ↖),28,공차
SB-000005,2026-08-12,2026-08-12 11:07:00,32,28,DTG 데이터,전라남도 광양시 태인동 28-266(45m 범위),전라남도 광양시 태인동 대도(47m ↘),27.9,공차
SB-000005,2026-08-12,2026-08-12 11:08:59,23,28,DTG 데이터,전라남도 광양시 태인동 1752(42m 범위),전라남도 광양시 태인동 심팩메탈(79m ↖),27.9,공차
SB-000005,2026-08-12,2026-08-12 11:11:00,9,29,DTG 데이터,전라남도 광양시 태인동 1714(111m 범위),전라남도 광양시 태인동 엔시스(117m ↑),28,공차
SB-000005,2026-08-12,2026-08-12 11:13:00,0,29,DTG 데이터,전라남도 광양시 태인동 1714(139m 범위),전라남도 광양시 태인동 엔시스(159m ↑),27.9,공차
SB-000005,2026-08-12,2026-08-12 11:15:00,18,29,DTG 데이터,전라남도 광양시 태인동 1714-2(54m 범위),전라남도 광양시 태인동 태성산업(57m ↗),27.9,공차
SB-000005,2026-08-12,2026-08-12 11:17:00,18,30,DTG 데이터,전라남도 광양시 태인동 1712(43m 범위),전라남도 광양시 태인동 우현피엔티(99m ↓),28,공차
SB-000005,2026-08-12,2026-08-12 11:19:01,35,31,DTG 데이터,전라남도 광양시 태인동 1656-2(72m 범위),전라남도 광양시 태인동 우진일렉트로나이트(84m ↖),27.9,공차
SB-000005,2026-08-12,2026-08-12 11:21:00,38,32,DTG 데이터,전라남도 광양시 태인동 1664-7(14m 범위),전라남도 광양시 태인동 장가계(21m ↘),27.9,공차
SB-000005,2026-08-12,2026-08-12 11:23:00,8,32,DTG 데이터,전라남도 광양시 금호동 791(158m 범위),전라남도 광양시 금호동 2문(14m ←),27.9,공차
SB-000005,2026-08-12,2026-08-12 11:25:00,39,33,DTG 데이터,전라남도 광양시 금호동 658(93m 범위),전라남도 광양시 금호동 정문(193m ↘),27.9,공차
SB-000005,2026-08-12,2026-08-12 11:27:00,31,34,DTG 데이터,주변에 검색된 지번이 없습니다,전라남도 광양시 금호동 1문(397m ↓),27.9,공차
SB-000005,2026-08-12,2026-08-12 11:29:00,8,35,DTG 데이터,전라남도 광양시 금호동 657(308m 범위),주변에 특정 건물이 없습니다,28,공차
SB-000005,2026-08-12,2026-08-12 11:31:00,0,35,DTG 데이터,전라남도 광양시 금호동 657(313m 범위),주변에 특정 건물이 없습니다,27.9,공차
SB-000005,2026-08-12,2026-08-12 11:33:00,0,35,DTG 데이터,전라남도 광양시 금호동 657(307m 범위),주변에 특정 건물이 없습니다,27.8,공차
SB-000005,2026-08-12,2026-08-12 11:34:01,0,35,공회전감지,전라남도 광양시 금호동 657(306m 범위),주변에 특정 건물이 없습니다,27.9,공차
SB-000005,2026-08-12,2026-08-12 11:35:00,0,35,DTG 데이터,전라남도 광양시 금호동 657(306m 범위),주변에 특정 건물이 없습니다,27.9,공차
SB-000005,2026-08-12,2026-08-12 11:37:00,0,35,DTG 데이터,전라남도 광양시 금호동 657(310m 범위),주변에 특정 건물이 없습니다,28,공차
SB-000005,2026-08-12,2026-08-12 11:38:38,5,35,공회전종료,전라남도 광양시 금호동 657(305m 범위),주변에 특정 건물이 없습니다,28,공차
SB-000005,2026-08-12,2026-08-12 11:39:00,0,35,DTG 데이터,전라남도 광양시 금호동 657(337m 범위),주변에 특정 건물이 없습니다,27.9,공차
SB-000005,2026-08-12,2026-08-12 11:41:00,0,36,DTG 데이터,전라남도 광양시 금호동 657(440m 범위),주변에 특정 건물이 없습니다,27.8,공차
SB-000005,2026-08-12,2026-08-12 11:43:00,0,36,DTG 데이터,전라남도 광양시 금호동 657(415m 범위),주변에 특정 건물이 없습니다,27.7,공차
SB-000005,2026-08-12,2026-08-12 11:45:01,0,36,DTG 데이터,전라남도 광양시 금호동 657(408m 범위),주변에 특정 건물이 없습니다,27.9,공차
SB-000005,2026-08-12,2026-08-12 11:45:08,0,36,공회전감지,전라남도 광양시 금호동 657(405m 범위),주변에 특정 건물이 없습니다,28,공차
SB-000005,2026-08-12,2026-08-12 11:45:28,5,36,공회전종료,전라남도 광양시 금호동 657(410m 범위),주변에 특정 건물이 없습니다,27.8,공차
SB-000005,2026-08-12,2026-08-12 11:47:00,11,36,DTG 데이터,전라남도 광양시 금호동 657(167m 범위),주변에 특정 건물이 없습니다,28,공차
SB-000005,2026-08-12,2026-08-12 11:49:00,0,36,DTG 데이터,전라남도 광양시 금호동 657(158m 범위),주변에 특정 건물이 없습니다,27.9,공차
SB-000005,2026-08-12,2026-08-12 11:51:00,25,37,DTG 데이터,전라남도 광양시 금호동 656(52m 범위),전라남도 광양시 금호동 한유엘엔에스(207m ↗),27.9,공차
SB-000005,2026-08-12,2026-08-12 11:53:00,20,38,DTG 데이터,전라남도 광양시 금호동 802(196m 범위),전라남도 광양시 금호동 아르고마린토탈(249m →),27.9,공차
SB-000005,2026-08-12,2026-08-12 11:55:00,0,38,DTG 데이터,전라남도 광양시 금호동 803(90m 범위),전라남도 광양시 금호동 우리은행365(329m ↘),27.9,공차
SB-000005,2026-08-12,2026-08-12 11:56:39,0,38,Key Off,전라남도 광양시 금호동 803(80m 범위),전라남도 광양시 금호동 포스코플로우(338m ↘),26.8,공차
SB-000005,2026-08-12,2026-08-12 11:57:32,0,38,Key On,전라남도 광양시 금호동 803(80m 범위),전라남도 광양시 금호동 우리은행365(338m ↘),21.4,공차
SB-000005,2026-08-12,2026-08-12 11:59:00,39,38,DTG 데이터,전라남도 광양시 금호동 671(112m 범위),전라남도 광양시 금호동 피엠에스(153m ↙),28,공차
SB-000005,2026-08-12,2026-08-12 12:01:00,2,39,DTG 데이터,전라남도 광양시 금호동 662(439m 범위),주변에 특정 건물이 없습니다,27.9,공차
SB-000005,2026-08-12,2026-08-12 12:03:01,20,40,DTG 데이터,전라남도 광양시 금호동 663(15m 범위),전라남도 광양시 금호동 포스코광양제철소(366m →),27.9,공차
SB-000005,2026-08-12,2026-08-12 12:05:01,14,41,DTG 데이터,전라남도 광양시 금호동 791(271m 범위),전라남도 광양시 금호동 2문(185m ↓),28,공차
SB-000005,2026-08-12,2026-08-12 12:07:01,24,42,DTG 데이터,전라남도 광양시 태인동 1664-7(69m 범위),전라남도 광양시 태인동 태인교(34m ↑),27.9,공차
SB-000005,2026-08-12,2026-08-12 12:09:00,40,43,DTG 데이터,전라남도 광양시 태인동 산96(65m 범위),전라남도 광양시 태인동 전국레미콘(42m ↗),28,공차
SB-000005,2026-08-12,2026-08-12 12:11:00,0,43,DTG 데이터,전라남도 광양시 태인동 1653-11(81m 범위),전라남도 광양시 태인동 케이아이씨(46m ↖),28,공차
SB-000005,2026-08-12,2026-08-12 12:11:35,0,43,Key Off,전라남도 광양시 태인동 1653-11(80m 범위),전라남도 광양시 태인동 케이아이씨(43m ↖),26.8,공차
SB-000005,2026-08-12,2026-08-12 12:32:55,0,43,Key On,전라남도 광양시 태인동 1653-11(80m 범위),전라남도 광양시 태인동 케이아이씨(43m ↖),20.2,공차
SB-000005,2026-08-12,2026-08-12 12:33:00,0,43,관제주기보고,전라남도 광양시 태인동 1653-7(81m 범위),전라남도 광양시 태인동 케이아이씨(54m ↖),26.1,공차
SB-000005,2026-08-12,2026-08-12 12:35:01,0,43,DTG 데이터,전라남도 광양시 태인동 1656-6(54m 범위),전라남도 광양시 태인동 포스코DX(42m ↑),28.1,공차
SB-000005,2026-08-12,2026-08-12 12:37:01,0,43,DTG 데이터,전라남도 광양시 태인동 1656-6(52m 범위),전라남도 광양시 태인동 포스코DX(47m ↗),27.7,공차
SB-000005,2026-08-12,2026-08-12 12:39:01,0,43,DTG 데이터,전라남도 광양시 태인동 1656-6(53m 범위),전라남도 광양시 태인동 포스코DX(51m ↗),27.8,공차
SB-000005,2026-08-12,2026-08-12 12:41:00,0,43,DTG 데이터,전라남도 광양시 태인동 1654-4(84m 범위),전라남도 광양시 태인동 동아스틸(80m ↓),27.9,공차
SB-000005,2026-08-12,2026-08-12 12:43:00,6,43,DTG 데이터,전라남도 광양시 태인동 1656-6(82m 범위),전라남도 광양시 태인동 동아스틸(80m ↓),27.9,공차
SB-000005,2026-08-12,2026-08-12 12:45:00,45,44,DTG 데이터,전라남도 광양시 태인동 1656-3(72m 범위),전라남도 광양시 태인동 전국레미콘(41m ←),27.9,공차
SB-000005,2026-08-12,2026-08-12 12:47:00,2,44,DTG 데이터,전라남도 광양시 태인동 1653-2(44m 범위),전라남도 광양시 태인동 SK엔크린(37m ↘),27.9,공차
SB-000005,2026-08-12,2026-08-12 12:49:00,12,45,DTG 데이터,전라남도 광양시 금호동 791(59m 범위),전라남도 광양시 금호동 태인교삼거리(60m ←),28,공차
SB-000005,2026-08-12,2026-08-12 12:51:00,13,46,DTG 데이터,전라남도 광양시 금호동 791(161m 범위),전라남도 광양시 금호동 2문(13m ↙),27.9,공차
SB-000005,2026-08-12,2026-08-12 12:53:01,38,47,DTG 데이터,전라남도 광양시 금호동 658(13m 범위),전라남도 광양시 금호동 정문(154m ↘),27.9,공차
SB-000005,2026-08-12,2026-08-12 12:55:00,34,48,DTG 데이터,주변에 검색된 지번이 없습니다,주변에 특정건물이 없습니다,27.9,공차
SB-000005,2026-08-12,2026-08-12 12:57:00,0,48,DTG 데이터,전라남도 광양시 금호동 631(159m 범위),전라남도 광양시 금호동 포렌(423m ←),27.8,공차
SB-000005,2026-08-12,2026-08-12 12:59:00,34,49,DTG 데이터,전라남도 광양시 금호동 656(204m 범위),전라남도 광양시 금호동 한유엘엔에스(400m ↗),28,공차
SB-000005,2026-08-12,2026-08-12 13:01:00,13,49,DTG 데이터,전라남도 광양시 금호동 656(247m 범위),전라남도 광양시 금호동 메인테크(329m ↖),27.8,공차
SB-000005,2026-08-12,2026-08-12 13:03:00,0,50,DTG 데이터,전라남도 광양시 금호동 802(310m 범위),전라남도 광양시 금호동 메인테크(197m ←),28.1,공차
SB-000005,2026-08-12,2026-08-12 13:05:00,0,50,DTG 데이터,전라남도 광양시 금호동 802(214m 범위),전라남도 광양시 금호동 메인테크(206m ←),27.6,공차
SB-000005,2026-08-12,2026-08-12 13:07:00,0,50,DTG 데이터,전라남도 광양시 금호동 802(268m 범위),전라남도 광양시 금호동 메인테크(153m ←),28,공차
SB-000005,2026-08-12,2026-08-12 13:07:00,0,50,공회전감지,전라남도 광양시 금호동 802(268m 범위),전라남도 광양시 금호동 천문산업안전(153m ←),28,공차
SB-000005,2026-08-12,2026-08-12 13:09:00,0,50,DTG 데이터,전라남도 광양시 금호동 802(279m 범위),전라남도 광양시 금호동 천문산업안전(148m ←),27.8,공차
SB-000005,2026-08-12,2026-08-12 13:11:00,0,50,DTG 데이터,전라남도 광양시 금호동 656(280m 범위),전라남도 광양시 금호동 천문산업안전(226m ←),27.8,공차
SB-000005,2026-08-12,2026-08-12 13:12:01,0,50,공회전유지,전라남도 광양시 금호동 656(259m 범위),전라남도 광양시 금호동 메인테크(256m ←),28,공차
SB-000005,2026-08-12,2026-08-12 13:13:00,0,50,DTG 데이터,전라남도 광양시 금호동 656(317m 범위),전라남도 광양시 금호동 메인테크(209m ↖),28,공차
SB-000005,2026-08-12,2026-08-12 13:13:16,0,50,DTG GPS 이상,전라남도 광양시 금호동 802(342m 범위),전라남도 광양시 금호동 천문산업안전(182m ↖),27.9,공차
SB-000005,2026-08-12,2026-08-12 13:13:19,3,50,공회전종료,전라남도 광양시 금호동 802(334m 범위),전라남도 광양시 금호동 메인테크(179m ↖),27.9,공차
SB-000005,2026-08-12,2026-08-12 13:15:00,7,50,DTG 데이터,전라남도 광양시 금호동 656(297m 범위),전라남도 광양시 금호동 천문산업안전(218m ←),28,공차
SB-000005,2026-08-12,2026-08-12 13:15:23,25,50,DTG GPS 정상,전라남도 광양시 금호동 656(260m 범위),전라남도 광양시 금호동 천문산업안전(312m ↖),27.9,공차
SB-000005,2026-08-12,2026-08-12 13:17:00,17,50,DTG 데이터,전라남도 광양시 금호동 634(107m 범위),전라남도 광양시 금호동 광양제품부두점(90m ↗),27.7,공차
SB-000005,2026-08-12,2026-08-12 13:19:00,0,51,DTG 데이터,전라남도 광양시 금호동 803(84m 범위),전라남도 광양시 금호동 우리은행365(334m ↘),28.1,공차
SB-000005,2026-08-12,2026-08-12 13:20:01,0,51,Key Off,전라남도 광양시 금호동 803(74m 범위),전라남도 광양시 금호동 우리은행365(344m ↘),26.7,공차
SB-000005,2026-08-12,2026-08-12 13:20:33,0,51,Key On,전라남도 광양시 금호동 803(74m 범위),전라남도 광양시 금호동 우리은행365(344m ↘),21.3,공차
SB-000005,2026-08-12,2026-08-12 13:21:00,17,51,DTG 데이터,전라남도 광양시 금호동 803(95m 범위),전라남도 광양시 금호동 우리은행365(370m ↘),27.9,공차
SB-000005,2026-08-12,2026-08-12 13:23:00,0,52,DTG 데이터,전라남도 광양시 금호동 642-1(161m 범위),전라남도 광양시 금호동 피엠에스(467m →),27.7,공차
SB-000005,2026-08-12,2026-08-12 13:25:00,38,53,DTG 데이터,전라남도 광양시 금호동 663(370m 범위),전라남도 광양시 금호동 포스코광양제철소(484m ↘),28.1,공차
SB-000005,2026-08-12,2026-08-12 13:27:01,38,54,DTG 데이터,주변에 검색된 지번이 없습니다,주변에 특정건물이 없습니다,28,공차
SB-000005,2026-08-12,2026-08-12 13:29:01,0,55,DTG 데이터,전라남도 광양시 금호동 791(36m 범위),전라남도 광양시 금호동 태인교삼거리(32m ←),27.9,공차
SB-000005,2026-08-12,2026-08-12 13:31:00,18,56,DTG 데이터,전라남도 광양시 태인동 303-97(2m 범위),전라남도 광양시 태인동 거양엔지니어링(50m →),27.9,공차
SB-000005,2026-08-12,2026-08-12 13:33:00,0,56,DTG 데이터,전라남도 광양시 태인동 309-7(14m 범위),전라남도 광양시 태인동 세움건설(31m ↘),28.1,공차
SB-000005,2026-08-12,2026-08-12 13:35:00,0,56,DTG 데이터,전라남도 광양시 태인동 309-7(12m 범위),전라남도 광양시 태인동 세움건설(31m ↘),27.9,공차
SB-000005,2026-08-12,2026-08-12 13:36:47,0,56,공회전감지,전라남도 광양시 태인동 산111-5(8m 범위),전라남도 광양시 태인동 세움건설(33m ↘),27.9,공차
SB-000005,2026-08-12,2026-08-12 13:37:00,0,56,DTG 데이터,전라남도 광양시 태인동 산111-5(8m 범위),전라남도 광양시 태인동 세움건설(32m ↘),27.9,공차
SB-000005,2026-08-12,2026-08-12 13:39:00,0,56,DTG 데이터,전라남도 광양시 태인동 309-7(12m 범위),전라남도 광양시 태인동 세움건설(31m ↘),28.1,공차
SB-000005,2026-08-12,2026-08-12 13:41:00,0,56,DTG 데이터,전라남도 광양시 태인동 309-3(4m 범위),전라남도 광양시 태인동 세움건설(45m ↘),28,공차
SB-000005,2026-08-12,2026-08-12 13:41:47,0,56,공회전유지,전라남도 광양시 태인동 309-3(9m 범위),전라남도 광양시 태인동 세움건설(46m ↘),28,공차
SB-000005,2026-08-12,2026-08-12 13:43:00,0,56,DTG 데이터,전라남도 광양시 태인동 309-7(12m 범위),전라남도 광양시 태인동 세움건설(39m ↘),27.9,공차
SB-000005,2026-08-12,2026-08-12 13:43:34,5,56,공회전종료,전라남도 광양시 태인동 309-7(9m 범위),전라남도 광양시 태인동 세움건설(37m ↘),27.7,공차
SB-000005,2026-08-12,2026-08-12 13:45:00,0,56,DTG 데이터,전라남도 광양시 태인동 309-6(12m 범위),전라남도 광양시 태인동 세움건설(41m ↗),27.7,공차
SB-000005,2026-08-12,2026-08-12 13:45:48,0,56,Key Off,전라남도 광양시 태인동 343-7(17m 범위),전라남도 광양시 태인동 세움건설(66m ↗),26.8,공차
SB-000005,2026-08-12,2026-08-12 13:51:49,0,56,Key On,전라남도 광양시 태인동 343-7(17m 범위),전라남도 광양시 태인동 세움건설(66m ↗),20.8,공차
SB-000005,2026-08-12,2026-08-12 13:52:58,0,56,Key Off,전라남도 광양시 태인동 309-3(5m 범위),전라남도 광양시 태인동 경남스틸(38m ↙),26.9,공차
SB-000005,2026-08-12,2026-08-12 13:56:33,0,56,Key On,전라남도 광양시 태인동 309-3(5m 범위),전라남도 광양시 태인동 경남스틸(38m ↙),20.8,공차
SB-000005,2026-08-12,2026-08-12 13:57:00,17,56,DTG 데이터,전라남도 광양시 태인동 306(46m 범위),전라남도 광양시 태인동 경남스틸(59m →),27.9,공차
SB-000005,2026-08-12,2026-08-12 13:59:00,32,56,DTG 데이터,전라남도 광양시 태인동 303-156(10m 범위),전라남도 광양시 태인동 거양엔지니어링(100m ↑),27.9,공차
SB-000005,2026-08-12,2026-08-12 14:01:00,36,57,DTG 데이터,전라남도 광양시 금호동 791(93m 범위),전라남도 광양시 금호동 2문(58m ↗),27.9,공차
SB-000005,2026-08-12,2026-08-12 14:03:01,37,58,DTG 데이터,전라남도 광양시 금호동 637(223m 범위),전라남도 광양시 금호동 제철삼거리(287m ↓),28,공차
SB-000005,2026-08-12,2026-08-12 14:05:01,23,59,DTG 데이터,전라남도 광양시 금호동 652(406m 범위),전라남도 광양시 금호동 1문(253m ↓),27.9,공차
SB-000005,2026-08-12,2026-08-12 14:07:00,0,60,DTG 데이터,전라남도 광양시 금호동 631(174m 범위),전라남도 광양시 금호동 광일엔지니어링(413m ←),27.9,공차
SB-000005,2026-08-12,2026-08-12 14:09:00,27,61,DTG 데이터,전라남도 광양시 금호동 653(420m 범위),주변에 특정 건물이 없습니다,27.9,공차
SB-000005,2026-08-12,2026-08-12 14:11:00,0,61,DTG 데이터,전라남도 광양시 금호동 656(288m 범위),전라남도 광양시 금호동 한유엘엔에스(492m ↗),28,공차
SB-000005,2026-08-12,2026-08-12 14:13:00,0,61,DTG 데이터,전라남도 광양시 금호동 656(213m 범위),전라남도 광양시 금호동 한유엘엔에스(418m ↗),27.8,공차
SB-000005,2026-08-12,2026-08-12 14:15:00,0,61,DTG 데이터,전라남도 광양시 금호동 656(258m 범위),전라남도 광양시 금호동 한유엘엔에스(462m ↗),27.9,공차
SB-000005,2026-08-12,2026-08-12 14:15:47,0,61,공회전감지,전라남도 광양시 금호동 656(247m 범위),전라남도 광양시 금호동 한유엘엔에스(451m ↗),28,공차
SB-000005,2026-08-12,2026-08-12 14:17:00,0,61,DTG 데이터,전라남도 광양시 금호동 656(241m 범위),전라남도 광양시 금호동 한유엘엔에스(445m ↗),27.9,공차
SB-000005,2026-08-12,2026-08-12 14:19:01,0,61,DTG 데이터,전라남도 광양시 금호동 656(233m 범위),전라남도 광양시 금호동 한유엘엔에스(437m ↗),27.9,공차
SB-000005,2026-08-12,2026-08-12 14:20:23,5,61,공회전종료,전라남도 광양시 금호동 656(230m 범위),전라남도 광양시 금호동 한유엘엔에스(435m ↗),27.7,공차
SB-000005,2026-08-12,2026-08-12 14:21:01,8,61,DTG 데이터,전라남도 광양시 금호동 656(131m 범위),전라남도 광양시 금호동 한유엘엔에스(336m ↗),27.8,공차
SB-000005,2026-08-12,2026-08-12 14:23:01,27,62,DTG 데이터,전라남도 광양시 금호동 802(45m 범위),전라남도 광양시 금호동 아르고마린토탈(39m ↗),28,공차
SB-000005,2026-08-12,2026-08-12 14:24:33,0,62,Key Off,전라남도 광양시 금호동 803(96m 범위),전라남도 광양시 금호동 우리은행365(323m ↘),26.8,공차
SB-000005,2026-08-12,2026-08-12 14:25:03,0,62,Key On,전라남도 광양시 금호동 803(96m 범위),전라남도 광양시 금호동 우리은행365(323m ↘),20.3,공차
SB-000005,2026-08-12,2026-08-12 14:27:00,38,63,DTG 데이터,전라남도 광양시 금호동 662(34m 범위),전라남도 광양시 금호동 피엠에스(226m →),28,공차
SB-000005,2026-08-12,2026-08-12 14:29:00,38,64,DTG 데이터,주변에 검색된 지번이 없습니다,주변에 특정건물이 없습니다,28,공차
SB-000005,2026-08-12,2026-08-12 14:31:00,32,65,DTG 데이터,전라남도 광양시 금호동 663(272m 범위),전라남도 광양시 금호동 포스코광양제철소(485m ↗),27.8,공차
SB-000005,2026-08-12,2026-08-12 14:33:00,10,66,DTG 데이터,전라남도 광양시 금호동 791(215m 범위),전라남도 광양시 금호동 2문(115m ↓),27.8,공차
SB-000005,2026-08-12,2026-08-12 14:35:00,47,66,DTG 데이터,전라남도 광양시 태인동 303-35(43m 범위),전라남도 광양시 태인동 소모홀딩스(25m ↖),28,공차
SB-000005,2026-08-12,2026-08-12 14:37:01,23,68,DTG 데이터,전라남도 광양시 태인동 1655(95m 범위),전라남도 광양시 태인동 CJ대한통운광양지사(65m ↘),27.8,공차
SB-000005,2026-08-12,2026-08-12 14:39:01,0,68,DTG 데이터,전라남도 광양시 태인동 1654-1(38m 범위),전라남도 광양시 태인동 흥해물류(56m ↘),27.9,공차
SB-000005,2026-08-12,2026-08-12 14:41:00,0,68,DTG 데이터,전라남도 광양시 태인동 1654-1(41m 범위),전라남도 광양시 태인동 대한통운(73m ↘),28,공차
SB-000005,2026-08-12,2026-08-12 14:43:00,0,69,DTG 데이터,전라남도 광양시 태인동 1653-11(20m 범위),전라남도 광양시 태인동 용지삼거리(8m ↘),27.8,공차
SB-000005,2026-08-12,2026-08-12 14:45:00,54,70,DTG 데이터,전라남도 광양시 태인동 1664(40m 범위),전라남도 광양시 태인동 서강기업(38m ↘),27.8,공차
SB-000005,2026-08-12,2026-08-12 14:47:00,0,71,DTG 데이터,전라남도 광양시 금호동 791(92m 범위),전라남도 광양시 금호동 2문(59m ↗),27.9,공차
SB-000005,2026-08-12,2026-08-12 14:49:00,34,71,DTG 데이터,전라남도 광양시 금호동 800(324m 범위),전라남도 광양시 금호동 2문(257m ↓),27.9,공차
SB-000005,2026-08-12,2026-08-12 14:50:54,0,72,Key Off,전라남도 광양시 금호동 658(105m 범위),전라남도 광양시 금호동 정문(181m ↘),26.8,공차
SB-000005,2026-08-12,2026-08-12 15:13:38,0,72,Key On,전라남도 광양시 금호동 658(105m 범위),전라남도 광양시 금호동 정문(181m ↘),19.3,공차
SB-000005,2026-08-12,2026-08-12 15:15:00,0,72,DTG 데이터,전라남도 광양시 금호동 658(107m 범위),전라남도 광양시 금호동 정문(173m ↘),28,공차
SB-000005,2026-08-12,2026-08-12 15:17:01,0,72,DTG 데이터,전라남도 광양시 금호동 658(111m 범위),전라남도 광양시 금호동 정문(169m ↘),28,공차
SB-000005,2026-08-12,2026-08-12 15:19:00,34,72,DTG 데이터,전라남도 광양시 금호동 658(234m 범위),전라남도 광양시 금호동 정문(266m ↙),28,공차
SB-000005,2026-08-12,2026-08-12 15:21:00,0,73,DTG 데이터,전라남도 광양시 금호동 636(407m 범위),전라남도 광양시 금호동 포렌(262m ↖),27.9,공차
SB-000005,2026-08-12,2026-08-12 15:23:00,0,73,DTG 데이터,전라남도 광양시 금호동 636(338m 범위),전라남도 광양시 금호동 광일엔지니어링(341m ↖),28,공차
SB-000005,2026-08-12,2026-08-12 15:25:00,0,73,DTG 데이터,전라남도 광양시 금호동 636(327m 범위),전라남도 광양시 금호동 광일엔지니어링(318m ↑),28,공차
SB-000005,2026-08-12,2026-08-12 15:25:55,0,73,공회전감지,전라남도 광양시 금호동 636(347m 범위),전라남도 광양시 금호동 광일엔지니어링(299m ↑),27.9,공차
SB-000005,2026-08-12,2026-08-12 15:27:00,0,73,DTG 데이터,전라남도 광양시 금호동 636(435m 범위),전라남도 광양시 금호동 광일엔지니어링(220m ↖),27.8,공차
SB-000005,2026-08-12,2026-08-12 15:29:01,0,73,DTG 데이터,전라남도 광양시 금호동 636(442m 범위),전라남도 광양시 금호동 광일엔지니어링(228m ↖),28,공차
SB-000005,2026-08-12,2026-08-12 15:29:30,5,73,공회전종료,전라남도 광양시 금호동 636(412m 범위),전라남도 광양시 금호동 광일엔지니어링(265m ↖),27.8,공차
SB-000005,2026-08-12,2026-08-12 15:31:01,5,73,DTG 데이터,전라남도 광양시 금호동 631(425m 범위),전라남도 광양시 금호동 광일엔지니어링(414m ←),28,공차
SB-000005,2026-08-12,2026-08-12 15:33:00,37,74,DTG 데이터,전라남도 광양시 금호동 657(202m 범위),주변에 특정 건물이 없습니다,27.9,공차
SB-000005,2026-08-12,2026-08-12 15:35:00,16,75,DTG 데이터,전라남도 광양시 금호동 634(106m 범위),전라남도 광양시 금호동 광양제품부두점(79m ↗),27.8,공차
SB-000005,2026-08-12,2026-08-12 15:37:00,0,76,DTG 데이터,전라남도 광양시 금호동 803(98m 범위),전라남도 광양시 금호동 우리은행365(322m ↘),27.9,공차
SB-000005,2026-08-12,2026-08-12 15:39:00,0,76,DTG 데이터,전라남도 광양시 금호동 803(95m 범위),전라남도 광양시 금호동 우리은행365(324m ↘),27.9,공차
SB-000005,2026-08-12,2026-08-12 15:41:00,0,76,DTG 데이터,전라남도 광양시 금호동 803(85m 범위),전라남도 광양시 금호동 포스코플로우(334m ↘),27.8,공차
SB-000005,2026-08-12,2026-08-12 15:42:57,0,76,Key Off,전라남도 광양시 금호동 803(74m 범위),전라남도 광양시 금호동 우리은행365(345m ↘),26.8,공차
SB-000005,2026-08-12,2026-08-12 15:44:37,0,76,Key On,전라남도 광양시 금호동 803(74m 범위),전라남도 광양시 금호동 포스코플로우(345m ↘),21.1,공차
SB-000005,2026-08-12,2026-08-12 15:45:01,10,76,DTG 데이터,전라남도 광양시 금호동 803(69m 범위),전라남도 광양시 금호동 우리은행365(378m ↘),27.3,공차
SB-000005,2026-08-12,2026-08-12 15:47:01,29,77,DTG 데이터,전라남도 광양시 금호동 642-1(189m 범위),전라남도 광양시 금호동 피엠에스(431m →),27.8,공차
SB-000005,2026-08-12,2026-08-12 15:49:01,39,77,DTG 데이터,전라남도 광양시 금호동 663(490m 범위),주변에 특정 건물이 없습니다,27.6,공차
SB-000005,2026-08-12,2026-08-12 15:51:00,39,79,DTG 데이터,주변에 검색된 지번이 없습니다,주변에 특정건물이 없습니다,28,공차
SB-000005,2026-08-12,2026-08-12 15:53:00,0,79,DTG 데이터,전라남도 광양시 금호동 791(249m 범위),전라남도 광양시 금호동 2문(159m ↓),28,공차
SB-000005,2026-08-12,2026-08-12 15:55:00,24,79,DTG 데이터,전라남도 광양시 금호동 791(21m 범위),전라남도 광양시 금호동 태인교삼거리(36m ↑),27.7,공차
SB-000005,2026-08-12,2026-08-12 15:57:00,24,80,DTG 데이터,전라남도 광양시 태인동 303-152(32m 범위),전라남도 광양시 태인동 버스정류장(36m ↙),28,공차
SB-000005,2026-08-12,2026-08-12 15:59:00,38,81,DTG 데이터,전라남도 광양시 태인동 28-198(6m 범위),전라남도 광양시 태인동 태인전업사(32m ↗),28,공차
SB-000005,2026-08-12,2026-08-12 16:01:00,11,82,DTG 데이터,전라남도 광양시 태인동 1753(91m 범위),전라남도 광양시 태인동 삼현철강(124m ←),28,공차
SB-000005,2026-08-12,2026-08-12 16:03:00,0,82,DTG 데이터,전라남도 광양시 태인동 1740(43m 범위),전라남도 광양시 태인동 한국상용트럭서비스센터(161m ↑),27.9,공차
SB-000005,2026-08-12,2026-08-12 16:03:59,0,82,Key Off,전라남도 광양시 태인동 1740(77m 범위),전라남도 광양시 태인동 강변특장(196m ↗),26.9,공차
SB-000005,2026-08-12,2026-08-12 16:10:59,0,82,Key On,전라남도 광양시 태인동 1740(77m 범위),전라남도 광양시 태인동 강변특장(196m ↗),21,공차
SB-000005,2026-08-12,2026-08-12 16:11:02,0,82,관제주기보고,전라남도 광양시 태인동 1740(77m 범위),전라남도 광양시 태인동 강변특장(196m ↗),26.9,공차
SB-000005,2026-08-12,2026-08-12 16:13:00,33,83,DTG 데이터,전라남도 광양시 태인동 1740(138m 범위),전라남도 광양시 태인동 한국상용트럭서비스센터(134m →),27.9,공차
SB-000005,2026-08-12,2026-08-12 16:15:00,18,84,DTG 데이터,전라남도 광양시 태인동 1654-4(38m 범위),전라남도 광양시 태인동 GS칼텍스(36m ↙),27.9,공차
SB-000005,2026-08-12,2026-08-12 16:17:00,0,84,DTG 데이터,전라남도 광양시 태인동 1654-7(134m 범위),전라남도 광양시 태인동 CJ대한통운광양지사(71m →),28,공차
SB-000005,2026-08-12,2026-08-12 16:19:00,0,84,DTG 데이터,전라남도 광양시 태인동 1655(129m 범위),전라남도 광양시 태인동 CJ대한통운광양지사(70m →),27.8,공차
SB-000005,2026-08-12,2026-08-12 16:20:54,0,84,공회전감지,전라남도 광양시 태인동 1655(131m 범위),전라남도 광양시 태인동 CJ대한통운광양지사(72m →),27.9,공차
SB-000005,2026-08-12,2026-08-12 16:21:00,0,84,DTG 데이터,전라남도 광양시 태인동 1655(131m 범위),전라남도 광양시 태인동 CJ대한통운광양지사(72m →),27.8,공차
SB-000005,2026-08-12,2026-08-12 16:23:01,0,84,DTG 데이터,전라남도 광양시 태인동 1654-7(134m 범위),전라남도 광양시 태인동 CJ대한통운광양지사(72m →),27.9,공차
SB-000005,2026-08-12,2026-08-12 16:25:01,0,84,DTG 데이터,전라남도 광양시 태인동 1655(132m 범위),전라남도 광양시 태인동 CJ대한통운광양지사(71m →),28,공차
SB-000005,2026-08-12,2026-08-12 16:25:55,0,84,공회전유지,전라남도 광양시 태인동 1654-7(133m 범위),전라남도 광양시 태인동 CJ대한통운광양지사(73m →),28,공차
SB-000005,2026-08-12,2026-08-12 16:27:01,0,84,DTG 데이터,전라남도 광양시 태인동 1654-7(133m 범위),전라남도 광양시 태인동 CJ대한통운광양지사(72m →),27.7,공차
SB-000005,2026-08-12,2026-08-12 16:29:00,0,84,DTG 데이터,전라남도 광양시 태인동 1654-7(130m 범위),전라남도 광양시 태인동 CJ대한통운광양지사(76m →),28,공차
SB-000005,2026-08-12,2026-08-12 16:30:54,0,84,공회전유지,전라남도 광양시 태인동 1654-7(132m 범위),전라남도 광양시 태인동 CJ대한통운광양지사(75m →),27.9,공차
SB-000005,2026-08-12,2026-08-12 16:31:00,0,84,DTG 데이터,전라남도 광양시 태인동 1654-7(131m 범위),전라남도 광양시 태인동 CJ대한통운광양지사(75m →),27.6,공차
SB-000005,2026-08-12,2026-08-12 16:33:00,0,84,DTG 데이터,전라남도 광양시 태인동 1654-7(132m 범위),전라남도 광양시 태인동 CJ대한통운광양지사(73m →),27.9,공차
SB-000005,2026-08-12,2026-08-12 16:35:00,0,84,DTG 데이터,전라남도 광양시 태인동 1654-7(132m 범위),전라남도 광양시 태인동 CJ대한통운광양지사(72m →),27.9,공차
SB-000005,2026-08-12,2026-08-12 16:35:54,0,84,공회전유지,전라남도 광양시 태인동 1654-7(130m 범위),전라남도 광양시 태인동 CJ대한통운광양지사(75m →),27.9,공차
SB-000005,2026-08-12,2026-08-12 16:37:00,0,84,DTG 데이터,전라남도 광양시 태인동 1654-7(129m 범위),전라남도 광양시 태인동 CJ대한통운광양지사(75m →),28,공차
SB-000005,2026-08-12,2026-08-12 16:39:00,0,84,DTG 데이터,전라남도 광양시 태인동 1654-7(132m 범위),전라남도 광양시 태인동 CJ대한통운광양지사(71m →),27.8,공차
SB-000005,2026-08-12,2026-08-12 16:40:46,0,84,공회전종료,전라남도 광양시 태인동 1655(129m 범위),전라남도 광양시 태인동 CJ대한통운광양지사(69m →),26.8,공차
SB-000005,2026-08-12,2026-08-12 16:40:46,0,84,Key Off,전라남도 광양시 태인동 1655(129m 범위),전라남도 광양시 태인동 CJ대한통운광양지사(69m →),26.8,공차
SB-000006,2026-08-12,2026-08-12 03:23:27,0,0,리셋보고,전라남도 광양시 태인동 1654-7(124m 범위),전라남도 광양시 태인동 CJ대한통운광양지사(82m →),25.6,공차
SB-000006,2026-08-12,2026-08-12 07:20:12,0,0,Key On,전라남도 광양시 태인동 1654-7(124m 범위),전라남도 광양시 태인동 CJ대한통운광양지사(82m →),24.9,공차
SB-000006,2026-08-12,2026-08-12 07:20:22,0,0,Key Off,전라남도 광양시 태인동 1654-7(123m 범위),전라남도 광양시 태인동 CJ대한통운광양지사(86m →),25,공차
SB-000006,2026-08-12,2026-08-12 07:25:55,0,0,Key On,전라남도 광양시 태인동 1654-7(123m 범위),전라남도 광양시 태인동 CJ대한통운광양지사(86m →),24.7,공차
SB-000006,2026-08-12,2026-08-12 07:26:55,0,0,DTG 데이터,전라남도 광양시 태인동 1654-7(123m 범위),전라남도 광양시 태인동 CJ대한통운광양지사(90m →),24.6,공차
SB-000006,2026-08-12,2026-08-12 07:28:56,0,0,DTG 데이터,전라남도 광양시 태인동 1654-7(120m 범위),전라남도 광양시 태인동 CJ대한통운광양지사(91m →),28,공차
SB-000006,2026-08-12,2026-08-12 07:30:56,0,0,DTG 데이터,전라남도 광양시 태인동 1654-7(127m 범위),전라남도 광양시 태인동 CJ대한통운광양지사(83m →),28.2,공차
SB-000006,2026-08-12,2026-08-12 07:32:10,0,0,공회전감지,전라남도 광양시 태인동 1654-7(125m 범위),전라남도 광양시 태인동 CJ대한통운광양지사(87m →),28.1,공차
SB-000006,2026-08-12,2026-08-12 07:32:55,0,0,DTG 데이터,전라남도 광양시 태인동 1654-7(125m 범위),전라남도 광양시 태인동 CJ대한통운광양지사(86m →),28.1,공차
SB-000006,2026-08-12,2026-08-12 07:34:55,0,0,DTG 데이터,전라남도 광양시 태인동 1654-7(126m 범위),전라남도 광양시 태인동 CJ대한통운광양지사(86m →),28.2,공차
SB-000006,2026-08-12,2026-08-12 07:36:55,0,0,DTG 데이터,전라남도 광양시 태인동 1654-7(126m 범위),전라남도 광양시 태인동 CJ대한통운광양지사(83m →),28.1,공차
SB-000006,2026-08-12,2026-08-12 07:37:10,0,0,공회전유지,전라남도 광양시 태인동 1654-7(124m 범위),전라남도 광양시 태인동 CJ대한통운광양지사(85m →),28,공차
SB-000006,2026-08-12,2026-08-12 07:38:56,0,0,DTG 데이터,전라남도 광양시 태인동 1654-7(123m 범위),전라남도 광양시 태인동 CJ대한통운광양지사(87m →),28,공차
SB-000006,2026-08-12,2026-08-12 07:40:55,0,0,DTG 데이터,전라남도 광양시 태인동 1654-7(124m 범위),전라남도 광양시 태인동 CJ대한통운광양지사(87m →),28.1,공차
SB-000006,2026-08-12,2026-08-12 07:42:03,0,0,DTG GPS 이상,전라남도 광양시 태인동 1654-7(124m 범위),전라남도 광양시 태인동 CJ대한통운광양지사(83m →),28.1,공차
SB-000006,2026-08-12,2026-08-12 07:42:10,0,0,공회전유지,전라남도 광양시 태인동 1654-7(124m 범위),전라남도 광양시 태인동 CJ대한통운광양지사(84m →),28,공차
SB-000006,2026-08-12,2026-08-12 07:42:55,0,0,DTG 데이터,전라남도 광양시 태인동 1654-7(124m 범위),전라남도 광양시 태인동 CJ대한통운광양지사(84m →),28.1,공차
SB-000006,2026-08-12,2026-08-12 07:44:55,0,0,DTG 데이터,전라남도 광양시 태인동 1654-7(122m 범위),전라남도 광양시 태인동 CJ대한통운광양지사(86m →),28.1,공차
SB-000006,2026-08-12,2026-08-12 07:46:56,0,0,DTG 데이터,전라남도 광양시 태인동 1654-7(123m 범위),전라남도 광양시 태인동 CJ대한통운광양지사(87m →),28,공차
SB-000006,2026-08-12,2026-08-12 07:47:10,0,0,공회전유지,전라남도 광양시 태인동 1654-7(123m 범위),전라남도 광양시 태인동 CJ대한통운광양지사(87m →),28.1,공차
SB-000006,2026-08-12,2026-08-12 07:48:56,0,0,DTG 데이터,전라남도 광양시 태인동 1654-7(124m 범위),전라남도 광양시 태인동 CJ대한통운광양지사(86m →),28,공차
SB-000006,2026-08-12,2026-08-12 07:50:56,0,0,DTG 데이터,전라남도 광양시 태인동 1654-7(126m 범위),전라남도 광양시 태인동 CJ대한통운광양지사(84m →),28,공차
SB-000006,2026-08-12,2026-08-12 07:52:10,0,0,공회전유지,전라남도 광양시 태인동 1654-7(126m 범위),전라남도 광양시 태인동 CJ대한통운광양지사(84m →),28.1,공차
SB-000006,2026-08-12,2026-08-12 07:52:55,0,0,DTG 데이터,전라남도 광양시 태인동 1654-7(127m 범위),전라남도 광양시 태인동 CJ대한통운광양지사(83m →),28.1,공차
SB-000006,2026-08-12,2026-08-12 07:54:55,0,0,DTG 데이터,전라남도 광양시 태인동 1654-7(125m 범위),전라남도 광양시 태인동 CJ대한통운광양지사(83m →),28.1,공차
SB-000006,2026-08-12,2026-08-12 07:56:55,0,0,DTG 데이터,전라남도 광양시 태인동 1654-7(121m 범위),전라남도 광양시 태인동 CJ대한통운광양지사(87m →),27.9,공차
SB-000006,2026-08-12,2026-08-12 07:57:09,0,0,공회전유지,전라남도 광양시 태인동 1654-7(122m 범위),전라남도 광양시 태인동 CJ대한통운광양지사(87m →),28.2,공차
SB-000006,2026-08-12,2026-08-12 07:57:26,4,0,공회전종료,전라남도 광양시 태인동 1654-7(126m 범위),전라남도 광양시 태인동 CJ대한통운광양지사(84m →),27.9,공차
SB-000006,2026-08-12,2026-08-12 07:58:55,38,1,DTG 데이터,전라남도 광양시 태인동 1656-3(74m 범위),전라남도 광양시 태인동 전국레미콘(43m ←),28.3,공차
SB-000006,2026-08-12,2026-08-12 08:00:55,34,2,DTG 데이터,전라남도 광양시 태인동 1664-3(12m 범위),전라남도 광양시 태인동 태인꽃화원(20m ↘),28.2,공차
SB-000006,2026-08-12,2026-08-12 08:02:55,11,2,DTG 데이터,전라남도 광양시 금호동 791(69m 범위),전라남도 광양시 금호동 태인교삼거리(71m ←),27.6,공차
SB-000006,2026-08-12,2026-08-12 08:04:56,38,3,DTG 데이터,전라남도 광양시 금호동 637(174m 범위),전라남도 광양시 금호동 버스정류장(376m ↙),27.8,공차
SB-000006,2026-08-12,2026-08-12 08:06:56,39,4,DTG 데이터,전라남도 광양시 금호동 636(313m 범위),전라남도 광양시 금호동 1문(273m ↘),27.8,공차
SB-000006,2026-08-12,2026-08-12 08:08:56,0,5,DTG 데이터,전라남도 광양시 금호동 631(208m 범위),전라남도 광양시 금호동 광일엔지니어링(392m ←),27.7,공차
SB-000006,2026-08-12,2026-08-12 08:10:55,17,6,DTG 데이터,전라남도 광양시 금호동 657(260m 범위),주변에 특정 건물이 없습니다,27.7,공차
SB-000006,2026-08-12,2026-08-12 08:12:55,0,6,DTG 데이터,전라남도 광양시 금호동 657(245m 범위),주변에 특정 건물이 없습니다,28.1,공차
SB-000006,2026-08-12,2026-08-12 08:14:55,0,6,DTG 데이터,전라남도 광양시 금호동 657(236m 범위),주변에 특정 건물이 없습니다,28,공차
SB-000006,2026-08-12,2026-08-12 08:16:55,6,6,DTG 데이터,전라남도 광양시 금호동 657(238m 범위),주변에 특정 건물이 없습니다,27.8,공차
SB-000006,2026-08-12,2026-08-12 08:18:55,0,6,DTG 데이터,전라남도 광양시 금호동 657(235m 범위),주변에 특정 건물이 없습니다,27.6,공차
SB-000006,2026-08-12,2026-08-12 08:20:56,0,6,DTG 데이터,전라남도 광양시 금호동 657(220m 범위),주변에 특정 건물이 없습니다,28.1,공차
SB-000006,2026-08-12,2026-08-12 08:22:56,0,6,DTG 데이터,전라남도 광양시 금호동 657(224m 범위),주변에 특정 건물이 없습니다,28,공차
SB-000006,2026-08-12,2026-08-12 08:24:03,0,6,공회전감지,전라남도 광양시 금호동 657(205m 범위),주변에 특정 건물이 없습니다,28.1,공차
SB-000006,2026-08-12,2026-08-12 08:24:56,0,6,DTG 데이터,전라남도 광양시 금호동 657(228m 범위),주변에 특정 건물이 없습니다,28,공차
SB-000006,2026-08-12,2026-08-12 08:26:56,0,6,DTG 데이터,전라남도 광양시 금호동 657(231m 범위),주변에 특정 건물이 없습니다,28.2,공차
SB-000006,2026-08-12,2026-08-12 08:27:24,4,6,공회전종료,전라남도 광양시 금호동 657(235m 범위),주변에 특정 건물이 없습니다,27.9,공차
SB-000006,2026-08-12,2026-08-12 08:28:55,13,6,DTG 데이터,전라남도 광양시 금호동 657(353m 범위),주변에 특정 건물이 없습니다,27.6,공차
SB-000006,2026-08-12,2026-08-12 08:30:55,17,7,DTG 데이터,전라남도 광양시 금호동 634(141m 범위),전라남도 광양시 금호동 광양제품부두점(101m →),27.8,공차
SB-000006,2026-08-12,2026-08-12 08:32:55,0,8,DTG 데이터,전라남도 광양시 금호동 803(99m 범위),전라남도 광양시 금호동 우리은행365(319m ↘),28,공차
SB-000006,2026-08-12,2026-08-12 08:34:29,0,8,Key Off,전라남도 광양시 금호동 803(98m 범위),전라남도 광양시 금호동 우리은행365(321m ↘),27,공차
SB-000006,2026-08-12,2026-08-12 08:35:33,0,8,Key On,전라남도 광양시 금호동 803(98m 범위),전라남도 광양시 금호동 우리은행365(321m ↘),19.6,공차
SB-000006,2026-08-12,2026-08-12 08:36:55,36,8,DTG 데이터,전라남도 광양시 금호동 671(145m 범위),전라남도 광양시 금호동 피엠에스(173m ←),27.5,공차
SB-000006,2026-08-12,2026-08-12 08:38:56,11,9,DTG 데이터,전라남도 광양시 금호동 662(430m 범위),주변에 특정 건물이 없습니다,27.7,공차
SB-000006,2026-08-12,2026-08-12 08:40:56,0,10,DTG 데이터,전라남도 광양시 금호동 663(92m 범위),전라남도 광양시 금호동 포스코광양제철소(366m →),27.6,공차
SB-000006,2026-08-12,2026-08-12 08:42:56,32,10,DTG 데이터,전라남도 광양시 금호동 663(127m 범위),전라남도 광양시 금호동 포스코광양제철소(403m →),27.8,공차
SB-000006,2026-08-12,2026-08-12 08:44:56,3,11,DTG 데이터,전라남도 광양시 금호동 791(219m 범위),전라남도 광양시 금호동 2문(121m ↓),27.7,공차
SB-000006,2026-08-12,2026-08-12 08:46:56,16,12,DTG 데이터,전라남도 광양시 태인동 1664-3(23m 범위),전라남도 광양시 태인동 버스정류장(24m ↗),28.2,공차
SB-000006,2026-08-12,2026-08-12 08:48:56,40,13,DTG 데이터,전라남도 광양시 태인동 1653-6(21m 범위),전라남도 광양시 태인동 맥시칸치킨(29m →),28.2,공차
SB-000006,2026-08-12,2026-08-12 08:50:56,29,14,DTG 데이터,전라남도 광양시 태인동 1740(155m 범위),전라남도 광양시 태인동 한국상용트럭서비스센터(139m →),28.1,공차
SB-000006,2026-08-12,2026-08-12 08:52:55,0,14,DTG 데이터,전라남도 광양시 태인동 1740(33m 범위),전라남도 광양시 태인동 한국상용트럭서비스센터(155m ↑),28,공차
SB-000006,2026-08-12,2026-08-12 08:54:14,0,14,Key Off,전라남도 광양시 태인동 1740(33m 범위),전라남도 광양시 태인동 한국상용트럭서비스센터(155m ↑),27,공차
SB-000006,2026-08-12,2026-08-12 08:57:28,0,14,Key On,전라남도 광양시 태인동 1740(33m 범위),전라남도 광양시 태인동 한국상용트럭서비스센터(155m ↑),20,공차
SB-000006,2026-08-12,2026-08-12 08:58:11,0,14,DTG GPS 정상,전라남도 광양시 태인동 1740(38m 범위),전라남도 광양시 태인동 한국상용트럭서비스센터(160m ↑),28,공차
SB-000006,2026-08-12,2026-08-12 08:58:56,0,14,DTG 데이터,전라남도 광양시 태인동 1740(39m 범위),전라남도 광양시 태인동 한국상용트럭서비스센터(161m ↑),28.2,공차
SB-000006,2026-08-12,2026-08-12 09:00:41,0,14,Key Off,전라남도 광양시 태인동 1740(46m 범위),전라남도 광양시 태인동 한국상용트럭서비스센터(167m ↗),27,공차
SB-000006,2026-08-12,2026-08-12 09:06:24,0,14,Key On,전라남도 광양시 태인동 1740(46m 범위),전라남도 광양시 태인동 한국상용트럭서비스센터(167m ↗),25.5,공차
SB-000006,2026-08-12,2026-08-12 09:06:56,2,14,DTG 데이터,전라남도 광양시 태인동 1740(39m 범위),전라남도 광양시 태인동 한국상용트럭서비스센터(161m ↑),28,공차
SB-000006,2026-08-12,2026-08-12 09:07:56,0,14,Key Off,전라남도 광양시 태인동 1740(44m 범위),전라남도 광양시 태인동 한국상용트럭서비스센터(166m ↑),26.9,공차
SB-000006,2026-08-12,2026-08-12 09:13:00,0,14,Key On,전라남도 광양시 태인동 1740(44m 범위),전라남도 광양시 태인동 한국상용트럭서비스센터(166m ↑),21.8,공차
SB-000006,2026-08-12,2026-08-12 09:14:21,0,14,Key Off,전라남도 광양시 태인동 1740(49m 범위),전라남도 광양시 태인동 강변특장(165m ↗),26.8,공차
SB-000006,2026-08-12,2026-08-12 09:32:25,0,14,Key On,전라남도 광양시 태인동 1740(49m 범위),전라남도 광양시 태인동 강변특장(165m ↗),24.7,공차
SB-000006,2026-08-12,2026-08-12 09:32:56,6,15,DTG 데이터,전라남도 광양시 태인동 1740(64m 범위),전라남도 광양시 태인동 강변특장(178m ↑),28,공차
SB-000006,2026-08-12,2026-08-12 09:33:22,0,15,Key Off,전라남도 광양시 태인동 1740(81m 범위),전라남도 광양시 태인동 명당자원(200m →),27,공차
SB-000006,2026-08-12,2026-08-12 09:34:41,0,15,Key On,전라남도 광양시 태인동 1740(81m 범위),전라남도 광양시 태인동 명당자원(200m →),17.7,공차
SB-000006,2026-08-12,2026-08-12 09:34:56,6,15,DTG 데이터,전라남도 광양시 태인동 1740(39m 범위),전라남도 광양시 태인동 강변특장(155m ↗),28.2,공차
SB-000006,2026-08-12,2026-08-12 09:35:16,0,15,Key Off,전라남도 광양시 태인동 1740(59m 범위),전라남도 광양시 태인동 강변특장(173m ↑),26.5,공차
SB-000006,2026-08-12,2026-08-12 09:35:56,0,15,Key On,전라남도 광양시 태인동 1740(59m 범위),전라남도 광양시 태인동 강변특장(173m ↑),18,공차
SB-000006,2026-08-12,2026-08-12 09:36:56,19,15,DTG 데이터,전라남도 광양시 태인동 1739(29m 범위),주변에 특정 건물이 없습니다,28,공차
SB-000006,2026-08-12,2026-08-12 09:38:56,1,16,DTG 데이터,전라남도 광양시 태인동 28-130(27m 범위),전라남도 광양시 태인동 SK엔크린(15m ↙),28.1,공차
SB-000006,2026-08-12,2026-08-12 09:40:55,56,17,DTG 데이터,전라남도 광양시 태인동 303-152(26m 범위),전라남도 광양시 태인동 버스정류장(20m ←),27.9,공차
SB-000006,2026-08-12,2026-08-12 09:42:55,31,18,DTG 데이터,전라남도 광양시 금호동 800(328m 범위),전라남도 광양시 금호동 2문(254m ↓),27.6,공차
SB-000006,2026-08-12,2026-08-12 09:44:55,32,19,DTG 데이터,전라남도 광양시 금호동 658(200m 범위),전라남도 광양시 금호동 정문(236m ↙),27.8,공차
SB-000006,2026-08-12,2026-08-12 09:46:55,0,20,DTG 데이터,전라남도 광양시 금호동 636(262m 범위),전라남도 광양시 금호동 광일엔지니어링(412m ↑),27.6,공차
SB-000006,2026-08-12,2026-08-12 09:48:56,0,20,DTG 데이터,전라남도 광양시 금호동 636(341m 범위),전라남도 광양시 금호동 광일엔지니어링(330m ↖),28,공차
SB-000006,2026-08-12,2026-08-12 09:50:56,0,20,DTG 데이터,전라남도 광양시 금호동 636(367m 범위),전라남도 광양시 금호동 광일엔지니어링(288m ↑),28,공차
SB-000006,2026-08-12,2026-08-12 09:52:29,0,20,공회전감지,전라남도 광양시 금호동 636(365m 범위),전라남도 광양시 금호동 광일엔지니어링(303m ↖),28,공차
SB-000006,2026-08-12,2026-08-12 09:52:56,0,20,DTG 데이터,전라남도 광양시 금호동 636(357m 범위),전라남도 광양시 금호동 포렌(319m ↖),28,공차
SB-000006,2026-08-12,2026-08-12 09:54:50,7,20,공회전종료,전라남도 광양시 금호동 636(349m 범위),전라남도 광양시 금호동 광일엔지니어링(316m ↖),27.2,공차
SB-000006,2026-08-12,2026-08-12 09:54:56,11,20,DTG 데이터,전라남도 광양시 금호동 636(356m 범위),전라남도 광양시 금호동 광일엔지니어링(306m ↖),27.6,공차
SB-000006,2026-08-12,2026-08-12 09:56:55,16,20,DTG 데이터,전라남도 광양시 금호동 631(228m 범위),전라남도 광양시 금호동 광일엔지니어링(399m ←),27.8,공차
SB-000006,2026-08-12,2026-08-12 09:58:55,38,21,DTG 데이터,전라남도 광양시 금호동 657(183m 범위),주변에 특정 건물이 없습니다,27.8,공차
SB-000006,2026-08-12,2026-08-12 10:00:55,6,22,DTG 데이터,전라남도 광양시 금호동 634(64m 범위),전라남도 광양시 금호동 광양제품부두점(113m ↗),27.7,공차
SB-000006,2026-08-12,2026-08-12 10:02:56,0,23,DTG 데이터,전라남도 광양시 금호동 803(119m 범위),전라남도 광양시 금호동 우리은행365(301m ↘),28,공차
SB-000006,2026-08-12,2026-08-12 10:04:56,2,23,DTG 데이터,전라남도 광양시 금호동 803(106m 범위),전라남도 광양시 금호동 우리은행365(312m ↘),28,공차
SB-000006,2026-08-12,2026-08-12 10:05:43,0,23,Key Off,전라남도 광양시 금호동 803(117m 범위),전라남도 광양시 금호동 우리은행365(324m ↘),26.9,공차
SB-000006,2026-08-12,2026-08-12 10:06:25,0,23,Key On,전라남도 광양시 금호동 803(117m 범위),전라남도 광양시 금호동 우리은행365(324m ↘),18.4,공차
SB-000006,2026-08-12,2026-08-12 10:06:56,16,23,DTG 데이터,전라남도 광양시 금호동 803(138m 범위),전라남도 광양시 금호동 우리은행365(357m ↘),27.5,공차
SB-000006,2026-08-12,2026-08-12 10:08:56,25,24,DTG 데이터,전라남도 광양시 금호동 642-1(177m 범위),전라남도 광양시 금호동 피엠에스(449m →),27.6,공차
SB-000006,2026-08-12,2026-08-12 10:10:56,36,25,DTG 데이터,주변에 검색된 지번이 없습니다,주변에 특정건물이 없습니다,27.8,공차
SB-000006,2026-08-12,2026-08-12 10:12:55,10,25,DTG 데이터,전라남도 광양시 금호동 663(49m 범위),전라남도 광양시 금호동 포스코광양제철소(371m →),27.7,공차
SB-000006,2026-08-12,2026-08-12 10:14:55,14,26,DTG 데이터,전라남도 광양시 금호동 791(289m 범위),전라남도 광양시 금호동 2문(202m ↓),27.5,공차
SB-000006,2026-08-12,2026-08-12 10:16:55,21,26,DTG 데이터,전라남도 광양시 금호동 791(90m 범위),전라남도 광양시 금호동 2문(58m →),28.1,공차
SB-000006,2026-08-12,2026-08-12 10:18:56,0,27,DTG 데이터,전라남도 광양시 태인동 1664-1(24m 범위),전라남도 광양시 태인동 한영통신무전기CCTV(26m →),27.9,공차
SB-000006,2026-08-12,2026-08-12 10:20:56,34,28,DTG 데이터,전라남도 광양시 태인동 1653-11(29m 범위),전라남도 광양시 태인동 용지삼거리(12m ↙),27.9,공차
SB-000006,2026-08-12,2026-08-12 10:22:03,0,28,Key Off,전라남도 광양시 태인동 1656-6(77m 범위),전라남도 광양시 태인동 포스코DX(84m ↗),26.9,공차
SB-000006,2026-08-12,2026-08-12 10:24:20,0,28,Key On,전라남도 광양시 태인동 1656-6(77m 범위),전라남도 광양시 태인동 포스코DX(84m ↗),25,공차
SB-000006,2026-08-12,2026-08-12 10:24:56,3,28,DTG 데이터,전라남도 광양시 태인동 1656-6(67m 범위),전라남도 광양시 태인동 포스코DX(75m ↗),27.9,공차
SB-000006,2026-08-12,2026-08-12 10:26:56,0,29,DTG 데이터,전라남도 광양시 태인동 1653-2(74m 범위),전라남도 광양시 태인동 SK엔크린(73m →),28,공차
SB-000006,2026-08-12,2026-08-12 10:28:55,27,30,DTG 데이터,전라남도 광양시 금호동 791(10m 범위),전라남도 광양시 금호동 태인교삼거리(14m ↖),27.9,공차
SB-000006,2026-08-12,2026-08-12 10:30:55,0,30,DTG 데이터,전라남도 광양시 금호동 791(91m 범위),전라남도 광양시 금호동 2문(59m ↗),27.6,공차
SB-000006,2026-08-12,2026-08-12 10:32:55,32,31,DTG 데이터,전라남도 광양시 금호동 637(151m 범위),전라남도 광양시 금호동 제철삼거리(378m ↘),27.6,공차
SB-000006,2026-08-12,2026-08-12 10:34:56,0,32,DTG 데이터,전라남도 광양시 금호동 658(120m 범위),전라남도 광양시 금호동 정문(198m ↘),28,공차
SB-000006,2026-08-12,2026-08-12 10:36:56,0,32,DTG 데이터,전라남도 광양시 금호동 658(107m 범위),전라남도 광양시 금호동 정문(186m ↘),28.1,공차
SB-000006,2026-08-12,2026-08-12 10:38:56,0,32,DTG 데이터,전라남도 광양시 금호동 658(108m 범위),전라남도 광양시 금호동 정문(190m ↘),28.1,공차
SB-000006,2026-08-12,2026-08-12 10:40:25,0,32,공회전감지,전라남도 광양시 금호동 658(110m 범위),전라남도 광양시 금호동 정문(193m ↘),28,공차
SB-000006,2026-08-12,2026-08-12 10:40:56,0,32,DTG 데이터,전라남도 광양시 금호동 658(110m 범위),전라남도 광양시 금호동 정문(190m ↘),28,공차
SB-000006,2026-08-12,2026-08-12 10:42:56,0,32,DTG 데이터,전라남도 광양시 금호동 658(110m 범위),전라남도 광양시 금호동 정문(187m ↘),28.1,공차
SB-000006,2026-08-12,2026-08-12 10:44:56,0,32,DTG 데이터,전라남도 광양시 금호동 658(114m 범위),전라남도 광양시 금호동 정문(183m ↘),28,공차
SB-000006,2026-08-12,2026-08-12 10:45:04,5,32,공회전종료,전라남도 광양시 금호동 658(112m 범위),전라남도 광양시 금호동 정문(182m ↘),27.7,공차
SB-000006,2026-08-12,2026-08-12 10:46:55,10,32,DTG 데이터,전라남도 광양시 금호동 636(213m 범위),전라남도 광양시 금호동 1문(386m ↘),27.8,공차
SB-000006,2026-08-12,2026-08-12 10:48:55,2,33,DTG 데이터,전라남도 광양시 금호동 636(357m 범위),전라남도 광양시 금호동 포렌(310m ↖),28.1,공차
SB-000006,2026-08-12,2026-08-12 10:50:55,0,33,DTG 데이터,전라남도 광양시 금호동 636(383m 범위),전라남도 광양시 금호동 광일엔지니어링(277m ↖),28,공차
SB-000006,2026-08-12,2026-08-12 10:52:56,0,33,DTG 데이터,전라남도 광양시 금호동 636(407m 범위),전라남도 광양시 금호동 광일엔지니어링(252m ↖),28.1,공차
SB-000006,2026-08-12,2026-08-12 10:53:45,0,33,공회전감지,전라남도 광양시 금호동 636(406m 범위),전라남도 광양시 금호동 광일엔지니어링(259m ↖),28,공차
SB-000006,2026-08-12,2026-08-12 10:54:56,0,33,DTG 데이터,전라남도 광양시 금호동 636(401m 범위),전라남도 광양시 금호동 광일엔지니어링(264m ↖),27.9,공차
SB-000006,2026-08-12,2026-08-12 10:56:56,0,33,DTG 데이터,전라남도 광양시 금호동 636(394m 범위),전라남도 광양시 금호동 광일엔지니어링(279m ↖),28.1,공차
SB-000006,2026-08-12,2026-08-12 10:58:09,5,33,공회전종료,전라남도 광양시 금호동 636(367m 범위),전라남도 광양시 금호동 광일엔지니어링(301m ↖),27.7,공차
SB-000006,2026-08-12,2026-08-12 10:58:56,20,33,DTG 데이터,전라남도 광양시 금호동 636(478m 범위),전라남도 광양시 금호동 광일엔지니어링(238m ↖),27.6,공차
SB-000006,2026-08-12,2026-08-12 11:00:56,38,33,DTG 데이터,전라남도 광양시 금호동 657(44m 범위),주변에 특정 건물이 없습니다,27.7,공차
SB-000006,2026-08-12,2026-08-12 11:02:56,13,35,DTG 데이터,전라남도 광양시 금호동 634(60m 범위),전라남도 광양시 금호동 광양제품부두점(126m ↗),27.6,공차
SB-000006,2026-08-12,2026-08-12 11:04:55,1,35,DTG 데이터,전라남도 광양시 금호동 803(100m 범위),전라남도 광양시 금호동 우리은행365(318m ↘),28,공차
SB-000006,2026-08-12,2026-08-12 11:05:53,0,35,Key Off,전라남도 광양시 금호동 803(103m 범위),전라남도 광양시 금호동 포스코플로우(318m ↘),26.7,공차
SB-000006,2026-08-12,2026-08-12 11:06:38,0,35,Key On,전라남도 광양시 금호동 803(103m 범위),전라남도 광양시 금호동 포스코플로우(318m ↘),17.7,공차
SB-000006,2026-08-12,2026-08-12 11:06:56,14,35,DTG 데이터,전라남도 광양시 금호동 803(192m 범위),전라남도 광양시 금호동 포스코플로우(258m ↘),27.5,공차
SB-000006,2026-08-12,2026-08-12 11:08:55,7,37,DTG 데이터,전라남도 광양시 금호동 642-1(171m 범위),전라남도 광양시 금호동 피엠에스(470m →),27.6,공차
SB-000006,2026-08-12,2026-08-12 11:10:56,33,38,DTG 데이터,전라남도 광양시 금호동 663(262m 범위),전라남도 광양시 금호동 포스코광양제철소(420m ↘),27.8,공차
SB-000006,2026-08-12,2026-08-12 11:12:56,37,39,DTG 데이터,주변에 검색된 지번이 없습니다,주변에 특정건물이 없습니다,27.7,공차
SB-000006,2026-08-12,2026-08-12 11:14:56,2,39,DTG 데이터,전라남도 광양시 금호동 791(113m 범위),전라남도 광양시 금호동 2문(35m ↗),28,공차
SB-000006,2026-08-12,2026-08-12 11:16:56,16,40,DTG 데이터,전라남도 광양시 태인동 1664-5(21m 범위),전라남도 광양시 태인동 버스정류장(17m →),27.9,공차
SB-000006,2026-08-12,2026-08-12 11:18:56,33,41,DTG 데이터,전라남도 광양시 태인동 1653-9(9m 범위),전라남도 광양시 태인동 용지정류소(22m ↘),27.9,공차
SB-000006,2026-08-12,2026-08-12 11:20:56,15,42,DTG 데이터,전라남도 광양시 태인동 1694(69m 범위),전라남도 광양시 태인동 대주기업(41m ↖),27.8,공차
SB-000006,2026-08-12,2026-08-12 11:22:56,0,42,DTG 데이터,전라남도 광양시 태인동 1688(80m 범위),전라남도 광양시 태인동 엔시스(82m ↑),27.9,공차
SB-000006,2026-08-12,2026-08-12 11:24:56,0,42,DTG 데이터,전라남도 광양시 태인동 1688(85m 범위),전라남도 광양시 태인동 엔시스(87m ↑),28,공차
SB-000006,2026-08-12,2026-08-12 11:26:56,0,42,DTG 데이터,전라남도 광양시 태인동 1688(78m 범위),전라남도 광양시 태인동 엔시스(81m ↑),27.9,공차
SB-000006,2026-08-12,2026-08-12 11:27:02,0,42,공회전감지,전라남도 광양시 태인동 1688(76m 범위),전라남도 광양시 태인동 엔시스(79m ↑),27.9,공차
SB-000006,2026-08-12,2026-08-12 11:28:55,0,42,DTG 데이터,전라남도 광양시 태인동 1688(72m 범위),전라남도 광양시 태인동 엔시스(76m ↖),28.2,공차
SB-000006,2026-08-12,2026-08-12 11:30:56,0,42,DTG 데이터,전라남도 광양시 태인동 1688(78m 범위),전라남도 광양시 태인동 엔시스(81m ↑),28,공차
SB-000006,2026-08-12,2026-08-12 11:32:04,0,42,공회전유지,전라남도 광양시 태인동 1688(80m 범위),전라남도 광양시 태인동 엔시스(82m ↑),28,공차
SB-000006,2026-08-12,2026-08-12 11:32:56,0,42,DTG 데이터,전라남도 광양시 태인동 1688(80m 범위),전라남도 광양시 태인동 엔시스(82m ↑),28.1,공차
SB-000006,2026-08-12,2026-08-12 11:34:56,0,42,DTG 데이터,전라남도 광양시 태인동 1688(91m 범위),전라남도 광양시 태인동 엔시스(94m ↑),28,공차
SB-000006,2026-08-12,2026-08-12 11:36:56,0,42,DTG 데이터,전라남도 광양시 태인동 1688(80m 범위),전라남도 광양시 태인동 엔시스(83m ↑),27.9,공차
SB-000006,2026-08-12,2026-08-12 11:37:03,0,42,공회전유지,전라남도 광양시 태인동 1688(80m 범위),전라남도 광양시 태인동 엔시스(82m ↑),27.9,공차
SB-000006,2026-08-12,2026-08-12 11:38:39,0,42,공회전종료,전라남도 광양시 태인동 1688(83m 범위),주변에 특정 건물이 없습니다,26.7,공차
SB-000006,2026-08-12,2026-08-12 11:38:39,0,42,Key Off,전라남도 광양시 태인동 1688(83m 범위),전라남도 광양시 태인동 엔시스(86m ↑),26.6,공차
SB-000006,2026-08-12,2026-08-12 12:20:19,0,42,Key On,전라남도 광양시 태인동 1688(83m 범위),전라남도 광양시 태인동 엔시스(86m ↑),25.1,공차
SB-000006,2026-08-12,2026-08-12 12:20:56,0,42,DTG 데이터,전라남도 광양시 태인동 1688(86m 범위),전라남도 광양시 태인동 엔시스(88m ↑),28.2,공차
SB-000006,2026-08-12,2026-08-12 12:22:49,0,42,Key Off,전라남도 광양시 태인동 1714(110m 범위),전라남도 광양시 태인동 엔시스(120m ↑),27.4,공차
SB-000006,2026-08-12,2026-08-12 12:27:38,0,42,Key On,전라남도 광양시 태인동 1714(115m 범위),전라남도 광양시 태인동 엔시스(126m ↑),25.3,공차
SB-000006,2026-08-12,2026-08-12 12:28:56,26,43,DTG 데이터,전라남도 광양시 태인동 1745(119m 범위),전라남도 광양시 태인동 동아스틸광양(112m ↖),28,공차
SB-000006,2026-08-12,2026-08-12 12:30:56,0,43,DTG 데이터,전라남도 광양시 태인동 1694(85m 범위),전라남도 광양시 태인동 대주기업(58m ↑),28.1,공차
SB-000006,2026-08-12,2026-08-12 12:32:56,0,44,DTG 데이터,전라남도 광양시 태인동 28-196(26m 범위),전라남도 광양시 태인동 SK엔크린(21m ↙),27.9,공차
SB-000006,2026-08-12,2026-08-12 12:34:56,42,45,DTG 데이터,전라남도 광양시 태인동 1657-4(67m 범위),전라남도 광양시 태인동 전남기업(38m ↓),27.9,공차
SB-000006,2026-08-12,2026-08-12 12:36:56,12,46,DTG 데이터,전라남도 광양시 금호동 791(191m 범위),전라남도 광양시 금호동 2문(61m ↓),27.6,공차
SB-000006,2026-08-12,2026-08-12 12:38:56,43,47,DTG 데이터,전라남도 광양시 금호동 658(239m 범위),전라남도 광양시 금호동 정문(269m ↙),27.7,공차
SB-000006,2026-08-12,2026-08-12 12:40:56,31,49,DTG 데이터,전라남도 광양시 금호동 631(214m 범위),전라남도 광양시 금호동 광일엔지니어링(393m ←),27.7,공차
SB-000006,2026-08-12,2026-08-12 12:42:56,8,50,DTG 데이터,전라남도 광양시 금호동 657(243m 범위),주변에 특정 건물이 없습니다,27.6,공차
SB-000006,2026-08-12,2026-08-12 12:44:56,0,50,DTG 데이터,전라남도 광양시 금호동 657(211m 범위),주변에 특정 건물이 없습니다,27.9,공차
SB-000006,2026-08-12,2026-08-12 12:46:56,0,50,DTG 데이터,전라남도 광양시 금호동 657(226m 범위),주변에 특정 건물이 없습니다,27.9,공차
SB-000006,2026-08-12,2026-08-12 12:48:29,0,50,공회전감지,전라남도 광양시 금호동 657(216m 범위),주변에 특정 건물이 없습니다,28,공차
SB-000006,2026-08-12,2026-08-12 12:48:56,0,50,DTG 데이터,전라남도 광양시 금호동 657(220m 범위),주변에 특정 건물이 없습니다,28.1,공차
SB-000006,2026-08-12,2026-08-12 12:50:56,0,50,DTG 데이터,전라남도 광양시 금호동 657(239m 범위),주변에 특정 건물이 없습니다,28,공차
SB-000006,2026-08-12,2026-08-12 12:52:44,0,50,DTG GPS 이상,전라남도 광양시 금호동 657(221m 범위),전라남도 광양시 금호동 포렌(444m ↙),27.9,공차
SB-000006,2026-08-12,2026-08-12 12:52:56,0,50,DTG 데이터,전라남도 광양시 금호동 657(228m 범위),전라남도 광양시 금호동 광일엔지니어링(432m ↙),28,공차
SB-000006,2026-08-12,2026-08-12 12:53:30,0,50,공회전유지,전라남도 광양시 금호동 657(232m 범위),전라남도 광양시 금호동 포렌(445m ↙),28,공차
SB-000006,2026-08-12,2026-08-12 12:54:56,0,50,DTG 데이터,전라남도 광양시 금호동 657(276m 범위),전라남도 광양시 금호동 광일엔지니어링(389m ↙),28,공차
SB-000006,2026-08-12,2026-08-12 12:56:56,0,50,DTG 데이터,전라남도 광양시 금호동 657(266m 범위),주변에 특정 건물이 없습니다,27.9,공차
SB-000006,2026-08-12,2026-08-12 12:58:30,0,50,공회전유지,전라남도 광양시 금호동 657(243m 범위),주변에 특정 건물이 없습니다,27.8,공차
SB-000006,2026-08-12,2026-08-12 12:58:56,0,50,DTG 데이터,전라남도 광양시 금호동 657(250m 범위),주변에 특정 건물이 없습니다,27.9,공차
SB-000006,2026-08-12,2026-08-12 13:00:56,0,50,DTG 데이터,전라남도 광양시 금호동 657(176m 범위),주변에 특정 건물이 없습니다,28.1,공차
SB-000006,2026-08-12,2026-08-12 13:01:10,3,50,공회전종료,전라남도 광양시 금호동 657(170m 범위),주변에 특정 건물이 없습니다,28.1,공차
SB-000006,2026-08-12,2026-08-12 13:02:01,21,50,DTG GPS 정상,전라남도 광양시 금호동 657(201m 범위),주변에 특정 건물이 없습니다,27.7,공차
SB-000006,2026-08-12,2026-08-12 13:02:56,24,50,DTG 데이터,전라남도 광양시 금호동 657(195m 범위),주변에 특정 건물이 없습니다,27.6,공차
SB-000006,2026-08-12,2026-08-12 13:04:56,7,51,DTG 데이터,전라남도 광양시 금호동 634(73m 범위),전라남도 광양시 금호동 광양제품부두점(118m ↗),27.4,공차
SB-000006,2026-08-12,2026-08-12 13:06:56,0,52,DTG 데이터,전라남도 광양시 금호동 803(105m 범위),전라남도 광양시 금호동 우리은행365(318m ↘),27.8,공차
SB-000006,2026-08-12,2026-08-12 13:07:35,0,52,Key Off,전라남도 광양시 금호동 803(118m 범위),전라남도 광양시 금호동 우리은행365(320m ↘),26.5,공차
SB-000006,2026-08-12,2026-08-12 13:08:15,0,52,Key On,전라남도 광양시 금호동 803(118m 범위),전라남도 광양시 금호동 우리은행365(320m ↘),25.4,공차
SB-000006,2026-08-12,2026-08-12 13:08:56,22,52,DTG 데이터,전라남도 광양시 금호동 642(153m 범위),전라남도 광양시 금호동 우리은행365(369m ↘),27.6,공차
SB-000006,2026-08-12,2026-08-12 13:10:56,25,53,DTG 데이터,전라남도 광양시 금호동 642-1(175m 범위),전라남도 광양시 금호동 피엠에스(498m →),27.7,공차
SB-000006,2026-08-12,2026-08-12 13:12:56,31,54,DTG 데이터,전라남도 광양시 금호동 663(177m 범위),전라남도 광양시 금호동 포스코광양제철소(373m →),27.6,공차
SB-000006,2026-08-12,2026-08-12 13:14:56,36,54,DTG 데이터,전라남도 광양시 금호동 663(185m 범위),전라남도 광양시 금호동 포스코광양제철소(437m ↗),27.5,공차
SB-000006,2026-08-12,2026-08-12 13:16:56,14,55,DTG 데이터,전라남도 광양시 금호동 791(180m 범위),전라남도 광양시 금호동 2문(71m ↓),28.1,공차
SB-000006,2026-08-12,2026-08-12 13:18:56,0,56,DTG 데이터,전라남도 광양시 태인동 1664-2(29m 범위),전라남도 광양시 태인동 대성이엔지(33m ↘),27.9,공차
SB-000006,2026-08-12,2026-08-12 13:20:56,44,57,DTG 데이터,전라남도 광양시 태인동 1656-12(71m 범위),전라남도 광양시 태인동 전국레미콘(25m ↑),27.9,공차
SB-000006,2026-08-12,2026-08-12 13:22:56,12,58,DTG 데이터,전라남도 광양시 태인동 1654-1(75m 범위),전라남도 광양시 태인동 세정테크(47m ←),28,공차
SB-000006,2026-08-12,2026-08-12 13:24:56,0,58,DTG 데이터,전라남도 광양시 태인동 1654-1(112m 범위),전라남도 광양시 태인동 CJ대한통운광양지사(62m →),27.9,공차
SB-000006,2026-08-12,2026-08-12 13:26:56,0,58,DTG 데이터,전라남도 광양시 태인동 1654-1(119m 범위),전라남도 광양시 태인동 CJ대한통운광양지사(72m →),27.9,공차
SB-000006,2026-08-12,2026-08-12 13:28:56,16,58,DTG 데이터,전라남도 광양시 태인동 1655(103m 범위),전라남도 광양시 태인동 CJ대한통운광양지사(66m ↘),27.9,공차
SB-000006,2026-08-12,2026-08-12 13:30:56,0,59,DTG 데이터,전라남도 광양시 태인동 1653-2(45m 범위),전라남도 광양시 태인동 SK엔크린(37m ↘),27.9,공차
SB-000006,2026-08-12,2026-08-12 13:32:56,53,60,DTG 데이터,전라남도 광양시 태인동 303-50(21m 범위),전라남도 광양시 태인동 소모식당(31m ↖),28,공차
SB-000006,2026-08-12,2026-08-12 13:34:56,30,60,DTG 데이터,전라남도 광양시 금호동 791(233m 범위),전라남도 광양시 금호동 2문(124m ↓),27.4,공차
SB-000006,2026-08-12,2026-08-12 13:36:56,21,61,DTG 데이터,전라남도 광양시 금호동 658(22m 범위),전라남도 광양시 금호동 정문(137m ↘),27.7,공차
SB-000006,2026-08-12,2026-08-12 13:38:56,0,62,DTG 데이터,전라남도 광양시 금호동 636(235m 범위),전라남도 광양시 금호동 1문(396m ↘),27.4,공차
SB-000006,2026-08-12,2026-08-12 13:40:56,5,62,DTG 데이터,전라남도 광양시 금호동 636(260m 범위),전라남도 광양시 금호동 1문(414m ↘),27.6,공차
SB-000006,2026-08-12,2026-08-12 13:42:56,0,62,DTG 데이터,전라남도 광양시 금호동 636(334m 범위),전라남도 광양시 금호동 광일엔지니어링(323m ↑),27.8,공차
SB-000006,2026-08-12,2026-08-12 13:44:56,0,62,DTG 데이터,전라남도 광양시 금호동 636(327m 범위),전라남도 광양시 금호동 광일엔지니어링(317m ↑),28,공차
SB-000006,2026-08-12,2026-08-12 13:46:16,0,62,공회전감지,전라남도 광양시 금호동 636(364m 범위),전라남도 광양시 금호동 광일엔지니어링(318m ↖),27.9,공차
SB-000006,2026-08-12,2026-08-12 13:46:56,0,62,DTG 데이터,전라남도 광양시 금호동 636(359m 범위),전라남도 광양시 금호동 광일엔지니어링(325m ↖),28,공차
SB-000006,2026-08-12,2026-08-12 13:47:57,6,62,공회전종료,전라남도 광양시 금호동 636(354m 범위),전라남도 광양시 금호동 포렌(351m ↖),27.6,공차
SB-000006,2026-08-12,2026-08-12 13:48:56,19,62,DTG 데이터,전라남도 광양시 금호동 636(460m 범위),전라남도 광양시 금호동 광일엔지니어링(253m ↖),27.6,공차
SB-000006,2026-08-12,2026-08-12 13:50:56,0,63,DTG 데이터,전라남도 광양시 금호동 631(173m 범위),전라남도 광양시 금호동 광일엔지니어링(411m ←),27.5,공차
SB-000006,2026-08-12,2026-08-12 13:52:56,37,64,DTG 데이터,전라남도 광양시 금호동 632(389m 범위),주변에 특정 건물이 없습니다,27.7,공차
SB-000006,2026-08-12,2026-08-12 13:54:56,27,65,DTG 데이터,전라남도 광양시 금호동 802(56m 범위),전라남도 광양시 금호동 아르고마린토탈(42m ↑),27.5,공차
SB-000006,2026-08-12,2026-08-12 13:56:56,6,65,DTG 데이터,전라남도 광양시 금호동 803(99m 범위),전라남도 광양시 금호동 우리은행365(320m ↘),28,공차
SB-000006,2026-08-12,2026-08-12 13:57:07,0,65,Key Off,전라남도 광양시 금호동 803(95m 범위),전라남도 광양시 금호동 우리은행365(327m ↘),26.4,공차
SB-000006,2026-08-12,2026-08-12 13:57:53,0,65,Key On,전라남도 광양시 금호동 803(95m 범위),전라남도 광양시 금호동 우리은행365(327m ↘),25.9,공차
SB-000006,2026-08-12,2026-08-12 13:58:56,36,65,DTG 데이터,전라남도 광양시 금호동 642(48m 범위),전라남도 광양시 금호동 피엠에스(321m ←),27.7,공차
SB-000006,2026-08-12,2026-08-12 14:00:56,34,66,DTG 데이터,전라남도 광양시 금호동 642-1(355m 범위),주변에 특정 건물이 없습니다,27.8,공차
SB-000006,2026-08-12,2026-08-12 14:02:56,15,67,DTG 데이터,전라남도 광양시 금호동 663(75m 범위),전라남도 광양시 금호동 포스코광양제철소(374m →),27.6,공차
SB-000006,2026-08-12,2026-08-12 14:04:56,35,68,DTG 데이터,전라남도 광양시 금호동 791(361m 범위),전라남도 광양시 금호동 2문(279m ↓),27.6,공차
SB-000006,2026-08-12,2026-08-12 14:06:56,32,69,DTG 데이터,전라남도 광양시 태인동 1664-7(54m 범위),전라남도 광양시 태인동 태인교(50m ↑),27.8,공차
SB-000006,2026-08-12,2026-08-12 14:08:56,27,71,DTG 데이터,전라남도 광양시 태인동 1653-5(29m 범위),전라남도 광양시 태인동 성광사(50m ↘),27.9,공차
SB-000006,2026-08-12,2026-08-12 14:10:56,7,71,DTG 데이터,전라남도 광양시 태인동 1654-1(69m 범위),전라남도 광양시 태인동 흥해물류(46m →),28.1,공차
SB-000006,2026-08-12,2026-08-12 14:12:56,18,72,DTG 데이터,전라남도 광양시 태인동 1654-1(113m 범위),주변에 특정 건물이 없습니다,28,공차
SB-000006,2026-08-12,2026-08-12 14:14:56,28,72,DTG 데이터,전라남도 광양시 태인동 1653-5(12m 범위),전라남도 광양시 태인동 성광사(36m ↘),27.7,공차
SB-000006,2026-08-12,2026-08-12 14:16:56,0,72,DTG 데이터,전라남도 광양시 태인동 1653-2(46m 범위),전라남도 광양시 태인동 SK엔크린(40m →),28.1,공차
SB-000006,2026-08-12,2026-08-12 14:18:57,0,73,DTG 데이터,전라남도 광양시 태인동 1664-8(12m 범위),전라남도 광양시 태인동 명품타이어아울렛(22m →),28,공차
SB-000006,2026-08-12,2026-08-12 14:20:56,4,74,DTG 데이터,전라남도 광양시 금호동 791(57m 범위),전라남도 광양시 태인동 태인교(43m ↓),27.9,공차
SB-000006,2026-08-12,2026-08-12 14:22:56,6,74,DTG 데이터,전라남도 광양시 금호동 791(121m 범위),전라남도 광양시 금호동 2문(39m ↗),27.6,공차
SB-000006,2026-08-12,2026-08-12 14:24:56,36,75,DTG 데이터,전라남도 광양시 금호동 637(141m 범위),전라남도 광양시 금호동 제철삼거리(330m ↘),27.6,공차
SB-000006,2026-08-12,2026-08-12 14:26:56,35,76,DTG 데이터,전라남도 광양시 금호동 636(310m 범위),전라남도 광양시 금호동 1문(269m ↘),27.6,공차
SB-000006,2026-08-12,2026-08-12 14:28:56,10,76,DTG 데이터,전라남도 광양시 금호동 631(328m 범위),전라남도 광양시 금호동 광일엔지니어링(394m ←),27.6,공차
SB-000006,2026-08-12,2026-08-12 14:30:56,0,76,DTG 데이터,전라남도 광양시 금호동 631(371m 범위),전라남도 광양시 금호동 포렌(408m ←),28.1,공차
SB-000006,2026-08-12,2026-08-12 14:32:56,0,76,DTG 데이터,전라남도 광양시 금호동 631(364m 범위),전라남도 광양시 금호동 광일엔지니어링(402m ←),28.1,공차
SB-000006,2026-08-12,2026-08-12 14:34:17,0,76,공회전감지,전라남도 광양시 금호동 631(363m 범위),전라남도 광양시 금호동 광일엔지니어링(397m ←),27.9,공차
SB-000006,2026-08-12,2026-08-12 14:34:26,5,76,공회전종료,전라남도 광양시 금호동 631(366m 범위),전라남도 광양시 금호동 광일엔지니어링(398m ←),28.1,공차
SB-000006,2026-08-12,2026-08-12 14:34:56,12,76,DTG 데이터,전라남도 광양시 금호동 631(420m 범위),전라남도 광양시 금호동 포렌(378m ←),27.4,공차
SB-000006,2026-08-12,2026-08-12 14:36:56,0,77,DTG 데이터,전라남도 광양시 금호동 631(249m 범위),전라남도 광양시 금호동 광일엔지니어링(376m ←),28,공차
SB-000006,2026-08-12,2026-08-12 14:38:56,0,77,DTG 데이터,전라남도 광양시 금호동 631(233m 범위),전라남도 광양시 금호동 포렌(395m ←),28,공차
SB-000006,2026-08-12,2026-08-12 14:40:31,0,77,공회전감지,전라남도 광양시 금호동 631(239m 범위),전라남도 광양시 금호동 광일엔지니어링(380m ←),28,공차
SB-000006,2026-08-12,2026-08-12 14:40:56,0,77,DTG 데이터,전라남도 광양시 금호동 631(233m 범위),전라남도 광양시 금호동 광일엔지니어링(387m ←),28,공차
SB-000006,2026-08-12,2026-08-12 14:41:09,3,77,공회전종료,전라남도 광양시 금호동 631(223m 범위),전라남도 광양시 금호동 광일엔지니어링(397m ←),27.6,공차
SB-000006,2026-08-12,2026-08-12 14:42:56,0,77,DTG 데이터,전라남도 광양시 금호동 631(160m 범위),전라남도 광양시 금호동 광일엔지니어링(410m ←),27.6,공차
SB-000006,2026-08-12,2026-08-12 14:44:56,3,77,DTG 데이터,전라남도 광양시 금호동 635(82m 범위),전라남도 광양시 금호동 포렌(476m ↙),27.6,공차
SB-000006,2026-08-12,2026-08-12 14:46:56,0,77,DTG 데이터,전라남도 광양시 금호동 635(82m 범위),전라남도 광양시 금호동 포렌(472m ↙),27.6,공차
SB-000006,2026-08-12,2026-08-12 14:48:56,0,77,DTG 데이터,전라남도 광양시 금호동 635(77m 범위),전라남도 광양시 금호동 광일엔지니어링(483m ↙),27.5,공차
SB-000006,2026-08-12,2026-08-12 14:50:56,0,77,DTG 데이터,전라남도 광양시 금호동 635(72m 범위),전라남도 광양시 금호동 광일엔지니어링(484m ↙),27.6,공차
SB-000006,2026-08-12,2026-08-12 14:50:58,0,77,공회전감지,전라남도 광양시 금호동 635(72m 범위),전라남도 광양시 금호동 광일엔지니어링(484m ↙),27.6,공차
SB-000006,2026-08-12,2026-08-12 14:52:55,3,77,공회전종료,전라남도 광양시 금호동 635(83m 범위),전라남도 광양시 금호동 광일엔지니어링(478m ↙),27.6,공차
SB-000006,2026-08-12,2026-08-12 14:52:58,3,77,DTG 데이터,전라남도 광양시 금호동 635(83m 범위),전라남도 광양시 금호동 포렌(478m ↙),27.6,공차
SB-000006,2026-08-12,2026-08-12 14:54:57,0,77,DTG 데이터,전라남도 광양시 금호동 631(139m 범위),전라남도 광양시 금호동 광일엔지니어링(427m ←),27.9,공차
SB-000006,2026-08-12,2026-08-12 14:56:56,0,77,DTG 데이터,전라남도 광양시 금호동 635(110m 범위),전라남도 광양시 금호동 광일엔지니어링(450m ↙),27.9,공차
SB-000006,2026-08-12,2026-08-12 14:58:56,0,77,DTG 데이터,전라남도 광양시 금호동 635(85m 범위),전라남도 광양시 금호동 포렌(483m ↙),28.1,공차
SB-000006,2026-08-12,2026-08-12 14:59:34,0,77,공회전감지,전라남도 광양시 금호동 635(72m 범위),전라남도 광양시 금호동 광일엔지니어링(489m ↙),28,공차
SB-000006,2026-08-12,2026-08-12 15:00:56,0,77,DTG 데이터,전라남도 광양시 금호동 631(88m 범위),전라남도 광양시 금호동 광일엔지니어링(478m ←),28,공차
SB-000006,2026-08-12,2026-08-12 15:01:34,6,77,공회전종료,전라남도 광양시 금호동 631(96m 범위),전라남도 광양시 금호동 포렌(470m ←),27.7,공차
SB-000006,2026-08-12,2026-08-12 15:02:56,31,78,DTG 데이터,전라남도 광양시 금호동 657(244m 범위),주변에 특정 건물이 없습니다,27.7,공차
SB-000006,2026-08-12,2026-08-12 15:04:57,16,79,DTG 데이터,전라남도 광양시 금호동 634(142m 범위),전라남도 광양시 금호동 광양제품부두점(93m →),27.4,공차
SB-000006,2026-08-12,2026-08-12 15:06:56,0,79,DTG 데이터,전라남도 광양시 금호동 803(121m 범위),전라남도 광양시 금호동 우리은행365(299m ↘),28.1,공차
SB-000006,2026-08-12,2026-08-12 15:08:56,0,79,DTG 데이터,전라남도 광양시 금호동 803(109m 범위),전라남도 광양시 금호동 우리은행365(309m ↘),27.9,공차
SB-000006,2026-08-12,2026-08-12 15:10:47,0,79,Key Off,전라남도 광양시 금호동 803(109m 범위),전라남도 광양시 금호동 우리은행365(315m ↘),26.5,공차
SB-000006,2026-08-12,2026-08-12 15:11:54,0,79,Key On,전라남도 광양시 금호동 803(109m 범위),전라남도 광양시 금호동 우리은행365(315m ↘),18.6,공차
SB-000006,2026-08-12,2026-08-12 15:12:56,29,79,DTG 데이터,전라남도 광양시 금호동 642(49m 범위),전라남도 광양시 금호동 피엠에스(344m ←),27.8,공차
SB-000006,2026-08-12,2026-08-12 15:14:56,10,80,DTG 데이터,전라남도 광양시 금호동 642-1(159m 범위),전라남도 광양시 금호동 피엠에스(482m →),27.6,공차
SB-000006,2026-08-12,2026-08-12 15:16:56,29,81,DTG 데이터,주변에 검색된 지번이 없습니다,주변에 특정건물이 없습니다,27.7,공차
SB-000006,2026-08-12,2026-08-12 15:18:56,28,82,DTG 데이터,전라남도 광양시 금호동 663(232m 범위),전라남도 광양시 금호동 포스코광양제철소(463m ↗),27.7,공차
SB-000006,2026-08-12,2026-08-12 15:20:56,6,83,DTG 데이터,전라남도 광양시 금호동 791(254m 범위),전라남도 광양시 금호동 2문(163m ↓),27.8,공차
SB-000006,2026-08-12,2026-08-12 15:22:56,2,83,DTG 데이터,전라남도 광양시 금호동 791(169m 범위),전라남도 광양시 금호동 2문(50m ↓),28.1,공차
SB-000006,2026-08-12,2026-08-12 15:24:56,42,83,DTG 데이터,전라남도 광양시 태인동 303-35(37m 범위),전라남도 광양시 태인동 버스정류장(22m ↗),28.1,공차
SB-000006,2026-08-12,2026-08-12 15:26:56,27,85,DTG 데이터,전라남도 광양시 태인동 28-237(3m 범위),전라남도 광양시 태인동 태인전업사(53m ↗),27.9,공차
SB-000006,2026-08-12,2026-08-12 15:28:57,28,86,DTG 데이터,전라남도 광양시 태인동 1740(127m 범위),전라남도 광양시 태인동 삼현철강(144m ↙),28.1,공차
SB-000006,2026-08-12,2026-08-12 15:30:56,0,86,DTG 데이터,전라남도 광양시 태인동 1740(37m 범위),전라남도 광양시 태인동 한국상용트럭서비스센터(158m ↑),27.9,공차
SB-000006,2026-08-12,2026-08-12 15:31:48,0,86,Key Off,전라남도 광양시 태인동 1740(70m 범위),전라남도 광양시 태인동 강변특장(186m ↑),26.6,공차
SB-000006,2026-08-12,2026-08-12 15:33:07,0,86,Key On,전라남도 광양시 태인동 1740(70m 범위),전라남도 광양시 태인동 강변특장(186m ↑),17.2,공차
SB-000006,2026-08-12,2026-08-12 15:33:52,0,86,Key Off,전라남도 광양시 태인동 1740(73m 범위),전라남도 광양시 태인동 한국상용트럭서비스센터(196m ↑),26.8,공차
SB-000006,2026-08-12,2026-08-12 15:35:38,0,86,Key On,전라남도 광양시 태인동 1740(73m 범위),전라남도 광양시 태인동 한국상용트럭서비스센터(196m ↑),16.9,공차
SB-000006,2026-08-12,2026-08-12 15:36:24,0,86,Key Off,전라남도 광양시 태인동 1738(69m 범위),전라남도 광양시 태인동 명당자원(155m →),26.7,공차
SB-000006,2026-08-12,2026-08-12 15:37:23,0,86,Key On,전라남도 광양시 태인동 1738(69m 범위),전라남도 광양시 태인동 명당자원(155m →),15.6,공차
SB-000006,2026-08-12,2026-08-12 15:38:56,7,86,DTG 데이터,전라남도 광양시 태인동 1753(45m 범위),전라남도 광양시 태인동 피제이메탈(120m ↙),28.1,공차
SB-000006,2026-08-12,2026-08-12 15:40:56,25,87,DTG 데이터,전라남도 광양시 태인동 1688(43m 범위),전라남도 광양시 태인동 현대티에스(32m ←),28.1,공차
SB-000006,2026-08-12,2026-08-12 15:42:56,13,88,DTG 데이터,전라남도 광양시 태인동 1655(121m 범위),전라남도 광양시 태인동 CJ대한통운광양지사(74m →),28.1,공차
SB-000006,2026-08-12,2026-08-12 15:44:57,0,88,DTG 데이터,전라남도 광양시 태인동 1654-7(129m 범위),전라남도 광양시 태인동 CJ대한통운광양지사(78m →),28.1,공차
SB-000006,2026-08-12,2026-08-12 15:46:57,0,88,DTG 데이터,전라남도 광양시 태인동 1655(127m 범위),전라남도 광양시 태인동 CJ대한통운광양지사(76m →),28,공차
SB-000006,2026-08-12,2026-08-12 15:48:57,14,88,DTG 데이터,전라남도 광양시 태인동 1654-7(75m 범위),전라남도 광양시 태인동 세정테크(40m ↙),28.1,공차
SB-000006,2026-08-12,2026-08-12 15:50:56,0,88,Key Off,전라남도 광양시 태인동 1654-1(96m 범위),전라남도 광양시 태인동 광양2공장(98m ↘),26.6,공차
SB-000006,2026-08-12,2026-08-12 16:25:07,0,88,Key On,전라남도 광양시 태인동 1654-1(96m 범위),전라남도 광양시 태인동 광양2공장(98m ↘),24.9,공차
SB-000006,2026-08-12,2026-08-12 16:26:57,12,88,DTG 데이터,전라남도 광양시 태인동 1654-7(86m 범위),전라남도 광양시 태인동 세정테크(54m ↙),28.1,공차
SB-000006,2026-08-12,2026-08-12 16:28:34,0,88,Key Off,전라남도 광양시 태인동 1654-7(115m 범위),전라남도 광양시 태인동 CJ대한통운광양지사(91m →),27.4,공차
SB-000007,2026-08-12,2026-08-12 03:23:21,0,0,리셋보고,전라남도 광양시 태인동 1655(133m 범위),전라남도 광양시 태인동 CJ대한통운광양지사(74m →),25,공차
SB-000007,2026-08-12,2026-08-12 07:29:59,0,0,Key On,전라남도 광양시 태인동 1655(133m 범위),전라남도 광양시 태인동 CJ대한통운광양지사(74m →),24.1,공차
SB-000007,2026-08-12,2026-08-12 07:30:49,0,0,DTG 데이터,전라남도 광양시 태인동 1654-7(131m 범위),전라남도 광양시 태인동 CJ대한통운광양지사(76m →),26.1,공차
SB-000007,2026-08-12,2026-08-12 07:32:49,0,0,DTG 데이터,전라남도 광양시 태인동 1654-7(131m 범위),전라남도 광양시 태인동 CJ대한통운광양지사(77m →),26.7,공차
SB-000007,2026-08-12,2026-08-12 07:34:49,0,0,DTG 데이터,전라남도 광양시 태인동 1655(132m 범위),전라남도 광양시 태인동 CJ대한통운광양지사(76m →),26.8,공차
SB-000007,2026-08-12,2026-08-12 07:36:49,0,0,DTG 데이터,전라남도 광양시 태인동 1655(130m 범위),전라남도 광양시 태인동 CJ대한통운광양지사(73m →),26.7,공차
SB-000007,2026-08-12,2026-08-12 07:37:37,0,0,Key Off,전라남도 광양시 태인동 1655(130m 범위),전라남도 광양시 태인동 CJ대한통운광양지사(74m →),26.7,공차
SB-000007,2026-08-12,2026-08-12 07:37:39,0,0,Key On,전라남도 광양시 태인동 1655(130m 범위),전라남도 광양시 태인동 CJ대한통운광양지사(74m →),26.6,공차
SB-000007,2026-08-12,2026-08-12 07:38:24,0,0,Key Off,전라남도 광양시 태인동 1655(131m 범위),전라남도 광양시 태인동 CJ대한통운광양지사(74m →),26,공차
SB-000007,2026-08-12,2026-08-12 07:44:16,0,0,Key On,전라남도 광양시 태인동 1655(131m 범위),전라남도 광양시 태인동 CJ대한통운광양지사(74m →),25.5,공차
SB-000007,2026-08-12,2026-08-12 07:44:48,0,0,DTG 데이터,전라남도 광양시 태인동 1655(130m 범위),전라남도 광양시 태인동 CJ대한통운광양지사(74m →),26.4,공차
SB-000007,2026-08-12,2026-08-12 07:46:49,0,0,DTG 데이터,전라남도 광양시 태인동 1655(131m 범위),전라남도 광양시 태인동 CJ대한통운광양지사(74m →),26.7,공차
SB-000007,2026-08-12,2026-08-12 07:48:50,0,0,DTG 데이터,전라남도 광양시 태인동 1655(133m 범위),전라남도 광양시 태인동 CJ대한통운광양지사(74m →),26.7,공차
SB-000007,2026-08-12,2026-08-12 07:50:49,0,0,DTG 데이터,전라남도 광양시 태인동 1654-7(133m 범위),전라남도 광양시 태인동 CJ대한통운광양지사(72m →),26.7,공차
SB-000007,2026-08-12,2026-08-12 07:51:00,0,0,공회전감지,전라남도 광양시 태인동 1654-7(133m 범위),전라남도 광양시 태인동 CJ대한통운광양지사(72m →),26.7,공차
SB-000007,2026-08-12,2026-08-12 07:52:49,0,0,DTG 데이터,전라남도 광양시 태인동 1655(131m 범위),전라남도 광양시 태인동 CJ대한통운광양지사(73m →),26.7,공차
SB-000007,2026-08-12,2026-08-12 07:54:49,0,0,DTG 데이터,전라남도 광양시 태인동 1655(129m 범위),전라남도 광양시 태인동 CJ대한통운광양지사(72m →),26.7,공차
SB-000007,2026-08-12,2026-08-12 07:56:00,0,0,공회전유지,전라남도 광양시 태인동 1655(129m 범위),전라남도 광양시 태인동 CJ대한통운광양지사(73m →),26.7,공차
SB-000007,2026-08-12,2026-08-12 07:56:49,0,0,DTG 데이터,전라남도 광양시 태인동 1655(129m 범위),전라남도 광양시 태인동 CJ대한통운광양지사(73m →),26.7,공차
SB-000007,2026-08-12,2026-08-12 07:57:11,0,0,공회전종료,전라남도 광양시 태인동 1655(129m 범위),전라남도 광양시 태인동 CJ대한통운광양지사(74m →),26,공차
SB-000007,2026-08-12,2026-08-12 07:58:48,34,0,DTG 데이터,전라남도 광양시 태인동 1653-5(18m 범위),전라남도 광양시 태인동 성광사(42m ↘),26.8,공차
SB-000007,2026-08-12,2026-08-12 08:00:48,29,1,DTG 데이터,전라남도 광양시 태인동 303-152(32m 범위),전라남도 광양시 태인동 버스정류장(15m ←),26.8,공차
SB-000007,2026-08-12,2026-08-12 08:02:48,0,2,DTG 데이터,전라남도 광양시 금호동 791(48m 범위),전라남도 광양시 금호동 태인교삼거리(48m ←),26.6,공차
SB-000007,2026-08-12,2026-08-12 08:04:49,32,2,DTG 데이터,전라남도 광양시 금호동 800(301m 범위),전라남도 광양시 금호동 버스정류장(279m ↓),25.9,공차
SB-000007,2026-08-12,2026-08-12 08:06:49,37,3,DTG 데이터,전라남도 광양시 금호동 636(153m 범위),전라남도 광양시 금호동 축구장(357m ↓),25.8,공차
SB-000007,2026-08-12,2026-08-12 08:08:49,9,4,DTG 데이터,전라남도 광양시 금호동 631(197m 범위),전라남도 광양시 금호동 포렌(410m ←),25.7,공차
SB-000007,2026-08-12,2026-08-12 08:10:49,26,5,DTG 데이터,전라남도 광양시 금호동 632(397m 범위),주변에 특정 건물이 없습니다,25.7,공차
SB-000007,2026-08-12,2026-08-12 08:12:26,0,5,Key Off,전라남도 광양시 금호동 656(200m 범위),전라남도 광양시 금호동 한유엘엔에스(405m ↗),25.9,공차
SB-000007,2026-08-12,2026-08-12 08:21:29,0,5,Key On,전라남도 광양시 금호동 656(200m 범위),전라남도 광양시 금호동 한유엘엔에스(405m ↗),25.5,공차
SB-000007,2026-08-12,2026-08-12 08:22:49,0,5,DTG 데이터,전라남도 광양시 금호동 656(115m 범위),전라남도 광양시 금호동 한유엘엔에스(319m ↗),26,공차
SB-000007,2026-08-12,2026-08-12 08:24:49,22,6,DTG 데이터,전라남도 광양시 금호동 795(157m 범위),전라남도 광양시 금호동 광양제품부두점(128m →),25.9,공차
SB-000007,2026-08-12,2026-08-12 08:26:49,0,7,DTG 데이터,전라남도 광양시 금호동 803(110m 범위),전라남도 광양시 금호동 포스코플로우(308m ↘),26.6,공차
SB-000007,2026-08-12,2026-08-12 08:27:31,0,7,Key Off,전라남도 광양시 금호동 803(102m 범위),전라남도 광양시 금호동 우리은행365(317m ↘),25.9,공차
SB-000007,2026-08-12,2026-08-12 08:28:14,0,7,Key On,전라남도 광양시 금호동 803(102m 범위),전라남도 광양시 금호동 우리은행365(317m ↘),25.5,공차
SB-000007,2026-08-12,2026-08-12 08:28:49,22,7,DTG 데이터,전라남도 광양시 금호동 642(137m 범위),전라남도 광양시 금호동 우리은행365(393m ↘),25.8,공차
SB-000007,2026-08-12,2026-08-12 08:30:49,13,8,DTG 데이터,전라남도 광양시 금호동 642-1(170m 범위),전라남도 광양시 금호동 피엠에스(493m →),24.7,공차
SB-000007,2026-08-12,2026-08-12 08:32:49,30,9,DTG 데이터,전라남도 광양시 금호동 663(345m 범위),전라남도 광양시 금호동 포스코광양제철소(475m ↘),24.5,공차
SB-000007,2026-08-12,2026-08-12 08:34:48,38,10,DTG 데이터,주변에 검색된 지번이 없습니다,주변에 특정건물이 없습니다,24.5,공차
SB-000007,2026-08-12,2026-08-12 08:36:48,17,10,DTG 데이터,전라남도 광양시 금호동 791(161m 범위),전라남도 광양시 금호동 2문(42m ↘),25,공차
SB-000007,2026-08-12,2026-08-12 08:38:49,7,11,DTG 데이터,전라남도 광양시 태인동 1664-7(20m 범위),전라남도 광양시 태인동 장가계(29m →),25,공차
SB-000007,2026-08-12,2026-08-12 08:40:49,51,12,DTG 데이터,전라남도 광양시 태인동 1653-2(53m 범위),전라남도 광양시 태인동 SK엔크린(48m →),24.7,공차
SB-000007,2026-08-12,2026-08-12 08:42:49,30,13,DTG 데이터,전라남도 광양시 태인동 1688(40m 범위),전라남도 광양시 태인동 현대티에스(30m ←),25,공차
SB-000007,2026-08-12,2026-08-12 08:44:52,0,13,Key Off,전라남도 광양시 태인동 1740(38m 범위),전라남도 광양시 태인동 강변특장(152m ↗),25.2,공차
SB-000007,2026-08-12,2026-08-12 08:57:26,0,13,Key On,전라남도 광양시 태인동 1740(38m 범위),전라남도 광양시 태인동 강변특장(152m ↗),24.5,공차
SB-000007,2026-08-12,2026-08-12 08:58:49,0,13,DTG 데이터,전라남도 광양시 태인동 1740(64m 범위),전라남도 광양시 태인동 강변특장(183m ↗),25.1,공차
SB-000007,2026-08-12,2026-08-12 08:59:08,0,13,Key Off,전라남도 광양시 태인동 1740(88m 범위),전라남도 광양시 태인동 명당자원(196m →),25.3,공차
SB-000007,2026-08-12,2026-08-12 09:04:41,0,13,Key On,전라남도 광양시 태인동 1740(88m 범위),전라남도 광양시 태인동 명당자원(196m →),24.6,공차
SB-000007,2026-08-12,2026-08-12 09:04:49,0,13,관제주기보고,전라남도 광양시 태인동 1738(15m 범위),전라남도 광양시 태인동 대성철강(118m ↙),24.8,공차
SB-000007,2026-08-12,2026-08-12 09:06:49,13,14,DTG 데이터,전라남도 광양시 태인동 28-226(17m 범위),전라남도 광양시 태인동 동산운수(31m ↙),25.1,공차
SB-000007,2026-08-12,2026-08-12 09:08:49,0,15,DTG 데이터,전라남도 광양시 태인동 1653-2(81m 범위),전라남도 광양시 태인동 SK엔크린(80m →),24.9,공차
SB-000007,2026-08-12,2026-08-12 09:10:49,30,16,DTG 데이터,전라남도 광양시 태인동 303-163(31m 범위),전라남도 광양시 태인동 소모식당(33m ↑),24.9,공차
SB-000007,2026-08-12,2026-08-12 09:12:48,0,16,DTG 데이터,전라남도 광양시 금호동 791(12m 범위),전라남도 광양시 금호동 태인교삼거리(28m ↑),25.1,공차
SB-000007,2026-08-12,2026-08-12 09:14:49,0,16,DTG 데이터,전라남도 광양시 금호동 791(113m 범위),전라남도 광양시 금호동 2문(44m ↗),25.1,공차
SB-000007,2026-08-12,2026-08-12 09:16:49,33,17,DTG 데이터,전라남도 광양시 금호동 637(196m 범위),전라남도 광양시 금호동 버스정류장(347m ↙),24.4,공차
SB-000007,2026-08-12,2026-08-12 09:18:00,0,17,Key Off,전라남도 광양시 금호동 658(127m 범위),전라남도 광양시 금호동 정문(203m ↘),25,공차
SB-000007,2026-08-12,2026-08-12 09:25:37,0,17,Key On,전라남도 광양시 금호동 658(127m 범위),전라남도 광양시 금호동 정문(203m ↘),24.6,공차
SB-000007,2026-08-12,2026-08-12 09:26:48,38,18,DTG 데이터,전라남도 광양시 금호동 636(144m 범위),전라남도 광양시 금호동 축구장(352m ↓),24.6,공차
SB-000007,2026-08-12,2026-08-12 09:28:49,5,18,DTG 데이터,전라남도 광양시 금호동 636(423m 범위),전라남도 광양시 금호동 포렌(403m ↖),25,공차
SB-000007,2026-08-12,2026-08-12 09:30:49,0,18,DTG 데이터,전라남도 광양시 금호동 636(427m 범위),전라남도 광양시 금호동 포렌(402m ↖),25.1,공차
SB-000007,2026-08-12,2026-08-12 09:32:49,0,18,DTG 데이터,전라남도 광양시 금호동 636(429m 범위),전라남도 광양시 금호동 광일엔지니어링(398m ↖),24.7,공차
SB-000007,2026-08-12,2026-08-12 09:34:49,0,19,DTG 데이터,전라남도 광양시 금호동 631(199m 범위),전라남도 광양시 금호동 광일엔지니어링(407m ←),24.5,공차
SB-000007,2026-08-12,2026-08-12 09:36:49,37,19,DTG 데이터,전라남도 광양시 금호동 635(57m 범위),주변에 특정 건물이 없습니다,24.6,공차
SB-000007,2026-08-12,2026-08-12 09:38:49,27,20,DTG 데이터,전라남도 광양시 금호동 634(65m 범위),전라남도 광양시 금호동 한유엘엔에스(178m ↗),24.5,공차
SB-000007,2026-08-12,2026-08-12 09:40:49,26,21,DTG 데이터,전라남도 광양시 금호동 802(165m 범위),전라남도 광양시 금호동 아르고마린토탈(218m →),24.4,공차
SB-000007,2026-08-12,2026-08-12 09:42:30,0,21,Key Off,전라남도 광양시 금호동 803(103m 범위),전라남도 광양시 금호동 우리은행365(328m ↘),25.2,공차
SB-000007,2026-08-12,2026-08-12 09:43:03,0,21,Key On,전라남도 광양시 금호동 803(103m 범위),전라남도 광양시 금호동 포스코플로우(328m ↘),24.5,공차
SB-000007,2026-08-12,2026-08-12 09:44:48,40,22,DTG 데이터,전라남도 광양시 금호동 662(67m 범위),전라남도 광양시 금호동 피엠에스(137m ↘),24.4,공차
SB-000007,2026-08-12,2026-08-12 09:46:48,30,23,DTG 데이터,주변에 검색된 지번이 없습니다,주변에 특정건물이 없습니다,24.5,공차
SB-000007,2026-08-12,2026-08-12 09:48:49,27,24,DTG 데이터,전라남도 광양시 금호동 663(157m 범위),전라남도 광양시 금호동 포스코광양제철소(420m ↗),24.4,공차
SB-000007,2026-08-12,2026-08-12 09:50:49,0,24,DTG 데이터,전라남도 광양시 금호동 791(281m 범위),전라남도 광양시 금호동 2문(194m ↓),24.5,공차
SB-000007,2026-08-12,2026-08-12 09:52:49,25,25,DTG 데이터,전라남도 광양시 태인동 1664-7(70m 범위),전라남도 광양시 태인동 태인교(32m ↑),25.1,공차
SB-000007,2026-08-12,2026-08-12 09:54:49,43,25,DTG 데이터,전라남도 광양시 태인동 303-34(32m 범위),전라남도 광양시 태인동 HD현대오일뱅크(65m ↓),24.9,공차
SB-000007,2026-08-12,2026-08-12 09:56:49,0,27,DTG 데이터,전라남도 광양시 태인동 1656-6(79m 범위),전라남도 광양시 태인동 포스코DX(84m ↗),25,공차
SB-000007,2026-08-12,2026-08-12 09:57:14,0,27,Key Off,전라남도 광양시 태인동 1656-6(81m 범위),전라남도 광양시 태인동 GS칼텍스(83m ←),25.2,공차
SB-000007,2026-08-12,2026-08-12 09:59:28,0,27,Key On,전라남도 광양시 태인동 1656-6(81m 범위),전라남도 광양시 태인동 GS칼텍스(83m ←),24.3,공차
SB-000007,2026-08-12,2026-08-12 10:00:48,42,27,DTG 데이터,전라남도 광양시 태인동 산96(73m 범위),전라남도 광양시 태인동 전국레미콘(35m ↑),25.1,공차
SB-000007,2026-08-12,2026-08-12 10:02:49,54,28,DTG 데이터,전라남도 광양시 태인동 267-3(22m 범위),전라남도 광양시 태인동 SK엔크린(40m →),25,공차
SB-000007,2026-08-12,2026-08-12 10:04:49,0,29,DTG 데이터,전라남도 광양시 금호동 791(65m 범위),전라남도 광양시 금호동 태인교삼거리(67m ←),25,공차
SB-000007,2026-08-12,2026-08-12 10:06:49,24,29,DTG 데이터,전라남도 광양시 금호동 791(245m 범위),전라남도 광양시 금호동 2문(139m ↓),24.5,공차
SB-000007,2026-08-12,2026-08-12 10:08:49,5,30,DTG 데이터,전라남도 광양시 금호동 658(108m 범위),전라남도 광양시 금호동 정문(195m ↘),24.5,공차
SB-000007,2026-08-12,2026-08-12 10:10:49,31,31,DTG 데이터,전라남도 광양시 금호동 636(329m 범위),전라남도 광양시 금호동 1문(260m ↘),24.4,공차
SB-000007,2026-08-12,2026-08-12 10:12:49,0,31,DTG 데이터,전라남도 광양시 금호동 636(423m 범위),전라남도 광양시 금호동 광일엔지니어링(407m ↖),24.9,공차
SB-000007,2026-08-12,2026-08-12 10:14:49,0,31,DTG 데이터,전라남도 광양시 금호동 636(422m 범위),전라남도 광양시 금호동 포렌(405m ↖),25,공차
SB-000007,2026-08-12,2026-08-12 10:16:48,0,31,DTG 데이터,전라남도 광양시 금호동 636(429m 범위),전라남도 광양시 금호동 포렌(404m ↖),25,공차
SB-000007,2026-08-12,2026-08-12 10:18:49,13,31,DTG 데이터,전라남도 광양시 금호동 631(161m 범위),전라남도 광양시 금호동 광일엔지니어링(420m ←),24.3,공차
SB-000007,2026-08-12,2026-08-12 10:20:49,27,32,DTG 데이터,전라남도 광양시 금호동 653(371m 범위),주변에 특정 건물이 없습니다,24.4,공차
SB-000007,2026-08-12,2026-08-12 10:22:49,22,33,DTG 데이터,전라남도 광양시 금호동 634(147m 범위),전라남도 광양시 금호동 광양제품부두점(103m →),24.3,공차
SB-000007,2026-08-12,2026-08-12 10:24:33,0,34,Key Off,전라남도 광양시 금호동 803(85m 범위),전라남도 광양시 금호동 포스코플로우(332m ↘),25,공차
SB-000007,2026-08-12,2026-08-12 10:25:03,0,34,Key On,전라남도 광양시 금호동 803(85m 범위),전라남도 광양시 금호동 우리은행365(332m ↘),24.4,공차
SB-000007,2026-08-12,2026-08-12 10:26:49,39,34,DTG 데이터,전라남도 광양시 금호동 662(44m 범위),전라남도 광양시 금호동 피엠에스(238m →),24.4,공차
SB-000007,2026-08-12,2026-08-12 10:28:49,0,35,DTG 데이터,주변에 검색된 지번이 없습니다,주변에 특정건물이 없습니다,24.5,공차
SB-000007,2026-08-12,2026-08-12 10:30:49,0,35,DTG 데이터,전라남도 광양시 금호동 663(148m 범위),전라남도 광양시 금호동 포스코광양제철소(417m ↗),24.5,공차
SB-000007,2026-08-12,2026-08-12 10:32:48,0,35,DTG 데이터,전라남도 광양시 금호동 791(196m 범위),전라남도 광양시 금호동 2문(92m ↓),24.9,공차
SB-000007,2026-08-12,2026-08-12 10:34:49,0,35,DTG 데이터,전라남도 광양시 태인동 1664-1(32m 범위),전라남도 광양시 태인동 한영통신무전기CCTV(32m →),24.9,공차
SB-000007,2026-08-12,2026-08-12 10:36:49,0,35,DTG 데이터,전라남도 광양시 태인동 1653-9(12m 범위),전라남도 광양시 태인동 버스정류장(12m ↖),24.9,공차
SB-000007,2026-08-12,2026-08-12 10:37:05,0,35,DTG GPS 이상,전라남도 광양시 태인동 28-246(5m 범위),전라남도 광양시 태인동 태인전업사(22m →),24.8,공차
SB-000007,2026-08-12,2026-08-12 10:38:49,0,35,DTG 데이터,전라남도 광양시 태인동 1702(65m 범위),전라남도 광양시 태인동 우현피엔티(77m ↓),24.9,공차
SB-000007,2026-08-12,2026-08-12 10:40:49,0,35,DTG 데이터,전라남도 광양시 태인동 1688(72m 범위),전라남도 광양시 태인동 엔시스(75m ↑),24.8,공차
SB-000007,2026-08-12,2026-08-12 10:42:49,0,35,DTG 데이터,전라남도 광양시 태인동 1688(73m 범위),전라남도 광양시 태인동 엔시스(76m ↑),24.7,공차
SB-000007,2026-08-12,2026-08-12 10:44:49,0,35,DTG 데이터,전라남도 광양시 태인동 1714(132m 범위),전라남도 광양시 태인동 엔시스(151m ↑),24.8,공차
SB-000007,2026-08-12,2026-08-12 10:46:49,0,35,DTG 데이터,전라남도 광양시 태인동 1714(132m 범위),전라남도 광양시 태인동 엔시스(150m ↑),24.8,공차
SB-000007,2026-08-12,2026-08-12 10:48:49,0,35,DTG 데이터,전라남도 광양시 태인동 1714-2(59m 범위),전라남도 광양시 태인동 태성산업(58m ↗),25.9,공차
SB-000007,2026-08-12,2026-08-12 10:50:48,0,35,DTG 데이터,전라남도 광양시 태인동 1694(46m 범위),전라남도 광양시 태인동 엠티에스(47m ↑),24.8,공차
SB-000007,2026-08-12,2026-08-12 10:52:49,0,35,DTG 데이터,전라남도 광양시 태인동 28-226(8m 범위),전라남도 광양시 태인동 동산운수(34m ↙),24.7,공차
SB-000007,2026-08-12,2026-08-12 10:54:49,0,35,DTG 데이터,전라남도 광양시 태인동 1653-2(45m 범위),전라남도 광양시 태인동 SK엔크린(35m ↘),24.8,공차
SB-000007,2026-08-12,2026-08-12 10:56:49,0,35,DTG 데이터,전라남도 광양시 금호동 791(77m 범위),전라남도 광양시 금호동 2문(72m ↗),24.7,공차
SB-000007,2026-08-12,2026-08-12 10:58:49,0,35,DTG 데이터,전라남도 광양시 금호동 800(315m 범위),전라남도 광양시 금호동 2문(269m ↙),25.1,공차
SB-000007,2026-08-12,2026-08-12 11:00:49,0,35,DTG 데이터,전라남도 광양시 금호동 636(145m 범위),전라남도 광양시 금호동 축구장(352m ↓),24.4,공차
SB-000007,2026-08-12,2026-08-12 11:02:49,0,35,DTG 데이터,전라남도 광양시 금호동 631(175m 범위),전라남도 광양시 금호동 광일엔지니어링(414m ←),24.4,공차
SB-000007,2026-08-12,2026-08-12 11:04:49,0,35,DTG 데이터,전라남도 광양시 금호동 632(380m 범위),주변에 특정 건물이 없습니다,24.6,공차
SB-000007,2026-08-12,2026-08-12 11:06:36,0,35,Key Off,전라남도 광양시 금호동 632(330m 범위),주변에 특정 건물이 없습니다,25.2,공차
SB-000007,2026-08-12,2026-08-12 11:12:25,0,35,Key On,전라남도 광양시 금호동 632(330m 범위),주변에 특정 건물이 없습니다,24.4,공차
SB-000007,2026-08-12,2026-08-12 11:12:49,0,35,DTG 데이터,전라남도 광양시 금호동 632(329m 범위),주변에 특정 건물이 없습니다,25,공차
SB-000007,2026-08-12,2026-08-12 11:13:07,0,36,DTG GPS 정상,전라남도 광양시 금호동 632(340m 범위),주변에 특정 건물이 없습니다,24.6,공차
SB-000007,2026-08-12,2026-08-12 11:14:49,0,36,DTG 데이터,전라남도 광양시 금호동 656(227m 범위),전라남도 광양시 금호동 한유엘엔에스(430m ↗),25,공차
SB-000007,2026-08-12,2026-08-12 11:15:00,0,36,Key Off,전라남도 광양시 금호동 656(195m 범위),전라남도 광양시 금호동 한유엘엔에스(399m ↗),25.2,공차
SB-000007,2026-08-12,2026-08-12 11:28:12,0,36,Key On,전라남도 광양시 금호동 656(195m 범위),전라남도 광양시 금호동 한유엘엔에스(399m ↗),24.3,공차
SB-000007,2026-08-12,2026-08-12 11:28:50,0,36,DTG 데이터,전라남도 광양시 금호동 656(130m 범위),전라남도 광양시 금호동 한유엘엔에스(333m ↗),24.5,공차
SB-000007,2026-08-12,2026-08-12 11:30:51,26,37,DTG 데이터,전라남도 광양시 금호동 795(82m 범위),전라남도 광양시 금호동 청우(91m ↖),25.5,공차
SB-000007,2026-08-12,2026-08-12 11:32:51,0,38,DTG 데이터,전라남도 광양시 금호동 803(111m 범위),전라남도 광양시 금호동 포스코플로우(311m ↘),26.2,공차
SB-000007,2026-08-12,2026-08-12 11:33:03,0,38,Key Off,전라남도 광양시 금호동 803(108m 범위),전라남도 광양시 금호동 우리은행365(320m ↘),25.7,공차
SB-000007,2026-08-12,2026-08-12 11:34:20,0,38,Key On,전라남도 광양시 금호동 803(108m 범위),전라남도 광양시 금호동 우리은행365(320m ↘),25.1,공차
SB-000007,2026-08-12,2026-08-12 11:34:49,0,38,DTG 데이터,전라남도 광양시 금호동 803(126m 범위),전라남도 광양시 금호동 우리은행365(357m ↘),25.7,공차
SB-000007,2026-08-12,2026-08-12 11:36:49,22,39,DTG 데이터,전라남도 광양시 금호동 642-2(195m 범위),전라남도 광양시 금호동 피엠에스(406m →),25.8,공차
SB-000007,2026-08-12,2026-08-12 11:38:49,35,39,DTG 데이터,주변에 검색된 지번이 없습니다,주변에 특정건물이 없습니다,24.6,공차
SB-000007,2026-08-12,2026-08-12 11:40:49,38,40,DTG 데이터,전라남도 광양시 금호동 663(262m 범위),전라남도 광양시 금호동 포스코광양제철소(479m ↗),24.4,공차
SB-000007,2026-08-12,2026-08-12 11:42:49,5,41,DTG 데이터,전라남도 광양시 금호동 791(283m 범위),전라남도 광양시 금호동 2문(197m ↓),24.3,공차
SB-000007,2026-08-12,2026-08-12 11:44:49,0,41,DTG 데이터,전라남도 광양시 금호동 791(182m 범위),전라남도 광양시 금호동 2문(73m ↓),24.8,공차
SB-000007,2026-08-12,2026-08-12 11:46:49,20,41,DTG 데이터,전라남도 광양시 금호동 791(54m 범위),전라남도 광양시 태인동 태인교(45m ↓),24.8,공차
SB-000007,2026-08-12,2026-08-12 11:48:49,43,43,DTG 데이터,전라남도 광양시 태인동 1656-13(76m 범위),전라남도 광양시 태인동 전국레미콘(25m ↖),24.9,공차
SB-000007,2026-08-12,2026-08-12 11:50:49,28,44,DTG 데이터,전라남도 광양시 태인동 1688(81m 범위),전라남도 광양시 태인동 현대티에스(82m ↖),24.8,공차
SB-000007,2026-08-12,2026-08-12 11:52:35,0,44,Key Off,전라남도 광양시 태인동 1740(36m 범위),전라남도 광양시 태인동 강변특장(151m ↗),25.1,공차
SB-000007,2026-08-12,2026-08-12 12:51:02,0,44,Key On,전라남도 광양시 태인동 1740(36m 범위),전라남도 광양시 태인동 강변특장(151m ↗),24.9,공차
SB-000007,2026-08-12,2026-08-12 12:52:49,0,44,DTG 데이터,전라남도 광양시 태인동 1740(35m 범위),전라남도 광양시 태인동 강변특장(147m ↗),25.3,공차
SB-000007,2026-08-12,2026-08-12 12:54:49,0,44,DTG 데이터,전라남도 광양시 태인동 1740(35m 범위),전라남도 광양시 태인동 강변특장(147m ↗),26.2,공차
SB-000007,2026-08-12,2026-08-12 12:55:22,0,44,Key Off,전라남도 광양시 태인동 1740(34m 범위),전라남도 광양시 태인동 강변특장(146m ↗),25.8,공차
SB-000007,2026-08-12,2026-08-12 13:00:28,0,44,Key On,전라남도 광양시 태인동 1740(34m 범위),전라남도 광양시 태인동 강변특장(146m ↗),24.8,공차
SB-000007,2026-08-12,2026-08-12 13:00:49,0,44,DTG 데이터,전라남도 광양시 태인동 1740(36m 범위),전라남도 광양시 태인동 강변특장(147m ↗),25.9,공차
SB-000007,2026-08-12,2026-08-12 13:01:59,0,44,Key Off,전라남도 광양시 태인동 1740(73m 범위),전라남도 광양시 태인동 강변특장(189m ↑),25.8,공차
SB-000007,2026-08-12,2026-08-12 13:03:14,0,44,Key On,전라남도 광양시 태인동 1740(73m 범위),전라남도 광양시 태인동 강변특장(189m ↑),24.9,공차
SB-000007,2026-08-12,2026-08-12 13:03:49,0,44,Key Off,전라남도 광양시 태인동 1738(67m 범위),전라남도 광양시 태인동 대성철강(167m ↙),25.6,공차
SB-000007,2026-08-12,2026-08-12 13:07:22,0,44,Key On,전라남도 광양시 태인동 1738(67m 범위),전라남도 광양시 태인동 대성철강(167m ↙),24.9,공차
SB-000007,2026-08-12,2026-08-12 13:08:49,34,44,DTG 데이터,전라남도 광양시 태인동 1740(128m 범위),전라남도 광양시 태인동 삼현철강(141m ↙),25,공차
SB-000007,2026-08-12,2026-08-12 13:10:50,34,46,DTG 데이터,전라남도 광양시 태인동 산96(65m 범위),전라남도 광양시 태인동 전국레미콘(42m ↗),24.8,공차
SB-000007,2026-08-12,2026-08-12 13:12:49,35,46,DTG 데이터,전라남도 광양시 태인동 1664(29m 범위),전라남도 광양시 태인동 서강기업(44m ↓),25,공차
SB-000007,2026-08-12,2026-08-12 13:14:49,0,47,DTG 데이터,전라남도 광양시 태인동 303-35(37m 범위),전라남도 광양시 태인동 태인장내배수펌프장(29m →),24.9,공차
SB-000007,2026-08-12,2026-08-12 13:16:49,0,47,DTG 데이터,전라남도 광양시 금호동 791(47m 범위),전라남도 광양시 금호동 태인교삼거리(48m ←),24.9,공차
SB-000007,2026-08-12,2026-08-12 13:18:49,10,47,DTG 데이터,전라남도 광양시 금호동 791(183m 범위),전라남도 광양시 금호동 2문(52m ↓),24.4,공차
SB-000007,2026-08-12,2026-08-12 13:20:49,38,48,DTG 데이터,전라남도 광양시 금호동 658(27m 범위),전라남도 광양시 금호동 정문(165m ↘),24.2,공차
SB-000007,2026-08-12,2026-08-12 13:22:49,37,49,DTG 데이터,주변에 검색된 지번이 없습니다,전라남도 광양시 금호동 1문(412m ↓),24.2,공차
SB-000007,2026-08-12,2026-08-12 13:24:49,35,50,DTG 데이터,전라남도 광양시 금호동 657(22m 범위),주변에 특정 건물이 없습니다,24.1,공차
SB-000007,2026-08-12,2026-08-12 13:26:49,0,51,DTG 데이터,전라남도 광양시 금호동 656(131m 범위),전라남도 광양시 금호동 한유엘엔에스(327m ↗),24.7,공차
SB-000007,2026-08-12,2026-08-12 13:28:49,0,51,DTG 데이터,전라남도 광양시 금호동 656(139m 범위),전라남도 광양시 금호동 한유엘엔에스(342m ↗),24.7,공차
SB-000007,2026-08-12,2026-08-12 13:30:11,0,51,Key Off,전라남도 광양시 금호동 634(103m 범위),전라남도 광양시 금호동 광양제품부두점(217m ↗),25.1,공차
SB-000007,2026-08-12,2026-08-12 13:41:01,0,51,Key On,전라남도 광양시 금호동 634(103m 범위),전라남도 광양시 금호동 광양제품부두점(217m ↗),24.2,공차
SB-000007,2026-08-12,2026-08-12 13:42:49,27,52,DTG 데이터,전라남도 광양시 금호동 802(153m 범위),전라남도 광양시 금호동 아르고마린토탈(206m →),24.5,공차
SB-000007,2026-08-12,2026-08-12 13:43:33,0,52,Key Off,전라남도 광양시 금호동 803(95m 범위),전라남도 광양시 금호동 우리은행365(325m ↘),25.1,공차
SB-000007,2026-08-12,2026-08-12 13:44:35,0,52,Key On,전라남도 광양시 금호동 803(95m 범위),전라남도 광양시 금호동 포스코플로우(325m ↘),24.3,공차
SB-000007,2026-08-12,2026-08-12 13:44:49,0,52,DTG 데이터,전라남도 광양시 금호동 803(99m 범위),전라남도 광양시 금호동 우리은행365(361m ↘),24.4,공차
SB-000007,2026-08-12,2026-08-12 13:46:50,28,53,DTG 데이터,전라남도 광양시 금호동 662(165m 범위),전라남도 광양시 금호동 피엠에스(354m →),24.5,공차
SB-000007,2026-08-12,2026-08-12 13:48:49,30,54,DTG 데이터,주변에 검색된 지번이 없습니다,주변에 특정건물이 없습니다,24.4,공차
SB-000007,2026-08-12,2026-08-12 13:50:49,22,54,DTG 데이터,전라남도 광양시 금호동 663(48m 범위),전라남도 광양시 금호동 포스코광양제철소(378m →),24.4,공차
SB-000007,2026-08-12,2026-08-12 13:52:49,5,55,DTG 데이터,전라남도 광양시 금호동 791(234m 범위),전라남도 광양시 금호동 2문(139m ↓),24.4,공차
SB-000007,2026-08-12,2026-08-12 13:54:49,0,56,DTG 데이터,전라남도 광양시 금호동 791(43m 범위),전라남도 광양시 금호동 태인교삼거리(42m ←),25.1,공차
SB-000007,2026-08-12,2026-08-12 13:56:49,10,56,DTG 데이터,전라남도 광양시 태인동 1664-1(20m 범위),전라남도 광양시 태인동 대성이엔지(21m ↘),24.9,공차
SB-000007,2026-08-12,2026-08-12 13:58:49,19,57,DTG 데이터,전라남도 광양시 태인동 309-7(7m 범위),전라남도 광양시 태인동 세움건설(35m ↘),24.8,공차
SB-000007,2026-08-12,2026-08-12 13:59:40,0,57,Key Off,전라남도 광양시 태인동 309-2(24m 범위),전라남도 광양시 태인동 세움건설(69m ↗),25.2,공차
SB-000007,2026-08-12,2026-08-12 14:02:13,0,57,Key On,전라남도 광양시 태인동 309-2(24m 범위),전라남도 광양시 태인동 세움건설(69m ↗),24.2,공차
SB-000007,2026-08-12,2026-08-12 14:02:45,0,57,Key Off,전라남도 광양시 태인동 306-20(8m 범위),전라남도 광양시 태인동 경남스틸(65m ↑),25,공차
SB-000007,2026-08-12,2026-08-12 14:05:41,0,57,Key On,전라남도 광양시 태인동 306-20(8m 범위),전라남도 광양시 태인동 경남스틸(65m ↑),24.3,공차
SB-000007,2026-08-12,2026-08-12 14:06:50,0,57,DTG 데이터,전라남도 광양시 태인동 산111-2(28m 범위),전라남도 광양시 태인동 경남스틸(74m ↓),24.9,공차
SB-000007,2026-08-12,2026-08-12 14:08:49,35,57,DTG 데이터,전라남도 광양시 태인동 303-91(8m 범위),전라남도 광양시 태인동 제일크레인(56m ↘),24.9,공차
SB-000007,2026-08-12,2026-08-12 14:10:49,0,58,DTG 데이터,전라남도 광양시 금호동 791(23m 범위),전라남도 광양시 금호동 태인교삼거리(38m ↑),24.9,공차
SB-000007,2026-08-12,2026-08-12 14:12:49,15,58,DTG 데이터,전라남도 광양시 금호동 791(156m 범위),전라남도 광양시 금호동 2문(21m ↖),24.9,공차
SB-000007,2026-08-12,2026-08-12 14:14:49,36,59,DTG 데이터,전라남도 광양시 금호동 658(223m 범위),전라남도 광양시 금호동 정문(287m ↘),24.8,공차
SB-000007,2026-08-12,2026-08-12 14:16:49,0,60,DTG 데이터,전라남도 광양시 금호동 624-4(398m 범위),전라남도 광양시 금호동 1문(231m ↓),24.8,공차
SB-000007,2026-08-12,2026-08-12 14:18:49,0,61,DTG 데이터,전라남도 광양시 금호동 631(387m 범위),전라남도 광양시 금호동 광일엔지니어링(398m ←),24.9,공차
SB-000007,2026-08-12,2026-08-12 14:20:50,0,61,DTG 데이터,전라남도 광양시 금호동 631(387m 범위),전라남도 광양시 금호동 광일엔지니어링(398m ←),24.9,공차
SB-000007,2026-08-12,2026-08-12 14:22:50,0,61,DTG 데이터,전라남도 광양시 금호동 631(388m 범위),전라남도 광양시 금호동 포렌(398m ←),24.9,공차
SB-000007,2026-08-12,2026-08-12 14:24:50,0,61,DTG 데이터,전라남도 광양시 금호동 631(388m 범위),전라남도 광양시 금호동 광일엔지니어링(397m ←),25,공차
SB-000007,2026-08-12,2026-08-12 14:26:49,0,61,DTG 데이터,전라남도 광양시 금호동 631(389m 범위),전라남도 광양시 금호동 포렌(396m ←),25,공차
SB-000007,2026-08-12,2026-08-12 14:28:49,0,61,DTG 데이터,전라남도 광양시 금호동 631(394m 범위),전라남도 광양시 금호동 광일엔지니어링(397m ←),25,공차
SB-000007,2026-08-12,2026-08-12 14:30:49,0,61,DTG 데이터,전라남도 광양시 금호동 631(400m 범위),전라남도 광양시 금호동 광일엔지니어링(399m ←),24.9,공차
SB-000007,2026-08-12,2026-08-12 14:32:49,0,61,DTG 데이터,전라남도 광양시 금호동 631(397m 범위),전라남도 광양시 금호동 광일엔지니어링(398m ←),25,공차
SB-000007,2026-08-12,2026-08-12 14:34:17,0,61,Key Off,전라남도 광양시 금호동 631(405m 범위),전라남도 광양시 금호동 광일엔지니어링(399m ←),25.3,공차
SB-000007,2026-08-12,2026-08-12 14:50:41,0,61,Key On,전라남도 광양시 금호동 631(405m 범위),전라남도 광양시 금호동 광일엔지니어링(399m ←),24.3,공차
SB-000007,2026-08-12,2026-08-12 14:50:49,0,61,관제주기보고,전라남도 광양시 금호동 631(402m 범위),전라남도 광양시 금호동 포렌(399m ←),24.7,공차
SB-000007,2026-08-12,2026-08-12 14:52:21,0,61,Key Off,전라남도 광양시 금호동 631(397m 범위),전라남도 광양시 금호동 포렌(398m ←),25.9,공차
SB-000007,2026-08-12,2026-08-12 14:52:21,0,61,Key On,전라남도 광양시 금호동 631(397m 범위),전라남도 광양시 금호동 광일엔지니어링(398m ←),25.9,공차
SB-000007,2026-08-12,2026-08-12 14:52:29,0,61,Key Off,전라남도 광양시 금호동 631(396m 범위),전라남도 광양시 금호동 광일엔지니어링(398m ←),25.5,공차
SB-000007,2026-08-12,2026-08-12 14:57:55,0,61,Key On,전라남도 광양시 금호동 631(396m 범위),전라남도 광양시 금호동 광일엔지니어링(398m ←),24.9,공차
SB-000007,2026-08-12,2026-08-12 14:58:50,0,61,DTG 데이터,전라남도 광양시 금호동 631(389m 범위),전라남도 광양시 금호동 광일엔지니어링(398m ←),25.1,공차
SB-000007,2026-08-12,2026-08-12 15:00:50,0,61,DTG 데이터,전라남도 광양시 금호동 631(389m 범위),전라남도 광양시 금호동 포렌(397m ←),25.1,공차
SB-000007,2026-08-12,2026-08-12 15:02:49,0,61,DTG 데이터,전라남도 광양시 금호동 631(388m 범위),전라남도 광양시 금호동 포렌(396m ←),25,공차
SB-000007,2026-08-12,2026-08-12 15:04:49,0,61,DTG 데이터,전라남도 광양시 금호동 631(412m 범위),전라남도 광양시 금호동 광일엔지니어링(379m ←),24.9,공차
SB-000007,2026-08-12,2026-08-12 15:06:49,0,61,DTG 데이터,전라남도 광양시 금호동 631(263m 범위),전라남도 광양시 금호동 광일엔지니어링(377m ←),24.6,공차
SB-000007,2026-08-12,2026-08-12 15:08:50,9,61,DTG 데이터,전라남도 광양시 금호동 631(219m 범위),전라남도 광양시 금호동 포렌(383m ←),24.5,공차
SB-000007,2026-08-12,2026-08-12 15:10:49,10,61,DTG 데이터,전라남도 광양시 금호동 631(421m 범위),전라남도 광양시 금호동 광일엔지니어링(377m ←),25.1,공차
SB-000007,2026-08-12,2026-08-12 15:11:56,0,61,Key Off,전라남도 광양시 금호동 631(321m 범위),전라남도 광양시 금호동 광일엔지니어링(363m ←),25.2,공차
SB-000007,2026-08-12,2026-08-12 15:17:42,0,61,Key On,전라남도 광양시 금호동 631(321m 범위),주변에 특정 건물이 없습니다,24.4,공차
SB-000007,2026-08-12,2026-08-12 15:18:49,0,61,DTG 데이터,전라남도 광양시 금호동 631(188m 범위),전라남도 광양시 금호동 포렌(381m ←),24.4,공차
SB-000007,2026-08-12,2026-08-12 15:20:49,0,62,DTG 데이터,전라남도 광양시 금호동 657(67m 범위),주변에 특정 건물이 없습니다,24.4,공차
SB-000007,2026-08-12,2026-08-12 15:21:04,0,62,Key Off,전라남도 광양시 금호동 657(66m 범위),주변에 특정 건물이 없습니다,25,공차
SB-000007,2026-08-12,2026-08-12 15:28:31,0,62,Key On,전라남도 광양시 금호동 657(66m 범위),주변에 특정 건물이 없습니다,24.3,공차
SB-000007,2026-08-12,2026-08-12 15:28:50,0,62,DTG 데이터,전라남도 광양시 금호동 657(29m 범위),주변에 특정 건물이 없습니다,24.8,공차
SB-000007,2026-08-12,2026-08-12 15:30:50,0,62,DTG 데이터,전라남도 광양시 금호동 657(43m 범위),주변에 특정 건물이 없습니다,25,공차
SB-000007,2026-08-12,2026-08-12 15:32:50,0,62,DTG 데이터,전라남도 광양시 금호동 657(59m 범위),주변에 특정 건물이 없습니다,24.9,공차
SB-000007,2026-08-12,2026-08-12 15:34:49,6,62,DTG 데이터,전라남도 광양시 금호동 657(163m 범위),주변에 특정 건물이 없습니다,25.3,공차
SB-000007,2026-08-12,2026-08-12 15:36:49,28,63,DTG 데이터,전라남도 광양시 금호동 634(53m 범위),전라남도 광양시 금호동 한유엘엔에스(169m ↗),25.5,공차
SB-000007,2026-08-12,2026-08-12 15:38:49,12,64,DTG 데이터,전라남도 광양시 금호동 803(193m 범위),전라남도 광양시 금호동 아르고마린토탈(265m →),25.4,공차
SB-000007,2026-08-12,2026-08-12 15:40:49,0,64,DTG 데이터,전라남도 광양시 금호동 803(127m 범위),전라남도 광양시 금호동 우리은행365(299m ↘),25.9,공차
SB-000007,2026-08-12,2026-08-12 15:42:49,0,64,DTG 데이터,전라남도 광양시 금호동 803(107m 범위),전라남도 광양시 금호동 우리은행365(311m ↘),25.9,공차
SB-000007,2026-08-12,2026-08-12 15:44:49,0,64,DTG 데이터,전라남도 광양시 금호동 803(109m 범위),전라남도 광양시 금호동 포스코플로우(312m ↘),25.9,공차
SB-000007,2026-08-12,2026-08-12 15:45:48,0,64,Key Off,전라남도 광양시 금호동 803(113m 범위),전라남도 광양시 금호동 포스코플로우(310m ↘),25.6,공차
SB-000007,2026-08-12,2026-08-12 15:46:42,0,64,Key On,전라남도 광양시 금호동 803(113m 범위),전라남도 광양시 금호동 포스코플로우(310m ↘),25.2,공차
SB-000007,2026-08-12,2026-08-12 15:46:50,0,64,DTG 데이터,전라남도 광양시 금호동 803(101m 범위),전라남도 광양시 금호동 우리은행365(341m ↘),25.5,공차
SB-000007,2026-08-12,2026-08-12 15:47:36,29,64,급가속,전라남도 광양시 금호동 642(39m 범위),전라남도 광양시 금호동 피엠에스(341m ←),25.5,공차
SB-000007,2026-08-12,2026-08-12 15:48:50,31,65,DTG 데이터,전라남도 광양시 금호동 642-2(193m 범위),전라남도 광양시 금호동 피엠에스(396m →),25.4,공차
SB-000007,2026-08-12,2026-08-12 15:50:50,34,65,DTG 데이터,주변에 검색된 지번이 없습니다,주변에 특정건물이 없습니다,25.4,공차
SB-000007,2026-08-12,2026-08-12 15:52:49,32,66,DTG 데이터,전라남도 광양시 금호동 663(169m 범위),전라남도 광양시 금호동 포스코광양제철소(423m ↗),25.5,공차
SB-000007,2026-08-12,2026-08-12 15:54:49,0,67,DTG 데이터,전라남도 광양시 금호동 791(219m 범위),전라남도 광양시 금호동 2문(121m ↓),25.4,공차
SB-000007,2026-08-12,2026-08-12 15:56:49,21,67,DTG 데이터,전라남도 광양시 금호동 791(61m 범위),전라남도 광양시 태인동 태인교(38m ↓),26.1,공차
SB-000007,2026-08-12,2026-08-12 15:58:49,37,69,DTG 데이터,전라남도 광양시 태인동 1653-5(19m 범위),전라남도 광양시 태인동 용지삼거리(35m ←),26,공차
SB-000007,2026-08-12,2026-08-12 16:00:49,26,70,DTG 데이터,전라남도 광양시 태인동 1740(149m 범위),전라남도 광양시 태인동 한국상용트럭서비스센터(139m →),26.1,공차
SB-000007,2026-08-12,2026-08-12 16:02:49,0,70,DTG 데이터,전라남도 광양시 태인동 1740(30m 범위),전라남도 광양시 태인동 한국상용트럭서비스센터(151m ↑),26.1,공차
SB-000007,2026-08-12,2026-08-12 16:03:20,0,70,Key Off,전라남도 광양시 태인동 1740(31m 범위),전라남도 광양시 태인동 한국상용트럭서비스센터(152m ↑),25.7,공차
SB-000007,2026-08-12,2026-08-12 16:03:45,0,70,Key On,전라남도 광양시 태인동 1740(31m 범위),전라남도 광양시 태인동 한국상용트럭서비스센터(152m ↑),25.1,공차
SB-000007,2026-08-12,2026-08-12 16:04:25,0,70,Key Off,전라남도 광양시 태인동 1740(53m 범위),전라남도 광양시 태인동 강변특장(169m ↗),25.6,공차
SB-000007,2026-08-12,2026-08-12 16:08:44,0,70,Key On,전라남도 광양시 태인동 1740(53m 범위),전라남도 광양시 태인동 강변특장(169m ↗),25,공차
SB-000007,2026-08-12,2026-08-12 16:08:50,0,70,관제주기보고,전라남도 광양시 태인동 1740(31m 범위),전라남도 광양시 태인동 한국상용트럭서비스센터(154m ↑),24.9,공차
SB-000007,2026-08-12,2026-08-12 16:10:50,12,70,DTG 데이터,전라남도 광양시 태인동 1753(20m 범위),전라남도 광양시 태인동 삼현철강(112m ↖),26.1,공차
SB-000007,2026-08-12,2026-08-12 16:12:35,35,71,급가속,전라남도 광양시 태인동 1716(23m 범위),전라남도 광양시 태인동 에어릭스(43m ←),26.2,공차
SB-000007,2026-08-12,2026-08-12 16:12:50,20,71,DTG 데이터,전라남도 광양시 태인동 1721(8m 범위),전라남도 광양시 태인동 에어릭스(136m ↓),26.2,공차
SB-000007,2026-08-12,2026-08-12 16:14:50,0,72,DTG 데이터,전라남도 광양시 태인동 1654(36m 범위),전라남도 광양시 태인동 금호타이어KTS(30m →),26.1,공차
SB-000007,2026-08-12,2026-08-12 16:15:12,0,72,Key Off,전라남도 광양시 태인동 1671(34m 범위),전라남도 광양시 태인동 금호타이어KTS(11m →),25.7,공차
SB-000007,2026-08-12,2026-08-12 16:41:59,0,72,Key On,전라남도 광양시 태인동 1671(34m 범위),전라남도 광양시 태인동 금호타이어KTS(11m →),24.9,공차
SB-000007,2026-08-12,2026-08-12 16:42:50,0,72,DTG 데이터,전라남도 광양시 태인동 1671(19m 범위),전라남도 광양시 태인동 금호타이어KTS(15m ↓),26.1,공차
SB-000007,2026-08-12,2026-08-12 16:44:50,0,72,DTG 데이터,전라남도 광양시 태인동 1654(41m 범위),전라남도 광양시 태인동 금호타이어KTS(26m →),25.4,공차
SB-000007,2026-08-12,2026-08-12 16:46:50,13,72,DTG 데이터,전라남도 광양시 태인동 1654-7(91m 범위),전라남도 광양시 태인동 비에이치인더스트리(70m ↙),26.2,공차
SB-000007,2026-08-12,2026-08-12 16:47:32,0,72,Key Off,전라남도 광양시 태인동 1654-7(114m 범위),전라남도 광양시 태인동 CJ대한통운광양지사(94m →),25.9,공차
SB-000008,2026-08-12,2026-08-12 03:24:28,0,0,리셋보고,전라남도 광양시 태인동 1654-7(127m 범위),전라남도 광양시 태인동 CJ대한통운광양지사(84m →),25.4,공차
SB-000008,2026-08-12,2026-08-12 07:16:30,0,0,Key On,전라남도 광양시 태인동 1654-7(127m 범위),전라남도 광양시 태인동 CJ대한통운광양지사(84m →),25,공차
SB-000008,2026-08-12,2026-08-12 07:16:35,0,0,Key Off,전라남도 광양시 태인동 1654-7(120m 범위),전라남도 광양시 태인동 CJ대한통운광양지사(97m →),25.2,공차
SB-000008,2026-08-12,2026-08-12 07:30:50,0,0,Key On,전라남도 광양시 태인동 1654-7(120m 범위),전라남도 광양시 태인동 CJ대한통운광양지사(97m →),25,공차
SB-000008,2026-08-12,2026-08-12 07:30:57,0,0,관제주기보고,전라남도 광양시 태인동 1654-7(124m 범위),전라남도 광양시 태인동 CJ대한통운광양지사(87m →),24.9,공차
SB-000008,2026-08-12,2026-08-12 07:32:10,0,0,Key Off,전라남도 광양시 태인동 1654-7(123m 범위),전라남도 광양시 태인동 CJ대한통운광양지사(88m →),24.9,공차
SB-000008,2026-08-12,2026-08-12 07:37:39,0,0,Key On,전라남도 광양시 태인동 1654-7(123m 범위),전라남도 광양시 태인동 CJ대한통운광양지사(88m →),24.7,공차
SB-000008,2026-08-12,2026-08-12 07:37:44,0,0,Key Off,전라남도 광양시 태인동 1654-7(123m 범위),전라남도 광양시 태인동 CJ대한통운광양지사(89m →),25.2,공차
SB-000008,2026-08-12,2026-08-12 07:46:12,0,0,Key On,전라남도 광양시 태인동 1654-7(123m 범위),전라남도 광양시 태인동 CJ대한통운광양지사(89m →),25,공차
SB-000008,2026-08-12,2026-08-12 07:46:57,0,0,DTG 데이터,전라남도 광양시 태인동 1654-7(121m 범위),전라남도 광양시 태인동 CJ대한통운광양지사(89m →),27.7,공차
SB-000008,2026-08-12,2026-08-12 07:48:57,0,0,DTG 데이터,전라남도 광양시 태인동 1654-7(123m 범위),전라남도 광양시 태인동 CJ대한통운광양지사(87m →),28,공차
SB-000008,2026-08-12,2026-08-12 07:50:57,0,0,DTG 데이터,전라남도 광양시 태인동 1654-7(125m 범위),전라남도 광양시 태인동 CJ대한통운광양지사(85m →),28.1,공차
SB-000008,2026-08-12,2026-08-12 07:52:57,0,0,DTG 데이터,전라남도 광양시 태인동 1654-7(125m 범위),전라남도 광양시 태인동 CJ대한통운광양지사(88m →),28.1,공차
SB-000008,2026-08-12,2026-08-12 07:54:57,0,0,DTG 데이터,전라남도 광양시 태인동 1654-7(126m 범위),전라남도 광양시 태인동 CJ대한통운광양지사(86m →),28.1,공차
SB-000008,2026-08-12,2026-08-12 07:56:56,0,0,DTG 데이터,전라남도 광양시 태인동 1654-7(125m 범위),전라남도 광양시 태인동 CJ대한통운광양지사(86m →),28.1,공차
SB-000008,2026-08-12,2026-08-12 07:58:56,37,0,DTG 데이터,전라남도 광양시 태인동 1653-5(32m 범위),전라남도 광양시 태인동 성광사(47m ↓),27.6,공차
SB-000008,2026-08-12,2026-08-12 08:00:56,32,1,DTG 데이터,전라남도 광양시 태인동 303-152(29m 범위),전라남도 광양시 태인동 한영통신무전기CCTV(30m →),27.8,공차
SB-000008,2026-08-12,2026-08-12 08:02:56,8,2,DTG 데이터,전라남도 광양시 금호동 791(34m 범위),전라남도 광양시 금호동 태인교삼거리(32m ←),27.7,공차
SB-000008,2026-08-12,2026-08-12 08:04:57,33,2,DTG 데이터,전라남도 광양시 금호동 800(302m 범위),전라남도 광양시 금호동 버스정류장(280m ↓),27.5,공차
SB-000008,2026-08-12,2026-08-12 08:06:57,2,3,DTG 데이터,전라남도 광양시 금호동 658(84m 범위),전라남도 광양시 금호동 정문(173m ↘),27.3,공차
SB-000008,2026-08-12,2026-08-12 08:08:57,0,3,DTG 데이터,전라남도 광양시 금호동 658(96m 범위),전라남도 광양시 금호동 정문(182m ↘),26.4,공차
SB-000008,2026-08-12,2026-08-12 08:10:57,0,3,DTG 데이터,전라남도 광양시 금호동 658(95m 범위),전라남도 광양시 금호동 정문(179m ↘),25.8,공차
SB-000008,2026-08-12,2026-08-12 08:12:57,0,3,DTG 데이터,전라남도 광양시 금호동 658(94m 범위),전라남도 광양시 금호동 정문(180m ↘),25.5,공차
SB-000008,2026-08-12,2026-08-12 08:14:56,26,3,DTG 데이터,전라남도 광양시 금호동 658(54m 범위),전라남도 광양시 금호동 정문(164m ↓),27.4,공차
SB-000008,2026-08-12,2026-08-12 08:16:56,39,4,DTG 데이터,전라남도 광양시 금호동 631(395m 범위),전라남도 광양시 금호동 포렌(419m ←),27.4,공차
SB-000008,2026-08-12,2026-08-12 08:18:57,0,5,Key Off,전라남도 광양시 금호동 657(108m 범위),전라남도 광양시 금호동 포렌(482m ↙),27.3,공차
SB-000008,2026-08-12,2026-08-12 08:31:53,0,5,Key On,전라남도 광양시 금호동 657(108m 범위),전라남도 광양시 금호동 포렌(482m ↙),25.3,공차
SB-000008,2026-08-12,2026-08-12 08:32:56,5,5,DTG 데이터,전라남도 광양시 금호동 657(119m 범위),주변에 특정 건물이 없습니다,27.5,공차
SB-000008,2026-08-12,2026-08-12 08:34:56,36,6,DTG 데이터,전라남도 광양시 금호동 656(171m 범위),전라남도 광양시 금호동 한유엘엔에스(370m ↗),27.6,공차
SB-000008,2026-08-12,2026-08-12 08:36:56,26,7,DTG 데이터,전라남도 광양시 금호동 802(44m 범위),전라남도 광양시 금호동 아르고마린토탈(100m →),27.6,공차
SB-000008,2026-08-12,2026-08-12 08:38:57,1,7,DTG 데이터,전라남도 광양시 금호동 803(127m 범위),전라남도 광양시 금호동 우리은행365(298m ↘),27.6,공차
SB-000008,2026-08-12,2026-08-12 08:40:57,0,7,DTG 데이터,전라남도 광양시 금호동 803(99m 범위),전라남도 광양시 금호동 우리은행365(318m ↘),27.4,공차
SB-000008,2026-08-12,2026-08-12 08:42:57,0,7,DTG 데이터,전라남도 광양시 금호동 803(130m 범위),전라남도 광양시 금호동 우리은행365(304m ↘),26.9,공차
SB-000008,2026-08-12,2026-08-12 08:44:57,39,8,DTG 데이터,전라남도 광양시 금호동 671(110m 범위),전라남도 광양시 금호동 피엠에스(107m ↘),27.6,공차
SB-000008,2026-08-12,2026-08-12 08:46:57,31,8,DTG 데이터,주변에 검색된 지번이 없습니다,주변에 특정 건물이 없습니다,27.6,공차
SB-000008,2026-08-12,2026-08-12 08:48:56,34,10,DTG 데이터,전라남도 광양시 금호동 663(158m 범위),전라남도 광양시 금호동 포스코광양제철소(419m ↗),27.5,공차
SB-000008,2026-08-12,2026-08-12 08:50:56,14,11,DTG 데이터,전라남도 광양시 금호동 791(181m 범위),전라남도 광양시 금호동 2문(73m ↓),27.6,공차
SB-000008,2026-08-12,2026-08-12 08:52:56,51,11,DTG 데이터,전라남도 광양시 태인동 267-3(23m 범위),전라남도 광양시 태인동 SK엔크린(35m →),27.6,공차
SB-000008,2026-08-12,2026-08-12 08:54:56,0,12,DTG 데이터,전라남도 광양시 태인동 1657-4(52m 범위),전라남도 광양시 태인동 버스정류장(6m ↗),27.3,공차
SB-000008,2026-08-12,2026-08-12 08:56:56,12,13,DTG 데이터,전라남도 광양시 태인동 1654-7(95m 범위),전라남도 광양시 태인동 비에이치인더스트리(74m ↙),27.4,공차
SB-000008,2026-08-12,2026-08-12 08:58:57,0,13,DTG 데이터,전라남도 광양시 태인동 1654-7(83m 범위),전라남도 광양시 태인동 비에이치인더스트리(63m ↙),27.5,공차
SB-000008,2026-08-12,2026-08-12 09:00:57,5,13,DTG 데이터,전라남도 광양시 태인동 1654-7(78m 범위),전라남도 광양시 태인동 세정테크(33m ↙),27.3,공차
SB-000008,2026-08-12,2026-08-12 09:02:57,40,13,DTG 데이터,전라남도 광양시 태인동 1656-6(46m 범위),전라남도 광양시 태인동 포스코DX(43m ↗),27.5,공차
SB-000008,2026-08-12,2026-08-12 09:04:57,44,14,DTG 데이터,전라남도 광양시 태인동 1652-5(62m 범위),전라남도 광양시 태인동 전남기업(28m ↘),27.3,공차
SB-000008,2026-08-12,2026-08-12 09:06:56,5,15,DTG 데이터,전라남도 광양시 금호동 791(101m 범위),전라남도 광양시 금호동 2문(51m ↗),27.5,공차
SB-000008,2026-08-12,2026-08-12 09:08:56,1,15,DTG 데이터,전라남도 광양시 금호동 791(188m 범위),전라남도 광양시 금호동 2문(55m ↓),27.3,공차
SB-000008,2026-08-12,2026-08-12 09:10:56,38,16,DTG 데이터,전라남도 광양시 금호동 658(22m 범위),전라남도 광양시 금호동 정문(162m ↘),27.6,공차
SB-000008,2026-08-12,2026-08-12 09:12:56,35,18,DTG 데이터,주변에 검색된 지번이 없습니다,전라남도 광양시 금호동 1문(427m ↓),27.6,공차
SB-000008,2026-08-12,2026-08-12 09:14:57,39,18,DTG 데이터,전라남도 광양시 금호동 657(20m 범위),주변에 특정 건물이 없습니다,27.6,공차
SB-000008,2026-08-12,2026-08-12 09:16:57,0,19,DTG 데이터,전라남도 광양시 금호동 657(238m 범위),주변에 특정 건물이 없습니다,27.7,공차
SB-000008,2026-08-12,2026-08-12 09:18:57,13,19,DTG 데이터,전라남도 광양시 금호동 657(274m 범위),주변에 특정 건물이 없습니다,27.3,공차
SB-000008,2026-08-12,2026-08-12 09:20:57,1,19,DTG 데이터,전라남도 광양시 금호동 657(255m 범위),주변에 특정 건물이 없습니다,27.3,공차
SB-000008,2026-08-12,2026-08-12 09:22:56,0,19,DTG 데이터,전라남도 광양시 금호동 657(268m 범위),주변에 특정 건물이 없습니다,27.7,공차
SB-000008,2026-08-12,2026-08-12 09:24:56,0,19,DTG 데이터,전라남도 광양시 금호동 657(264m 범위),주변에 특정 건물이 없습니다,27.7,공차
SB-000008,2026-08-12,2026-08-12 09:26:56,0,19,DTG 데이터,전라남도 광양시 금호동 657(280m 범위),주변에 특정 건물이 없습니다,27.6,공차
SB-000008,2026-08-12,2026-08-12 09:28:57,0,19,DTG 데이터,전라남도 광양시 금호동 657(267m 범위),주변에 특정 건물이 없습니다,27.5,공차
SB-000008,2026-08-12,2026-08-12 09:30:57,9,19,DTG 데이터,전라남도 광양시 금호동 657(282m 범위),주변에 특정 건물이 없습니다,27.4,공차
SB-000008,2026-08-12,2026-08-12 09:32:57,0,19,DTG 데이터,전라남도 광양시 금호동 657(165m 범위),주변에 특정 건물이 없습니다,27.4,공차
SB-000008,2026-08-12,2026-08-12 09:34:57,32,20,DTG 데이터,전라남도 광양시 금호동 656(55m 범위),전라남도 광양시 금호동 한유엘엔에스(258m ↗),27.4,공차
SB-000008,2026-08-12,2026-08-12 09:36:57,27,21,DTG 데이터,전라남도 광양시 금호동 803(171m 범위),전라남도 광양시 금호동 우리은행365(283m ↓),27.4,공차
SB-000008,2026-08-12,2026-08-12 09:38:57,0,21,DTG 데이터,전라남도 광양시 금호동 803(74m 범위),전라남도 광양시 금호동 우리은행365(352m ↘),26.7,공차
SB-000008,2026-08-12,2026-08-12 09:40:56,38,22,DTG 데이터,전라남도 광양시 금호동 671(108m 범위),전라남도 광양시 금호동 피엠에스(109m ↘),27.7,공차
SB-000008,2026-08-12,2026-08-12 09:42:56,30,23,DTG 데이터,주변에 검색된 지번이 없습니다,주변에 특정건물이 없습니다,27.6,공차
SB-000008,2026-08-12,2026-08-12 09:44:56,0,23,DTG 데이터,전라남도 광양시 금호동 663(60m 범위),전라남도 광양시 금호동 포스코광양제철소(363m →),27.6,공차
SB-000008,2026-08-12,2026-08-12 09:46:56,33,24,DTG 데이터,주변에 검색된 지번이 없습니다,주변에 특정건물이 없습니다,27.6,공차
SB-000008,2026-08-12,2026-08-12 09:48:57,0,25,DTG 데이터,전라남도 광양시 금호동 791(231m 범위),전라남도 광양시 금호동 2문(133m ↓),27.2,공차
SB-000008,2026-08-12,2026-08-12 09:50:57,28,25,DTG 데이터,전라남도 광양시 금호동 791(46m 범위),전라남도 광양시 태인동 태인교(53m ↓),27.4,공차
SB-000008,2026-08-12,2026-08-12 09:52:57,48,26,DTG 데이터,전라남도 광양시 태인동 1736-2(54m 범위),전라남도 광양시 태인동 동화레미콘(35m ↗),27.5,공차
SB-000008,2026-08-12,2026-08-12 09:54:57,8,27,DTG 데이터,전라남도 광양시 태인동 1654-7(85m 범위),전라남도 광양시 태인동 세정테크(50m ↙),27.5,공차
SB-000008,2026-08-12,2026-08-12 09:56:56,0,27,DTG 데이터,전라남도 광양시 태인동 1654-7(84m 범위),전라남도 광양시 태인동 세정테크(45m ↙),27.5,공차
SB-000008,2026-08-12,2026-08-12 09:58:56,40,28,DTG 데이터,전라남도 광양시 태인동 1653-5(43m 범위),전라남도 광양시 태인동 성광사(52m ↓),27.4,공차
SB-000008,2026-08-12,2026-08-12 10:00:56,59,29,DTG 데이터,전라남도 광양시 태인동 303-34(31m 범위),전라남도 광양시 태인동 소모식당(53m ↑),27.3,공차
SB-000008,2026-08-12,2026-08-12 10:02:57,0,29,DTG 데이터,전라남도 광양시 금호동 791(4m 범위),전라남도 광양시 금호동 태인교삼거리(15m ↖),27.4,공차
SB-000008,2026-08-12,2026-08-12 10:04:57,27,30,DTG 데이터,전라남도 광양시 금호동 791(308m 범위),전라남도 광양시 금호동 2문(216m ↓),27.2,공차
SB-000008,2026-08-12,2026-08-12 10:06:57,0,30,DTG 데이터,전라남도 광양시 금호동 658(124m 범위),전라남도 광양시 금호동 정문(202m ↘),27.3,공차
SB-000008,2026-08-12,2026-08-12 10:08:57,0,30,DTG 데이터,전라남도 광양시 금호동 658(124m 범위),전라남도 광양시 금호동 정문(202m ↘),27.4,공차
SB-000008,2026-08-12,2026-08-12 10:10:57,37,31,DTG 데이터,전라남도 광양시 금호동 658(128m 범위),전라남도 광양시 금호동 정문(196m ↙),27.5,공차
SB-000008,2026-08-12,2026-08-12 10:12:58,0,31,DTG 데이터,전라남도 광양시 금호동 636(325m 범위),전라남도 광양시 금호동 광일엔지니어링(332m ↑),27.1,공차
SB-000008,2026-08-12,2026-08-12 10:13:02,0,31,Key Off,전라남도 광양시 금호동 636(325m 범위),전라남도 광양시 금호동 포렌(332m ↑),27,공차
SB-000008,2026-08-12,2026-08-12 10:38:31,0,31,Key On,전라남도 광양시 금호동 636(325m 범위),전라남도 광양시 금호동 광일엔지니어링(332m ↑),25.1,공차
SB-000008,2026-08-12,2026-08-12 10:38:57,14,31,DTG 데이터,전라남도 광양시 금호동 636(390m 범위),전라남도 광양시 금호동 광일엔지니어링(277m ↖),27.3,공차
SB-000008,2026-08-12,2026-08-12 10:40:57,17,32,DTG 데이터,전라남도 광양시 금호동 631(186m 범위),전라남도 광양시 금호동 광일엔지니어링(416m ←),27.3,공차
SB-000008,2026-08-12,2026-08-12 10:42:57,42,33,DTG 데이터,전라남도 광양시 금호동 632(305m 범위),주변에 특정 건물이 없습니다,27.4,공차
SB-000008,2026-08-12,2026-08-12 10:44:57,31,34,DTG 데이터,전라남도 광양시 금호동 795(72m 범위),전라남도 광양시 금호동 청우(68m ↖),27.6,공차
SB-000008,2026-08-12,2026-08-12 10:46:57,3,34,DTG 데이터,전라남도 광양시 금호동 803(113m 범위),전라남도 광양시 금호동 우리은행365(307m ↘),27.6,공차
SB-000008,2026-08-12,2026-08-12 10:48:56,39,35,DTG 데이터,전라남도 광양시 금호동 642(146m 범위),전라남도 광양시 금호동 피엠에스(214m ←),27.6,공차
SB-000008,2026-08-12,2026-08-12 10:50:56,1,36,DTG 데이터,전라남도 광양시 금호동 662(439m 범위),주변에 특정 건물이 없습니다,27.6,공차
SB-000008,2026-08-12,2026-08-12 10:52:57,27,37,DTG 데이터,전라남도 광양시 금호동 663(23m 범위),전라남도 광양시 금호동 포스코광양제철소(373m →),27.4,공차
SB-000008,2026-08-12,2026-08-12 10:54:57,0,38,DTG 데이터,전라남도 광양시 금호동 791(310m 범위),전라남도 광양시 금호동 2문(227m ↓),27.4,공차
SB-000008,2026-08-12,2026-08-12 10:56:57,16,38,DTG 데이터,전라남도 광양시 금호동 791(161m 범위),전라남도 광양시 금호동 2문(39m ↓),27.2,공차
SB-000008,2026-08-12,2026-08-12 10:58:57,0,38,DTG 데이터,전라남도 광양시 태인동 1664-2(24m 범위),전라남도 광양시 태인동 대성이엔지(27m ↘),27.4,공차
SB-000008,2026-08-12,2026-08-12 11:00:57,33,39,DTG 데이터,전라남도 광양시 태인동 1656-3(76m 범위),전라남도 광양시 태인동 전국레미콘(37m ←),27.4,공차
SB-000008,2026-08-12,2026-08-12 11:02:57,30,40,DTG 데이터,전라남도 광양시 태인동 1702(47m 범위),전라남도 광양시 태인동 우현피엔티(41m ↙),27.6,공차
SB-000008,2026-08-12,2026-08-12 11:04:57,0,41,DTG 데이터,전라남도 광양시 태인동 1688(106m 범위),전라남도 광양시 태인동 엔시스(109m ↑),26.5,공차
SB-000008,2026-08-12,2026-08-12 11:06:56,0,41,DTG 데이터,전라남도 광양시 태인동 1688(136m 범위),전라남도 광양시 태인동 매크로시스템엔지니어링(132m →),25.2,공차
SB-000008,2026-08-12,2026-08-12 11:08:56,31,41,DTG 데이터,전라남도 광양시 태인동 1750(84m 범위),전라남도 광양시 태인동 동아스틸광양(84m ↖),27.2,공차
SB-000008,2026-08-12,2026-08-12 11:10:57,4,42,DTG 데이터,전라남도 광양시 태인동 1694(88m 범위),전라남도 광양시 태인동 대주기업(67m ↖),27.5,공차
SB-000008,2026-08-12,2026-08-12 11:12:57,0,43,DTG 데이터,전라남도 광양시 태인동 28-130(26m 범위),전라남도 광양시 태인동 SK엔크린(15m ↓),27.4,공차
SB-000008,2026-08-12,2026-08-12 11:14:57,39,43,DTG 데이터,전라남도 광양시 태인동 1653(75m 범위),전라남도 광양시 태인동 칠보운수(65m ↖),27.6,공차
SB-000008,2026-08-12,2026-08-12 11:16:57,0,44,DTG 데이터,전라남도 광양시 태인동 1652-2(1m 범위),전라남도 광양시 태인동 블루핸즈(24m ↘),27,공차
SB-000008,2026-08-12,2026-08-12 11:18:57,0,44,DTG 데이터,전라남도 광양시 태인동 1652-2(3m 범위),전라남도 광양시 태인동 블루핸즈(26m ↘),26.9,공차
SB-000008,2026-08-12,2026-08-12 11:20:57,0,44,DTG 데이터,전라남도 광양시 태인동 1652-2(32m 범위),전라남도 광양시 태인동 블루핸즈(33m ↙),27.4,공차
SB-000008,2026-08-12,2026-08-12 11:22:57,0,44,DTG 데이터,전라남도 광양시 태인동 1652-2(20m 범위),전라남도 광양시 태인동 블루핸즈(27m ↓),26.8,공차
SB-000008,2026-08-12,2026-08-12 11:24:57,1,44,DTG 데이터,전라남도 광양시 태인동 1652-2(30m 범위),전라남도 광양시 태인동 블루핸즈(38m ↓),27.3,공차
SB-000008,2026-08-12,2026-08-12 11:26:56,0,44,DTG 데이터,전라남도 광양시 태인동 1652-2(31m 범위),전라남도 광양시 태인동 블루핸즈(37m ↓),27,공차
SB-000008,2026-08-12,2026-08-12 11:28:56,0,44,DTG 데이터,전라남도 광양시 태인동 1652-2(30m 범위),전라남도 광양시 태인동 블루핸즈(31m ↓),27,공차
SB-000008,2026-08-12,2026-08-12 11:30:57,0,44,DTG 데이터,전라남도 광양시 태인동 1666(33m 범위),전라남도 광양시 태인동 블루핸즈(26m ←),27.2,공차
SB-000008,2026-08-12,2026-08-12 11:32:57,0,44,DTG 데이터,전라남도 광양시 태인동 1650-6(22m 범위),전라남도 광양시 태인동 부마(11m ↘),27.1,공차
SB-000008,2026-08-12,2026-08-12 11:34:57,0,44,DTG 데이터,전라남도 광양시 태인동 1651-4(21m 범위),전라남도 광양시 태인동 버스정류장(13m ↗),26.8,공차
SB-000008,2026-08-12,2026-08-12 11:36:57,38,44,DTG 데이터,전라남도 광양시 태인동 304-34(13m 범위),전라남도 광양시 태인동 에스비상사(53m ↑),27.3,공차
SB-000008,2026-08-12,2026-08-12 11:38:57,15,45,DTG 데이터,전라남도 광양시 금호동 791(159m 범위),전라남도 광양시 금호동 2문(11m ←),27.2,공차
SB-000008,2026-08-12,2026-08-12 11:40:56,35,46,DTG 데이터,전라남도 광양시 금호동 658(150m 범위),전라남도 광양시 금호동 정문(230m ↘),27.4,공차
SB-000008,2026-08-12,2026-08-12 11:42:56,27,47,DTG 데이터,전라남도 광양시 금호동 652(425m 범위),전라남도 광양시 금호동 1문(277m ↓),27.3,공차
SB-000008,2026-08-12,2026-08-12 11:44:57,8,48,DTG 데이터,전라남도 광양시 금호동 635(96m 범위),전라남도 광양시 금호동 광일엔지니어링(469m ↙),27.4,공차
SB-000008,2026-08-12,2026-08-12 11:46:57,15,49,DTG 데이터,전라남도 광양시 금호동 657(98m 범위),주변에 특정 건물이 없습니다,27.7,공차
SB-000008,2026-08-12,2026-08-12 11:48:57,0,49,DTG 데이터,전라남도 광양시 금호동 657(55m 범위),주변에 특정 건물이 없습니다,27.7,공차
SB-000008,2026-08-12,2026-08-12 11:50:57,6,49,DTG 데이터,전라남도 광양시 금호동 657(85m 범위),주변에 특정 건물이 없습니다,27.3,공차
SB-000008,2026-08-12,2026-08-12 11:52:57,0,49,DTG 데이터,전라남도 광양시 금호동 657(46m 범위),주변에 특정 건물이 없습니다,27.5,공차
SB-000008,2026-08-12,2026-08-12 11:54:57,0,49,DTG 데이터,전라남도 광양시 금호동 657(60m 범위),주변에 특정 건물이 없습니다,27.5,공차
SB-000008,2026-08-12,2026-08-12 11:56:57,5,49,DTG 데이터,전라남도 광양시 금호동 657(169m 범위),주변에 특정 건물이 없습니다,27.1,공차
SB-000008,2026-08-12,2026-08-12 11:58:57,37,50,DTG 데이터,전라남도 광양시 금호동 656(96m 범위),전라남도 광양시 금호동 한유엘엔에스(300m ↗),27.4,공차
SB-000008,2026-08-12,2026-08-12 12:00:56,25,51,DTG 데이터,전라남도 광양시 금호동 802(154m 범위),전라남도 광양시 금호동 아르고마린토탈(208m →),27.3,공차
SB-000008,2026-08-12,2026-08-12 12:02:57,0,51,DTG 데이터,전라남도 광양시 금호동 803(130m 범위),전라남도 광양시 금호동 우리은행365(296m ↘),27.3,공차
SB-000008,2026-08-12,2026-08-12 12:04:58,6,51,DTG 데이터,전라남도 광양시 금호동 803(107m 범위),전라남도 광양시 금호동 포스코플로우(310m ↘),27.2,공차
SB-000008,2026-08-12,2026-08-12 12:06:57,0,51,DTG 데이터,전라남도 광양시 금호동 803(116m 범위),전라남도 광양시 금호동 포스코플로우(307m ↘),27.6,공차
SB-000008,2026-08-12,2026-08-12 12:08:57,0,51,DTG 데이터,전라남도 광양시 금호동 803(110m 범위),전라남도 광양시 금호동 우리은행365(316m ↘),26,공차
SB-000008,2026-08-12,2026-08-12 12:10:57,23,51,DTG 데이터,전라남도 광양시 금호동 803(127m 범위),전라남도 광양시 금호동 우리은행365(293m ↘),27.4,공차
SB-000008,2026-08-12,2026-08-12 12:12:57,28,52,DTG 데이터,전라남도 광양시 금호동 656(59m 범위),전라남도 광양시 금호동 한유엘엔에스(261m ↗),27.4,공차
SB-000008,2026-08-12,2026-08-12 12:14:57,3,53,DTG 데이터,전라남도 광양시 금호동 657(194m 범위),주변에 특정 건물이 없습니다,27.5,공차
SB-000008,2026-08-12,2026-08-12 12:16:57,25,54,DTG 데이터,전라남도 광양시 금호동 652(418m 범위),전라남도 광양시 금호동 1문(270m ↓),27.3,공차
SB-000008,2026-08-12,2026-08-12 12:18:56,19,54,DTG 데이터,전라남도 광양시 금호동 624-4(122m 범위),전라남도 광양시 금호동 제철1문사거리(20m ←),27.3,공차
SB-000008,2026-08-12,2026-08-12 12:20:57,52,56,DTG 데이터,전라남도 광양시 금호동 627-6(85m 범위),전라남도 광양시 금호동 금당교차로(176m ↗),27.3,공차
SB-000008,2026-08-12,2026-08-12 12:22:57,13,57,DTG 데이터,전라남도 광양시 중동 산160-153(38m 범위),전라남도 광양시 중마동 (중동) 버스정류장(46m ↘),27.4,공차
SB-000008,2026-08-12,2026-08-12 12:24:57,37,58,DTG 데이터,전라남도 광양시 중동 1255-8(24m 범위),전라남도 광양시 골약동 (성황동) 광공철물(27m →),27.5,공차
SB-000008,2026-08-12,2026-08-12 12:26:57,22,60,DTG 데이터,전라남도 광양시 도이동 814(138m 범위),전라남도 광양시 골약동 (도이동) CJ대한통운(97m ↙),27.5,공차
SB-000008,2026-08-12,2026-08-12 12:28:57,0,60,DTG 데이터,전라남도 광양시 도이동 832(71m 범위),전라남도 광양시 골약동 (도이동) 동방(53m ↘),27.4,공차
SB-000008,2026-08-12,2026-08-12 12:29:20,0,60,Key Off,전라남도 광양시 도이동 832(72m 범위),전라남도 광양시 골약동 (도이동) 동방(54m ↘),27.3,공차
SB-000008,2026-08-12,2026-08-12 13:03:01,0,60,Key On,전라남도 광양시 도이동 832(72m 범위),전라남도 광양시 골약동 (도이동) 동방(54m ↘),25,공차
SB-000008,2026-08-12,2026-08-12 13:04:57,0,60,DTG 데이터,전라남도 광양시 도이동 832(34m 범위),전라남도 광양시 골약동 (도이동) 동방(100m →),27.5,공차
SB-000008,2026-08-12,2026-08-12 13:06:57,0,60,DTG 데이터,전라남도 광양시 도이동 832(47m 범위),전라남도 광양시 골약동 (도이동) 동방(115m →),27.5,공차
SB-000008,2026-08-12,2026-08-12 13:08:56,0,60,DTG 데이터,전라남도 광양시 도이동 832(3m 범위),전라남도 광양시 골약동 (도이동) 동방(68m →),27.6,공차
SB-000008,2026-08-12,2026-08-12 13:10:57,39,61,DTG 데이터,전라남도 광양시 도이동 814(176m 범위),전라남도 광양시 골약동 (도이동) CJ대한통운(121m ←),27.7,공차
SB-000008,2026-08-12,2026-08-12 13:12:57,52,62,DTG 데이터,전라남도 광양시 도이동 809-1(87m 범위),전라남도 광양시 골약동 (도이동) 광양항홍보관(178m ↓),27.5,공차
SB-000008,2026-08-12,2026-08-12 13:14:57,31,63,DTG 데이터,전라남도 광양시 중동 1811-9(36m 범위),전라남도 광양시 중마동 (중동) 버스정류장(66m ↓),27.7,공차
SB-000008,2026-08-12,2026-08-12 13:16:57,74,64,DTG 데이터,전라남도 광양시 금호동 796-1(192m 범위),전라남도 광양시 중마동 (중동) 길호대교(159m →),27.4,공차
SB-000008,2026-08-12,2026-08-12 13:18:57,48,66,DTG 데이터,전라남도 광양시 금호동 651(75m 범위),전라남도 광양시 금호동 주차장(163m ↗),27.6,공차
SB-000008,2026-08-12,2026-08-12 13:20:57,32,67,DTG 데이터,전라남도 광양시 금호동 796-9(440m 범위),전라남도 광양시 금호동 1문(308m ↓),27.4,공차
SB-000008,2026-08-12,2026-08-12 13:22:57,1,67,DTG 데이터,전라남도 광양시 금호동 631(339m 범위),전라남도 광양시 금호동 포렌(344m ←),27.4,공차
SB-000008,2026-08-12,2026-08-12 13:24:57,0,67,DTG 데이터,전라남도 광양시 금호동 631(327m 범위),전라남도 광양시 금호동 광일엔지니어링(356m ←),27.6,공차
SB-000008,2026-08-12,2026-08-12 13:26:56,0,67,DTG 데이터,전라남도 광양시 금호동 631(346m 범위),전라남도 광양시 금호동 포렌(324m ←),27.7,공차
SB-000008,2026-08-12,2026-08-12 13:28:57,0,67,DTG 데이터,전라남도 광양시 금호동 631(335m 범위),전라남도 광양시 금호동 광일엔지니어링(339m ←),27.5,공차
SB-000008,2026-08-12,2026-08-12 13:30:57,0,67,DTG 데이터,전라남도 광양시 금호동 631(297m 범위),전라남도 광양시 금호동 포렌(384m ←),27.5,공차
SB-000008,2026-08-12,2026-08-12 13:32:57,0,67,DTG 데이터,전라남도 광양시 금호동 631(347m 범위),전라남도 광양시 금호동 광일엔지니어링(368m ←),27.7,공차
SB-000008,2026-08-12,2026-08-12 13:34:57,0,67,DTG 데이터,전라남도 광양시 금호동 631(299m 범위),전라남도 광양시 금호동 포렌(380m ←),27.5,공차
SB-000008,2026-08-12,2026-08-12 13:36:57,0,68,DTG 데이터,전라남도 광양시 금호동 631(242m 범위),전라남도 광양시 금호동 포렌(330m ←),27.3,공차
SB-000008,2026-08-12,2026-08-12 13:38:57,0,68,DTG 데이터,전라남도 광양시 금호동 631(237m 범위),전라남도 광양시 금호동 포렌(331m ←),27.7,공차
SB-000008,2026-08-12,2026-08-12 13:40:57,0,68,DTG 데이터,전라남도 광양시 금호동 631(261m 범위),전라남도 광양시 금호동 광일엔지니어링(314m ←),27.7,공차
SB-000008,2026-08-12,2026-08-12 13:42:57,0,68,DTG 데이터,전라남도 광양시 금호동 631(225m 범위),전라남도 광양시 금호동 포렌(342m ←),27.5,공차
SB-000008,2026-08-12,2026-08-12 13:44:56,0,68,DTG 데이터,전라남도 광양시 금호동 631(223m 범위),전라남도 광양시 금호동 포렌(356m ←),27.5,공차
SB-000008,2026-08-12,2026-08-12 13:46:57,0,68,DTG 데이터,전라남도 광양시 금호동 631(216m 범위),전라남도 광양시 금호동 광일엔지니어링(360m ←),27.6,공차
SB-000008,2026-08-12,2026-08-12 13:48:57,0,68,DTG 데이터,전라남도 광양시 금호동 631(226m 범위),전라남도 광양시 금호동 광일엔지니어링(369m ←),27.5,공차
SB-000008,2026-08-12,2026-08-12 13:50:57,7,68,DTG 데이터,전라남도 광양시 금호동 631(206m 범위),전라남도 광양시 금호동 광일엔지니어링(361m ←),27.7,공차
SB-000008,2026-08-12,2026-08-12 13:52:57,32,68,DTG 데이터,전라남도 광양시 금호동 657(22m 범위),주변에 특정 건물이 없습니다,27.6,공차
SB-000008,2026-08-12,2026-08-12 13:54:57,28,68,DTG 데이터,전라남도 광양시 금호동 657(239m 범위),주변에 특정 건물이 없습니다,27.4,공차
SB-000008,2026-08-12,2026-08-12 13:56:57,14,69,DTG 데이터,전라남도 광양시 금호동 634(101m 범위),전라남도 광양시 금호동 광양제품부두점(84m ↗),27.3,공차
SB-000008,2026-08-12,2026-08-12 13:58:57,0,70,DTG 데이터,전라남도 광양시 금호동 803(94m 범위),전라남도 광양시 금호동 우리은행365(327m ↘),26.4,공차
SB-000008,2026-08-12,2026-08-12 14:00:57,0,70,DTG 데이터,전라남도 광양시 금호동 803(98m 범위),전라남도 광양시 금호동 포스코플로우(348m ↘),25.7,공차
SB-000008,2026-08-12,2026-08-12 14:02:57,29,70,DTG 데이터,전라남도 광양시 금호동 642(63m 범위),전라남도 광양시 금호동 피엠에스(400m ←),27.4,공차
SB-000008,2026-08-12,2026-08-12 14:04:57,31,71,DTG 데이터,전라남도 광양시 금호동 642-1(264m 범위),전라남도 광양시 금호동 피엠에스(495m →),27.4,공차
SB-000008,2026-08-12,2026-08-12 14:06:57,32,72,DTG 데이터,전라남도 광양시 금호동 663(120m 범위),전라남도 광양시 금호동 포스코광양제철소(368m →),27.4,공차
SB-000008,2026-08-12,2026-08-12 14:08:57,28,73,DTG 데이터,전라남도 광양시 금호동 791(402m 범위),전라남도 광양시 금호동 2문(325m ↓),27.6,공차
SB-000008,2026-08-12,2026-08-12 14:10:57,19,74,DTG 데이터,전라남도 광양시 금호동 791(54m 범위),전라남도 광양시 금호동 태인교삼거리(53m ←),27.6,공차
SB-000008,2026-08-12,2026-08-12 14:12:57,50,74,DTG 데이터,전라남도 광양시 태인동 267-3(64m 범위),전라남도 광양시 태인동 동원로엑스(44m ←),27.4,공차
SB-000008,2026-08-12,2026-08-12 14:14:57,34,75,DTG 데이터,전라남도 광양시 태인동 산86-4(5m 범위),전라남도 광양시 태인동 태인전업사(36m ↗),27.4,공차
SB-000008,2026-08-12,2026-08-12 14:16:57,9,76,DTG 데이터,전라남도 광양시 태인동 1753(90m 범위),전라남도 광양시 태인동 삼현철강(127m ←),27.7,공차
SB-000008,2026-08-12,2026-08-12 14:18:57,0,76,DTG 데이터,전라남도 광양시 태인동 1740(75m 범위),전라남도 광양시 태인동 삼현철강(158m ←),25.9,공차
SB-000008,2026-08-12,2026-08-12 14:20:57,0,76,DTG 데이터,전라남도 광양시 태인동 1740(74m 범위),전라남도 광양시 태인동 삼현철강(158m ←),25.5,공차
SB-000008,2026-08-12,2026-08-12 14:22:57,0,76,DTG 데이터,전라남도 광양시 태인동 1740(74m 범위),전라남도 광양시 태인동 삼현철강(158m ←),25.3,공차
SB-000008,2026-08-12,2026-08-12 14:24:57,0,76,DTG 데이터,전라남도 광양시 태인동 1740(75m 범위),전라남도 광양시 태인동 삼현철강(158m ←),24.1,공차
SB-000008,2026-08-12,2026-08-12 14:26:57,0,77,DTG 데이터,전라남도 광양시 태인동 1740(37m 범위),전라남도 광양시 태인동 한국상용트럭서비스센터(155m ↑),26.2,공차
SB-000008,2026-08-12,2026-08-12 14:28:57,0,77,DTG 데이터,전라남도 광양시 태인동 1740(35m 범위),전라남도 광양시 태인동 한국상용트럭서비스센터(152m ↑),25.5,공차
SB-000008,2026-08-12,2026-08-12 14:30:57,0,77,DTG 데이터,전라남도 광양시 태인동 1740(41m 범위),전라남도 광양시 태인동 강변특장(157m ↗),25.2,공차
SB-000008,2026-08-12,2026-08-12 14:32:57,0,77,DTG 데이터,전라남도 광양시 태인동 1740(33m 범위),전라남도 광양시 태인동 한국상용트럭서비스센터(147m ↑),25.1,공차
SB-000008,2026-08-12,2026-08-12 14:34:57,0,77,DTG 데이터,전라남도 광양시 태인동 1740(19m 범위),전라남도 광양시 태인동 한국상용트럭서비스센터(134m ↑),25.1,공차
SB-000008,2026-08-12,2026-08-12 14:36:56,0,77,DTG 데이터,전라남도 광양시 태인동 1740(18m 범위),전라남도 광양시 태인동 한국상용트럭서비스센터(136m ↑),25.1,공차
SB-000008,2026-08-12,2026-08-12 14:38:57,5,77,DTG 데이터,전라남도 광양시 태인동 1740(52m 범위),전라남도 광양시 태인동 강변특장(165m ↗),27.1,공차
SB-000008,2026-08-12,2026-08-12 14:40:57,0,77,DTG 데이터,전라남도 광양시 태인동 1738(102m 범위),전라남도 광양시 태인동 명당자원(172m →),25.9,공차
SB-000008,2026-08-12,2026-08-12 14:42:57,0,77,DTG 데이터,전라남도 광양시 태인동 1738(90m 범위),전라남도 광양시 태인동 명당자원(180m →),25.3,공차
SB-000008,2026-08-12,2026-08-12 14:44:57,0,77,DTG 데이터,전라남도 광양시 태인동 1738(99m 범위),전라남도 광양시 태인동 명당자원(168m →),25.2,공차
SB-000008,2026-08-12,2026-08-12 14:46:57,0,77,DTG 데이터,전라남도 광양시 태인동 1740(78m 범위),전라남도 광양시 태인동 명당자원(195m →),25.1,공차
SB-000008,2026-08-12,2026-08-12 14:48:57,0,77,DTG 데이터,전라남도 광양시 태인동 1738(93m 범위),전라남도 광양시 태인동 명당자원(183m →),25.1,공차
SB-000008,2026-08-12,2026-08-12 14:50:57,0,77,DTG 데이터,전라남도 광양시 태인동 1740(84m 범위),전라남도 광양시 태인동 한국상용트럭서비스센터(207m ↑),25.2,공차
SB-000008,2026-08-12,2026-08-12 14:52:57,34,77,DTG 데이터,전라남도 광양시 태인동 1740(122m 범위),전라남도 광양시 태인동 삼현철강(135m ↙),27.1,공차
SB-000008,2026-08-12,2026-08-12 14:54:57,38,78,DTG 데이터,전라남도 광양시 태인동 산86-11(7m 범위),전라남도 광양시 태인동 태인전업사(67m ↗),27.1,공차
SB-000008,2026-08-12,2026-08-12 14:56:57,0,78,DTG 데이터,전라남도 광양시 태인동 1653-2(53m 범위),전라남도 광양시 태인동 SK엔크린(48m →),27.1,공차
SB-000008,2026-08-12,2026-08-12 14:58:57,31,80,DTG 데이터,전라남도 광양시 금호동 791(22m 범위),전라남도 광양시 금호동 태인교삼거리(38m ↑),27,공차
SB-000008,2026-08-12,2026-08-12 15:00:57,0,80,DTG 데이터,전라남도 광양시 금호동 791(56m 범위),전라남도 광양시 금호동 태인교삼거리(57m ←),27,공차
SB-000008,2026-08-12,2026-08-12 15:02:57,38,80,DTG 데이터,전라남도 광양시 금호동 637(190m 범위),주변에 특정 건물이 없습니다,27.1,공차
SB-000008,2026-08-12,2026-08-12 15:04:57,34,82,DTG 데이터,전라남도 광양시 금호동 636(293m 범위),전라남도 광양시 금호동 1문(281m ↘),27.1,공차
SB-000008,2026-08-12,2026-08-12 15:06:57,0,82,DTG 데이터,전라남도 광양시 금호동 631(188m 범위),전라남도 광양시 금호동 광일엔지니어링(409m ←),27.1,공차
SB-000008,2026-08-12,2026-08-12 15:08:57,35,83,DTG 데이터,전라남도 광양시 금호동 653(444m 범위),주변에 특정 건물이 없습니다,27.2,공차
SB-000008,2026-08-12,2026-08-12 15:10:56,0,84,DTG 데이터,전라남도 광양시 금호동 656(254m 범위),전라남도 광양시 금호동 한유엘엔에스(454m ↗),27.3,공차
SB-000008,2026-08-12,2026-08-12 15:12:57,2,84,DTG 데이터,전라남도 광양시 금호동 656(273m 범위),전라남도 광양시 금호동 한유엘엔에스(477m ↗),27.1,공차
SB-000008,2026-08-12,2026-08-12 15:14:57,0,84,DTG 데이터,전라남도 광양시 금호동 656(233m 범위),전라남도 광양시 금호동 한유엘엔에스(436m ↗),27.2,공차
SB-000008,2026-08-12,2026-08-12 15:16:57,0,84,DTG 데이터,전라남도 광양시 금호동 656(235m 범위),전라남도 광양시 금호동 한유엘엔에스(439m ↗),27.2,공차
SB-000008,2026-08-12,2026-08-12 15:18:57,5,84,DTG 데이터,전라남도 광양시 금호동 656(205m 범위),전라남도 광양시 금호동 한유엘엔에스(409m ↗),27.4,공차
SB-000008,2026-08-12,2026-08-12 15:20:57,0,84,DTG 데이터,전라남도 광양시 금호동 656(140m 범위),전라남도 광양시 금호동 한유엘엔에스(338m ↗),27.3,공차
SB-000008,2026-08-12,2026-08-12 15:22:57,0,84,DTG 데이터,전라남도 광양시 금호동 656(140m 범위),전라남도 광양시 금호동 한유엘엔에스(341m ↗),27.5,공차
SB-000008,2026-08-12,2026-08-12 15:24:57,6,84,DTG 데이터,전라남도 광양시 금호동 656(141m 범위),전라남도 광양시 금호동 한유엘엔에스(341m ↗),27.4,공차
SB-000008,2026-08-12,2026-08-12 15:26:57,0,84,DTG 데이터,전라남도 광양시 금호동 634(115m 범위),전라남도 광양시 금호동 광양제품부두점(214m ↗),27.4,공차
SB-000008,2026-08-12,2026-08-12 15:28:57,0,84,DTG 데이터,전라남도 광양시 금호동 634(99m 범위),전라남도 광양시 금호동 광양제품부두점(199m ↗),27.5,공차
SB-000008,2026-08-12,2026-08-12 15:30:57,0,84,DTG 데이터,전라남도 광양시 금호동 634(157m 범위),전라남도 광양시 금호동 광양제품부두점(224m ↗),27.5,공차
SB-000008,2026-08-12,2026-08-12 15:32:57,0,84,DTG 데이터,전라남도 광양시 금호동 634(137m 범위),전라남도 광양시 금호동 광양제품부두점(193m ↗),27.5,공차
SB-000008,2026-08-12,2026-08-12 15:34:57,0,84,DTG 데이터,전라남도 광양시 금호동 634(135m 범위),전라남도 광양시 금호동 광양제품부두점(222m ↗),27.5,공차
SB-000008,2026-08-12,2026-08-12 15:36:57,0,84,DTG 데이터,전라남도 광양시 금호동 634(143m 범위),전라남도 광양시 금호동 광양제품부두점(229m ↗),27.5,공차
SB-000008,2026-08-12,2026-08-12 15:38:57,0,84,DTG 데이터,전라남도 광양시 금호동 634(141m 범위),전라남도 광양시 금호동 광양제품부두점(192m ↗),27.7,공차
SB-000008,2026-08-12,2026-08-12 15:40:57,3,84,DTG 데이터,전라남도 광양시 금호동 634(115m 범위),전라남도 광양시 금호동 광양제품부두점(186m ↗),27.6,공차
SB-000008,2026-08-12,2026-08-12 15:42:57,18,85,DTG 데이터,전라남도 광양시 금호동 803(182m 범위),전라남도 광양시 금호동 우리은행365(275m ↓),27.1,공차
SB-000008,2026-08-12,2026-08-12 15:44:57,0,85,DTG 데이터,전라남도 광양시 금호동 803(136m 범위),전라남도 광양시 금호동 우리은행365(298m ↘),27.5,공차
SB-000008,2026-08-12,2026-08-12 15:46:57,0,85,DTG 데이터,전라남도 광양시 금호동 803(103m 범위),전라남도 광양시 금호동 우리은행365(318m ↘),27.6,공차
SB-000008,2026-08-12,2026-08-12 15:48:57,6,85,DTG 데이터,전라남도 광양시 금호동 803(82m 범위),전라남도 광양시 금호동 우리은행365(336m ↘),27.4,공차
SB-000008,2026-08-12,2026-08-12 15:50:57,0,85,DTG 데이터,전라남도 광양시 금호동 803(78m 범위),전라남도 광양시 금호동 우리은행365(351m ↘),25.9,공차
SB-000008,2026-08-12,2026-08-12 15:52:57,4,85,DTG 데이터,전라남도 광양시 금호동 803(73m 범위),전라남도 광양시 금호동 우리은행365(357m ↘),26.1,공차
SB-000008,2026-08-12,2026-08-12 15:54:57,37,86,DTG 데이터,전라남도 광양시 금호동 662(114m 범위),전라남도 광양시 금호동 피엠에스(305m →),27.4,공차
SB-000008,2026-08-12,2026-08-12 15:56:57,38,87,DTG 데이터,주변에 검색된 지번이 없습니다,주변에 특정건물이 없습니다,27.4,공차
SB-000008,2026-08-12,2026-08-12 15:58:57,38,88,DTG 데이터,전라남도 광양시 금호동 663(363m 범위),주변에 특정 건물이 없습니다,27.4,공차
SB-000008,2026-08-12,2026-08-12 16:00:57,10,89,DTG 데이터,전라남도 광양시 금호동 791(144m 범위),전라남도 광양시 금호동 2문(14m ↘),27.7,공차
SB-000008,2026-08-12,2026-08-12 16:02:57,38,90,DTG 데이터,전라남도 광양시 태인동 267-3(60m 범위),전라남도 광양시 태인동 동원로엑스(48m ←),27.4,공차
SB-000008,2026-08-12,2026-08-12 16:04:58,17,91,DTG 데이터,전라남도 광양시 태인동 1654-7(108m 범위),전라남도 광양시 태인동 비에이치인더스트리(89m ↙),27.3,공차
SB-000008,2026-08-12,2026-08-12 16:06:57,0,91,DTG 데이터,전라남도 광양시 태인동 1654-1(73m 범위),전라남도 광양시 태인동 세정테크(38m ←),25.8,공차
SB-000008,2026-08-12,2026-08-12 16:08:57,0,91,DTG 데이터,전라남도 광양시 태인동 1654-1(67m 범위),전라남도 광양시 태인동 세정테크(49m ←),25.7,공차
SB-000008,2026-08-12,2026-08-12 16:10:57,0,91,DTG 데이터,전라남도 광양시 태인동 1654-1(85m 범위),전라남도 광양시 태인동 세정테크(35m ↙),26,공차
SB-000008,2026-08-12,2026-08-12 16:12:38,0,91,Key Off,전라남도 광양시 태인동 1654-7(128m 범위),전라남도 광양시 태인동 CJ대한통운광양지사(81m →),27.3,공차
SB-000009,2026-08-12,2026-08-12 03:23:22,0,0,리셋보고,전라남도 광양시 태인동 1654-7(81m 범위),전라남도 광양시 태인동 비에이치인더스트리(70m ↙),25.4,공차
SB-000009,2026-08-12,2026-08-12 07:29:24,0,0,Key On,전라남도 광양시 태인동 1654-7(81m 범위),전라남도 광양시 태인동 비에이치인더스트리(70m ↙),24.8,공차
SB-000009,2026-08-12,2026-08-12 07:30:50,0,0,DTG 데이터,전라남도 광양시 태인동 1654-7(68m 범위),전라남도 광양시 태인동 비에이치인더스트리(53m ↙),28.2,공차
SB-000009,2026-08-12,2026-08-12 07:32:50,0,0,DTG 데이터,전라남도 광양시 태인동 1654-7(96m 범위),전라남도 광양시 태인동 비에이치인더스트리(83m ↙),28.3,공차
SB-000009,2026-08-12,2026-08-12 07:34:30,0,0,공회전감지,전라남도 광양시 태인동 1654-7(99m 범위),전라남도 광양시 태인동 비에이치인더스트리(85m ↙),28.3,공차
SB-000009,2026-08-12,2026-08-12 07:34:50,0,0,DTG 데이터,전라남도 광양시 태인동 1654-7(98m 범위),전라남도 광양시 태인동 비에이치인더스트리(82m ↙),28.3,공차
SB-000009,2026-08-12,2026-08-12 07:36:16,3,0,공회전종료,전라남도 광양시 태인동 1654-7(108m 범위),전라남도 광양시 태인동 비에이치인더스트리(91m ↙),28.3,공차
SB-000009,2026-08-12,2026-08-12 07:36:50,4,0,DTG 데이터,전라남도 광양시 태인동 1654-7(82m 범위),전라남도 광양시 태인동 세정테크(54m ↙),28.3,공차
SB-000009,2026-08-12,2026-08-12 07:38:50,0,0,DTG 데이터,전라남도 광양시 태인동 1654-1(127m 범위),전라남도 광양시 태인동 CJ대한통운광양지사(65m →),28.3,공차
SB-000009,2026-08-12,2026-08-12 07:39:43,0,0,Key Off,전라남도 광양시 태인동 1654-1(129m 범위),전라남도 광양시 태인동 CJ대한통운광양지사(64m →),27.6,공차
SB-000009,2026-08-12,2026-08-12 07:56:45,0,0,Key On,전라남도 광양시 태인동 1654-1(129m 범위),전라남도 광양시 태인동 CJ대한통운광양지사(64m →),24.9,공차
SB-000009,2026-08-12,2026-08-12 07:56:50,0,0,관제주기보고,전라남도 광양시 태인동 1654-4(125m 범위),전라남도 광양시 태인동 CJ대한통운광양지사(58m →),27.6,공차
SB-000009,2026-08-12,2026-08-12 07:58:50,36,0,DTG 데이터,전라남도 광양시 태인동 1656-6(62m 범위),전라남도 광양시 태인동 케이아이씨(49m ↗),28.3,공차
SB-000009,2026-08-12,2026-08-12 08:00:50,47,2,DTG 데이터,전라남도 광양시 태인동 303-50(32m 범위),전라남도 광양시 태인동 소모식당(40m ←),28.1,공차
SB-000009,2026-08-12,2026-08-12 08:02:50,2,2,DTG 데이터,전라남도 광양시 금호동 791(24m 범위),전라남도 광양시 금호동 태인교삼거리(40m ↑),28.3,공차
SB-000009,2026-08-12,2026-08-12 08:04:51,29,2,DTG 데이터,전라남도 광양시 금호동 791(335m 범위),전라남도 광양시 금호동 2문(240m ↓),28,공차
SB-000009,2026-08-12,2026-08-12 08:06:50,40,4,DTG 데이터,전라남도 광양시 금호동 636(150m 범위),전라남도 광양시 금호동 연구소앞삼거리(349m ↙),28,공차
SB-000009,2026-08-12,2026-08-12 08:08:50,14,5,DTG 데이터,전라남도 광양시 금호동 631(253m 범위),전라남도 광양시 금호동 광일엔지니어링(400m ←),28,공차
SB-000009,2026-08-12,2026-08-12 08:10:50,38,6,DTG 데이터,전라남도 광양시 금호동 632(387m 범위),주변에 특정 건물이 없습니다,27.9,공차
SB-000009,2026-08-12,2026-08-12 08:12:50,0,6,DTG 데이터,전라남도 광양시 금호동 656(134m 범위),전라남도 광양시 금호동 한유엘엔에스(331m ↗),27.8,공차
SB-000009,2026-08-12,2026-08-12 08:14:50,0,6,DTG 데이터,전라남도 광양시 금호동 656(129m 범위),전라남도 광양시 금호동 한유엘엔에스(316m ↗),28.3,공차
SB-000009,2026-08-12,2026-08-12 08:15:04,0,6,Key Off,전라남도 광양시 금호동 656(137m 범위),전라남도 광양시 금호동 한유엘엔에스(330m ↗),27.2,공차
SB-000009,2026-08-12,2026-08-12 08:15:15,0,6,Key On,전라남도 광양시 금호동 656(137m 범위),전라남도 광양시 금호동 한유엘엔에스(330m ↗),26.8,공차
SB-000009,2026-08-12,2026-08-12 08:15:40,0,6,Key Off,전라남도 광양시 금호동 656(150m 범위),전라남도 광양시 금호동 한유엘엔에스(330m ↗),26.5,공차
SB-000009,2026-08-12,2026-08-12 08:29:41,0,6,Key On,전라남도 광양시 금호동 656(150m 범위),전라남도 광양시 금호동 한유엘엔에스(330m ↗),25,공차
SB-000009,2026-08-12,2026-08-12 08:30:50,0,6,DTG 데이터,전라남도 광양시 금호동 656(134m 범위),전라남도 광양시 금호동 한유엘엔에스(313m ↗),28.3,공차
SB-000009,2026-08-12,2026-08-12 08:32:50,6,6,DTG 데이터,전라남도 광양시 금호동 634(113m 범위),전라남도 광양시 금호동 광양제품부두점(224m ↗),27.9,공차
SB-000009,2026-08-12,2026-08-12 08:34:50,7,7,DTG 데이터,전라남도 광양시 금호동 803(120m 범위),전라남도 광양시 금호동 우리은행365(304m ↘),28,공차
SB-000009,2026-08-12,2026-08-12 08:36:50,0,7,DTG 데이터,전라남도 광양시 금호동 803(95m 범위),전라남도 광양시 금호동 우리은행365(322m ↘),27.8,공차
SB-000009,2026-08-12,2026-08-12 08:37:39,0,7,Key Off,전라남도 광양시 금호동 803(88m 범위),전라남도 광양시 금호동 포스코플로우(330m ↘),27.2,공차
SB-000009,2026-08-12,2026-08-12 08:38:21,0,7,Key On,전라남도 광양시 금호동 803(88m 범위),전라남도 광양시 금호동 포스코플로우(330m ↘),26.2,공차
SB-000009,2026-08-12,2026-08-12 08:38:51,14,7,DTG 데이터,전라남도 광양시 금호동 803(98m 범위),전라남도 광양시 금호동 우리은행365(356m ↘),27.9,공차
SB-000009,2026-08-12,2026-08-12 08:40:51,2,8,DTG 데이터,전라남도 광양시 금호동 642-1(159m 범위),전라남도 광양시 금호동 피엠에스(469m →),27.8,공차
SB-000009,2026-08-12,2026-08-12 08:42:50,37,9,DTG 데이터,전라남도 광양시 금호동 663(425m 범위),주변에 특정 건물이 없습니다,28,공차
SB-000009,2026-08-12,2026-08-12 08:44:50,34,10,DTG 데이터,전라남도 광양시 금호동 663(450m 범위),주변에 특정 건물이 없습니다,28,공차
SB-000009,2026-08-12,2026-08-12 08:46:50,14,10,DTG 데이터,전라남도 광양시 금호동 791(189m 범위),전라남도 광양시 금호동 2문(87m ↓),27.9,공차
SB-000009,2026-08-12,2026-08-12 08:48:50,0,11,DTG 데이터,전라남도 광양시 태인동 1664-5(20m 범위),전라남도 광양시 태인동 버스정류장(15m →),27.8,공차
SB-000009,2026-08-12,2026-08-12 08:50:50,48,12,DTG 데이터,전라남도 광양시 태인동 1656-2(70m 범위),전라남도 광양시 태인동 심팩메탈로이(78m ↖),27.8,공차
SB-000009,2026-08-12,2026-08-12 08:52:50,13,13,DTG 데이터,전라남도 광양시 태인동 1654-7(76m 범위),전라남도 광양시 태인동 세정테크(32m ↙),27.8,공차
SB-000009,2026-08-12,2026-08-12 08:53:46,0,13,Key Off,전라남도 광양시 태인동 1654-7(74m 범위),전라남도 광양시 태인동 세정테크(23m ↙),27.2,공차
SB-000009,2026-08-12,2026-08-12 09:01:51,0,13,Key On,전라남도 광양시 태인동 1654-7(74m 범위),전라남도 광양시 태인동 세정테크(23m ↙),25.1,공차
SB-000009,2026-08-12,2026-08-12 09:02:50,5,13,DTG 데이터,전라남도 광양시 태인동 1654-1(50m 범위),전라남도 광양시 태인동 세정테크(35m ←),28.2,공차
SB-000009,2026-08-12,2026-08-12 09:03:17,0,13,Key Off,전라남도 광양시 태인동 1654-1(52m 범위),전라남도 광양시 태인동 세정테크(23m ↖),27.1,공차
SB-000009,2026-08-12,2026-08-12 09:05:51,0,13,Key On,전라남도 광양시 태인동 1654-1(52m 범위),전라남도 광양시 태인동 세정테크(23m ↖),25.6,공차
SB-000009,2026-08-12,2026-08-12 09:06:50,0,13,DTG 데이터,전라남도 광양시 태인동 1654-1(109m 범위),전라남도 광양시 태인동 CJ대한통운광양지사(57m →),28.1,공차
SB-000009,2026-08-12,2026-08-12 09:08:50,0,13,DTG 데이터,전라남도 광양시 태인동 1654-1(108m 범위),전라남도 광양시 태인동 CJ대한통운광양지사(54m ↗),28.1,공차
SB-000009,2026-08-12,2026-08-12 09:10:50,0,13,DTG 데이터,전라남도 광양시 태인동 1655-5(76m 범위),전라남도 광양시 태인동 라인호(61m ↖),28.1,공차
SB-000009,2026-08-12,2026-08-12 09:12:50,0,13,DTG 데이터,전라남도 광양시 태인동 1655-5(56m 범위),전라남도 광양시 태인동 대주기업(36m ↙),28.1,공차
SB-000009,2026-08-12,2026-08-12 09:14:51,9,14,DTG 데이터,전라남도 광양시 태인동 1655-1(78m 범위),전라남도 광양시 태인동 비지스틸(85m ↑),28.2,공차
SB-000009,2026-08-12,2026-08-12 09:16:51,0,14,DTG 데이터,전라남도 광양시 태인동 1655-1(16m 범위),전라남도 광양시 태인동 비지스틸(25m ↖),28.2,공차
SB-000009,2026-08-12,2026-08-12 09:18:51,0,14,DTG 데이터,전라남도 광양시 태인동 1655-1(19m 범위),전라남도 광양시 태인동 비지스틸(29m ↖),28.3,공차
SB-000009,2026-08-12,2026-08-12 09:20:50,0,14,DTG 데이터,전라남도 광양시 태인동 1655-1(16m 범위),전라남도 광양시 태인동 비지스틸(23m ↖),28.3,공차
SB-000009,2026-08-12,2026-08-12 09:20:58,0,14,공회전감지,전라남도 광양시 태인동 1655-1(16m 범위),전라남도 광양시 태인동 비지스틸(24m ↖),28.3,공차
SB-000009,2026-08-12,2026-08-12 09:22:13,5,14,공회전종료,전라남도 광양시 태인동 1655-1(17m 범위),전라남도 광양시 태인동 비지스틸(20m ↑),28.1,공차
SB-000009,2026-08-12,2026-08-12 09:22:50,3,14,DTG 데이터,전라남도 광양시 태인동 1655-5(106m 범위),전라남도 광양시 태인동 라인호(92m ←),27.9,공차
SB-000009,2026-08-12,2026-08-12 09:24:50,19,15,DTG 데이터,전라남도 광양시 태인동 1653-2(40m 범위),전라남도 광양시 태인동 SK엔크린(35m →),28.1,공차
SB-000009,2026-08-12,2026-08-12 09:26:50,11,16,DTG 데이터,전라남도 광양시 금호동 791(9m 범위),전라남도 광양시 금호동 태인교삼거리(24m ↖),28,공차
SB-000009,2026-08-12,2026-08-12 09:28:51,16,16,DTG 데이터,전라남도 광양시 금호동 791(81m 범위),전라남도 광양시 금호동 2문(68m ↗),28.1,공차
SB-000009,2026-08-12,2026-08-12 09:30:51,12,16,DTG 데이터,전라남도 광양시 금호동 791(193m 범위),전라남도 광양시 금호동 2문(67m ↓),27.7,공차
SB-000009,2026-08-12,2026-08-12 09:32:51,41,17,DTG 데이터,전라남도 광양시 금호동 658(154m 범위),전라남도 광양시 금호동 정문(206m ↙),27.7,공차
SB-000009,2026-08-12,2026-08-12 09:34:50,36,18,DTG 데이터,전라남도 광양시 금호동 631(332m 범위),전라남도 광양시 금호동 광일엔지니어링(412m ←),27.8,공차
SB-000009,2026-08-12,2026-08-12 09:36:50,36,19,DTG 데이터,전라남도 광양시 금호동 657(160m 범위),주변에 특정 건물이 없습니다,27.7,공차
SB-000009,2026-08-12,2026-08-12 09:38:50,0,20,DTG 데이터,전라남도 광양시 금호동 632(377m 범위),주변에 특정 건물이 없습니다,27.6,공차
SB-000009,2026-08-12,2026-08-12 09:40:51,0,20,DTG 데이터,전라남도 광양시 금호동 632(382m 범위),주변에 특정 건물이 없습니다,27.6,공차
SB-000009,2026-08-12,2026-08-12 09:42:50,0,20,DTG 데이터,전라남도 광양시 금호동 632(373m 범위),주변에 특정 건물이 없습니다,27.5,공차
SB-000009,2026-08-12,2026-08-12 09:43:27,0,20,공회전감지,전라남도 광양시 금호동 632(366m 범위),주변에 특정 건물이 없습니다,27.6,공차
SB-000009,2026-08-12,2026-08-12 09:44:50,0,20,DTG 데이터,전라남도 광양시 금호동 632(343m 범위),주변에 특정 건물이 없습니다,27.6,공차
SB-000009,2026-08-12,2026-08-12 09:45:08,5,20,공회전종료,전라남도 광양시 금호동 632(348m 범위),주변에 특정 건물이 없습니다,27.6,공차
SB-000009,2026-08-12,2026-08-12 09:46:07,0,20,Key Off,전라남도 광양시 금호동 632(360m 범위),주변에 특정 건물이 없습니다,26.9,공차
SB-000009,2026-08-12,2026-08-12 09:47:14,0,20,Key On,전라남도 광양시 금호동 632(360m 범위),주변에 특정 건물이 없습니다,25.6,공차
SB-000009,2026-08-12,2026-08-12 09:47:33,0,20,Key Off,전라남도 광양시 금호동 656(367m 범위),주변에 특정 건물이 없습니다,25.5,공차
SB-000009,2026-08-12,2026-08-12 09:54:34,0,20,Key On,전라남도 광양시 금호동 656(367m 범위),주변에 특정 건물이 없습니다,24.9,공차
SB-000009,2026-08-12,2026-08-12 09:54:50,0,20,DTG 데이터,전라남도 광양시 금호동 656(361m 범위),주변에 특정 건물이 없습니다,27.8,공차
SB-000009,2026-08-12,2026-08-12 09:56:50,0,20,DTG 데이터,전라남도 광양시 금호동 632(336m 범위),주변에 특정 건물이 없습니다,28,공차
SB-000009,2026-08-12,2026-08-12 09:58:50,31,20,DTG 데이터,전라남도 광양시 금호동 634(49m 범위),전라남도 광양시 금호동 한유엘엔에스(166m →),27.8,공차
SB-000009,2026-08-12,2026-08-12 10:00:50,8,21,DTG 데이터,전라남도 광양시 금호동 803(118m 범위),전라남도 광양시 금호동 우리은행365(309m ↘),27.7,공차
SB-000009,2026-08-12,2026-08-12 10:02:51,0,21,DTG 데이터,전라남도 광양시 금호동 803(97m 범위),전라남도 광양시 금호동 우리은행365(321m ↘),27.7,공차
SB-000009,2026-08-12,2026-08-12 10:04:13,0,21,Key Off,전라남도 광양시 금호동 803(82m 범위),전라남도 광양시 금호동 우리은행365(341m ↘),26.9,공차
SB-000009,2026-08-12,2026-08-12 10:05:53,0,21,Key On,전라남도 광양시 금호동 803(82m 범위),전라남도 광양시 금호동 포스코플로우(341m ↘),25.4,공차
SB-000009,2026-08-12,2026-08-12 10:06:50,30,21,DTG 데이터,전라남도 광양시 금호동 642(47m 범위),전라남도 광양시 금호동 피엠에스(379m ←),27.8,공차
SB-000009,2026-08-12,2026-08-12 10:08:50,34,22,DTG 데이터,전라남도 광양시 금호동 642-1(378m 범위),주변에 특정 건물이 없습니다,27.8,공차
SB-000009,2026-08-12,2026-08-12 10:10:50,16,23,DTG 데이터,전라남도 광양시 금호동 663(37m 범위),전라남도 광양시 금호동 포스코광양제철소(363m →),27.6,공차
SB-000009,2026-08-12,2026-08-12 10:12:50,7,24,DTG 데이터,전라남도 광양시 금호동 791(267m 범위),전라남도 광양시 금호동 2문(177m ↓),27.6,공차
SB-000009,2026-08-12,2026-08-12 10:14:50,30,25,DTG 데이터,전라남도 광양시 태인동 1664-7(14m 범위),전라남도 광양시 태인동 장가계(22m →),28,공차
SB-000009,2026-08-12,2026-08-12 10:16:50,14,26,DTG 데이터,전라남도 광양시 태인동 355-86(12m 범위),전라남도 광양시 태인동 세움건설(56m ↘),28.1,공차
SB-000009,2026-08-12,2026-08-12 10:18:51,0,26,DTG 데이터,전라남도 광양시 태인동 309-6(25m 범위),전라남도 광양시 태인동 세움건설(19m ↗),28.1,공차
SB-000009,2026-08-12,2026-08-12 10:20:51,0,26,DTG 데이터,전라남도 광양시 태인동 산111-5(26m 범위),전라남도 광양시 태인동 경남스틸(40m ↖),27.9,공차
SB-000009,2026-08-12,2026-08-12 10:20:58,0,26,Key Off,전라남도 광양시 태인동 산111-1(26m 범위),전라남도 광양시 태인동 경남스틸(35m ↖),26.9,공차
SB-000009,2026-08-12,2026-08-12 10:26:27,0,26,Key On,전라남도 광양시 태인동 산111-1(26m 범위),전라남도 광양시 태인동 경남스틸(35m ↖),24.8,공차
SB-000009,2026-08-12,2026-08-12 10:26:51,1,26,DTG 데이터,전라남도 광양시 태인동 산111-1(25m 범위),전라남도 광양시 태인동 경남스틸(37m ↖),27.8,공차
SB-000009,2026-08-12,2026-08-12 10:27:07,0,26,Key Off,전라남도 광양시 태인동 306-14(34m 범위),전라남도 광양시 태인동 경남스틸(30m ↖),27,공차
SB-000009,2026-08-12,2026-08-12 10:31:44,0,26,Key On,전라남도 광양시 태인동 306-14(34m 범위),전라남도 광양시 태인동 경남스틸(30m ↖),25,공차
SB-000009,2026-08-12,2026-08-12 10:32:53,0,26,DTG 데이터,전라남도 광양시 태인동 산111-2(23m 범위),전라남도 광양시 태인동 경남스틸(72m ↓),28,공차
SB-000009,2026-08-12,2026-08-12 10:34:54,7,27,DTG 데이터,전라남도 광양시 태인동 303-70(2m 범위),전라남도 광양시 태인동 세림후렉시블(22m ↙),27.8,공차
SB-000009,2026-08-12,2026-08-12 10:36:54,29,28,DTG 데이터,전라남도 광양시 금호동 791(287m 범위),전라남도 광양시 금호동 2문(192m ↓),27.6,공차
SB-000009,2026-08-12,2026-08-12 10:38:53,0,28,DTG 데이터,전라남도 광양시 금호동 658(132m 범위),전라남도 광양시 금호동 정문(205m ↘),28,공차
SB-000009,2026-08-12,2026-08-12 10:40:23,0,28,Key Off,전라남도 광양시 금호동 658(134m 범위),전라남도 광양시 금호동 정문(206m ↘),26.8,공차
SB-000009,2026-08-12,2026-08-12 11:09:31,0,28,Key On,전라남도 광양시 금호동 658(134m 범위),전라남도 광양시 금호동 정문(206m ↘),24.6,공차
SB-000009,2026-08-12,2026-08-12 11:10:51,36,29,DTG 데이터,전라남도 광양시 금호동 658(196m 범위),전라남도 광양시 금호동 정문(240m ↙),27.7,공차
SB-000009,2026-08-12,2026-08-12 11:12:51,0,29,DTG 데이터,전라남도 광양시 금호동 636(401m 범위),전라남도 광양시 금호동 광일엔지니어링(275m ↖),28,공차
SB-000009,2026-08-12,2026-08-12 11:14:51,0,29,DTG 데이터,전라남도 광양시 금호동 636(427m 범위),전라남도 광양시 금호동 광일엔지니어링(231m ↖),27.9,공차
SB-000009,2026-08-12,2026-08-12 11:16:51,0,29,DTG 데이터,전라남도 광양시 금호동 636(348m 범위),전라남도 광양시 금호동 포렌(303m ↑),28,공차
SB-000009,2026-08-12,2026-08-12 11:18:51,24,30,DTG 데이터,전라남도 광양시 금호동 631(305m 범위),전라남도 광양시 금호동 포렌(406m ←),28.1,공차
SB-000009,2026-08-12,2026-08-12 11:20:51,39,31,DTG 데이터,전라남도 광양시 금호동 632(409m 범위),주변에 특정 건물이 없습니다,27.6,공차
SB-000009,2026-08-12,2026-08-12 11:22:51,33,32,DTG 데이터,전라남도 광양시 금호동 802(15m 범위),전라남도 광양시 금호동 아르고마린토탈(61m →),27.8,공차
SB-000009,2026-08-12,2026-08-12 11:24:35,0,32,Key Off,전라남도 광양시 금호동 803(109m 범위),전라남도 광양시 금호동 포스코플로우(315m ↘),26.9,공차
SB-000009,2026-08-12,2026-08-12 11:25:23,0,32,Key On,전라남도 광양시 금호동 803(109m 범위),전라남도 광양시 금호동 우리은행365(315m ↘),25.9,공차
SB-000009,2026-08-12,2026-08-12 11:26:50,39,33,DTG 데이터,전라남도 광양시 금호동 671(58m 범위),전라남도 광양시 금호동 피엠에스(83m ↙),27.8,공차
SB-000009,2026-08-12,2026-08-12 11:28:50,17,34,DTG 데이터,전라남도 광양시 금호동 662(474m 범위),주변에 특정 건물이 없습니다,27.8,공차
SB-000009,2026-08-12,2026-08-12 11:30:51,0,35,DTG 데이터,전라남도 광양시 금호동 663(83m 범위),전라남도 광양시 금호동 포스코광양제철소(368m →),27.7,공차
SB-000009,2026-08-12,2026-08-12 11:32:51,0,35,DTG 데이터,전라남도 광양시 금호동 663(85m 범위),전라남도 광양시 금호동 포스코광양제철소(369m →),27.6,공차
SB-000009,2026-08-12,2026-08-12 11:34:51,37,35,DTG 데이터,주변에 검색된 지번이 없습니다,주변에 특정건물이 없습니다,27.7,공차
SB-000009,2026-08-12,2026-08-12 11:36:51,30,36,DTG 데이터,전라남도 광양시 금호동 791(51m 범위),전라남도 광양시 금호동 태인교삼거리(49m ←),27.6,공차
SB-000009,2026-08-12,2026-08-12 11:38:51,25,37,DTG 데이터,전라남도 광양시 태인동 1656-13(77m 범위),전라남도 광양시 태인동 전국레미콘(27m ↖),27.7,공차
SB-000009,2026-08-12,2026-08-12 11:40:50,31,38,DTG 데이터,전라남도 광양시 태인동 28-266(59m 범위),전라남도 광양시 태인동 대도(59m ↘),27.6,공차
SB-000009,2026-08-12,2026-08-12 11:42:50,14,39,DTG 데이터,전라남도 광양시 태인동 1752(43m 범위),전라남도 광양시 태인동 심팩메탈(70m ↗),27.7,공차
SB-000009,2026-08-12,2026-08-12 11:44:51,0,39,DTG 데이터,전라남도 광양시 태인동 1714(56m 범위),전라남도 광양시 태인동 엔시스(106m ↗),28,공차
SB-000009,2026-08-12,2026-08-12 11:46:51,0,39,DTG 데이터,전라남도 광양시 태인동 1714(42m 범위),전라남도 광양시 태인동 엔시스(91m ↗),27.9,공차
SB-000009,2026-08-12,2026-08-12 11:48:37,0,39,공회전감지,전라남도 광양시 태인동 1714(56m 범위),전라남도 광양시 태인동 엔시스(99m ↗),28,공차
SB-000009,2026-08-12,2026-08-12 11:48:51,0,39,DTG 데이터,전라남도 광양시 태인동 1714(54m 범위),전라남도 광양시 태인동 엔시스(97m ↗),27.9,공차
SB-000009,2026-08-12,2026-08-12 11:50:51,0,39,DTG 데이터,전라남도 광양시 태인동 1714(64m 범위),전라남도 광양시 태인동 엔시스(110m ↗),28,공차
SB-000009,2026-08-12,2026-08-12 11:52:51,0,39,DTG 데이터,전라남도 광양시 태인동 1714(46m 범위),전라남도 광양시 태인동 엔시스(89m ↗),28,공차
SB-000009,2026-08-12,2026-08-12 11:53:41,0,39,공회전유지,전라남도 광양시 태인동 1714(43m 범위),전라남도 광양시 태인동 엔시스(86m ↗),28.1,공차
SB-000009,2026-08-12,2026-08-12 11:54:51,0,39,DTG 데이터,전라남도 광양시 태인동 1714(52m 범위),전라남도 광양시 태인동 엔시스(95m ↗),27.9,공차
SB-000009,2026-08-12,2026-08-12 11:56:51,0,39,DTG 데이터,전라남도 광양시 태인동 1714(47m 범위),전라남도 광양시 태인동 엔시스(84m ↗),28,공차
SB-000009,2026-08-12,2026-08-12 11:58:37,0,39,공회전유지,전라남도 광양시 태인동 1714(47m 범위),전라남도 광양시 태인동 엔시스(80m ↗),28,공차
SB-000009,2026-08-12,2026-08-12 11:58:49,0,39,Key Off,전라남도 광양시 태인동 1714(46m 범위),전라남도 광양시 태인동 엔시스(81m ↗),26.7,공차
SB-000009,2026-08-12,2026-08-12 11:58:49,0,39,공회전종료,전라남도 광양시 태인동 1714(46m 범위),전라남도 광양시 태인동 엔시스(81m ↗),26.7,공차
SB-000009,2026-08-12,2026-08-12 12:23:15,0,39,Key On,전라남도 광양시 태인동 1714(46m 범위),전라남도 광양시 태인동 엔시스(81m ↗),24.7,공차
SB-000009,2026-08-12,2026-08-12 12:24:51,0,39,DTG 데이터,전라남도 광양시 태인동 1688(75m 범위),전라남도 광양시 태인동 엔시스(78m ↑),27.8,공차
SB-000009,2026-08-12,2026-08-12 12:26:51,0,39,DTG 데이터,전라남도 광양시 태인동 1688(79m 범위),전라남도 광양시 태인동 엔시스(83m ↖),28,공차
SB-000009,2026-08-12,2026-08-12 12:28:51,5,39,DTG 데이터,전라남도 광양시 태인동 1688(100m 범위),전라남도 광양시 태인동 엔시스(103m ↑),27.9,공차
SB-000009,2026-08-12,2026-08-12 12:30:51,3,39,DTG 데이터,전라남도 광양시 태인동 1714(118m 범위),전라남도 광양시 태인동 엔시스(126m ↑),27.9,공차
SB-000009,2026-08-12,2026-08-12 12:32:51,12,39,DTG 데이터,전라남도 광양시 태인동 1745(167m 범위),전라남도 광양시 태인동 삼현철강(158m ↓),27.8,공차
SB-000009,2026-08-12,2026-08-12 12:34:52,0,40,DTG 데이터,전라남도 광양시 태인동 1699(90m 범위),전라남도 광양시 태인동 대주기업(62m ↑),28,공차
SB-000009,2026-08-12,2026-08-12 12:36:51,18,41,DTG 데이터,전라남도 광양시 태인동 28-196(12m 범위),전라남도 광양시 태인동 버스정류장(43m ↓),27.9,공차
SB-000009,2026-08-12,2026-08-12 12:38:51,57,42,DTG 데이터,전라남도 광양시 태인동 267-3(14m 범위),전라남도 광양시 태인동 SK엔크린(19m →),28.1,공차
SB-000009,2026-08-12,2026-08-12 12:40:51,16,43,DTG 데이터,전라남도 광양시 금호동 791(201m 범위),전라남도 광양시 금호동 2문(81m ↓),27.5,공차
SB-000009,2026-08-12,2026-08-12 12:42:51,44,44,DTG 데이터,전라남도 광양시 금호동 636(222m 범위),전라남도 광양시 금호동 연구소앞삼거리(287m ↓),27.7,공차
SB-000009,2026-08-12,2026-08-12 12:44:51,15,45,DTG 데이터,전라남도 광양시 금호동 631(168m 범위),전라남도 광양시 금호동 포렌(415m ←),27.6,공차
SB-000009,2026-08-12,2026-08-12 12:46:51,23,45,DTG 데이터,전라남도 광양시 금호동 635(52m 범위),전라남도 광양시 금호동 광일엔지니어링(497m ↙),27.6,공차
SB-000009,2026-08-12,2026-08-12 12:48:51,0,46,DTG 데이터,전라남도 광양시 금호동 657(82m 범위),주변에 특정 건물이 없습니다,27.5,공차
SB-000009,2026-08-12,2026-08-12 12:50:50,0,46,DTG 데이터,전라남도 광양시 금호동 635(86m 범위),주변에 특정 건물이 없습니다,28.1,공차
SB-000009,2026-08-12,2026-08-12 12:52:51,0,46,DTG 데이터,전라남도 광양시 금호동 657(122m 범위),전라남도 광양시 금호동 포렌(470m ↙),28,공차
SB-000009,2026-08-12,2026-08-12 12:53:29,0,46,공회전감지,전라남도 광양시 금호동 657(99m 범위),전라남도 광양시 금호동 광일엔지니어링(491m ↙),28,공차
SB-000009,2026-08-12,2026-08-12 12:54:51,0,46,DTG 데이터,전라남도 광양시 금호동 657(93m 범위),주변에 특정 건물이 없습니다,28,공차
SB-000009,2026-08-12,2026-08-12 12:56:20,4,46,공회전종료,전라남도 광양시 금호동 657(79m 범위),주변에 특정 건물이 없습니다,27.9,공차
SB-000009,2026-08-12,2026-08-12 12:56:51,0,46,DTG 데이터,전라남도 광양시 금호동 657(58m 범위),주변에 특정 건물이 없습니다,27.9,공차
SB-000009,2026-08-12,2026-08-12 12:58:34,0,46,DTG GPS 이상,전라남도 광양시 금호동 657(44m 범위),주변에 특정 건물이 없습니다,27.9,공차
SB-000009,2026-08-12,2026-08-12 12:58:51,3,46,DTG 데이터,전라남도 광양시 금호동 657(35m 범위),주변에 특정 건물이 없습니다,28,공차
SB-000009,2026-08-12,2026-08-12 13:00:51,0,46,DTG 데이터,전라남도 광양시 금호동 657(31m 범위),주변에 특정 건물이 없습니다,28,공차
SB-000009,2026-08-12,2026-08-12 13:02:51,0,46,DTG 데이터,전라남도 광양시 금호동 657(92m 범위),주변에 특정 건물이 없습니다,28,공차
SB-000009,2026-08-12,2026-08-12 13:04:30,0,46,DTG GPS 정상,전라남도 광양시 금호동 657(85m 범위),주변에 특정 건물이 없습니다,28,공차
SB-000009,2026-08-12,2026-08-12 13:04:50,0,46,DTG 데이터,전라남도 광양시 금호동 657(99m 범위),주변에 특정 건물이 없습니다,28.1,공차
SB-000009,2026-08-12,2026-08-12 13:06:50,0,46,DTG 데이터,전라남도 광양시 금호동 657(91m 범위),주변에 특정 건물이 없습니다,28,공차
SB-000009,2026-08-12,2026-08-12 13:06:53,0,46,공회전감지,전라남도 광양시 금호동 657(88m 범위),주변에 특정 건물이 없습니다,28,공차
SB-000009,2026-08-12,2026-08-12 13:08:50,0,46,DTG 데이터,전라남도 광양시 금호동 657(78m 범위),주변에 특정 건물이 없습니다,28,공차
SB-000009,2026-08-12,2026-08-12 13:08:53,5,46,공회전종료,전라남도 광양시 금호동 657(79m 범위),주변에 특정 건물이 없습니다,27.9,공차
SB-000009,2026-08-12,2026-08-12 13:10:51,13,46,DTG 데이터,전라남도 광양시 금호동 657(152m 범위),주변에 특정 건물이 없습니다,28.1,공차
SB-000009,2026-08-12,2026-08-12 13:12:51,2,47,DTG 데이터,전라남도 광양시 금호동 634(81m 범위),전라남도 광양시 금호동 광양제품부두점(95m ↗),27.8,공차
SB-000009,2026-08-12,2026-08-12 13:14:45,0,48,Key Off,전라남도 광양시 금호동 803(91m 범위),전라남도 광양시 금호동 포스코플로우(329m ↘),26.6,공차
SB-000009,2026-08-12,2026-08-12 13:15:41,0,48,Key On,전라남도 광양시 금호동 803(91m 범위),전라남도 광양시 금호동 포스코플로우(329m ↘),25.5,공차
SB-000009,2026-08-12,2026-08-12 13:16:51,38,48,DTG 데이터,전라남도 광양시 금호동 671(154m 범위),전라남도 광양시 금호동 피엠에스(194m ←),27.7,공차
SB-000009,2026-08-12,2026-08-12 13:18:51,12,49,DTG 데이터,전라남도 광양시 금호동 662(452m 범위),주변에 특정 건물이 없습니다,27.8,공차
SB-000009,2026-08-12,2026-08-12 13:20:51,31,50,DTG 데이터,전라남도 광양시 금호동 663(65m 범위),전라남도 광양시 금호동 포스코광양제철소(384m →),27.6,공차
SB-000009,2026-08-12,2026-08-12 13:22:51,0,51,DTG 데이터,전라남도 광양시 금호동 791(348m 범위),전라남도 광양시 금호동 2문(267m ↓),27.6,공차
SB-000009,2026-08-12,2026-08-12 13:24:50,12,51,DTG 데이터,전라남도 광양시 금호동 791(205m 범위),전라남도 광양시 금호동 2문(101m ↓),27.6,공차
SB-000009,2026-08-12,2026-08-12 13:26:50,6,52,DTG 데이터,전라남도 광양시 태인동 1664-8(17m 범위),전라남도 광양시 태인동 명품타이어아울렛(25m →),27.9,공차
SB-000009,2026-08-12,2026-08-12 13:28:51,44,53,DTG 데이터,전라남도 광양시 태인동 1656-6(57m 범위),전라남도 광양시 태인동 포스코DX(46m ↑),28.1,공차
SB-000009,2026-08-12,2026-08-12 13:30:51,0,54,DTG 데이터,전라남도 광양시 태인동 1654-1(124m 범위),전라남도 광양시 태인동 CJ대한통운광양지사(65m →),28,공차
SB-000009,2026-08-12,2026-08-12 13:32:51,8,54,DTG 데이터,전라남도 광양시 태인동 1654-4(130m 범위),전라남도 광양시 태인동 CJ대한통운광양지사(64m →),27.9,공차
SB-000009,2026-08-12,2026-08-12 13:34:51,27,54,DTG 데이터,전라남도 광양시 태인동 1653-2(63m 범위),전라남도 광양시 태인동 SK엔크린(60m →),27.9,공차
SB-000009,2026-08-12,2026-08-12 13:36:51,6,56,DTG 데이터,전라남도 광양시 금호동 791(81m 범위),전라남도 광양시 금호동 2문(68m ↗),27.9,공차
SB-000009,2026-08-12,2026-08-12 13:38:51,40,56,DTG 데이터,전라남도 광양시 금호동 800(306m 범위),전라남도 광양시 금호동 버스정류장(276m ↓),27.7,공차
SB-000009,2026-08-12,2026-08-12 13:40:51,39,58,DTG 데이터,전라남도 광양시 금호동 636(175m 범위),전라남도 광양시 금호동 축구장(368m ↓),27.7,공차
SB-000009,2026-08-12,2026-08-12 13:42:51,11,58,DTG 데이터,주변에 검색된 지번이 없습니다,전라남도 광양시 금호동 1문(419m ↓),27.8,공차
SB-000009,2026-08-12,2026-08-12 13:44:50,0,58,DTG 데이터,전라남도 광양시 금호동 631(347m 범위),전라남도 광양시 금호동 포렌(382m ←),27.7,공차
SB-000009,2026-08-12,2026-08-12 13:46:51,0,58,DTG 데이터,전라남도 광양시 금호동 631(348m 범위),전라남도 광양시 금호동 포렌(381m ←),28,공차
SB-000009,2026-08-12,2026-08-12 13:48:51,6,58,DTG 데이터,전라남도 광양시 금호동 631(367m 범위),전라남도 광양시 금호동 광일엔지니어링(387m ←),28,공차
SB-000009,2026-08-12,2026-08-12 13:50:45,0,59,Key Off,전라남도 광양시 금호동 631(310m 범위),전라남도 광양시 금호동 광일엔지니어링(342m ←),26.7,공차
SB-000009,2026-08-12,2026-08-12 13:56:41,0,59,Key On,전라남도 광양시 금호동 631(310m 범위),전라남도 광양시 금호동 포렌(342m ←),24.9,공차
SB-000009,2026-08-12,2026-08-12 13:56:50,0,59,DTG 데이터,전라남도 광양시 금호동 631(341m 범위),전라남도 광양시 금호동 포렌(290m ←),27.1,공차
SB-000009,2026-08-12,2026-08-12 13:58:51,0,59,DTG 데이터,전라남도 광양시 금호동 631(312m 범위),전라남도 광양시 금호동 광일엔지니어링(309m ←),27.9,공차
SB-000009,2026-08-12,2026-08-12 14:00:50,30,59,DTG 데이터,전라남도 광양시 금호동 635(60m 범위),주변에 특정 건물이 없습니다,27.7,공차
SB-000009,2026-08-12,2026-08-12 14:02:51,9,59,DTG 데이터,전라남도 광양시 금호동 657(154m 범위),주변에 특정 건물이 없습니다,27.5,공차
SB-000009,2026-08-12,2026-08-12 14:04:51,9,60,DTG 데이터,전라남도 광양시 금호동 634(85m 범위),전라남도 광양시 금호동 광양제품부두점(94m ↗),27.6,공차
SB-000009,2026-08-12,2026-08-12 14:06:37,0,61,Key Off,전라남도 광양시 금호동 803(98m 범위),전라남도 광양시 금호동 우리은행365(324m ↘),26.7,공차
SB-000009,2026-08-12,2026-08-12 14:07:15,0,61,Key On,전라남도 광양시 금호동 803(98m 범위),전라남도 광양시 금호동 우리은행365(324m ↘),25.8,공차
SB-000009,2026-08-12,2026-08-12 14:08:51,38,62,DTG 데이터,전라남도 광양시 금호동 671(96m 범위),전라남도 광양시 금호동 피엠에스(101m ↘),27.7,공차
SB-000009,2026-08-12,2026-08-12 14:10:51,32,63,DTG 데이터,주변에 검색된 지번이 없습니다,주변에 특정건물이 없습니다,27.7,공차
SB-000009,2026-08-12,2026-08-12 14:12:51,31,64,DTG 데이터,전라남도 광양시 금호동 663(121m 범위),전라남도 광양시 금호동 포스코광양제철소(406m →),27.6,공차
SB-000009,2026-08-12,2026-08-12 14:14:51,0,64,DTG 데이터,전라남도 광양시 금호동 791(218m 범위),전라남도 광양시 금호동 2문(120m ↓),27.7,공차
SB-000009,2026-08-12,2026-08-12 14:16:51,32,65,DTG 데이터,전라남도 광양시 금호동 791(97m 범위),전라남도 광양시 태인동 태인교(5m ↘),27.6,공차
SB-000009,2026-08-12,2026-08-12 14:18:51,44,66,DTG 데이터,전라남도 광양시 태인동 1656-6(85m 범위),전라남도 광양시 태인동 케이아이씨(34m ↑),27.6,공차
SB-000009,2026-08-12,2026-08-12 14:20:37,0,67,Key Off,전라남도 광양시 태인동 1654-7(78m 범위),전라남도 광양시 태인동 세정테크(52m ↓),26.7,공차
SB-000009,2026-08-12,2026-08-12 14:22:45,0,67,Key On,전라남도 광양시 태인동 1654-7(78m 범위),전라남도 광양시 태인동 세정테크(52m ↓),25.1,공차
SB-000009,2026-08-12,2026-08-12 14:22:51,0,67,DTG 데이터,전라남도 광양시 태인동 1654-7(96m 범위),전라남도 광양시 태인동 세정테크(67m ↙),26.3,공차
SB-000009,2026-08-12,2026-08-12 14:24:51,48,68,DTG 데이터,전라남도 광양시 태인동 1656-2(72m 범위),전라남도 광양시 태인동 전국레미콘(83m ←),28,공차
SB-000009,2026-08-12,2026-08-12 14:26:51,0,69,DTG 데이터,전라남도 광양시 금호동 791(5m 범위),전라남도 광양시 금호동 태인교삼거리(21m ↖),27.9,공차
SB-000009,2026-08-12,2026-08-12 14:28:51,9,69,DTG 데이터,전라남도 광양시 금호동 791(172m 범위),전라남도 광양시 금호동 2문(33m ↙),27.9,공차
SB-000009,2026-08-12,2026-08-12 14:30:51,38,70,DTG 데이터,전라남도 광양시 금호동 658(61m 범위),전라남도 광양시 금호동 정문(172m ↘),27.7,공차
SB-000009,2026-08-12,2026-08-12 14:32:51,38,71,DTG 데이터,주변에 검색된 지번이 없습니다,전라남도 광양시 금호동 1문(432m ↓),27.6,공차
SB-000009,2026-08-12,2026-08-12 14:34:51,0,72,DTG 데이터,전라남도 광양시 금호동 631(160m 범위),전라남도 광양시 금호동 광일엔지니어링(420m ←),27.7,공차
SB-000009,2026-08-12,2026-08-12 14:36:51,10,73,DTG 데이터,전라남도 광양시 금호동 657(247m 범위),주변에 특정 건물이 없습니다,27.7,공차
SB-000009,2026-08-12,2026-08-12 14:38:51,0,73,DTG 데이터,전라남도 광양시 금호동 657(237m 범위),주변에 특정 건물이 없습니다,28,공차
SB-000009,2026-08-12,2026-08-12 14:40:51,0,73,DTG 데이터,전라남도 광양시 금호동 657(265m 범위),주변에 특정 건물이 없습니다,28,공차
SB-000009,2026-08-12,2026-08-12 14:42:45,0,73,공회전감지,전라남도 광양시 금호동 657(250m 범위),주변에 특정 건물이 없습니다,28,공차
SB-000009,2026-08-12,2026-08-12 14:42:51,0,73,DTG 데이터,전라남도 광양시 금호동 657(252m 범위),전라남도 광양시 금호동 포렌(493m ↓),28,공차
SB-000009,2026-08-12,2026-08-12 14:44:51,0,73,DTG 데이터,전라남도 광양시 금호동 657(260m 범위),주변에 특정 건물이 없습니다,28,공차
SB-000009,2026-08-12,2026-08-12 14:46:51,0,73,DTG 데이터,전라남도 광양시 금호동 657(252m 범위),주변에 특정 건물이 없습니다,27.9,공차
SB-000009,2026-08-12,2026-08-12 14:47:44,0,73,공회전유지,전라남도 광양시 금호동 657(239m 범위),주변에 특정 건물이 없습니다,28,공차
SB-000009,2026-08-12,2026-08-12 14:48:51,0,73,DTG 데이터,전라남도 광양시 금호동 657(257m 범위),주변에 특정 건물이 없습니다,28,공차
SB-000009,2026-08-12,2026-08-12 14:48:55,3,73,공회전종료,전라남도 광양시 금호동 657(255m 범위),주변에 특정 건물이 없습니다,27.9,공차
SB-000009,2026-08-12,2026-08-12 14:50:51,0,73,DTG 데이터,전라남도 광양시 금호동 657(166m 범위),주변에 특정 건물이 없습니다,27.6,공차
SB-000009,2026-08-12,2026-08-12 14:52:51,21,74,DTG 데이터,전라남도 광양시 금호동 632(330m 범위),주변에 특정 건물이 없습니다,27.7,공차
SB-000009,2026-08-12,2026-08-12 14:54:52,0,74,DTG 데이터,전라남도 광양시 금호동 656(120m 범위),전라남도 광양시 금호동 한유엘엔에스(322m ↗),27.7,공차
SB-000009,2026-08-12,2026-08-12 14:56:52,26,74,DTG 데이터,전라남도 광양시 금호동 795(106m 범위),전라남도 광양시 금호동 청우(128m ↖),27.7,공차
SB-000009,2026-08-12,2026-08-12 14:58:51,0,75,DTG 데이터,전라남도 광양시 금호동 803(121m 범위),전라남도 광양시 금호동 우리은행365(307m ↘),27.5,공차
SB-000009,2026-08-12,2026-08-12 15:00:51,0,75,DTG 데이터,전라남도 광양시 금호동 803(103m 범위),전라남도 광양시 금호동 우리은행365(319m ↘),27.6,공차
SB-000009,2026-08-12,2026-08-12 15:02:51,7,75,DTG 데이터,전라남도 광양시 금호동 803(83m 범위),전라남도 광양시 금호동 우리은행365(335m ↘),28,공차
SB-000009,2026-08-12,2026-08-12 15:03:04,0,75,Key Off,전라남도 광양시 금호동 803(81m 범위),전라남도 광양시 금호동 포스코플로우(339m ↘),26.6,공차
SB-000009,2026-08-12,2026-08-12 15:03:45,0,75,Key On,전라남도 광양시 금호동 803(81m 범위),전라남도 광양시 금호동 우리은행365(339m ↘),25.8,공차
SB-000009,2026-08-12,2026-08-12 15:04:51,36,75,DTG 데이터,전라남도 광양시 금호동 642(45m 범위),전라남도 광양시 금호동 피엠에스(324m ←),27.7,공차
SB-000009,2026-08-12,2026-08-12 15:06:51,28,76,DTG 데이터,전라남도 광양시 금호동 642-1(356m 범위),주변에 특정 건물이 없습니다,27.7,공차
SB-000009,2026-08-12,2026-08-12 15:08:51,23,77,DTG 데이터,전라남도 광양시 금호동 663(147m 범위),전라남도 광양시 금호동 포스코광양제철소(379m →),27.6,공차
SB-000009,2026-08-12,2026-08-12 15:10:51,30,78,DTG 데이터,주변에 검색된 지번이 없습니다,주변에 특정건물이 없습니다,27.7,공차
SB-000009,2026-08-12,2026-08-12 15:12:52,7,78,DTG 데이터,전라남도 광양시 금호동 791(152m 범위),전라남도 광양시 금호동 2문(24m ↘),27.4,공차
SB-000009,2026-08-12,2026-08-12 15:14:51,44,79,DTG 데이터,전라남도 광양시 태인동 303-34(34m 범위),전라남도 광양시 태인동 소모식당(53m ↗),28.1,공차
SB-000009,2026-08-12,2026-08-12 15:16:51,19,81,DTG 데이터,전라남도 광양시 태인동 28-196(10m 범위),전라남도 광양시 태인동 SK엔크린(37m ↙),27.9,공차
SB-000009,2026-08-12,2026-08-12 15:18:51,11,81,DTG 데이터,전라남도 광양시 태인동 1753(97m 범위),전라남도 광양시 태인동 삼현철강(115m ↙),27.9,공차
SB-000009,2026-08-12,2026-08-12 15:20:48,0,81,Key Off,전라남도 광양시 태인동 1740(79m 범위),전라남도 광양시 태인동 명당자원(189m →),26.7,공차
SB-000009,2026-08-12,2026-08-12 15:26:36,0,81,Key On,전라남도 광양시 태인동 1740(79m 범위),전라남도 광양시 태인동 명당자원(189m →),24.8,공차
SB-000009,2026-08-12,2026-08-12 15:26:53,5,81,DTG 데이터,전라남도 광양시 태인동 1740(61m 범위),전라남도 광양시 태인동 강변특장(123m ↑),27.6,공차
SB-000009,2026-08-12,2026-08-12 15:28:54,28,82,DTG 데이터,전라남도 광양시 태인동 28-295(92m 범위),전라남도 광양시 태인동 매크로시스템엔지니어링(94m ↘),28,공차
SB-000009,2026-08-12,2026-08-12 15:30:53,25,83,DTG 데이터,전라남도 광양시 태인동 1653-9(28m 범위),전라남도 광양시 태인동 버스정류장(7m ↘),28,공차
SB-000009,2026-08-12,2026-08-12 15:32:54,0,84,DTG 데이터,전라남도 광양시 태인동 1654-7(73m 범위),전라남도 광양시 태인동 비에이치인더스트리(63m ↙),28.1,공차
SB-000009,2026-08-12,2026-08-12 15:32:59,0,84,Key Off,전라남도 광양시 태인동 1654-7(73m 범위),전라남도 광양시 태인동 비에이치인더스트리(63m ↙),26.9,공차
SB-000011,2026-08-12,2026-08-12 03:23:28,0,0,리셋보고,전라남도 광양시 태인동 1654-7(81m 범위),전라남도 광양시 태인동 비에이치인더스트리(66m ↙),25.3,공차
SB-000011,2026-08-12,2026-08-12 07:22:28,0,0,Key On,전라남도 광양시 태인동 1654-7(83m 범위),전라남도 광양시 태인동 비에이치인더스트리(69m ↙),24.8,공차
SB-000011,2026-08-12,2026-08-12 07:22:57,0,0,DTG 데이터,전라남도 광양시 태인동 1654-7(80m 범위),전라남도 광양시 태인동 비에이치인더스트리(66m ↙),28,공차
SB-000011,2026-08-12,2026-08-12 07:24:57,0,0,DTG 데이터,전라남도 광양시 태인동 1654-7(82m 범위),전라남도 광양시 태인동 비에이치인더스트리(67m ↙),28.2,공차
SB-000011,2026-08-12,2026-08-12 07:26:56,0,0,DTG 데이터,전라남도 광양시 태인동 1654-7(82m 범위),전라남도 광양시 태인동 비에이치인더스트리(69m ↙),28.1,공차
SB-000011,2026-08-12,2026-08-12 07:27:38,0,0,공회전감지,전라남도 광양시 태인동 1654-7(76m 범위),전라남도 광양시 태인동 비에이치인더스트리(62m ↙),28.2,공차
SB-000011,2026-08-12,2026-08-12 07:28:57,0,0,DTG 데이터,전라남도 광양시 태인동 1654-7(75m 범위),전라남도 광양시 태인동 비에이치인더스트리(60m ↙),28.1,공차
SB-000011,2026-08-12,2026-08-12 07:30:57,0,0,DTG 데이터,전라남도 광양시 태인동 1654-7(73m 범위),전라남도 광양시 태인동 비에이치인더스트리(58m ↙),28.2,공차
SB-000011,2026-08-12,2026-08-12 07:32:39,0,0,공회전유지,전라남도 광양시 태인동 1654-7(70m 범위),전라남도 광양시 태인동 비에이치인더스트리(56m ↙),28.1,공차
SB-000011,2026-08-12,2026-08-12 07:32:57,0,0,DTG 데이터,전라남도 광양시 태인동 1654-7(70m 범위),전라남도 광양시 태인동 비에이치인더스트리(57m ↙),28.2,공차
SB-000011,2026-08-12,2026-08-12 07:34:57,0,0,DTG 데이터,전라남도 광양시 태인동 1654-7(78m 범위),전라남도 광양시 태인동 비에이치인더스트리(63m ↙),28.1,공차
SB-000011,2026-08-12,2026-08-12 07:36:57,0,0,DTG 데이터,전라남도 광양시 태인동 1654-7(84m 범위),전라남도 광양시 태인동 비에이치인더스트리(69m ↙),28.2,공차
SB-000011,2026-08-12,2026-08-12 07:37:39,0,0,공회전유지,전라남도 광양시 태인동 1654-7(83m 범위),전라남도 광양시 태인동 비에이치인더스트리(67m ↙),28.1,공차
SB-000011,2026-08-12,2026-08-12 07:38:57,0,0,DTG 데이터,전라남도 광양시 태인동 1654-7(78m 범위),전라남도 광양시 태인동 비에이치인더스트리(62m ↙),28.2,공차
SB-000011,2026-08-12,2026-08-12 07:40:57,0,0,DTG 데이터,전라남도 광양시 태인동 1654-7(78m 범위),전라남도 광양시 태인동 비에이치인더스트리(64m ↙),28.1,공차
SB-000011,2026-08-12,2026-08-12 07:41:34,3,0,공회전종료,전라남도 광양시 태인동 1654-7(78m 범위),전라남도 광양시 태인동 비에이치인더스트리(64m ↙),28.1,공차
SB-000011,2026-08-12,2026-08-12 07:42:56,2,0,DTG 데이터,전라남도 광양시 태인동 1654-7(74m 범위),전라남도 광양시 태인동 세정테크(39m ↙),28.1,공차
SB-000011,2026-08-12,2026-08-12 07:44:52,0,0,Key Off,전라남도 광양시 태인동 1654-7(79m 범위),전라남도 광양시 태인동 비에이치인더스트리(57m ↙),27.4,공차
SB-000011,2026-08-12,2026-08-12 07:56:55,0,0,Key On,전라남도 광양시 태인동 1654-7(79m 범위),전라남도 광양시 태인동 비에이치인더스트리(57m ↙),25.6,공차
SB-000011,2026-08-12,2026-08-12 07:56:57,0,0,관제주기보고,전라남도 광양시 태인동 1654-7(88m 범위),전라남도 광양시 태인동 세정테크(59m ↙),25.6,공차
SB-000011,2026-08-12,2026-08-12 07:58:57,29,0,DTG 데이터,전라남도 광양시 태인동 1656-6(62m 범위),전라남도 광양시 태인동 케이아이씨(41m ↗),28.2,공차
SB-000011,2026-08-12,2026-08-12 08:00:56,46,2,DTG 데이터,전라남도 광양시 태인동 303-35(31m 범위),전라남도 광양시 태인동 버스정류장(19m ↑),28.2,공차
SB-000011,2026-08-12,2026-08-12 08:02:56,4,2,DTG 데이터,전라남도 광양시 금호동 791(29m 범위),전라남도 광양시 금호동 태인교삼거리(45m ↑),28.1,공차
SB-000011,2026-08-12,2026-08-12 08:04:57,26,2,DTG 데이터,전라남도 광양시 금호동 791(326m 범위),전라남도 광양시 금호동 2문(232m ↓),27.9,공차
SB-000011,2026-08-12,2026-08-12 08:06:57,39,4,DTG 데이터,전라남도 광양시 금호동 636(149m 범위),전라남도 광양시 금호동 연구소앞삼거리(341m ↙),28,공차
SB-000011,2026-08-12,2026-08-12 08:08:57,15,5,DTG 데이터,전라남도 광양시 금호동 631(261m 범위),전라남도 광양시 금호동 광일엔지니어링(403m ←),27.9,공차
SB-000011,2026-08-12,2026-08-12 08:10:57,35,6,DTG 데이터,전라남도 광양시 금호동 632(364m 범위),주변에 특정 건물이 없습니다,28,공차
SB-000011,2026-08-12,2026-08-12 08:12:57,0,6,DTG 데이터,전라남도 광양시 금호동 656(115m 범위),전라남도 광양시 금호동 한유엘엔에스(314m ↗),28,공차
SB-000011,2026-08-12,2026-08-12 08:14:57,2,6,DTG 데이터,전라남도 광양시 금호동 656(101m 범위),전라남도 광양시 금호동 한유엘엔에스(258m ↗),28,공차
SB-000011,2026-08-12,2026-08-12 08:15:46,0,6,Key Off,전라남도 광양시 금호동 634(117m 범위),전라남도 광양시 금호동 한유엘엔에스(233m ↗),27.3,공차
SB-000011,2026-08-12,2026-08-12 08:27:59,0,6,Key On,전라남도 광양시 금호동 634(117m 범위),전라남도 광양시 금호동 한유엘엔에스(233m ↗),25.6,공차
SB-000011,2026-08-12,2026-08-12 08:28:57,0,6,DTG 데이터,전라남도 광양시 금호동 634(115m 범위),전라남도 광양시 금호동 광양제품부두점(198m ↗),28.2,공차
SB-000011,2026-08-12,2026-08-12 08:30:57,0,6,DTG 데이터,전라남도 광양시 금호동 634(105m 범위),전라남도 광양시 금호동 한유엘엔에스(222m →),28.1,공차
SB-000011,2026-08-12,2026-08-12 08:32:57,0,6,DTG 데이터,전라남도 광양시 금호동 634(103m 범위),전라남도 광양시 금호동 광양제품부두점(207m ↗),28.2,공차
SB-000011,2026-08-12,2026-08-12 08:33:07,0,6,공회전감지,전라남도 광양시 금호동 634(116m 범위),전라남도 광양시 금호동 광양제품부두점(222m ↗),28.1,공차
SB-000011,2026-08-12,2026-08-12 08:33:47,4,6,공회전종료,전라남도 광양시 금호동 634(48m 범위),전라남도 광양시 금호동 광양제품부두점(149m ↗),27.8,공차
SB-000011,2026-08-12,2026-08-12 08:34:56,26,7,DTG 데이터,전라남도 광양시 금호동 795(103m 범위),전라남도 광양시 금호동 청우(123m ↖),27.9,공차
SB-000011,2026-08-12,2026-08-12 08:36:56,1,7,DTG 데이터,전라남도 광양시 금호동 803(95m 범위),전라남도 광양시 금호동 우리은행365(323m ↘),28.2,공차
SB-000011,2026-08-12,2026-08-12 08:38:56,0,7,Key Off,전라남도 광양시 금호동 803(87m 범위),전라남도 광양시 금호동 우리은행365(334m ↘),27.2,공차
SB-000011,2026-08-12,2026-08-12 08:39:35,0,7,Key On,전라남도 광양시 금호동 803(87m 범위),전라남도 광양시 금호동 우리은행365(334m ↘),26.7,공차
SB-000011,2026-08-12,2026-08-12 08:40:57,37,7,DTG 데이터,전라남도 광양시 금호동 642(139m 범위),전라남도 광양시 금호동 피엠에스(221m ←),27.9,공차
SB-000011,2026-08-12,2026-08-12 08:42:57,17,8,DTG 데이터,전라남도 광양시 금호동 662(433m 범위),주변에 특정 건물이 없습니다,28,공차
SB-000011,2026-08-12,2026-08-12 08:44:57,15,9,DTG 데이터,전라남도 광양시 금호동 663(35m 범위),전라남도 광양시 금호동 포스코광양제철소(366m →),27.8,공차
SB-000011,2026-08-12,2026-08-12 08:46:57,21,10,DTG 데이터,전라남도 광양시 금호동 791(322m 범위),전라남도 광양시 금호동 2문(241m ↓),27.9,공차
SB-000011,2026-08-12,2026-08-12 08:48:57,5,11,DTG 데이터,전라남도 광양시 금호동 791(34m 범위),전라남도 광양시 금호동 태인교삼거리(30m ←),28.1,공차
SB-000011,2026-08-12,2026-08-12 08:50:57,55,12,DTG 데이터,전라남도 광양시 태인동 1653-2(54m 범위),전라남도 광양시 태인동 SK엔크린(44m ↘),28.1,공차
SB-000011,2026-08-12,2026-08-12 08:52:57,20,13,DTG 데이터,전라남도 광양시 태인동 1654-7(80m 범위),전라남도 광양시 태인동 세정테크(47m ↙),28.2,공차
SB-000011,2026-08-12,2026-08-12 08:54:08,0,13,Key Off,전라남도 광양시 태인동 1654-1(37m 범위),전라남도 광양시 태인동 세정테크(37m ↖),27.2,공차
SB-000011,2026-08-12,2026-08-12 08:59:14,0,13,Key On,전라남도 광양시 태인동 1654-1(37m 범위),전라남도 광양시 태인동 세정테크(37m ↖),25.9,공차
SB-000011,2026-08-12,2026-08-12 09:00:57,3,13,DTG 데이터,전라남도 광양시 태인동 1654-1(117m 범위),전라남도 광양시 태인동 CJ대한통운광양지사(58m →),28,공차
SB-000011,2026-08-12,2026-08-12 09:02:57,51,14,DTG 데이터,전라남도 광양시 태인동 1653-11(21m 범위),전라남도 광양시 태인동 용지삼거리(33m →),28.1,공차
SB-000011,2026-08-12,2026-08-12 09:04:57,35,14,DTG 데이터,전라남도 광양시 태인동 1664(48m 범위),전라남도 광양시 태인동 서강기업(37m ↘),28.1,공차
SB-000011,2026-08-12,2026-08-12 09:06:57,13,16,DTG 데이터,전라남도 광양시 금호동 791(152m 범위),전라남도 광양시 금호동 2문(22m ↖),28.1,공차
SB-000011,2026-08-12,2026-08-12 09:08:57,15,16,DTG 데이터,전라남도 광양시 금호동 791(197m 범위),전라남도 광양시 금호동 2문(71m ↓),27.9,공차
SB-000011,2026-08-12,2026-08-12 09:10:57,16,17,DTG 데이터,전라남도 광양시 금호동 658(118m 범위),전라남도 광양시 금호동 정문(198m ↘),27.9,공차
SB-000011,2026-08-12,2026-08-12 09:12:56,0,17,DTG 데이터,전라남도 광양시 금호동 658(95m 범위),전라남도 광양시 금호동 정문(182m ↘),28.1,공차
SB-000011,2026-08-12,2026-08-12 09:14:57,32,17,DTG 데이터,전라남도 광양시 금호동 636(163m 범위),전라남도 광양시 금호동 축구장(362m ↓),27.7,공차
SB-000011,2026-08-12,2026-08-12 09:16:57,0,18,DTG 데이터,전라남도 광양시 금호동 636(387m 범위),전라남도 광양시 금호동 광일엔지니어링(279m ↖),28.1,공차
SB-000011,2026-08-12,2026-08-12 09:18:57,0,18,DTG 데이터,전라남도 광양시 금호동 636(399m 범위),전라남도 광양시 금호동 광일엔지니어링(284m ↖),28.2,공차
SB-000011,2026-08-12,2026-08-12 09:20:57,0,18,DTG 데이터,전라남도 광양시 금호동 636(417m 범위),전라남도 광양시 금호동 광일엔지니어링(251m ↖),28.1,공차
SB-000011,2026-08-12,2026-08-12 09:21:10,0,18,공회전감지,전라남도 광양시 금호동 636(420m 범위),전라남도 광양시 금호동 광일엔지니어링(250m ↖),28.2,공차
SB-000011,2026-08-12,2026-08-12 09:22:34,3,18,공회전종료,전라남도 광양시 금호동 636(405m 범위),전라남도 광양시 금호동 광일엔지니어링(269m ↖),27.8,공차
SB-000011,2026-08-12,2026-08-12 09:22:57,5,18,DTG 데이터,전라남도 광양시 금호동 636(415m 범위),전라남도 광양시 금호동 포렌(257m ↖),27.8,공차
SB-000011,2026-08-12,2026-08-12 09:24:57,5,18,DTG 데이터,전라남도 광양시 금호동 631(231m 범위),전라남도 광양시 금호동 광일엔지니어링(398m ←),27.9,공차
SB-000011,2026-08-12,2026-08-12 09:26:56,38,19,DTG 데이터,전라남도 광양시 금호동 632(436m 범위),주변에 특정 건물이 없습니다,28,공차
SB-000011,2026-08-12,2026-08-12 09:28:57,31,20,DTG 데이터,전라남도 광양시 금호동 795(74m 범위),전라남도 광양시 금호동 청우(50m ↖),27.9,공차
SB-000011,2026-08-12,2026-08-12 09:30:09,0,20,Key Off,전라남도 광양시 금호동 803(79m 범위),전라남도 광양시 금호동 우리은행365(342m ↘),27,공차
SB-000011,2026-08-12,2026-08-12 09:30:54,0,20,Key On,전라남도 광양시 금호동 803(79m 범위),전라남도 광양시 금호동 우리은행365(342m ↘),26.4,공차
SB-000011,2026-08-12,2026-08-12 09:30:57,0,20,DTG 데이터,전라남도 광양시 금호동 803(72m 범위),전라남도 광양시 금호동 우리은행365(359m ↘),27,공차
SB-000011,2026-08-12,2026-08-12 09:32:57,38,21,DTG 데이터,전라남도 광양시 금호동 662(28m 범위),전라남도 광양시 금호동 피엠에스(171m ↘),27.9,공차
SB-000011,2026-08-12,2026-08-12 09:34:57,15,22,DTG 데이터,전라남도 광양시 금호동 662(479m 범위),주변에 특정 건물이 없습니다,27.8,공차
SB-000011,2026-08-12,2026-08-12 09:36:57,10,23,DTG 데이터,전라남도 광양시 금호동 663(4m 범위),전라남도 광양시 금호동 포스코광양제철소(367m →),27.8,공차
SB-000011,2026-08-12,2026-08-12 09:38:58,18,24,DTG 데이터,전라남도 광양시 금호동 791(257m 범위),전라남도 광양시 금호동 2문(164m ↓),27.9,공차
SB-000011,2026-08-12,2026-08-12 09:40:57,17,24,DTG 데이터,전라남도 광양시 금호동 791(86m 범위),전라남도 광양시 금호동 2문(61m →),27.8,공차
SB-000011,2026-08-12,2026-08-12 09:42:57,32,25,DTG 데이터,전라남도 광양시 태인동 1736-2(44m 범위),전라남도 광양시 태인동 동화레미콘(31m ↑),28.1,공차
SB-000011,2026-08-12,2026-08-12 09:44:57,21,26,DTG 데이터,전라남도 광양시 태인동 28-130(28m 범위),전라남도 광양시 태인동 유록스(24m ↘),28.1,공차
SB-000011,2026-08-12,2026-08-12 09:46:57,19,27,DTG 데이터,전라남도 광양시 태인동 1752(35m 범위),전라남도 광양시 태인동 심팩메탈(63m ↗),28.2,공차
SB-000011,2026-08-12,2026-08-12 09:48:57,0,27,DTG 데이터,전라남도 광양시 태인동 1688(93m 범위),전라남도 광양시 태인동 엔시스(96m ↑),28.1,공차
SB-000011,2026-08-12,2026-08-12 09:50:57,5,27,DTG 데이터,전라남도 광양시 태인동 1714(115m 범위),전라남도 광양시 태인동 엔시스(120m ↑),27.9,공차
SB-000011,2026-08-12,2026-08-12 09:52:57,0,28,DTG 데이터,전라남도 광양시 태인동 1699(87m 범위),전라남도 광양시 태인동 대주기업(59m ↑),28.2,공차
SB-000011,2026-08-12,2026-08-12 09:54:57,26,28,DTG 데이터,전라남도 광양시 태인동 1712(40m 범위),전라남도 광양시 태인동 광양2공장(87m →),28.1,공차
SB-000011,2026-08-12,2026-08-12 09:56:57,7,29,DTG 데이터,전라남도 광양시 태인동 1656-1(69m 범위),전라남도 광양시 태인동 심팩메탈로이(77m ↖),28.1,공차
SB-000011,2026-08-12,2026-08-12 09:58:57,37,31,DTG 데이터,전라남도 광양시 태인동 1664-7(68m 범위),전라남도 광양시 태인동 태인교(33m ↑),28.1,공차
SB-000011,2026-08-12,2026-08-12 10:00:57,12,31,DTG 데이터,전라남도 광양시 금호동 791(106m 범위),전라남도 광양시 금호동 2문(46m ↗),28.2,공차
SB-000011,2026-08-12,2026-08-12 10:02:58,0,31,DTG 데이터,전라남도 광양시 금호동 791(179m 범위),전라남도 광양시 금호동 2문(52m ↓),28,공차
SB-000011,2026-08-12,2026-08-12 10:04:57,18,32,DTG 데이터,전라남도 광양시 금호동 658(156m 범위),전라남도 광양시 금호동 정문(222m ↘),27.9,공차
SB-000011,2026-08-12,2026-08-12 10:06:57,0,32,DTG 데이터,전라남도 광양시 금호동 658(103m 범위),전라남도 광양시 금호동 정문(177m ↘),28.3,공차
SB-000011,2026-08-12,2026-08-12 10:08:57,0,32,DTG 데이터,전라남도 광양시 금호동 658(100m 범위),전라남도 광양시 금호동 정문(173m ↘),28.1,공차
SB-000011,2026-08-12,2026-08-12 10:09:03,0,32,Key Off,전라남도 광양시 금호동 658(100m 범위),전라남도 광양시 금호동 정문(173m ↘),26.8,공차
SB-000011,2026-08-12,2026-08-12 10:29:22,0,32,Key On,전라남도 광양시 금호동 658(98m 범위),전라남도 광양시 금호동 정문(174m ↘),25.1,공차
SB-000011,2026-08-12,2026-08-12 10:30:57,31,32,DTG 데이터,전라남도 광양시 금호동 658(37m 범위),전라남도 광양시 금호동 정문(157m ↓),27.9,공차
SB-000011,2026-08-12,2026-08-12 10:32:57,5,33,DTG 데이터,전라남도 광양시 금호동 636(375m 범위),전라남도 광양시 금호동 광일엔지니어링(293m ↖),27.9,공차
SB-000011,2026-08-12,2026-08-12 10:33:43,0,33,Key Off,전라남도 광양시 금호동 636(398m 범위),전라남도 광양시 금호동 포렌(290m ↖),27.3,공차
SB-000011,2026-08-12,2026-08-12 10:34:42,0,33,Key On,전라남도 광양시 금호동 636(398m 범위),전라남도 광양시 금호동 광일엔지니어링(290m ↖),26.5,공차
SB-000011,2026-08-12,2026-08-12 10:34:57,0,33,DTG 데이터,전라남도 광양시 금호동 636(359m 범위),전라남도 광양시 금호동 광일엔지니어링(316m ↖),28,공차
SB-000011,2026-08-12,2026-08-12 10:35:40,0,33,Key Off,전라남도 광양시 금호동 636(347m 범위),전라남도 광양시 금호동 광일엔지니어링(311m ↑),27.2,공차
SB-000011,2026-08-12,2026-08-12 10:40:46,0,33,Key On,전라남도 광양시 금호동 636(347m 범위),전라남도 광양시 금호동 광일엔지니어링(311m ↑),25.9,공차
SB-000011,2026-08-12,2026-08-12 10:40:57,0,33,관제주기보고,전라남도 광양시 금호동 636(364m 범위),전라남도 광양시 금호동 포렌(299m ↖),28,공차
SB-000011,2026-08-12,2026-08-12 10:42:57,0,33,DTG 데이터,전라남도 광양시 금호동 636(397m 범위),전라남도 광양시 금호동 광일엔지니어링(273m ↖),28.1,공차
SB-000011,2026-08-12,2026-08-12 10:44:57,0,33,DTG 데이터,전라남도 광양시 금호동 636(414m 범위),전라남도 광양시 금호동 포렌(270m ↖),28.2,공차
SB-000011,2026-08-12,2026-08-12 10:46:57,5,33,DTG 데이터,전라남도 광양시 금호동 631(420m 범위),전라남도 광양시 금호동 광일엔지니어링(411m ←),27.7,공차
SB-000011,2026-08-12,2026-08-12 10:48:57,0,33,DTG 데이터,전라남도 광양시 금호동 631(157m 범위),전라남도 광양시 금호동 광일엔지니어링(422m ←),27.9,공차
SB-000011,2026-08-12,2026-08-12 10:50:57,37,34,DTG 데이터,전라남도 광양시 금호동 632(370m 범위),주변에 특정 건물이 없습니다,27.8,공차
SB-000011,2026-08-12,2026-08-12 10:52:58,28,35,DTG 데이터,전라남도 광양시 금호동 795(74m 범위),전라남도 광양시 금호동 청우(62m ↖),27.8,공차
SB-000011,2026-08-12,2026-08-12 10:54:57,0,36,DTG 데이터,전라남도 광양시 금호동 803(88m 범위),전라남도 광양시 금호동 우리은행365(330m ↘),27.9,공차
SB-000011,2026-08-12,2026-08-12 10:55:38,0,36,Key Off,전라남도 광양시 금호동 803(83m 범위),전라남도 광양시 금호동 우리은행365(337m ↘),26.9,공차
SB-000011,2026-08-12,2026-08-12 10:56:14,0,36,Key On,전라남도 광양시 금호동 803(83m 범위),전라남도 광양시 금호동 우리은행365(337m ↘),26.2,공차
SB-000011,2026-08-12,2026-08-12 10:56:57,16,36,DTG 데이터,전라남도 광양시 금호동 803(146m 범위),전라남도 광양시 금호동 포스코플로우(370m ↘),27.7,공차
SB-000011,2026-08-12,2026-08-12 10:58:57,13,37,DTG 데이터,전라남도 광양시 금호동 642-1(163m 범위),전라남도 광양시 금호동 피엠에스(492m →),27.9,공차
SB-000011,2026-08-12,2026-08-12 11:00:57,13,38,DTG 데이터,전라남도 광양시 금호동 663(403m 범위),주변에 특정 건물이 없습니다,27.6,공차
SB-000011,2026-08-12,2026-08-12 11:02:57,25,38,DTG 데이터,전라남도 광양시 금호동 663(149m 범위),전라남도 광양시 금호동 포스코광양제철소(418m ↗),27.9,공차
SB-000011,2026-08-12,2026-08-12 11:04:57,7,39,DTG 데이터,전라남도 광양시 금호동 791(344m 범위),전라남도 광양시 금호동 2문(264m ↓),27.9,공차
SB-000011,2026-08-12,2026-08-12 11:06:57,8,39,DTG 데이터,전라남도 광양시 금호동 791(176m 범위),전라남도 광양시 금호동 2문(62m ↓),27.8,공차
SB-000011,2026-08-12,2026-08-12 11:08:57,0,40,DTG 데이터,전라남도 광양시 태인동 1664-5(18m 범위),전라남도 광양시 태인동 버스정류장(20m ↘),27.8,공차
SB-000011,2026-08-12,2026-08-12 11:10:58,36,41,DTG 데이터,전라남도 광양시 태인동 1656-1(71m 범위),전라남도 광양시 태인동 심팩메탈로이(80m ↖),27.9,공차
SB-000011,2026-08-12,2026-08-12 11:12:57,25,42,DTG 데이터,전라남도 광양시 태인동 28-101(21m 범위),전라남도 광양시 태인동 동산운수(29m ↓),28,공차
SB-000011,2026-08-12,2026-08-12 11:14:57,2,42,DTG 데이터,전라남도 광양시 태인동 1740(21m 범위),전라남도 광양시 태인동 한국상용트럭서비스센터(144m ↑),28.1,공차
SB-000011,2026-08-12,2026-08-12 11:16:57,5,42,DTG 데이터,전라남도 광양시 태인동 1740(29m 범위),전라남도 광양시 태인동 한국상용트럭서비스센터(151m ↑),28.1,공차
SB-000011,2026-08-12,2026-08-12 11:17:53,0,42,Key Off,전라남도 광양시 태인동 1740(82m 범위),전라남도 광양시 태인동 명당자원(200m →),26.8,공차
SB-000011,2026-08-12,2026-08-12 11:19:43,0,42,Key On,전라남도 광양시 태인동 1740(82m 범위),전라남도 광양시 태인동 명당자원(200m →),25.9,공차
SB-000011,2026-08-12,2026-08-12 11:20:16,0,42,Key Off,전라남도 광양시 태인동 1738(85m 범위),전라남도 광양시 태인동 대성철강(170m ↓),26.5,공차
SB-000011,2026-08-12,2026-08-12 11:20:54,0,42,Key On,전라남도 광양시 태인동 1738(85m 범위),전라남도 광양시 태인동 대성철강(170m ↓),26.1,공차
SB-000011,2026-08-12,2026-08-12 11:20:57,0,42,DTG 데이터,전라남도 광양시 태인동 1739(41m 범위),전라남도 광양시 태인동 대성철강(102m ↓),27.6,공차
SB-000011,2026-08-12,2026-08-12 11:22:57,33,43,DTG 데이터,전라남도 광양시 태인동 1688(118m 범위),전라남도 광양시 태인동 엔시스(124m ↖),28.1,공차
SB-000011,2026-08-12,2026-08-12 11:24:57,36,44,DTG 데이터,전라남도 광양시 태인동 28-195(25m 범위),전라남도 광양시 태인동 버스정류장(13m ↘),28.1,공차
SB-000011,2026-08-12,2026-08-12 11:26:57,0,44,DTG 데이터,전라남도 광양시 태인동 1653-2(70m 범위),전라남도 광양시 태인동 SK엔크린(68m →),28.1,공차
SB-000011,2026-08-12,2026-08-12 11:28:57,23,45,DTG 데이터,전라남도 광양시 금호동 791(15m 범위),전라남도 광양시 금호동 태인교삼거리(31m ↑),28,공차
SB-000011,2026-08-12,2026-08-12 11:30:57,2,46,DTG 데이터,전라남도 광양시 금호동 791(180m 범위),전라남도 광양시 금호동 2문(49m ↓),28.2,공차
SB-000011,2026-08-12,2026-08-12 11:32:57,35,47,DTG 데이터,전라남도 광양시 금호동 658(25m 범위),전라남도 광양시 금호동 정문(168m ↘),27.9,공차
SB-000011,2026-08-12,2026-08-12 11:34:57,9,48,DTG 데이터,전라남도 광양시 금호동 796-9(490m 범위),전라남도 광양시 금호동 1문(379m ↓),27.7,공차
SB-000011,2026-08-12,2026-08-12 11:36:57,1,48,DTG 데이터,전라남도 광양시 금호동 636(432m 범위),전라남도 광양시 금호동 1문(415m ↘),28,공차
SB-000011,2026-08-12,2026-08-12 11:38:57,0,48,DTG 데이터,전라남도 광양시 금호동 636(402m 범위),전라남도 광양시 금호동 1문(396m ↘),28.1,공차
SB-000011,2026-08-12,2026-08-12 11:40:57,0,48,DTG 데이터,전라남도 광양시 금호동 636(413m 범위),전라남도 광양시 금호동 1문(392m ↘),28.1,공차
SB-000011,2026-08-12,2026-08-12 11:41:13,0,48,공회전감지,전라남도 광양시 금호동 636(424m 범위),전라남도 광양시 금호동 1문(398m ↘),28.1,공차
SB-000011,2026-08-12,2026-08-12 11:41:58,3,48,공회전종료,전라남도 광양시 금호동 636(430m 범위),전라남도 광양시 금호동 1문(410m ↘),28.1,공차
SB-000011,2026-08-12,2026-08-12 11:42:56,11,48,DTG 데이터,주변에 검색된 지번이 없습니다,전라남도 광양시 금호동 1문(448m ↓),27.9,공차
SB-000011,2026-08-12,2026-08-12 11:44:58,35,49,DTG 데이터,전라남도 광양시 금호동 657(234m 범위),주변에 특정 건물이 없습니다,27.9,공차
SB-000011,2026-08-12,2026-08-12 11:46:57,15,50,DTG 데이터,전라남도 광양시 금호동 634(95m 범위),전라남도 광양시 금호동 광양제품부두점(94m ↗),27.7,공차
SB-000011,2026-08-12,2026-08-12 11:48:57,0,51,DTG 데이터,전라남도 광양시 금호동 803(143m 범위),전라남도 광양시 금호동 우리은행365(295m ↘),27.9,공차
SB-000011,2026-08-12,2026-08-12 11:50:57,0,51,DTG 데이터,전라남도 광양시 금호동 803(104m 범위),전라남도 광양시 금호동 포스코플로우(318m ↘),27.7,공차
SB-000011,2026-08-12,2026-08-12 11:53:00,5,51,DTG 데이터,전라남도 광양시 금호동 803(75m 범위),전라남도 광양시 금호동 포스코플로우(344m ↘),28.1,공차
SB-000011,2026-08-12,2026-08-12 11:53:08,0,51,Key Off,전라남도 광양시 금호동 803(71m 범위),전라남도 광양시 금호동 우리은행365(351m ↘),26.7,공차
SB-000011,2026-08-12,2026-08-12 11:53:39,0,51,Key On,전라남도 광양시 금호동 803(71m 범위),전라남도 광양시 금호동 우리은행365(351m ↘),26.2,공차
SB-000011,2026-08-12,2026-08-12 11:54:57,31,51,DTG 데이터,전라남도 광양시 금호동 642(101m 범위),전라남도 광양시 금호동 피엠에스(259m ←),27.8,공차
SB-000011,2026-08-12,2026-08-12 11:56:57,30,52,DTG 데이터,전라남도 광양시 금호동 642-1(326m 범위),주변에 특정 건물이 없습니다,27.8,공차
SB-000011,2026-08-12,2026-08-12 11:58:57,33,53,DTG 데이터,전라남도 광양시 금호동 663(140m 범위),전라남도 광양시 금호동 포스코광양제철소(378m →),27.8,공차
SB-000011,2026-08-12,2026-08-12 12:00:57,35,54,DTG 데이터,주변에 검색된 지번이 없습니다,주변에 특정건물이 없습니다,27.9,공차
SB-000011,2026-08-12,2026-08-12 12:02:58,0,54,DTG 데이터,전라남도 광양시 금호동 791(215m 범위),전라남도 광양시 금호동 2문(113m ↓),27.7,공차
SB-000011,2026-08-12,2026-08-12 12:04:58,47,55,DTG 데이터,전라남도 광양시 태인동 303-50(31m 범위),전라남도 광양시 태인동 소모식당(21m ↖),27.9,공차
SB-000011,2026-08-12,2026-08-12 12:06:58,0,56,DTG 데이터,전라남도 광양시 태인동 1656-6(68m 범위),전라남도 광양시 태인동 케이아이씨(38m ↗),28.1,공차
SB-000011,2026-08-12,2026-08-12 12:07:05,0,56,Key Off,전라남도 광양시 태인동 1656-6(68m 범위),전라남도 광양시 태인동 케이아이씨(38m ↗),26.6,공차
SB-000011,2026-08-12,2026-08-12 12:28:59,0,56,Key On,전라남도 광양시 태인동 1656-6(68m 범위),전라남도 광양시 태인동 케이아이씨(38m ↗),25,공차
SB-000011,2026-08-12,2026-08-12 12:30:57,0,56,DTG 데이터,전라남도 광양시 태인동 1656-6(63m 범위),전라남도 광양시 태인동 케이아이씨(39m ↗),28,공차
SB-000011,2026-08-12,2026-08-12 12:32:57,3,56,DTG 데이터,전라남도 광양시 태인동 1656-6(46m 범위),전라남도 광양시 태인동 포스코DX(45m ↗),28,공차
SB-000011,2026-08-12,2026-08-12 12:34:58,0,56,DTG 데이터,전라남도 광양시 태인동 1656-6(48m 범위),전라남도 광양시 태인동 포스코DX(55m ↗),28.2,공차
SB-000011,2026-08-12,2026-08-12 12:36:58,0,56,DTG 데이터,전라남도 광양시 태인동 1654-4(80m 범위),전라남도 광양시 태인동 동아스틸(75m ↘),28.1,공차
SB-000011,2026-08-12,2026-08-12 12:38:58,0,56,DTG 데이터,전라남도 광양시 태인동 1656-6(80m 범위),전라남도 광양시 태인동 GS칼텍스(81m ←),28,공차
SB-000011,2026-08-12,2026-08-12 12:40:58,30,57,DTG 데이터,전라남도 광양시 태인동 1656-2(68m 범위),전라남도 광양시 태인동 전국레미콘(75m ←),28,공차
SB-000011,2026-08-12,2026-08-12 12:42:57,50,57,DTG 데이터,전라남도 광양시 태인동 1736-1(48m 범위),전라남도 광양시 태인동 GS칼텍스(38m ↓),28.1,공차
SB-000011,2026-08-12,2026-08-12 12:44:57,0,58,DTG 데이터,전라남도 광양시 금호동 791(20m 범위),전라남도 광양시 금호동 태인교삼거리(35m ↑),28.1,공차
SB-000011,2026-08-12,2026-08-12 12:46:57,0,58,DTG 데이터,전라남도 광양시 금호동 791(123m 범위),전라남도 광양시 금호동 2문(39m ↗),28.1,공차
SB-000011,2026-08-12,2026-08-12 12:48:57,30,59,DTG 데이터,전라남도 광양시 금호동 791(255m 범위),전라남도 광양시 금호동 2문(154m ↓),27.8,공차
SB-000011,2026-08-12,2026-08-12 12:50:57,37,60,DTG 데이터,전라남도 광양시 금호동 636(246m 범위),전라남도 광양시 금호동 연구소앞삼거리(282m ↓),27.9,공차
SB-000011,2026-08-12,2026-08-12 12:52:58,31,61,DTG 데이터,전라남도 광양시 금호동 631(326m 범위),전라남도 광양시 금호동 광일엔지니어링(402m ←),27.8,공차
SB-000011,2026-08-12,2026-08-12 12:54:58,37,61,DTG 데이터,전라남도 광양시 금호동 657(18m 범위),주변에 특정 건물이 없습니다,27.7,공차
SB-000011,2026-08-12,2026-08-12 12:56:57,13,62,DTG 데이터,전라남도 광양시 금호동 656(259m 범위),전라남도 광양시 금호동 한유엘엔에스(459m ↗),27.7,공차
SB-000011,2026-08-12,2026-08-12 12:58:57,0,62,DTG 데이터,전라남도 광양시 금호동 632(326m 범위),주변에 특정 건물이 없습니다,27.9,공차
SB-000011,2026-08-12,2026-08-12 13:00:57,0,62,DTG 데이터,전라남도 광양시 금호동 632(328m 범위),주변에 특정 건물이 없습니다,28.1,공차
SB-000011,2026-08-12,2026-08-12 13:02:57,2,63,DTG 데이터,전라남도 광양시 금호동 656(282m 범위),전라남도 광양시 금호동 한유엘엔에스(485m ↗),27.8,공차
SB-000011,2026-08-12,2026-08-12 13:03:40,0,63,Key Off,전라남도 광양시 금호동 656(179m 범위),전라남도 광양시 금호동 한유엘엔에스(383m ↗),26.6,공차
SB-000011,2026-08-12,2026-08-12 13:09:16,0,63,Key On,전라남도 광양시 금호동 656(179m 범위),전라남도 광양시 금호동 한유엘엔에스(383m ↗),25.6,공차
SB-000011,2026-08-12,2026-08-12 13:10:58,0,63,DTG 데이터,전라남도 광양시 금호동 656(135m 범위),전라남도 광양시 금호동 한유엘엔에스(338m ↗),28,공차
SB-000011,2026-08-12,2026-08-12 13:12:58,4,63,DTG 데이터,전라남도 광양시 금호동 656(167m 범위),전라남도 광양시 금호동 한유엘엔에스(372m ↗),28,공차
SB-000011,2026-08-12,2026-08-12 13:14:57,22,63,DTG 데이터,전라남도 광양시 금호동 795(161m 범위),전라남도 광양시 금호동 광양제품부두점(128m →),27.7,공차
SB-000011,2026-08-12,2026-08-12 13:16:57,0,64,DTG 데이터,전라남도 광양시 금호동 803(116m 범위),전라남도 광양시 금호동 우리은행365(304m ↘),27.9,공차
SB-000011,2026-08-12,2026-08-12 13:18:57,5,64,DTG 데이터,전라남도 광양시 금호동 803(113m 범위),전라남도 광양시 금호동 우리은행365(305m ↘),27.8,공차
SB-000011,2026-08-12,2026-08-12 13:20:25,0,64,Key Off,전라남도 광양시 금호동 803(140m 범위),전라남도 광양시 금호동 우리은행365(312m ↘),26.6,공차
SB-000011,2026-08-12,2026-08-12 13:21:03,0,64,Key On,전라남도 광양시 금호동 803(140m 범위),전라남도 광양시 금호동 우리은행365(312m ↘),26.1,공차
SB-000011,2026-08-12,2026-08-12 13:22:57,34,65,DTG 데이터,전라남도 광양시 금호동 662(67m 범위),전라남도 광양시 금호동 피엠에스(134m ↘),27.8,공차
SB-000011,2026-08-12,2026-08-12 13:24:57,31,65,DTG 데이터,주변에 검색된 지번이 없습니다,주변에 특정건물이 없습니다,27.8,공차
SB-000011,2026-08-12,2026-08-12 13:26:57,33,66,DTG 데이터,전라남도 광양시 금호동 663(103m 범위),전라남도 광양시 금호동 포스코광양제철소(394m →),27.9,공차
SB-000011,2026-08-12,2026-08-12 13:28:58,10,67,DTG 데이터,전라남도 광양시 금호동 791(215m 범위),전라남도 광양시 금호동 2문(114m ↓),27.9,공차
SB-000011,2026-08-12,2026-08-12 13:30:58,2,68,DTG 데이터,전라남도 광양시 태인동 1664-4(17m 범위),전라남도 광양시 태인동 버스정류장(18m ↗),28.1,공차
SB-000011,2026-08-12,2026-08-12 13:32:58,55,69,DTG 데이터,전라남도 광양시 태인동 1652-5(60m 범위),전라남도 광양시 태인동 버스정류장(22m ←),28.1,공차
SB-000011,2026-08-12,2026-08-12 13:34:58,36,69,DTG 데이터,전라남도 광양시 태인동 산86-11(18m 범위),전라남도 광양시 태인동 버스정류장(66m ↓),28.1,공차
SB-000011,2026-08-12,2026-08-12 13:36:57,0,70,DTG 데이터,전라남도 광양시 태인동 1688(69m 범위),전라남도 광양시 태인동 현대티에스(73m ↖),28.1,공차
SB-000011,2026-08-12,2026-08-12 13:38:57,0,70,DTG 데이터,전라남도 광양시 태인동 1740(39m 범위),전라남도 광양시 태인동 한국상용트럭서비스센터(154m ↗),28.2,공차
SB-000011,2026-08-12,2026-08-12 13:40:57,0,70,DTG 데이터,전라남도 광양시 태인동 1740(34m 범위),전라남도 광양시 태인동 한국상용트럭서비스센터(151m ↗),28.1,공차
SB-000011,2026-08-12,2026-08-12 13:42:57,0,70,DTG 데이터,전라남도 광양시 태인동 1740(35m 범위),전라남도 광양시 태인동 한국상용트럭서비스센터(154m ↗),28.1,공차
SB-000011,2026-08-12,2026-08-12 13:43:53,0,70,공회전감지,전라남도 광양시 태인동 1740(32m 범위),전라남도 광양시 태인동 한국상용트럭서비스센터(152m ↗),28.1,공차
SB-000011,2026-08-12,2026-08-12 13:44:57,0,70,DTG 데이터,전라남도 광양시 태인동 1740(29m 범위),전라남도 광양시 태인동 한국상용트럭서비스센터(149m ↗),28.1,공차
SB-000011,2026-08-12,2026-08-12 13:46:58,0,70,DTG 데이터,전라남도 광양시 태인동 1740(34m 범위),전라남도 광양시 태인동 한국상용트럭서비스센터(152m ↗),28.1,공차
SB-000011,2026-08-12,2026-08-12 13:48:54,0,70,공회전유지,전라남도 광양시 태인동 1740(35m 범위),전라남도 광양시 태인동 한국상용트럭서비스센터(150m ↗),28,공차
SB-000011,2026-08-12,2026-08-12 13:48:57,0,70,DTG 데이터,전라남도 광양시 태인동 1740(35m 범위),전라남도 광양시 태인동 한국상용트럭서비스센터(150m ↗),28.1,공차
SB-000011,2026-08-12,2026-08-12 13:49:20,5,70,공회전종료,전라남도 광양시 태인동 1740(34m 범위),전라남도 광양시 태인동 한국상용트럭서비스센터(149m ↗),28,공차
SB-000011,2026-08-12,2026-08-12 13:50:57,0,70,DTG 데이터,전라남도 광양시 태인동 1740(32m 범위),전라남도 광양시 태인동 한국상용트럭서비스센터(155m ↑),28,공차
SB-000011,2026-08-12,2026-08-12 13:52:57,0,70,DTG 데이터,전라남도 광양시 태인동 1740(28m 범위),전라남도 광양시 태인동 한국상용트럭서비스센터(151m ↑),28.1,공차
SB-000011,2026-08-12,2026-08-12 13:54:28,0,70,공회전감지,전라남도 광양시 태인동 1740(26m 범위),전라남도 광양시 태인동 한국상용트럭서비스센터(149m ↑),28.2,공차
SB-000011,2026-08-12,2026-08-12 13:54:57,0,70,DTG 데이터,전라남도 광양시 태인동 1740(26m 범위),전라남도 광양시 태인동 한국상용트럭서비스센터(149m ↑),28.1,공차
SB-000011,2026-08-12,2026-08-12 13:56:57,0,70,DTG 데이터,전라남도 광양시 태인동 1740(28m 범위),전라남도 광양시 태인동 한국상용트럭서비스센터(151m ↑),28.1,공차
SB-000011,2026-08-12,2026-08-12 13:58:21,7,70,공회전종료,전라남도 광양시 태인동 1740(26m 범위),전라남도 광양시 태인동 한국상용트럭서비스센터(149m ↑),27.9,공차
SB-000011,2026-08-12,2026-08-12 13:58:57,2,70,DTG 데이터,전라남도 광양시 태인동 1740(57m 범위),전라남도 광양시 태인동 강변특장(170m ↑),28.1,공차
SB-000011,2026-08-12,2026-08-12 13:59:32,0,71,Key Off,전라남도 광양시 태인동 1740(87m 범위),전라남도 광양시 태인동 명당자원(206m →),26.6,공차
SB-000011,2026-08-12,2026-08-12 14:01:04,0,71,Key On,전라남도 광양시 태인동 1740(87m 범위),전라남도 광양시 태인동 명당자원(206m →),25.8,공차
SB-000011,2026-08-12,2026-08-12 14:01:37,0,71,Key Off,전라남도 광양시 태인동 1740(95m 범위),전라남도 광양시 태인동 명당자원(197m →),26.5,공차
SB-000011,2026-08-12,2026-08-12 14:02:12,0,71,Key On,전라남도 광양시 태인동 1740(95m 범위),전라남도 광양시 태인동 명당자원(197m →),26.1,공차
SB-000011,2026-08-12,2026-08-12 14:02:58,15,71,DTG 데이터,전라남도 광양시 태인동 1739(34m 범위),전라남도 광양시 태인동 대성철강(86m ↓),28.1,공차
SB-000011,2026-08-12,2026-08-12 14:04:58,0,71,DTG 데이터,전라남도 광양시 태인동 28-226(5m 범위),전라남도 광양시 태인동 동산운수(35m ↙),28,공차
SB-000011,2026-08-12,2026-08-12 14:06:58,1,72,DTG 데이터,전라남도 광양시 태인동 1653-2(74m 범위),전라남도 광양시 태인동 SK엔크린(72m →),28,공차
SB-000011,2026-08-12,2026-08-12 14:08:57,16,74,DTG 데이터,전라남도 광양시 금호동 791(17m 범위),전라남도 광양시 금호동 태인교삼거리(13m ←),28.1,공차
SB-000011,2026-08-12,2026-08-12 14:10:57,15,74,DTG 데이터,전라남도 광양시 금호동 791(71m 범위),전라남도 광양시 금호동 태인교삼거리(73m ←),28,공차
SB-000011,2026-08-12,2026-08-12 14:12:57,36,74,DTG 데이터,전라남도 광양시 금호동 637(168m 범위),전라남도 광양시 금호동 버스정류장(388m ↙),27.7,공차
SB-000011,2026-08-12,2026-08-12 14:14:57,37,76,DTG 데이터,전라남도 광양시 금호동 636(275m 범위),전라남도 광양시 금호동 1문(296m ↘),27.8,공차
SB-000011,2026-08-12,2026-08-12 14:16:57,0,76,DTG 데이터,전라남도 광양시 금호동 631(154m 범위),전라남도 광양시 금호동 포렌(416m ←),27.7,공차
SB-000011,2026-08-12,2026-08-12 14:18:58,39,77,DTG 데이터,전라남도 광양시 금호동 635(54m 범위),주변에 특정 건물이 없습니다,27.9,공차
SB-000011,2026-08-12,2026-08-12 14:20:58,12,78,DTG 데이터,전라남도 광양시 금호동 656(284m 범위),전라남도 광양시 금호동 한유엘엔에스(481m ↗),27.8,공차
SB-000011,2026-08-12,2026-08-12 14:22:58,7,78,DTG 데이터,전라남도 광양시 금호동 632(369m 범위),주변에 특정 건물이 없습니다,27.9,공차
SB-000011,2026-08-12,2026-08-12 14:24:58,0,78,DTG 데이터,전라남도 광양시 금호동 656(123m 범위),전라남도 광양시 금호동 한유엘엔에스(327m ↗),28.1,공차
SB-000011,2026-08-12,2026-08-12 14:26:57,0,78,DTG 데이터,전라남도 광양시 금호동 656(137m 범위),전라남도 광양시 금호동 한유엘엔에스(340m ↗),28,공차
SB-000011,2026-08-12,2026-08-12 14:28:44,0,78,공회전감지,전라남도 광양시 금호동 656(151m 범위),전라남도 광양시 금호동 한유엘엔에스(355m ↗),28,공차
SB-000011,2026-08-12,2026-08-12 14:28:49,3,78,공회전종료,전라남도 광양시 금호동 656(150m 범위),전라남도 광양시 금호동 한유엘엔에스(354m ↗),28,공차
SB-000011,2026-08-12,2026-08-12 14:28:57,9,78,DTG 데이터,전라남도 광양시 금호동 656(139m 범위),전라남도 광양시 금호동 한유엘엔에스(343m ↗),27.7,공차
SB-000011,2026-08-12,2026-08-12 14:30:57,5,78,DTG 데이터,전라남도 광양시 금호동 656(104m 범위),전라남도 광양시 금호동 한유엘엔에스(290m ↗),27.9,공차
SB-000011,2026-08-12,2026-08-12 14:32:57,0,78,DTG 데이터,전라남도 광양시 금호동 656(113m 범위),전라남도 광양시 금호동 한유엘엔에스(270m ↗),28,공차
SB-000011,2026-08-12,2026-08-12 14:34:57,0,78,DTG 데이터,전라남도 광양시 금호동 656(98m 범위),전라남도 광양시 금호동 한유엘엔에스(244m ↗),28,공차
SB-000011,2026-08-12,2026-08-12 14:35:59,0,78,공회전감지,전라남도 광양시 금호동 656(110m 범위),전라남도 광양시 금호동 한유엘엔에스(227m ↗),28.2,공차
SB-000011,2026-08-12,2026-08-12 14:36:10,6,78,공회전종료,전라남도 광양시 금호동 656(110m 범위),전라남도 광양시 금호동 한유엘엔에스(240m ↗),27.6,공차
SB-000011,2026-08-12,2026-08-12 14:36:57,5,78,DTG 데이터,전라남도 광양시 금호동 634(112m 범위),전라남도 광양시 금호동 광양제품부두점(140m ↗),27.6,공차
SB-000011,2026-08-12,2026-08-12 14:38:58,5,79,DTG 데이터,전라남도 광양시 금호동 803(143m 범위),전라남도 광양시 금호동 포스코플로우(290m ↘),27.8,공차
SB-000011,2026-08-12,2026-08-12 14:40:58,3,79,DTG 데이터,전라남도 광양시 금호동 803(119m 범위),전라남도 광양시 금호동 우리은행365(302m ↘),27.8,공차
SB-000011,2026-08-12,2026-08-12 14:42:57,0,79,DTG 데이터,전라남도 광양시 금호동 803(108m 범위),전라남도 광양시 금호동 우리은행365(310m ↘),27.8,공차
SB-000011,2026-08-12,2026-08-12 14:44:57,0,79,DTG 데이터,전라남도 광양시 금호동 803(117m 범위),전라남도 광양시 금호동 우리은행365(301m ↘),27.7,공차
SB-000011,2026-08-12,2026-08-12 14:45:46,0,79,Key Off,전라남도 광양시 금호동 803(106m 범위),전라남도 광양시 금호동 우리은행365(317m ↘),26.7,공차
SB-000011,2026-08-12,2026-08-12 14:46:35,0,79,Key On,전라남도 광양시 금호동 803(106m 범위),전라남도 광양시 금호동 포스코플로우(317m ↘),26,공차
SB-000011,2026-08-12,2026-08-12 14:46:57,15,79,DTG 데이터,전라남도 광양시 금호동 803(117m 범위),전라남도 광양시 금호동 우리은행365(338m ↘),27.8,공차
SB-000011,2026-08-12,2026-08-12 14:48:57,30,80,DTG 데이터,전라남도 광양시 금호동 642-2(199m 범위),전라남도 광양시 금호동 피엠에스(397m →),27.9,공차
SB-000011,2026-08-12,2026-08-12 14:50:57,24,81,DTG 데이터,주변에 검색된 지번이 없습니다,주변에 특정건물이 없습니다,27.8,공차
SB-000011,2026-08-12,2026-08-12 14:52:57,0,81,DTG 데이터,전라남도 광양시 금호동 663(59m 범위),전라남도 광양시 금호동 포스코광양제철소(360m →),27.9,공차
SB-000011,2026-08-12,2026-08-12 14:54:58,34,82,DTG 데이터,전라남도 광양시 금호동 663(449m 범위),주변에 특정 건물이 없습니다,27.7,공차
SB-000011,2026-08-12,2026-08-12 14:56:58,14,83,DTG 데이터,전라남도 광양시 금호동 791(158m 범위),전라남도 광양시 금호동 2문(32m ↓),27.8,공차
SB-000011,2026-08-12,2026-08-12 14:58:58,0,83,DTG 데이터,전라남도 광양시 태인동 1664-2(21m 범위),전라남도 광양시 태인동 대성이엔지(27m ↘),28.1,공차
SB-000011,2026-08-12,2026-08-12 15:00:58,44,84,DTG 데이터,전라남도 광양시 태인동 1653-11(53m 범위),전라남도 광양시 태인동 케이아이씨(67m ↖),28.1,공차
SB-000011,2026-08-12,2026-08-12 15:02:57,2,85,DTG 데이터,전라남도 광양시 태인동 1654-1(26m 범위),전라남도 광양시 태인동 세정테크(47m ↖),27.9,공차
SB-000011,2026-08-12,2026-08-12 15:03:11,0,85,Key Off,전라남도 광양시 태인동 1654-1(24m 범위),주변에 특정 건물이 없습니다,26.7,공차
SB-000011,2026-08-12,2026-08-12 15:05:17,0,85,Key On,전라남도 광양시 태인동 1654-1(24m 범위),전라남도 광양시 태인동 세정테크(49m ↖),25.8,공차
SB-000011,2026-08-12,2026-08-12 15:06:57,11,85,DTG 데이터,전라남도 광양시 태인동 1654-1(38m 범위),전라남도 광양시 태인동 흥해물류(76m →),27.9,공차
SB-000011,2026-08-12,2026-08-12 15:08:57,40,86,DTG 데이터,전라남도 광양시 태인동 1653-11(30m 범위),전라남도 광양시 태인동 용지삼거리(13m ↙),28.1,공차
SB-000011,2026-08-12,2026-08-12 15:10:57,41,87,DTG 데이터,전라남도 광양시 태인동 1664-4(15m 범위),전라남도 광양시 태인동 버스정류장(17m ↗),28.1,공차
SB-000011,2026-08-12,2026-08-12 15:12:58,11,88,DTG 데이터,전라남도 광양시 금호동 791(165m 범위),전라남도 광양시 금호동 2문(19m ↙),27.8,공차
SB-000011,2026-08-12,2026-08-12 15:14:58,35,89,DTG 데이터,전라남도 광양시 금호동 658(165m 범위),전라남도 광양시 금호동 정문(243m ↘),27.8,공차
SB-000011,2026-08-12,2026-08-12 15:16:58,28,90,DTG 데이터,전라남도 광양시 금호동 796-9(429m 범위),전라남도 광양시 금호동 1문(292m ↓),27.8,공차
SB-000011,2026-08-12,2026-08-12 15:18:57,32,91,DTG 데이터,전라남도 광양시 금호동 657(7m 범위),주변에 특정 건물이 없습니다,27.8,공차
SB-000011,2026-08-12,2026-08-12 15:20:57,2,91,DTG 데이터,전라남도 광양시 금호동 657(448m 범위),주변에 특정 건물이 없습니다,27.8,공차
SB-000011,2026-08-12,2026-08-12 15:22:57,0,91,DTG 데이터,전라남도 광양시 금호동 657(450m 범위),주변에 특정 건물이 없습니다,28,공차
SB-000011,2026-08-12,2026-08-12 15:24:57,3,91,DTG 데이터,전라남도 광양시 금호동 657(382m 범위),주변에 특정 건물이 없습니다,27.8,공차
SB-000011,2026-08-12,2026-08-12 15:26:04,0,91,Key Off,전라남도 광양시 금호동 657(365m 범위),주변에 특정 건물이 없습니다,26.6,공차
SB-000011,2026-08-12,2026-08-12 15:30:52,0,91,Key On,전라남도 광양시 금호동 657(365m 범위),주변에 특정 건물이 없습니다,25.6,공차
SB-000011,2026-08-12,2026-08-12 15:30:58,0,91,관제주기보고,전라남도 광양시 금호동 657(381m 범위),주변에 특정 건물이 없습니다,26.1,공차
SB-000011,2026-08-12,2026-08-12 15:32:57,0,91,DTG 데이터,전라남도 광양시 금호동 657(384m 범위),주변에 특정 건물이 없습니다,28.1,공차
SB-000011,2026-08-12,2026-08-12 15:34:57,4,91,DTG 데이터,전라남도 광양시 금호동 657(371m 범위),주변에 특정 건물이 없습니다,27.7,공차
SB-000011,2026-08-12,2026-08-12 15:36:57,12,92,DTG 데이터,전라남도 광양시 금호동 634(86m 범위),전라남도 광양시 금호동 광양제품부두점(103m ↗),27.8,공차
SB-000011,2026-08-12,2026-08-12 15:38:57,3,93,DTG 데이터,전라남도 광양시 금호동 803(132m 범위),전라남도 광양시 금호동 우리은행365(300m ↘),27.9,공차
SB-000011,2026-08-12,2026-08-12 15:40:57,0,93,DTG 데이터,전라남도 광양시 금호동 803(126m 범위),전라남도 광양시 금호동 우리은행365(303m ↘),27.7,공차
SB-000011,2026-08-12,2026-08-12 15:42:57,0,93,DTG 데이터,전라남도 광양시 금호동 803(112m 범위),전라남도 광양시 금호동 포스코플로우(312m ↘),27.8,공차
SB-000011,2026-08-12,2026-08-12 15:44:58,0,93,DTG 데이터,전라남도 광양시 금호동 803(104m 범위),전라남도 광양시 금호동 우리은행365(314m ↘),27.9,공차
SB-000011,2026-08-12,2026-08-12 15:46:11,0,93,Key Off,전라남도 광양시 금호동 803(86m 범위),전라남도 광양시 금호동 우리은행365(335m ↘),26.6,공차
SB-000011,2026-08-12,2026-08-12 15:47:29,0,93,Key On,전라남도 광양시 금호동 803(86m 범위),전라남도 광양시 금호동 포스코플로우(335m ↘),25.9,공차
SB-000011,2026-08-12,2026-08-12 15:48:58,31,93,DTG 데이터,전라남도 광양시 금호동 671(118m 범위),전라남도 광양시 금호동 피엠에스(161m ↙),27.9,공차
SB-000011,2026-08-12,2026-08-12 15:50:58,22,94,DTG 데이터,전라남도 광양시 금호동 662(423m 범위),주변에 특정 건물이 없습니다,27.9,공차
SB-000011,2026-08-12,2026-08-12 15:52:58,26,95,DTG 데이터,전라남도 광양시 금호동 663(109m 범위),전라남도 광양시 금호동 포스코광양제철소(370m →),27.8,공차
SB-000011,2026-08-12,2026-08-12 15:54:58,35,96,DTG 데이터,주변에 검색된 지번이 없습니다,주변에 특정건물이 없습니다,27.8,공차
SB-000011,2026-08-12,2026-08-12 15:56:57,7,96,DTG 데이터,전라남도 광양시 금호동 791(164m 범위),전라남도 광양시 금호동 2문(45m ↓),27.9,공차
SB-000011,2026-08-12,2026-08-12 15:58:57,0,97,DTG 데이터,전라남도 광양시 태인동 1664-5(21m 범위),전라남도 광양시 태인동 버스정류장(26m ↘),27.9,공차
SB-000011,2026-08-12,2026-08-12 16:00:57,46,98,DTG 데이터,전라남도 광양시 태인동 1656-3(68m 범위),전라남도 광양시 태인동 전국레미콘(44m ←),27.8,공차
SB-000011,2026-08-12,2026-08-12 16:02:57,24,99,DTG 데이터,전라남도 광양시 태인동 28-227(13m 범위),전라남도 광양시 태인동 동산운수(42m ↙),27.8,공차
SB-000011,2026-08-12,2026-08-12 16:04:58,12,99,DTG 데이터,전라남도 광양시 태인동 1740(92m 범위),전라남도 광양시 태인동 삼현철강(140m ←),27.7,공차
SB-000011,2026-08-12,2026-08-12 16:06:58,0,99,DTG 데이터,전라남도 광양시 태인동 1740(40m 범위),전라남도 광양시 태인동 한국상용트럭서비스센터(162m ↑),27.9,공차
SB-000011,2026-08-12,2026-08-12 16:08:58,0,99,DTG 데이터,전라남도 광양시 태인동 1740(38m 범위),전라남도 광양시 태인동 한국상용트럭서비스센터(160m ↑),28.1,공차
SB-000011,2026-08-12,2026-08-12 16:10:21,0,99,공회전감지,전라남도 광양시 태인동 1740(28m 범위),전라남도 광양시 태인동 한국상용트럭서비스센터(150m ↑),28.1,공차
SB-000011,2026-08-12,2026-08-12 16:10:58,0,99,DTG 데이터,전라남도 광양시 태인동 1740(25m 범위),전라남도 광양시 태인동 한국상용트럭서비스센터(147m ↑),28.1,공차
SB-000011,2026-08-12,2026-08-12 16:12:02,3,99,공회전종료,전라남도 광양시 태인동 1740(28m 범위),전라남도 광양시 태인동 한국상용트럭서비스센터(151m ↑),28.1,공차
SB-000011,2026-08-12,2026-08-12 16:12:44,0,100,Key Off,전라남도 광양시 태인동 1740(54m 범위),전라남도 광양시 태인동 한국상용트럭서비스센터(173m ↑),26.6,공차
SB-000011,2026-08-12,2026-08-12 16:13:26,0,100,Key On,전라남도 광양시 태인동 1740(54m 범위),전라남도 광양시 태인동 한국상용트럭서비스센터(173m ↑),26.1,공차
SB-000011,2026-08-12,2026-08-12 16:14:10,0,100,Key Off,전라남도 광양시 태인동 1740(51m 범위),전라남도 광양시 태인동 강변특장(157m ↑),26.7,공차
SB-000011,2026-08-12,2026-08-12 16:14:57,0,100,Key On,전라남도 광양시 태인동 1740(51m 범위),전라남도 광양시 태인동 강변특장(157m ↑),26.1,공차
SB-000011,2026-08-12,2026-08-12 16:14:58,0,100,DTG 데이터,전라남도 광양시 태인동 1740(46m 범위),전라남도 광양시 태인동 강변특장(117m ↑),26.1,공차
SB-000011,2026-08-12,2026-08-12 16:16:57,0,100,DTG 데이터,전라남도 광양시 태인동 1739(26m 범위),전라남도 광양시 태인동 대성철강(131m ↘),28,공차
SB-000011,2026-08-12,2026-08-12 16:18:57,18,100,DTG 데이터,전라남도 광양시 태인동 1753(11m 범위),전라남도 광양시 태인동 삼현철강(101m ←),28.1,공차
SB-000011,2026-08-12,2026-08-12 16:20:57,7,101,DTG 데이터,전라남도 광양시 태인동 1721(36m 범위),전라남도 광양시 태인동 금호타이어KTS(108m ↑),28.1,공차
SB-000011,2026-08-12,2026-08-12 16:22:58,0,101,DTG 데이터,전라남도 광양시 태인동 1654-7(81m 범위),전라남도 광양시 태인동 비에이치인더스트리(66m ↙),28.2,공차
SB-000011,2026-08-12,2026-08-12 16:24:58,0,101,DTG 데이터,전라남도 광양시 태인동 1654-7(70m 범위),전라남도 광양시 태인동 비에이치인더스트리(56m ↙),28.2,공차
SB-000011,2026-08-12,2026-08-12 16:26:58,0,101,DTG 데이터,전라남도 광양시 태인동 1654-7(75m 범위),전라남도 광양시 태인동 비에이치인더스트리(65m ↓),28.1,공차
SB-000011,2026-08-12,2026-08-12 16:27:42,0,101,공회전감지,전라남도 광양시 태인동 1654-7(76m 범위),전라남도 광양시 태인동 비에이치인더스트리(63m ↙),28.2,공차
SB-000011,2026-08-12,2026-08-12 16:28:39,0,101,공회전종료,전라남도 광양시 태인동 1654-7(78m 범위),전라남도 광양시 태인동 비에이치인더스트리(65m ↙),27.7,공차
SB-000011,2026-08-12,2026-08-12 16:28:39,0,101,Key Off,전라남도 광양시 태인동 1654-7(78m 범위),전라남도 광양시 태인동 비에이치인더스트리(65m ↙),26.6,공차
SB-000012,2026-08-12,2026-08-12 03:23:23,0,0,리셋보고,전라남도 광양시 태인동 1654-7(73m 범위),전라남도 광양시 태인동 비에이치인더스트리(58m ↙),25.3,공차
SB-000012,2026-08-12,2026-08-12 07:21:54,0,0,Key On,전라남도 광양시 태인동 1654-7(73m 범위),전라남도 광양시 태인동 비에이치인더스트리(58m ↙),25.8,공차
SB-000012,2026-08-12,2026-08-12 07:22:52,0,0,DTG 데이터,전라남도 광양시 태인동 1654-7(79m 범위),전라남도 광양시 태인동 비에이치인더스트리(66m ↙),27.6,공차
SB-000012,2026-08-12,2026-08-12 07:24:52,0,0,DTG 데이터,전라남도 광양시 태인동 1654-7(77m 범위),전라남도 광양시 태인동 비에이치인더스트리(66m ↙),27.7,공차
SB-000012,2026-08-12,2026-08-12 07:26:51,0,0,DTG 데이터,전라남도 광양시 태인동 1654-7(77m 범위),전라남도 광양시 태인동 비에이치인더스트리(65m ↙),27.8,공차
SB-000012,2026-08-12,2026-08-12 07:26:56,0,0,공회전감지,전라남도 광양시 태인동 1654-7(77m 범위),전라남도 광양시 태인동 비에이치인더스트리(65m ↙),27.6,공차
SB-000012,2026-08-12,2026-08-12 07:27:12,3,0,공회전종료,전라남도 광양시 태인동 1654-7(75m 범위),전라남도 광양시 태인동 비에이치인더스트리(58m ↙),27.7,공차
SB-000012,2026-08-12,2026-08-12 07:28:45,231,0,급출발,전라남도 광양시 태인동 1654-7(94m 범위),전라남도 광양시 태인동 비에이치인더스트리(72m ↙),27.8,공차
SB-000012,2026-08-12,2026-08-12 07:28:47,177,0,급감속,전라남도 광양시 태인동 1654-7(94m 범위),전라남도 광양시 태인동 비에이치인더스트리(73m ↙),27.6,공차
SB-000012,2026-08-12,2026-08-12 07:28:48,0,0,급정지,전라남도 광양시 태인동 1654-7(94m 범위),전라남도 광양시 태인동 비에이치인더스트리(73m ↙),27.9,공차
SB-000012,2026-08-12,2026-08-12 07:28:48,128,0,급감속,전라남도 광양시 태인동 1654-7(94m 범위),전라남도 광양시 태인동 비에이치인더스트리(73m ↙),27.8,공차
SB-000012,2026-08-12,2026-08-12 07:28:51,0,0,DTG 데이터,전라남도 광양시 태인동 1654-7(95m 범위),전라남도 광양시 태인동 비에이치인더스트리(74m ↙),27.6,공차
SB-000012,2026-08-12,2026-08-12 07:30:51,105,0,급출발,전라남도 광양시 태인동 1654-7(99m 범위),전라남도 광양시 태인동 비에이치인더스트리(80m ↙),27.9,공차
SB-000012,2026-08-12,2026-08-12 07:30:54,105,0,DTG 데이터,전라남도 광양시 태인동 1654-7(99m 범위),전라남도 광양시 태인동 비에이치인더스트리(80m ↙),27.1,공차
SB-000012,2026-08-12,2026-08-12 07:30:54,0,0,Key Off,전라남도 광양시 태인동 1654-7(99m 범위),전라남도 광양시 태인동 비에이치인더스트리(80m ↙),26.9,공차
SB-000012,2026-08-12,2026-08-12 07:56:51,0,0,Key On,전라남도 광양시 태인동 1654-7(99m 범위),전라남도 광양시 태인동 비에이치인더스트리(80m ↙),26.3,공차
SB-000012,2026-08-12,2026-08-12 07:56:54,0,0,관제주기보고,전라남도 광양시 태인동 1654-7(99m 범위),주변에 특정 건물이 없습니다,26.3,공차
SB-000012,2026-08-12,2026-08-12 07:56:56,0,0,급출발,전라남도 광양시 태인동 1654-7(98m 범위),전라남도 광양시 태인동 비에이치인더스트리(78m ↙),26.9,공차
SB-000012,2026-08-12,2026-08-12 07:56:56,0,0,급가속,전라남도 광양시 태인동 1654-7(98m 범위),전라남도 광양시 태인동 비에이치인더스트리(78m ↙),26.3,공차
SB-000012,2026-08-12,2026-08-12 07:56:59,0,0,급감속,전라남도 광양시 태인동 1654-7(98m 범위),전라남도 광양시 태인동 비에이치인더스트리(78m ↙),27,공차
SB-000012,2026-08-12,2026-08-12 07:57:02,185,0,급출발,전라남도 광양시 태인동 1654-7(97m 범위),전라남도 광양시 태인동 비에이치인더스트리(77m ↙),27.5,공차
SB-000012,2026-08-12,2026-08-12 07:57:05,234,0,급가속,전라남도 광양시 태인동 1654-7(97m 범위),전라남도 광양시 태인동 비에이치인더스트리(77m ↙),27.4,공차
SB-000012,2026-08-12,2026-08-12 07:57:05,0,0,급정지,전라남도 광양시 태인동 1654-7(97m 범위),전라남도 광양시 태인동 비에이치인더스트리(77m ↙),27.4,공차
SB-000012,2026-08-12,2026-08-12 07:58:52,29,0,DTG 데이터,전라남도 광양시 태인동 1656-6(55m 범위),전라남도 광양시 태인동 포스코DX(69m ↗),27.6,공차
SB-000012,2026-08-12,2026-08-12 08:00:51,61,2,DTG 데이터,전라남도 광양시 태인동 303-50(22m 범위),전라남도 광양시 태인동 소모식당(30m ↖),27.5,공차
SB-000012,2026-08-12,2026-08-12 08:01:58,111,2,급가속,전라남도 광양시 금호동 791(66m 범위),전라남도 광양시 태인동 태인교(34m ↓),27.7,공차
SB-000012,2026-08-12,2026-08-12 08:02:01,33,2,급감속,전라남도 광양시 금호동 791(65m 범위),전라남도 광양시 태인동 태인교(35m ↓),27.6,공차
SB-000012,2026-08-12,2026-08-12 08:02:51,0,2,DTG 데이터,전라남도 광양시 금호동 791(47m 범위),전라남도 광양시 태인동 태인교(53m ↓),27.7,공차
SB-000012,2026-08-12,2026-08-12 08:04:52,33,3,DTG 데이터,전라남도 광양시 금호동 791(265m 범위),전라남도 광양시 금호동 2문(164m ↓),27.7,공차
SB-000012,2026-08-12,2026-08-12 08:06:52,39,4,DTG 데이터,전라남도 광양시 금호동 636(192m 범위),전라남도 광양시 금호동 연구소앞삼거리(302m ↙),27.8,공차
SB-000012,2026-08-12,2026-08-12 08:07:39,100,4,급가속,전라남도 광양시 금호동 636(373m 범위),전라남도 광양시 금호동 1문(241m ↘),27.6,공차
SB-000012,2026-08-12,2026-08-12 08:07:41,9,4,급감속,전라남도 광양시 금호동 636(375m 범위),전라남도 광양시 금호동 1문(240m ↘),27.6,공차
SB-000012,2026-08-12,2026-08-12 08:07:49,17,4,급감속,전라남도 광양시 금호동 636(391m 범위),전라남도 광양시 금호동 1문(236m ↘),27.7,공차
SB-000012,2026-08-12,2026-08-12 08:08:36,47,5,급가속,전라남도 광양시 금호동 636(452m 범위),전라남도 광양시 금호동 1문(406m ↘),27.7,공차
SB-000012,2026-08-12,2026-08-12 08:08:38,20,5,급감속,전라남도 광양시 금호동 636(448m 범위),전라남도 광양시 금호동 1문(408m ↘),27.8,공차
SB-000012,2026-08-12,2026-08-12 08:08:52,17,5,DTG 데이터,전라남도 광양시 금호동 636(456m 범위),전라남도 광양시 금호동 광일엔지니어링(376m ↖),27.7,공차
SB-000012,2026-08-12,2026-08-12 08:09:04,176,5,급출발,전라남도 광양시 금호동 636(480m 범위),전라남도 광양시 금호동 포렌(350m ↖),27.8,공차
SB-000012,2026-08-12,2026-08-12 08:09:06,0,5,Key Off,전라남도 광양시 금호동 636(480m 범위),전라남도 광양시 금호동 광일엔지니어링(349m ↖),26.8,공차
SB-000012,2026-08-12,2026-08-12 08:09:06,234,5,급가속,전라남도 광양시 금호동 636(480m 범위),전라남도 광양시 금호동 광일엔지니어링(349m ↖),26.9,공차
SB-000012,2026-08-12,2026-08-12 08:16:34,0,5,Key On,전라남도 광양시 금호동 636(480m 범위),전라남도 광양시 금호동 포렌(349m ↖),26.6,공차
SB-000012,2026-08-12,2026-08-12 08:16:46,201,5,급출발,전라남도 광양시 금호동 636(476m 범위),전라남도 광양시 금호동 광일엔지니어링(336m ↖),26.9,공차
SB-000012,2026-08-12,2026-08-12 08:16:48,140,5,급감속,전라남도 광양시 금호동 636(476m 범위),전라남도 광양시 금호동 광일엔지니어링(336m ↖),27.2,공차
SB-000012,2026-08-12,2026-08-12 08:16:48,231,5,급가속,전라남도 광양시 금호동 636(476m 범위),전라남도 광양시 금호동 포렌(336m ↖),27.2,공차
SB-000012,2026-08-12,2026-08-12 08:16:51,231,5,급출발,전라남도 광양시 금호동 636(476m 범위),전라남도 광양시 금호동 포렌(336m ↖),27.3,공차
SB-000012,2026-08-12,2026-08-12 08:16:51,5,5,급정지,전라남도 광양시 금호동 636(476m 범위),전라남도 광양시 금호동 광일엔지니어링(336m ↖),27.2,공차
SB-000012,2026-08-12,2026-08-12 08:16:53,231,5,DTG 데이터,전라남도 광양시 금호동 636(476m 범위),전라남도 광양시 금호동 포렌(336m ↖),27.3,공차
SB-000012,2026-08-12,2026-08-12 08:16:53,151,5,급가속,전라남도 광양시 금호동 636(476m 범위),전라남도 광양시 금호동 광일엔지니어링(336m ↖),27.5,공차
SB-000012,2026-08-12,2026-08-12 08:16:53,68,5,급감속,전라남도 광양시 금호동 636(476m 범위),전라남도 광양시 금호동 광일엔지니어링(336m ↖),27.3,공차
SB-000012,2026-08-12,2026-08-12 08:16:54,243,5,급가속,전라남도 광양시 금호동 636(476m 범위),전라남도 광양시 금호동 광일엔지니어링(336m ↖),27.6,공차
SB-000012,2026-08-12,2026-08-12 08:16:56,0,5,급정지,전라남도 광양시 금호동 636(477m 범위),전라남도 광양시 금호동 광일엔지니어링(336m ↖),27.4,공차
SB-000012,2026-08-12,2026-08-12 08:18:41,107,5,급출발,전라남도 광양시 금호동 631(483m 범위),전라남도 광양시 금호동 광일엔지니어링(336m ↖),27.3,공차
SB-000012,2026-08-12,2026-08-12 08:18:43,53,5,급감속,전라남도 광양시 금호동 631(479m 범위),전라남도 광양시 금호동 포렌(336m ↖),27.2,공차
SB-000012,2026-08-12,2026-08-12 08:18:43,86,5,급가속,전라남도 광양시 금호동 631(477m 범위),전라남도 광양시 금호동 포렌(336m ↖),27.2,공차
SB-000012,2026-08-12,2026-08-12 08:18:46,103,5,급가속,전라남도 광양시 금호동 631(470m 범위),전라남도 광양시 금호동 광일엔지니어링(336m ↖),26.9,공차
SB-000012,2026-08-12,2026-08-12 08:18:51,0,5,Key Off,전라남도 광양시 금호동 631(469m 범위),전라남도 광양시 금호동 광일엔지니어링(336m ↖),26.7,공차
SB-000012,2026-08-12,2026-08-12 08:30:47,0,5,Key On,전라남도 광양시 금호동 631(469m 범위),전라남도 광양시 금호동 포렌(336m ↖),26.4,공차
SB-000012,2026-08-12,2026-08-12 08:30:51,0,5,관제주기보고,전라남도 광양시 금호동 631(460m 범위),전라남도 광양시 금호동 포렌(311m ↖),26.8,공차
SB-000012,2026-08-12,2026-08-12 08:32:52,16,5,DTG 데이터,전라남도 광양시 금호동 631(192m 범위),전라남도 광양시 금호동 광일엔지니어링(409m ←),27.7,공차
SB-000012,2026-08-12,2026-08-12 08:34:51,31,6,DTG 데이터,전라남도 광양시 금호동 657(356m 범위),주변에 특정 건물이 없습니다,27.7,공차
SB-000012,2026-08-12,2026-08-12 08:36:18,37,7,급가속,전라남도 광양시 금호동 634(46m 범위),전라남도 광양시 금호동 한유엘엔에스(163m →),27.5,공차
SB-000012,2026-08-12,2026-08-12 08:36:20,13,7,급감속,전라남도 광양시 금호동 634(46m 범위),전라남도 광양시 금호동 한유엘엔에스(161m →),27.7,공차
SB-000012,2026-08-12,2026-08-12 08:36:51,7,7,DTG 데이터,전라남도 광양시 금호동 634(63m 범위),전라남도 광양시 금호동 광양제품부두점(119m ↗),27.6,공차
SB-000012,2026-08-12,2026-08-12 08:38:52,6,7,DTG 데이터,전라남도 광양시 금호동 803(122m 범위),전라남도 광양시 금호동 우리은행365(307m ↘),27.7,공차
SB-000012,2026-08-12,2026-08-12 08:40:52,0,7,DTG 데이터,전라남도 광양시 금호동 803(101m 범위),전라남도 광양시 금호동 포스코플로우(320m ↘),27.7,공차
SB-000012,2026-08-12,2026-08-12 08:41:11,27,7,급가속,전라남도 광양시 금호동 803(101m 범위),전라남도 광양시 금호동 우리은행365(320m ↘),27.7,공차
SB-000012,2026-08-12,2026-08-12 08:41:13,6,7,급감속,전라남도 광양시 금호동 803(101m 범위),전라남도 광양시 금호동 우리은행365(320m ↘),27.7,공차
SB-000012,2026-08-12,2026-08-12 08:42:52,0,7,DTG 데이터,전라남도 광양시 금호동 803(88m 범위),전라남도 광양시 금호동 포스코플로우(329m ↘),27.5,공차
SB-000012,2026-08-12,2026-08-12 08:44:07,231,7,급가속,전라남도 광양시 금호동 803(97m 범위),전라남도 광양시 금호동 포스코플로우(321m ↘),27.6,공차
SB-000012,2026-08-12,2026-08-12 08:44:10,213,7,급감속,전라남도 광양시 금호동 803(96m 범위),전라남도 광양시 금호동 우리은행365(322m ↘),27.6,공차
SB-000012,2026-08-12,2026-08-12 08:44:10,0,7,급정지,전라남도 광양시 금호동 803(95m 범위),전라남도 광양시 금호동 우리은행365(323m ↘),27.7,공차
SB-000012,2026-08-12,2026-08-12 08:44:21,114,7,급가속,전라남도 광양시 금호동 803(87m 범위),전라남도 광양시 금호동 포스코플로우(331m ↘),27.7,공차
SB-000012,2026-08-12,2026-08-12 08:44:24,131,7,급감속,전라남도 광양시 금호동 803(84m 범위),전라남도 광양시 금호동 포스코플로우(334m ↘),27.1,공차
SB-000012,2026-08-12,2026-08-12 08:44:24,211,7,급가속,전라남도 광양시 금호동 803(86m 범위),전라남도 광양시 금호동 우리은행365(333m ↘),27.5,공차
SB-000012,2026-08-12,2026-08-12 08:44:24,0,7,Key Off,전라남도 광양시 금호동 803(82m 범위),전라남도 광양시 금호동 포스코플로우(336m ↘),26.8,공차
SB-000012,2026-08-12,2026-08-12 08:45:04,131,7,Key On,전라남도 광양시 금호동 803(82m 범위),전라남도 광양시 금호동 포스코플로우(336m ↘),26.9,공차
SB-000012,2026-08-12,2026-08-12 08:46:52,40,8,DTG 데이터,전라남도 광양시 금호동 662(8m 범위),전라남도 광양시 금호동 피엠에스(200m →),27.6,공차
SB-000012,2026-08-12,2026-08-12 08:48:52,35,9,DTG 데이터,주변에 검색된 지번이 없습니다,주변에 특정건물이 없습니다,27.5,공차
SB-000012,2026-08-12,2026-08-12 08:50:52,29,10,DTG 데이터,전라남도 광양시 금호동 663(193m 범위),전라남도 광양시 금호동 포스코광양제철소(440m ↗),27.7,공차
SB-000012,2026-08-12,2026-08-12 08:52:52,1,11,DTG 데이터,전라남도 광양시 금호동 791(244m 범위),전라남도 광양시 금호동 2문(153m ↓),27.8,공차
SB-000012,2026-08-12,2026-08-12 08:53:28,43,11,급가속,전라남도 광양시 금호동 791(186m 범위),전라남도 광양시 금호동 2문(80m ↓),27.6,공차
SB-000012,2026-08-12,2026-08-12 08:53:31,16,11,급감속,전라남도 광양시 금호동 791(183m 범위),전라남도 광양시 금호동 2문(76m ↓),27.7,공차
SB-000012,2026-08-12,2026-08-12 08:54:52,46,11,DTG 데이터,전라남도 광양시 태인동 1664-7(22m 범위),전라남도 광양시 태인동 장가계(30m →),27.7,공차
SB-000012,2026-08-12,2026-08-12 08:56:52,24,12,DTG 데이터,전라남도 광양시 태인동 303-152(37m 범위),전라남도 광양시 태인동 버스정류장(10m ←),27.6,공차
SB-000012,2026-08-12,2026-08-12 08:58:52,43,13,DTG 데이터,전라남도 광양시 태인동 1654-4(40m 범위),전라남도 광양시 태인동 GS칼텍스(39m ↘),27.5,공차
SB-000012,2026-08-12,2026-08-12 08:59:42,40,13,급가속,전라남도 광양시 태인동 1654-1(40m 범위),전라남도 광양시 태인동 세정테크(33m ↖),27.7,공차
SB-000012,2026-08-12,2026-08-12 08:59:44,18,13,급감속,전라남도 광양시 태인동 1654-1(37m 범위),전라남도 광양시 태인동 세정테크(36m ↖),27.6,공차
SB-000012,2026-08-12,2026-08-12 08:59:53,28,13,급가속,전라남도 광양시 태인동 1654-1(26m 범위),전라남도 광양시 태인동 세정테크(81m ↑),27.6,공차
SB-000012,2026-08-12,2026-08-12 09:00:03,32,13,급가속,전라남도 광양시 태인동 1654-1(36m 범위),전라남도 광양시 태인동 흥해물류(63m →),27.5,공차
SB-000012,2026-08-12,2026-08-12 09:00:03,14,13,급감속,전라남도 광양시 태인동 1654-1(38m 범위),전라남도 광양시 태인동 흥해물류(59m →),27.6,공차
SB-000012,2026-08-12,2026-08-12 09:00:15,27,14,급가속,전라남도 광양시 태인동 1654-1(29m 범위),전라남도 광양시 태인동 흥해물류(67m ↘),27.7,공차
SB-000012,2026-08-12,2026-08-12 09:00:17,10,14,급감속,전라남도 광양시 태인동 1654-1(30m 범위),전라남도 광양시 태인동 흥해물류(72m ↘),27.5,공차
SB-000012,2026-08-12,2026-08-12 09:00:52,1,14,DTG 데이터,전라남도 광양시 태인동 1654-1(29m 범위),전라남도 광양시 태인동 흥해물류(72m ↘),27.5,공차
SB-000012,2026-08-12,2026-08-12 09:02:52,0,14,DTG 데이터,전라남도 광양시 태인동 1654-1(40m 범위),전라남도 광양시 태인동 대한통운(74m ↘),27.6,공차
SB-000012,2026-08-12,2026-08-12 09:04:52,0,14,DTG 데이터,전라남도 광양시 태인동 1654-1(39m 범위),전라남도 광양시 태인동 흥해물류(71m ↘),27.7,공차
SB-000012,2026-08-12,2026-08-12 09:05:20,0,14,공회전감지,전라남도 광양시 태인동 1654-1(37m 범위),전라남도 광양시 태인동 흥해물류(71m ↘),27.6,공차
SB-000012,2026-08-12,2026-08-12 09:06:26,5,14,공회전종료,전라남도 광양시 태인동 1654-1(35m 범위),전라남도 광양시 태인동 흥해물류(71m ↘),27.6,공차
SB-000012,2026-08-12,2026-08-12 09:06:52,11,14,DTG 데이터,전라남도 광양시 태인동 1654-1(74m 범위),전라남도 광양시 태인동 세정테크(28m ←),27.6,공차
SB-000012,2026-08-12,2026-08-12 09:07:37,182,14,급가속,전라남도 광양시 태인동 1654-7(83m 범위),전라남도 광양시 태인동 세정테크(37m ↙),27.7,공차
SB-000012,2026-08-12,2026-08-12 09:07:39,15,14,급감속,전라남도 광양시 태인동 1654-7(84m 범위),전라남도 광양시 태인동 세정테크(38m ↙),26.9,공차
SB-000012,2026-08-12,2026-08-12 09:07:39,0,14,Key Off,전라남도 광양시 태인동 1654-7(85m 범위),전라남도 광양시 태인동 세정테크(39m ↙),26.7,공차
SB-000012,2026-08-12,2026-08-12 09:11:07,0,14,Key On,전라남도 광양시 태인동 1654-7(85m 범위),전라남도 광양시 태인동 세정테크(39m ↙),26.6,공차
SB-000012,2026-08-12,2026-08-12 09:12:52,0,14,DTG 데이터,전라남도 광양시 태인동 1654-1(117m 범위),전라남도 광양시 태인동 CJ대한통운광양지사(55m →),27.6,공차
SB-000012,2026-08-12,2026-08-12 09:14:53,6,14,DTG 데이터,전라남도 광양시 태인동 1655-1(98m 범위),전라남도 광양시 태인동 라인호(88m ←),27.7,공차
SB-000012,2026-08-12,2026-08-12 09:15:16,26,14,급가속,전라남도 광양시 태인동 1655-1(32m 범위),전라남도 광양시 태인동 비지스틸(42m ↑),27.6,공차
SB-000012,2026-08-12,2026-08-12 09:15:19,8,14,급감속,전라남도 광양시 태인동 1655-1(30m 범위),전라남도 광양시 태인동 비지스틸(40m ↑),27.5,공차
SB-000012,2026-08-12,2026-08-12 09:16:52,0,14,DTG 데이터,전라남도 광양시 태인동 1655-1(26m 범위),전라남도 광양시 태인동 비지스틸(15m ↗),27.5,공차
SB-000012,2026-08-12,2026-08-12 09:18:52,0,14,DTG 데이터,전라남도 광양시 태인동 1655-1(32m 범위),전라남도 광양시 태인동 비지스틸(11m →),27.6,공차
SB-000012,2026-08-12,2026-08-12 09:20:21,0,14,공회전감지,전라남도 광양시 태인동 1655-15(31m 범위),전라남도 광양시 태인동 비지스틸(14m →),27.6,공차
SB-000012,2026-08-12,2026-08-12 09:20:27,4,14,공회전종료,전라남도 광양시 태인동 1655-15(32m 범위),전라남도 광양시 태인동 비지스틸(14m →),27.7,공차
SB-000012,2026-08-12,2026-08-12 09:20:52,0,14,DTG 데이터,전라남도 광양시 태인동 1655-15(27m 범위),전라남도 광양시 태인동 비지스틸(18m →),27.6,공차
SB-000012,2026-08-12,2026-08-12 09:22:23,213,14,급출발,전라남도 광양시 태인동 1655-1(20m 범위),전라남도 광양시 태인동 비지스틸(5m ↗),27.7,공차
SB-000012,2026-08-12,2026-08-12 09:22:25,231,14,급가속,전라남도 광양시 태인동 1655-1(20m 범위),전라남도 광양시 태인동 비지스틸(5m ↗),27.6,공차
SB-000012,2026-08-12,2026-08-12 09:22:25,22,14,급감속,전라남도 광양시 태인동 1655-1(20m 범위),전라남도 광양시 태인동 비지스틸(5m ↗),27.5,공차
SB-000012,2026-08-12,2026-08-12 09:22:52,0,14,DTG 데이터,전라남도 광양시 태인동 1655-1(7m 범위),전라남도 광양시 태인동 비지스틸(17m ↖),27.5,공차
SB-000012,2026-08-12,2026-08-12 09:23:00,146,14,급출발,전라남도 광양시 태인동 1655-1(8m 범위),전라남도 광양시 태인동 비지스틸(19m ↖),27.6,공차
SB-000012,2026-08-12,2026-08-12 09:23:02,231,14,급가속,전라남도 광양시 태인동 1655-1(9m 범위),전라남도 광양시 태인동 비지스틸(20m ↖),27.6,공차
SB-000012,2026-08-12,2026-08-12 09:23:02,90,14,급감속,전라남도 광양시 태인동 1655-1(9m 범위),전라남도 광양시 태인동 비지스틸(20m ↖),26.5,공차
SB-000012,2026-08-12,2026-08-12 09:23:03,0,14,Key Off,전라남도 광양시 태인동 1655-1(9m 범위),전라남도 광양시 태인동 비지스틸(20m ↖),26.4,공차
SB-000012,2026-08-12,2026-08-12 09:27:03,0,14,Key On,전라남도 광양시 태인동 1655-1(9m 범위),전라남도 광양시 태인동 비지스틸(20m ↖),26.6,공차
SB-000012,2026-08-12,2026-08-12 09:27:08,0,14,급출발,전라남도 광양시 태인동 1655-1(13m 범위),전라남도 광양시 태인동 비지스틸(22m ↖),26.8,공차
SB-000012,2026-08-12,2026-08-12 09:27:11,0,14,급정지,전라남도 광양시 태인동 1655-1(14m 범위),전라남도 광양시 태인동 비지스틸(22m ↖),26.8,공차
SB-000012,2026-08-12,2026-08-12 09:27:11,0,14,급가속,전라남도 광양시 태인동 1655-1(14m 범위),전라남도 광양시 태인동 비지스틸(22m ↖),26.8,공차
SB-000012,2026-08-12,2026-08-12 09:27:40,254,14,급가속,전라남도 광양시 태인동 1655-1(105m 범위),전라남도 광양시 태인동 라인호(96m ←),27.5,공차
SB-000012,2026-08-12,2026-08-12 09:27:43,5,14,급정지,전라남도 광양시 태인동 1655-1(106m 범위),전라남도 광양시 태인동 라인호(96m ←),27.5,공차
SB-000012,2026-08-12,2026-08-12 09:28:52,34,15,DTG 데이터,전라남도 광양시 태인동 1653-5(20m 범위),전라남도 광양시 태인동 성광사(40m ↘),27.6,공차
SB-000012,2026-08-12,2026-08-12 09:29:23,98,15,급가속,전라남도 광양시 태인동 1656-1(80m 범위),전라남도 광양시 태인동 SK엔크린(84m →),27.7,공차
SB-000012,2026-08-12,2026-08-12 09:29:26,17,15,급감속,전라남도 광양시 태인동 1653-2(80m 범위),전라남도 광양시 태인동 SK엔크린(80m →),27.7,공차
SB-000012,2026-08-12,2026-08-12 09:30:52,47,16,DTG 데이터,전라남도 광양시 태인동 303-152(22m 범위),전라남도 광양시 태인동 한영통신무전기CCTV(34m ↗),27.5,공차
SB-000012,2026-08-12,2026-08-12 09:32:52,5,16,DTG 데이터,전라남도 광양시 금호동 791(122m 범위),전라남도 광양시 금호동 2문(40m ↗),27.7,공차
SB-000012,2026-08-12,2026-08-12 09:34:52,38,17,DTG 데이터,전라남도 광양시 금호동 658(231m 범위),전라남도 광양시 금호동 제철삼거리(286m ↓),27.7,공차
SB-000012,2026-08-12,2026-08-12 09:36:52,33,19,DTG 데이터,전라남도 광양시 금호동 796-9(440m 범위),전라남도 광양시 금호동 1문(307m ↓),27.7,공차
SB-000012,2026-08-12,2026-08-12 09:37:16,50,19,급가속,전라남도 광양시 금호동 636(437m 범위),전라남도 광양시 금호동 1문(399m ↘),27.7,공차
SB-000012,2026-08-12,2026-08-12 09:37:18,22,19,급감속,전라남도 광양시 금호동 636(432m 범위),전라남도 광양시 금호동 1문(400m ↘),27.7,공차
SB-000012,2026-08-12,2026-08-12 09:37:19,19,19,급감속,전라남도 광양시 금호동 636(425m 범위),전라남도 광양시 금호동 1문(404m ↘),27.6,공차
SB-000012,2026-08-12,2026-08-12 09:37:19,42,19,급가속,전라남도 광양시 금호동 636(428m 범위),전라남도 광양시 금호동 1문(402m ↘),27.5,공차
SB-000012,2026-08-12,2026-08-12 09:38:41,206,19,급출발,전라남도 광양시 금호동 636(419m 범위),전라남도 광양시 금호동 광일엔지니어링(409m ↖),27.9,공차
SB-000012,2026-08-12,2026-08-12 09:38:46,0,19,Key Off,전라남도 광양시 금호동 636(418m 범위),전라남도 광양시 금호동 포렌(409m ↖),26.7,공차
SB-000012,2026-08-12,2026-08-12 09:46:39,0,19,Key On,전라남도 광양시 금호동 636(418m 범위),전라남도 광양시 금호동 포렌(409m ↖),26.4,공차
SB-000012,2026-08-12,2026-08-12 09:46:51,0,19,DTG 데이터,전라남도 광양시 금호동 636(422m 범위),전라남도 광양시 금호동 광일엔지니어링(408m ↖),27.3,공차
SB-000012,2026-08-12,2026-08-12 09:47:05,9,19,급감속,전라남도 광양시 금호동 636(441m 범위),전라남도 광양시 금호동 광일엔지니어링(391m ↖),27.4,공차
SB-000012,2026-08-12,2026-08-12 09:48:52,0,19,DTG 데이터,전라남도 광양시 금호동 636(414m 범위),전라남도 광양시 금호동 광일엔지니어링(411m ↖),27.7,공차
SB-000012,2026-08-12,2026-08-12 09:50:52,0,19,DTG 데이터,전라남도 광양시 금호동 636(406m 범위),전라남도 광양시 금호동 1문(407m ↘),27.7,공차
SB-000012,2026-08-12,2026-08-12 09:52:35,0,19,공회전감지,전라남도 광양시 금호동 636(395m 범위),전라남도 광양시 금호동 1문(397m ↘),27.6,공차
SB-000012,2026-08-12,2026-08-12 09:52:52,0,19,DTG 데이터,전라남도 광양시 금호동 636(394m 범위),전라남도 광양시 금호동 1문(400m ↘),27.8,공차
SB-000012,2026-08-12,2026-08-12 09:53:24,3,19,공회전종료,전라남도 광양시 금호동 636(394m 범위),전라남도 광양시 금호동 1문(404m ↘),27.8,공차
SB-000012,2026-08-12,2026-08-12 09:54:52,30,19,DTG 데이터,전라남도 광양시 금호동 631(282m 범위),전라남도 광양시 금호동 광일엔지니어링(403m ←),27.7,공차
SB-000012,2026-08-12,2026-08-12 09:56:52,38,20,DTG 데이터,전라남도 광양시 금호동 632(295m 범위),주변에 특정 건물이 없습니다,27.7,공차
SB-000012,2026-08-12,2026-08-12 09:58:52,34,21,DTG 데이터,전라남도 광양시 금호동 802(102m 범위),전라남도 광양시 금호동 아르고마린토탈(156m →),27.6,공차
SB-000012,2026-08-12,2026-08-12 10:00:52,0,22,DTG 데이터,전라남도 광양시 금호동 803(103m 범위),전라남도 광양시 금호동 포스코플로우(315m ↘),27.6,공차
SB-000012,2026-08-12,2026-08-12 10:01:20,14,22,급감속,전라남도 광양시 금호동 803(103m 범위),전라남도 광양시 금호동 우리은행365(317m ↘),26.7,공차
SB-000012,2026-08-12,2026-08-12 10:01:20,0,22,Key Off,전라남도 광양시 금호동 803(103m 범위),전라남도 광양시 금호동 포스코플로우(317m ↘),26.6,공차
SB-000012,2026-08-12,2026-08-12 10:02:01,14,22,Key On,전라남도 광양시 금호동 803(103m 범위),전라남도 광양시 금호동 포스코플로우(317m ↘),26.5,공차
SB-000012,2026-08-12,2026-08-12 10:02:08,137,22,급가속,전라남도 광양시 금호동 803(95m 범위),전라남도 광양시 금호동 우리은행365(331m ↘),26.9,공차
SB-000012,2026-08-12,2026-08-12 10:02:10,0,22,급정지,전라남도 광양시 금호동 803(95m 범위),전라남도 광양시 금호동 우리은행365(330m ↘),26.9,공차
SB-000012,2026-08-12,2026-08-12 10:02:52,32,22,DTG 데이터,전라남도 광양시 금호동 642(68m 범위),전라남도 광양시 금호동 피엠에스(410m ←),27.6,공차
SB-000012,2026-08-12,2026-08-12 10:04:21,65,23,급가속,전라남도 광양시 금호동 642-1(162m 범위),전라남도 광양시 금호동 피엠에스(467m →),27.8,공차
SB-000012,2026-08-12,2026-08-12 10:04:52,34,23,DTG 데이터,전라남도 광양시 금호동 642-1(317m 범위),전라남도 광양시 금호동 피엠에스(499m →),27.5,공차
SB-000012,2026-08-12,2026-08-12 10:05:12,134,23,급가속,전라남도 광양시 금호동 662(435m 범위),주변에 특정 건물이 없습니다,27.8,공차
SB-000012,2026-08-12,2026-08-12 10:05:14,7,23,급감속,전라남도 광양시 금호동 662(435m 범위),주변에 특정 건물이 없습니다,27.7,공차
SB-000012,2026-08-12,2026-08-12 10:06:52,30,24,DTG 데이터,전라남도 광양시 금호동 663(84m 범위),전라남도 광양시 금호동 포스코광양제철소(364m →),27.6,공차
SB-000012,2026-08-12,2026-08-12 10:08:52,23,25,DTG 데이터,전라남도 광양시 금호동 791(338m 범위),주변에 특정 건물이 없습니다,27.6,공차
SB-000012,2026-08-12,2026-08-12 10:10:52,0,25,DTG 데이터,전라남도 광양시 금호동 791(156m 범위),전라남도 광양시 금호동 2문(31m ↘),27.5,공차
SB-000012,2026-08-12,2026-08-12 10:12:52,45,26,DTG 데이터,전라남도 광양시 태인동 267-3(61m 범위),전라남도 광양시 태인동 동원로엑스(47m ←),27.6,공차
SB-000012,2026-08-12,2026-08-12 10:14:47,225,27,급출발,전라남도 광양시 태인동 1656-6(80m 범위),전라남도 광양시 태인동 동아스틸(84m ↓),27.5,공차
SB-000012,2026-08-12,2026-08-12 10:14:50,113,27,급감속,전라남도 광양시 태인동 1656-6(81m 범위),전라남도 광양시 태인동 동아스틸(84m ↓),26.8,공차
SB-000012,2026-08-12,2026-08-12 10:14:50,0,27,Key Off,전라남도 광양시 태인동 1656-6(81m 범위),전라남도 광양시 태인동 동아스틸(84m ↓),26.6,공차
SB-000012,2026-08-12,2026-08-12 10:18:16,0,27,Key On,전라남도 광양시 태인동 1656-6(81m 범위),전라남도 광양시 태인동 동아스틸(84m ↓),26.4,공차
SB-000012,2026-08-12,2026-08-12 10:18:52,5,27,DTG 데이터,전라남도 광양시 태인동 1656-6(81m 범위),전라남도 광양시 태인동 동아스틸(85m ↓),27.5,공차
SB-000012,2026-08-12,2026-08-12 10:20:52,50,29,DTG 데이터,전라남도 광양시 태인동 303-35(34m 범위),전라남도 광양시 태인동 태인장내배수펌프장(25m →),27.6,공차
SB-000012,2026-08-12,2026-08-12 10:22:52,0,29,DTG 데이터,전라남도 광양시 금호동 791(60m 범위),전라남도 광양시 금호동 태인교삼거리(61m ←),27.7,공차
SB-000012,2026-08-12,2026-08-12 10:23:15,15,29,급감속,전라남도 광양시 금호동 791(61m 범위),전라남도 광양시 금호동 태인교삼거리(62m ←),27.7,공차
SB-000012,2026-08-12,2026-08-12 10:24:52,28,29,DTG 데이터,전라남도 광양시 금호동 800(316m 범위),전라남도 광양시 금호동 2문(269m ↙),27.7,공차
SB-000012,2026-08-12,2026-08-12 10:26:45,122,30,급감속,전라남도 광양시 금호동 658(121m 범위),전라남도 광양시 금호동 정문(191m ↘),26.9,공차
SB-000012,2026-08-12,2026-08-12 10:26:45,190,30,급출발,전라남도 광양시 금호동 658(122m 범위),전라남도 광양시 금호동 정문(191m ↘),27.5,공차
SB-000012,2026-08-12,2026-08-12 10:26:45,0,30,Key Off,전라남도 광양시 금호동 658(121m 범위),전라남도 광양시 금호동 정문(191m ↘),25.8,공차
SB-000012,2026-08-12,2026-08-12 10:28:37,122,30,Key On,전라남도 광양시 금호동 658(121m 범위),전라남도 광양시 금호동 정문(191m ↘),26.5,공차
SB-000012,2026-08-12,2026-08-12 10:28:46,121,30,급출발,전라남도 광양시 금호동 658(117m 범위),전라남도 광양시 금호동 정문(187m ↘),26.4,공차
SB-000012,2026-08-12,2026-08-12 10:28:48,6,30,급감속,전라남도 광양시 금호동 658(117m 범위),전라남도 광양시 금호동 정문(187m ↘),27.1,공차
SB-000012,2026-08-12,2026-08-12 10:28:52,10,30,DTG 데이터,전라남도 광양시 금호동 658(109m 범위),전라남도 광양시 금호동 정문(179m ↘),27.4,공차
SB-000012,2026-08-12,2026-08-12 10:30:52,0,31,DTG 데이터,전라남도 광양시 금호동 636(234m 범위),전라남도 광양시 금호동 1문(404m ↘),27.6,공차
SB-000012,2026-08-12,2026-08-12 10:32:52,0,31,DTG 데이터,전라남도 광양시 금호동 636(330m 범위),전라남도 광양시 금호동 광일엔지니어링(343m ↖),27.6,공차
SB-000012,2026-08-12,2026-08-12 10:34:52,0,31,DTG 데이터,전라남도 광양시 금호동 636(368m 범위),전라남도 광양시 금호동 광일엔지니어링(314m ↖),27.8,공차
SB-000012,2026-08-12,2026-08-12 10:36:52,27,31,DTG 데이터,전라남도 광양시 금호동 631(429m 범위),전라남도 광양시 금호동 포렌(376m ←),27.5,공차
SB-000012,2026-08-12,2026-08-12 10:38:52,35,32,DTG 데이터,전라남도 광양시 금호동 635(62m 범위),전라남도 광양시 금호동 광일엔지니어링(487m ↙),27.6,공차
SB-000012,2026-08-12,2026-08-12 10:40:52,33,33,DTG 데이터,전라남도 광양시 금호동 656(68m 범위),전라남도 광양시 금호동 한유엘엔에스(189m ↗),27.6,공차
SB-000012,2026-08-12,2026-08-12 10:42:52,5,34,DTG 데이터,전라남도 광양시 금호동 803(100m 범위),전라남도 광양시 금호동 포스코플로우(321m ↘),27.6,공차
SB-000012,2026-08-12,2026-08-12 10:42:54,231,34,급가속,전라남도 광양시 금호동 803(98m 범위),전라남도 광양시 금호동 우리은행365(322m ↘),27.4,공차
SB-000012,2026-08-12,2026-08-12 10:42:55,0,34,Key Off,전라남도 광양시 금호동 803(97m 범위),전라남도 광양시 금호동 우리은행365(323m ↘),26.6,공차
SB-000012,2026-08-12,2026-08-12 10:43:38,231,34,Key On,전라남도 광양시 금호동 803(97m 범위),전라남도 광양시 금호동 우리은행365(323m ↘),26.5,공차
SB-000012,2026-08-12,2026-08-12 10:44:52,35,34,DTG 데이터,전라남도 광양시 금호동 671(157m 범위),전라남도 광양시 금호동 피엠에스(200m ←),27.6,공차
SB-000012,2026-08-12,2026-08-12 10:46:52,2,35,DTG 데이터,전라남도 광양시 금호동 662(439m 범위),주변에 특정 건물이 없습니다,27.7,공차
SB-000012,2026-08-12,2026-08-12 10:48:40,41,36,급가속,전라남도 광양시 금호동 663(89m 범위),전라남도 광양시 금호동 포스코광양제철소(373m →),27.6,공차
SB-000012,2026-08-12,2026-08-12 10:48:43,22,36,급감속,전라남도 광양시 금호동 663(82m 범위),전라남도 광양시 금호동 포스코광양제철소(372m →),27.6,공차
SB-000012,2026-08-12,2026-08-12 10:48:52,9,36,DTG 데이터,전라남도 광양시 금호동 663(55m 범위),전라남도 광양시 금호동 포스코광양제철소(371m →),27.6,공차
SB-000012,2026-08-12,2026-08-12 10:50:51,46,37,급가속,전라남도 광양시 금호동 791(264m 범위),전라남도 광양시 금호동 2문(176m ↓),27.6,공차
SB-000012,2026-08-12,2026-08-12 10:50:54,17,37,급감속,전라남도 광양시 금호동 791(260m 범위),전라남도 광양시 금호동 2문(171m ↓),27.6,공차
SB-000012,2026-08-12,2026-08-12 10:50:54,46,37,DTG 데이터,전라남도 광양시 금호동 791(264m 범위),전라남도 광양시 금호동 2문(176m ↓),27.6,공차
SB-000012,2026-08-12,2026-08-12 10:51:07,20,37,급감속,전라남도 광양시 금호동 791(238m 범위),전라남도 광양시 금호동 2문(146m ↓),27.6,공차
SB-000012,2026-08-12,2026-08-12 10:52:53,21,38,DTG 데이터,전라남도 광양시 태인동 1664-4(22m 범위),전라남도 광양시 태인동 버스정류장(20m ↗),27.8,공차
SB-000012,2026-08-12,2026-08-12 10:54:52,46,38,DTG 데이터,전라남도 광양시 태인동 303-37(37m 범위),전라남도 광양시 태인동 대운(53m ↓),27.8,공차
SB-000012,2026-08-12,2026-08-12 10:56:53,23,40,DTG 데이터,전라남도 광양시 태인동 28-227(4m 범위),전라남도 광양시 태인동 동산운수(52m ↙),27.6,공차
SB-000012,2026-08-12,2026-08-12 10:58:06,92,40,급가속,전라남도 광양시 태인동 1752(64m 범위),전라남도 광양시 태인동 심팩메탈(79m ↗),27.6,공차
SB-000012,2026-08-12,2026-08-12 10:58:08,20,40,급감속,전라남도 광양시 태인동 1752(59m 범위),전라남도 광양시 태인동 심팩메탈(76m ↗),27.5,공차
SB-000012,2026-08-12,2026-08-12 10:58:35,68,41,급가속,전라남도 광양시 태인동 1714(68m 범위),전라남도 광양시 태인동 엔시스(74m ↑),27.5,공차
SB-000012,2026-08-12,2026-08-12 10:58:37,20,41,급감속,전라남도 광양시 태인동 1714(73m 범위),전라남도 광양시 태인동 엔시스(74m ↑),27.6,공차
SB-000012,2026-08-12,2026-08-12 10:58:42,32,41,급가속,전라남도 광양시 태인동 1688(83m 범위),전라남도 광양시 태인동 엔시스(86m ↑),27.5,공차
SB-000012,2026-08-12,2026-08-12 10:58:44,14,41,급감속,전라남도 광양시 태인동 1688(86m 범위),전라남도 광양시 태인동 엔시스(89m ↑),27.7,공차
SB-000012,2026-08-12,2026-08-12 10:58:52,8,41,DTG 데이터,전라남도 광양시 태인동 1714(104m 범위),전라남도 광양시 태인동 엔시스(108m ↑),27.6,공차
SB-000012,2026-08-12,2026-08-12 11:00:52,0,41,DTG 데이터,전라남도 광양시 태인동 1714(130m 범위),전라남도 광양시 태인동 엔시스(142m ↑),27.6,공차
SB-000012,2026-08-12,2026-08-12 11:02:52,26,41,DTG 데이터,전라남도 광양시 태인동 1750(62m 범위),전라남도 광양시 태인동 동아스틸광양(107m ↗),27.6,공차
SB-000012,2026-08-12,2026-08-12 11:04:52,9,41,DTG 데이터,전라남도 광양시 태인동 1694(70m 범위),전라남도 광양시 태인동 대주기업(46m ↖),27.6,공차
SB-000012,2026-08-12,2026-08-12 11:06:52,14,42,DTG 데이터,전라남도 광양시 태인동 28-196(23m 범위),전라남도 광양시 태인동 버스정류장(31m ↓),27.5,공차
SB-000012,2026-08-12,2026-08-12 11:08:52,0,43,DTG 데이터,전라남도 광양시 태인동 1653-2(50m 범위),전라남도 광양시 태인동 SK엔크린(41m ↓),27.5,공차
SB-000012,2026-08-12,2026-08-12 11:10:53,36,44,DTG 데이터,전라남도 광양시 태인동 1664-4(12m 범위),전라남도 광양시 태인동 버스정류장(14m ↗),27.7,공차
SB-000012,2026-08-12,2026-08-12 11:11:36,47,44,급가속,전라남도 광양시 금호동 791(50m 범위),전라남도 광양시 금호동 태인교삼거리(51m ←),27.7,공차
SB-000012,2026-08-12,2026-08-12 11:11:38,6,44,급감속,전라남도 광양시 금호동 791(52m 범위),전라남도 광양시 금호동 태인교삼거리(53m ←),27.8,공차
SB-000012,2026-08-12,2026-08-12 11:12:52,0,44,DTG 데이터,전라남도 광양시 금호동 791(74m 범위),전라남도 광양시 금호동 2문(74m →),27.4,공차
SB-000012,2026-08-12,2026-08-12 11:13:19,40,44,급가속,전라남도 광양시 금호동 791(143m 범위),전라남도 광양시 금호동 2문(25m ↑),27.6,공차
SB-000012,2026-08-12,2026-08-12 11:13:22,26,44,급감속,전라남도 광양시 금호동 791(150m 범위),전라남도 광양시 금호동 2문(22m ↖),27.6,공차
SB-000012,2026-08-12,2026-08-12 11:13:27,90,44,급가속,전라남도 광양시 금호동 791(161m 범위),전라남도 광양시 금호동 2문(13m ←),27.7,공차
SB-000012,2026-08-12,2026-08-12 11:13:29,7,44,급감속,전라남도 광양시 금호동 791(161m 범위),전라남도 광양시 금호동 2문(13m ←),27.5,공차
SB-000012,2026-08-12,2026-08-12 11:13:36,154,44,급출발,전라남도 광양시 금호동 791(165m 범위),전라남도 광양시 금호동 2문(18m ↙),27.8,공차
SB-000012,2026-08-12,2026-08-12 11:13:38,117,44,급감속,전라남도 광양시 금호동 791(165m 범위),전라남도 광양시 금호동 2문(18m ↙),27.6,공차
SB-000012,2026-08-12,2026-08-12 11:13:38,0,44,급정지,전라남도 광양시 금호동 791(165m 범위),전라남도 광양시 금호동 2문(18m ↙),27.6,공차
SB-000012,2026-08-12,2026-08-12 11:14:52,33,45,DTG 데이터,전라남도 광양시 금호동 637(241m 범위),전라남도 광양시 금호동 버스정류장(317m ↙),27.7,공차
SB-000012,2026-08-12,2026-08-12 11:16:52,38,46,DTG 데이터,전라남도 광양시 금호동 636(226m 범위),전라남도 광양시 금호동 1문(337m ↘),27.7,공차
SB-000012,2026-08-12,2026-08-12 11:18:52,0,47,DTG 데이터,전라남도 광양시 금호동 636(416m 범위),전라남도 광양시 금호동 1문(412m ↘),27.6,공차
SB-000012,2026-08-12,2026-08-12 11:20:52,0,47,DTG 데이터,전라남도 광양시 금호동 636(415m 범위),전라남도 광양시 금호동 1문(413m ↘),27.7,공차
SB-000012,2026-08-12,2026-08-12 11:21:15,33,47,급가속,전라남도 광양시 금호동 636(426m 범위),전라남도 광양시 금호동 광일엔지니어링(407m ↖),27.6,공차
SB-000012,2026-08-12,2026-08-12 11:21:18,10,47,급감속,전라남도 광양시 금호동 636(425m 범위),전라남도 광양시 금호동 광일엔지니어링(407m ↖),27.6,공차
SB-000012,2026-08-12,2026-08-12 11:22:52,0,47,DTG 데이터,전라남도 광양시 금호동 636(416m 범위),전라남도 광양시 금호동 1문(404m ↘),27.6,공차
SB-000012,2026-08-12,2026-08-12 11:24:52,0,47,DTG 데이터,전라남도 광양시 금호동 636(421m 범위),전라남도 광양시 금호동 1문(408m ↘),27.6,공차
SB-000012,2026-08-12,2026-08-12 11:26:38,0,47,공회전감지,전라남도 광양시 금호동 636(421m 범위),전라남도 광양시 금호동 1문(408m ↘),27.4,공차
SB-000012,2026-08-12,2026-08-12 11:26:42,3,47,공회전종료,전라남도 광양시 금호동 636(424m 범위),전라남도 광양시 금호동 1문(413m ↘),27.6,공차
SB-000012,2026-08-12,2026-08-12 11:26:51,11,47,DTG 데이터,전라남도 광양시 금호동 636(441m 범위),전라남도 광양시 금호동 포렌(406m ↖),27.7,공차
SB-000012,2026-08-12,2026-08-12 11:28:52,0,47,DTG 데이터,전라남도 광양시 금호동 631(147m 범위),전라남도 광양시 금호동 광일엔지니어링(429m ←),27.5,공차
SB-000012,2026-08-12,2026-08-12 11:30:52,40,48,DTG 데이터,전라남도 광양시 금호동 657(101m 범위),주변에 특정 건물이 없습니다,27.7,공차
SB-000012,2026-08-12,2026-08-12 11:32:52,2,49,DTG 데이터,전라남도 광양시 금호동 634(64m 범위),전라남도 광양시 금호동 광양제품부두점(115m ↗),27.7,공차
SB-000012,2026-08-12,2026-08-12 11:34:52,0,49,DTG 데이터,전라남도 광양시 금호동 803(100m 범위),전라남도 광양시 금호동 우리은행365(317m ↘),27.7,공차
SB-000012,2026-08-12,2026-08-12 11:36:14,220,49,급출발,전라남도 광양시 금호동 803(101m 범위),전라남도 광양시 금호동 우리은행365(318m ↘),27.6,공차
SB-000012,2026-08-12,2026-08-12 11:36:16,10,49,급감속,전라남도 광양시 금호동 803(99m 범위),전라남도 광양시 금호동 포스코플로우(320m ↘),27.4,공차
SB-000012,2026-08-12,2026-08-12 11:36:16,155,49,급감속,전라남도 광양시 금호동 803(100m 범위),전라남도 광양시 금호동 포스코플로우(319m ↘),27.4,공차
SB-000012,2026-08-12,2026-08-12 11:36:43,231,49,급가속,전라남도 광양시 금호동 803(96m 범위),전라남도 광양시 금호동 포스코플로우(329m ↘),27.8,공차
SB-000012,2026-08-12,2026-08-12 11:36:49,0,49,Key Off,전라남도 광양시 금호동 803(96m 범위),전라남도 광양시 금호동 우리은행365(329m ↘),26.6,공차
SB-000012,2026-08-12,2026-08-12 11:37:25,231,49,Key On,전라남도 광양시 금호동 803(96m 범위),전라남도 광양시 금호동 포스코플로우(329m ↘),26.3,공차
SB-000012,2026-08-12,2026-08-12 11:38:54,38,50,DTG 데이터,전라남도 광양시 금호동 671(51m 범위),전라남도 광양시 금호동 피엠에스(98m ↙),27.5,공차
SB-000012,2026-08-12,2026-08-12 11:40:53,0,51,DTG 데이터,전라남도 광양시 금호동 662(442m 범위),주변에 특정 건물이 없습니다,27.5,공차
SB-000012,2026-08-12,2026-08-12 11:42:53,17,52,DTG 데이터,전라남도 광양시 금호동 663(37m 범위),전라남도 광양시 금호동 포스코광양제철소(365m →),27.7,공차
SB-000012,2026-08-12,2026-08-12 11:44:54,23,53,DTG 데이터,전라남도 광양시 금호동 791(298m 범위),전라남도 광양시 금호동 2문(214m ↓),27.6,공차
SB-000012,2026-08-12,2026-08-12 11:45:00,21,53,급가속,전라남도 광양시 금호동 791(270m 범위),전라남도 광양시 금호동 2문(182m ↓),27.6,공차
SB-000012,2026-08-12,2026-08-12 11:45:03,8,53,급감속,전라남도 광양시 금호동 791(268m 범위),전라남도 광양시 금호동 2문(181m ↓),27.5,공차
SB-000012,2026-08-12,2026-08-12 11:46:54,9,53,DTG 데이터,전라남도 광양시 금호동 791(200m 범위),전라남도 광양시 금호동 2문(99m ↓),27.7,공차
SB-000012,2026-08-12,2026-08-12 11:48:54,21,53,DTG 데이터,전라남도 광양시 금호동 791(34m 범위),전라남도 광양시 금호동 태인교삼거리(29m ←),27.5,공차
SB-000012,2026-08-12,2026-08-12 11:48:56,18,53,급감속,전라남도 광양시 금호동 791(24m 범위),전라남도 광양시 금호동 태인교삼거리(13m ↙),27.6,공차
SB-000012,2026-08-12,2026-08-12 11:48:56,34,53,급가속,전라남도 광양시 금호동 791(28m 범위),전라남도 광양시 금호동 태인교삼거리(19m ↙),27.4,공차
SB-000012,2026-08-12,2026-08-12 11:50:54,44,54,DTG 데이터,전라남도 광양시 태인동 1657-4(59m 범위),전라남도 광양시 태인동 버스정류장(11m ↗),27.6,공차
SB-000012,2026-08-12,2026-08-12 11:52:05,26,55,DTG GPS 이상,전라남도 광양시 태인동 1653-11(30m 범위),전라남도 광양시 태인동 용지삼거리(15m ↙),27.7,공차
SB-000012,2026-08-12,2026-08-12 11:52:36,141,55,급출발,전라남도 광양시 태인동 1656-6(47m 범위),전라남도 광양시 태인동 포스코DX(46m ↗),27.9,공차
SB-000012,2026-08-12,2026-08-12 11:52:39,250,55,급가속,전라남도 광양시 태인동 1656-6(47m 범위),전라남도 광양시 태인동 포스코DX(46m ↗),27.5,공차
SB-000012,2026-08-12,2026-08-12 11:52:39,0,55,Key Off,전라남도 광양시 태인동 1656-6(47m 범위),전라남도 광양시 태인동 포스코DX(46m ↗),26.7,공차
SB-000012,2026-08-12,2026-08-12 12:28:00,0,55,Key On,전라남도 광양시 태인동 1656-6(47m 범위),전라남도 광양시 태인동 포스코DX(46m ↗),26.1,공차
SB-000012,2026-08-12,2026-08-12 12:28:05,0,55,급감속,전라남도 광양시 태인동 1656-6(47m 범위),전라남도 광양시 태인동 포스코DX(50m ↗),26.7,공차
SB-000012,2026-08-12,2026-08-12 12:28:42,0,55,DTG GPS 정상,전라남도 광양시 태인동 1656-6(48m 범위),전라남도 광양시 태인동 포스코DX(50m ↗),27.4,공차
SB-000012,2026-08-12,2026-08-12 12:28:52,0,55,DTG 데이터,전라남도 광양시 태인동 1656-6(48m 범위),전라남도 광양시 태인동 포스코DX(50m ↗),27.4,공차
SB-000012,2026-08-12,2026-08-12 12:29:54,55,55,급가속,전라남도 광양시 태인동 1656-6(79m 범위),전라남도 광양시 태인동 포스코DX(83m ↗),27.4,공차
SB-000012,2026-08-12,2026-08-12 12:29:57,7,55,급감속,전라남도 광양시 태인동 1656-6(80m 범위),전라남도 광양시 태인동 동아스틸(83m ↓),27.6,공차
SB-000012,2026-08-12,2026-08-12 12:30:52,0,55,DTG 데이터,전라남도 광양시 태인동 1653-12(76m 범위),전라남도 광양시 태인동 동아스틸(66m ↓),27.9,공차
SB-000012,2026-08-12,2026-08-12 12:32:52,0,55,DTG 데이터,전라남도 광양시 태인동 1654-4(81m 범위),전라남도 광양시 태인동 GS칼텍스(81m ←),27.7,공차
SB-000012,2026-08-12,2026-08-12 12:34:53,32,56,DTG 데이터,전라남도 광양시 태인동 1653-2(44m 범위),전라남도 광양시 태인동 SK엔크린(36m ↘),27.6,공차
SB-000012,2026-08-12,2026-08-12 12:36:53,0,57,DTG 데이터,전라남도 광양시 금호동 791(94m 범위),전라남도 광양시 금호동 2문(58m ↗),27.5,공차
SB-000012,2026-08-12,2026-08-12 12:37:35,28,57,급가속,전라남도 광양시 금호동 791(171m 범위),전라남도 광양시 금호동 2문(29m ↙),27.5,공차
SB-000012,2026-08-12,2026-08-12 12:38:53,37,58,DTG 데이터,전라남도 광양시 금호동 637(145m 범위),전라남도 광양시 금호동 제철삼거리(371m ↘),27.7,공차
SB-000012,2026-08-12,2026-08-12 12:40:53,34,59,DTG 데이터,전라남도 광양시 금호동 636(242m 범위),전라남도 광양시 금호동 1문(315m ↘),27.7,공차
SB-000012,2026-08-12,2026-08-12 12:42:38,46,59,급가속,전라남도 광양시 금호동 631(183m 범위),전라남도 광양시 금호동 광일엔지니어링(409m ←),27.8,공차
SB-000012,2026-08-12,2026-08-12 12:42:40,6,59,급감속,전라남도 광양시 금호동 631(181m 범위),전라남도 광양시 금호동 광일엔지니어링(409m ←),27.8,공차
SB-000012,2026-08-12,2026-08-12 12:42:52,0,59,DTG 데이터,전라남도 광양시 금호동 631(173m 범위),전라남도 광양시 금호동 포렌(414m ←),27.7,공차
SB-000012,2026-08-12,2026-08-12 12:44:52,32,60,DTG 데이터,전라남도 광양시 금호동 657(300m 범위),주변에 특정 건물이 없습니다,27.6,공차
SB-000012,2026-08-12,2026-08-12 12:46:51,138,61,급출발,전라남도 광양시 금호동 660-1(196m 범위),주변에 특정 건물이 없습니다,27.7,공차
SB-000012,2026-08-12,2026-08-12 12:46:54,58,61,급감속,전라남도 광양시 금호동 660-1(196m 범위),주변에 특정 건물이 없습니다,27.7,공차
SB-000012,2026-08-12,2026-08-12 12:46:54,138,61,DTG 데이터,전라남도 광양시 금호동 660-1(196m 범위),주변에 특정 건물이 없습니다,27.7,공차
SB-000012,2026-08-12,2026-08-12 12:47:39,176,61,급가속,전라남도 광양시 금호동 660-1(210m 범위),주변에 특정 건물이 없습니다,28,공차
SB-000012,2026-08-12,2026-08-12 12:47:42,49,61,급감속,전라남도 광양시 금호동 660-1(213m 범위),주변에 특정 건물이 없습니다,27.2,공차
SB-000012,2026-08-12,2026-08-12 12:47:42,0,61,Key Off,전라남도 광양시 금호동 660-1(215m 범위),주변에 특정 건물이 없습니다,26.5,공차
SB-000012,2026-08-12,2026-08-12 13:06:32,0,61,Key On,전라남도 광양시 금호동 660-1(215m 범위),주변에 특정 건물이 없습니다,26.1,공차
SB-000012,2026-08-12,2026-08-12 13:06:52,0,61,DTG 데이터,전라남도 광양시 금호동 660-1(205m 범위),주변에 특정 건물이 없습니다,27.4,공차
SB-000012,2026-08-12,2026-08-12 13:08:52,21,61,DTG 데이터,전라남도 광양시 금호동 660-1(102m 범위),주변에 특정 건물이 없습니다,27.7,공차
SB-000012,2026-08-12,2026-08-12 13:10:08,35,62,급감속,전라남도 광양시 금호동 657(170m 범위),주변에 특정 건물이 없습니다,27.8,공차
SB-000012,2026-08-12,2026-08-12 13:10:53,11,62,DTG 데이터,전라남도 광양시 금호동 657(163m 범위),주변에 특정 건물이 없습니다,27.5,공차
SB-000012,2026-08-12,2026-08-12 13:12:53,24,63,DTG 데이터,전라남도 광양시 금호동 634(56m 범위),전라남도 광양시 금호동 한유엘엔에스(171m ↗),27.7,공차
SB-000012,2026-08-12,2026-08-12 13:14:53,26,63,DTG 데이터,전라남도 광양시 금호동 803(142m 범위),전라남도 광양시 금호동 우리은행365(294m ↘),27.6,공차
SB-000012,2026-08-12,2026-08-12 13:16:04,117,64,급출발,전라남도 광양시 금호동 803(97m 범위),전라남도 광양시 금호동 우리은행365(326m ↘),27.9,공차
SB-000012,2026-08-12,2026-08-12 13:16:07,0,64,Key Off,전라남도 광양시 금호동 803(97m 범위),전라남도 광양시 금호동 포스코플로우(327m ↘),26.5,공차
SB-000012,2026-08-12,2026-08-12 13:16:07,231,64,급가속,전라남도 광양시 금호동 803(97m 범위),전라남도 광양시 금호동 우리은행365(326m ↘),27,공차
SB-000012,2026-08-12,2026-08-12 13:17:09,231,64,Key On,전라남도 광양시 금호동 803(97m 범위),전라남도 광양시 금호동 우리은행365(327m ↘),26.3,공차
SB-000012,2026-08-12,2026-08-12 13:18:52,33,64,DTG 데이터,전라남도 광양시 금호동 671(69m 범위),전라남도 광양시 금호동 피엠에스(110m ↙),27.7,공차
SB-000012,2026-08-12,2026-08-12 13:20:52,0,65,DTG 데이터,전라남도 광양시 금호동 662(443m 범위),주변에 특정 건물이 없습니다,27.7,공차
SB-000012,2026-08-12,2026-08-12 13:22:52,16,66,DTG 데이터,전라남도 광양시 금호동 663(28m 범위),전라남도 광양시 금호동 포스코광양제철소(368m →),27.5,공차
SB-000012,2026-08-12,2026-08-12 13:24:52,14,67,DTG 데이터,전라남도 광양시 금호동 791(265m 범위),전라남도 광양시 금호동 2문(179m ↓),27.7,공차
SB-000012,2026-08-12,2026-08-12 13:25:20,28,67,급가속,전라남도 광양시 금호동 791(214m 범위),전라남도 광양시 금호동 2문(118m ↓),27.5,공차
SB-000012,2026-08-12,2026-08-12 13:25:22,7,67,급감속,전라남도 광양시 금호동 791(212m 범위),전라남도 광양시 금호동 2문(116m ↓),27.5,공차
SB-000012,2026-08-12,2026-08-12 13:26:52,10,67,DTG 데이터,전라남도 광양시 태인동 1664-7(25m 범위),전라남도 광양시 태인동 장가계(33m →),27.7,공차
SB-000012,2026-08-12,2026-08-12 13:28:53,6,69,DTG 데이터,전라남도 광양시 태인동 1653-5(37m 범위),전라남도 광양시 태인동 성광사(52m ↓),27.6,공차
SB-000012,2026-08-12,2026-08-12 13:29:36,36,69,DTG GPS 이상,전라남도 광양시 태인동 1653-6(15m 범위),전라남도 광양시 태인동 희노래연습장(25m →),27.8,공차
SB-000012,2026-08-12,2026-08-12 13:30:53,20,70,DTG 데이터,전라남도 광양시 태인동 1688(66m 범위),전라남도 광양시 태인동 현대티에스(71m ↖),27.5,공차
SB-000012,2026-08-12,2026-08-12 13:31:28,59,70,급가속,전라남도 광양시 태인동 1753(116m 범위),전라남도 광양시 태인동 삼현철강(122m ↙),27.6,공차
SB-000012,2026-08-12,2026-08-12 13:31:30,31,70,급감속,전라남도 광양시 태인동 1753(111m 범위),전라남도 광양시 태인동 삼현철강(119m ↙),27.6,공차
SB-000012,2026-08-12,2026-08-12 13:31:33,15,70,급감속,전라남도 광양시 태인동 1753(101m 범위),전라남도 광양시 태인동 삼현철강(113m ↙),27.5,공차
SB-000012,2026-08-12,2026-08-12 13:31:53,24,70,급가속,전라남도 광양시 태인동 1740(74m 범위),전라남도 광양시 태인동 삼현철강(160m ←),27.5,공차
SB-000012,2026-08-12,2026-08-12 13:31:55,25,70,급가속,전라남도 광양시 태인동 1740(68m 범위),전라남도 광양시 태인동 삼현철강(166m ←),27.5,공차
SB-000012,2026-08-12,2026-08-12 13:32:08,7,70,급감속,전라남도 광양시 태인동 1740(35m 범위),전라남도 광양시 태인동 한국상용트럭서비스센터(158m ↑),27.7,공차
SB-000012,2026-08-12,2026-08-12 13:32:52,0,70,DTG 데이터,전라남도 광양시 태인동 1740(33m 범위),전라남도 광양시 태인동 한국상용트럭서비스센터(156m ↑),27.4,공차
SB-000012,2026-08-12,2026-08-12 13:34:53,0,70,DTG 데이터,전라남도 광양시 태인동 1740(31m 범위),전라남도 광양시 태인동 한국상용트럭서비스센터(154m ↑),27.5,공차
SB-000012,2026-08-12,2026-08-12 13:36:52,0,70,DTG 데이터,전라남도 광양시 태인동 1740(29m 범위),전라남도 광양시 태인동 한국상용트럭서비스센터(152m ↑),27.6,공차
SB-000012,2026-08-12,2026-08-12 13:37:09,0,70,공회전감지,전라남도 광양시 태인동 1740(30m 범위),전라남도 광양시 태인동 한국상용트럭서비스센터(153m ↑),27.5,공차
SB-000012,2026-08-12,2026-08-12 13:38:52,0,70,DTG 데이터,전라남도 광양시 태인동 1740(28m 범위),전라남도 광양시 태인동 한국상용트럭서비스센터(151m ↑),27.7,공차
SB-000012,2026-08-12,2026-08-12 13:40:52,0,70,DTG 데이터,전라남도 광양시 태인동 1740(35m 범위),전라남도 광양시 태인동 한국상용트럭서비스센터(158m ↑),27.5,공차
SB-000012,2026-08-12,2026-08-12 13:42:10,0,70,공회전유지,전라남도 광양시 태인동 1740(37m 범위),전라남도 광양시 태인동 한국상용트럭서비스센터(160m ↑),27.6,공차
SB-000012,2026-08-12,2026-08-12 13:42:52,0,70,DTG 데이터,전라남도 광양시 태인동 1740(38m 범위),전라남도 광양시 태인동 한국상용트럭서비스센터(161m ↑),27.5,공차
SB-000012,2026-08-12,2026-08-12 13:44:52,0,70,DTG 데이터,전라남도 광양시 태인동 1740(37m 범위),전라남도 광양시 태인동 한국상용트럭서비스센터(160m ↑),27.4,공차
SB-000012,2026-08-12,2026-08-12 13:46:53,0,70,DTG 데이터,전라남도 광양시 태인동 1740(32m 범위),전라남도 광양시 태인동 한국상용트럭서비스센터(155m ↑),27.5,공차
SB-000012,2026-08-12,2026-08-12 13:47:11,0,70,공회전유지,전라남도 광양시 태인동 1740(31m 범위),전라남도 광양시 태인동 한국상용트럭서비스센터(154m ↑),27.5,공차
SB-000012,2026-08-12,2026-08-12 13:48:01,5,70,공회전종료,전라남도 광양시 태인동 1740(33m 범위),전라남도 광양시 태인동 한국상용트럭서비스센터(155m ↑),27.6,공차
SB-000012,2026-08-12,2026-08-12 13:48:52,250,70,급출발,전라남도 광양시 태인동 28-253(31m 범위),전라남도 광양시 태인동 명당자원(122m ↘),27.8,공차
SB-000012,2026-08-12,2026-08-12 13:48:54,20,70,급감속,전라남도 광양시 태인동 28-253(29m 범위),전라남도 광양시 태인동 명당자원(121m ↘),27.3,공차
SB-000012,2026-08-12,2026-08-12 13:48:54,250,70,DTG 데이터,전라남도 광양시 태인동 28-253(29m 범위),전라남도 광양시 태인동 명당자원(121m ↘),27.3,공차
SB-000012,2026-08-12,2026-08-12 13:48:54,0,70,Key Off,전라남도 광양시 태인동 28-253(29m 범위),전라남도 광양시 태인동 명당자원(121m ↘),26.6,공차
SB-000012,2026-08-12,2026-08-12 14:02:50,0,70,Key On,전라남도 광양시 태인동 28-253(29m 범위),전라남도 광양시 태인동 명당자원(121m ↘),25.8,공차
SB-000012,2026-08-12,2026-08-12 14:02:53,0,70,관제주기보고,전라남도 광양시 태인동 28-253(29m 범위),전라남도 광양시 태인동 명당자원(124m ↘),26.2,공차
SB-000012,2026-08-12,2026-08-12 14:03:56,21,70,DTG GPS 정상,전라남도 광양시 태인동 1738(56m 범위),전라남도 광양시 태인동 대성철강(136m ↓),27.5,공차
SB-000012,2026-08-12,2026-08-12 14:04:53,39,71,DTG 데이터,전라남도 광양시 태인동 28-69(148m 범위),전라남도 광양시 태인동 매크로시스템엔지니어링(127m →),27.5,공차
SB-000012,2026-08-12,2026-08-12 14:06:53,28,72,DTG 데이터,전라남도 광양시 태인동 1656-1(71m 범위),전라남도 광양시 태인동 심팩메탈로이(81m ↖),27.6,공차
SB-000012,2026-08-12,2026-08-12 14:07:02,11,72,급감속,전라남도 광양시 태인동 1656-1(77m 범위),전라남도 광양시 태인동 SK엔크린(85m →),27.8,공차
SB-000012,2026-08-12,2026-08-12 14:08:53,25,73,DTG 데이터,전라남도 광양시 금호동 791(36m 범위),전라남도 광양시 금호동 태인교삼거리(52m ↑),27.6,공차
SB-000012,2026-08-12,2026-08-12 14:10:52,18,73,DTG 데이터,전라남도 광양시 금호동 791(41m 범위),전라남도 광양시 금호동 태인교삼거리(40m ←),27.6,공차
SB-000012,2026-08-12,2026-08-12 14:11:05,52,74,급가속,전라남도 광양시 금호동 791(95m 범위),전라남도 광양시 금호동 2문(56m ↗),27.6,공차
SB-000012,2026-08-12,2026-08-12 14:11:08,14,74,급감속,전라남도 광양시 금호동 791(99m 범위),전라남도 광양시 금호동 2문(52m ↗),27.5,공차
SB-000012,2026-08-12,2026-08-12 14:11:32,189,74,급출발,전라남도 광양시 금호동 791(155m 범위),전라남도 광양시 금호동 2문(27m ↖),27.5,공차
SB-000012,2026-08-12,2026-08-12 14:11:34,28,74,급감속,전라남도 광양시 금호동 791(155m 범위),전라남도 광양시 금호동 2문(27m ↖),27.4,공차
SB-000012,2026-08-12,2026-08-12 14:12:52,36,74,DTG 데이터,전라남도 광양시 금호동 637(232m 범위),전라남도 광양시 금호동 버스정류장(323m ↙),27.6,공차
SB-000012,2026-08-12,2026-08-12 14:14:52,36,75,DTG 데이터,전라남도 광양시 금호동 636(214m 범위),전라남도 광양시 금호동 1문(342m ↘),27.7,공차
SB-000012,2026-08-12,2026-08-12 14:15:15,95,76,급가속,전라남도 광양시 금호동 636(382m 범위),전라남도 광양시 금호동 1문(236m ↘),27.7,공차
SB-000012,2026-08-12,2026-08-12 14:16:42,47,76,급가속,전라남도 광양시 금호동 631(164m 범위),전라남도 광양시 금호동 광일엔지니어링(420m ←),27.5,공차
SB-000012,2026-08-12,2026-08-12 14:16:45,8,76,급감속,전라남도 광양시 금호동 631(164m 범위),전라남도 광양시 금호동 포렌(420m ←),27.5,공차
SB-000012,2026-08-12,2026-08-12 14:16:52,0,76,DTG 데이터,전라남도 광양시 금호동 631(158m 범위),전라남도 광양시 금호동 포렌(422m ←),27.6,공차
SB-000012,2026-08-12,2026-08-12 14:18:52,41,76,DTG 데이터,전라남도 광양시 금호동 635(51m 범위),전라남도 광양시 금호동 포렌(498m ↙),27.5,공차
SB-000012,2026-08-12,2026-08-12 14:20:34,59,77,급가속,전라남도 광양시 금호동 656(129m 범위),전라남도 광양시 금호동 한유엘엔에스(331m ↗),27.7,공차
SB-000012,2026-08-12,2026-08-12 14:20:36,24,77,급감속,전라남도 광양시 금호동 656(122m 범위),전라남도 광양시 금호동 한유엘엔에스(325m ↗),27.6,공차
SB-000012,2026-08-12,2026-08-12 14:20:53,22,77,DTG 데이터,전라남도 광양시 금호동 656(168m 범위),전라남도 광양시 금호동 한유엘엔에스(366m ↗),27.7,공차
SB-000012,2026-08-12,2026-08-12 14:22:37,36,78,급감속,전라남도 광양시 금호동 656(137m 범위),전라남도 광양시 금호동 한유엘엔에스(336m ↗),27.7,공차
SB-000012,2026-08-12,2026-08-12 14:22:43,0,78,Key Off,전라남도 광양시 금호동 656(137m 범위),전라남도 광양시 금호동 한유엘엔에스(337m ↗),26.5,공차
SB-000012,2026-08-12,2026-08-12 15:04:56,0,78,Key On,전라남도 광양시 금호동 656(137m 범위),전라남도 광양시 금호동 한유엘엔에스(337m ↗),25.9,공차
SB-000012,2026-08-12,2026-08-12 15:05:56,135,78,급감속,전라남도 광양시 금호동 656(162m 범위),전라남도 광양시 금호동 한유엘엔에스(366m ↗),27.3,공차
SB-000012,2026-08-12,2026-08-12 15:05:56,236,78,급가속,전라남도 광양시 금호동 656(163m 범위),전라남도 광양시 금호동 한유엘엔에스(366m ↗),27,공차
SB-000012,2026-08-12,2026-08-12 15:05:59,2,78,급정지,전라남도 광양시 금호동 656(163m 범위),전라남도 광양시 금호동 한유엘엔에스(366m ↗),27.2,공차
SB-000012,2026-08-12,2026-08-12 15:05:59,156,78,급가속,전라남도 광양시 금호동 656(163m 범위),전라남도 광양시 금호동 한유엘엔에스(366m ↗),27.2,공차
SB-000012,2026-08-12,2026-08-12 15:06:52,15,78,DTG 데이터,전라남도 광양시 금호동 656(112m 범위),전라남도 광양시 금호동 한유엘엔에스(312m ↗),27.5,공차
SB-000012,2026-08-12,2026-08-12 15:07:30,194,78,급출발,전라남도 광양시 금호동 634(112m 범위),전라남도 광양시 금호동 광양제품부두점(216m ↗),27.8,공차
SB-000012,2026-08-12,2026-08-12 15:07:33,0,78,Key Off,전라남도 광양시 금호동 634(111m 범위),전라남도 광양시 금호동 광양제품부두점(213m ↗),26.4,공차
SB-000012,2026-08-12,2026-08-12 15:07:33,45,78,급감속,전라남도 광양시 금호동 634(111m 범위),전라남도 광양시 금호동 광양제품부두점(214m ↗),26.6,공차
SB-000012,2026-08-12,2026-08-12 15:17:51,0,78,Key On,전라남도 광양시 금호동 634(111m 범위),전라남도 광양시 금호동 광양제품부두점(213m ↗),25.8,공차
SB-000012,2026-08-12,2026-08-12 15:18:52,7,78,DTG 데이터,전라남도 광양시 금호동 634(128m 범위),전라남도 광양시 금호동 광양제품부두점(161m ↗),27.5,공차
SB-000012,2026-08-12,2026-08-12 15:20:52,14,79,DTG 데이터,전라남도 광양시 금호동 803(164m 범위),전라남도 광양시 금호동 포스코플로우(284m ↓),27.7,공차
SB-000012,2026-08-12,2026-08-12 15:22:52,6,79,DTG 데이터,전라남도 광양시 금호동 803(108m 범위),전라남도 광양시 금호동 우리은행365(311m ↘),27.7,공차
SB-000012,2026-08-12,2026-08-12 15:24:52,0,79,DTG 데이터,전라남도 광양시 금호동 803(93m 범위),전라남도 광양시 금호동 우리은행365(325m ↘),27.7,공차
SB-000012,2026-08-12,2026-08-12 15:26:52,0,79,DTG 데이터,전라남도 광양시 금호동 803(109m 범위),전라남도 광양시 금호동 우리은행365(332m ↘),27.6,공차
SB-000012,2026-08-12,2026-08-12 15:28:53,28,79,DTG 데이터,전라남도 광양시 금호동 671(57m 범위),전라남도 광양시 금호동 피엠에스(85m ↓),27.5,공차
SB-000012,2026-08-12,2026-08-12 15:29:48,43,80,급가속,전라남도 광양시 금호동 642-1(167m 범위),전라남도 광양시 금호동 피엠에스(458m →),27.5,공차
SB-000012,2026-08-12,2026-08-12 15:29:51,19,80,급감속,전라남도 광양시 금호동 642-1(163m 범위),전라남도 광양시 금호동 피엠에스(464m →),27.6,공차
SB-000012,2026-08-12,2026-08-12 15:30:09,112,80,급가속,전라남도 광양시 금호동 642-1(155m 범위),전라남도 광양시 금호동 피엠에스(498m →),27.6,공차
SB-000012,2026-08-12,2026-08-12 15:30:11,14,80,급감속,전라남도 광양시 금호동 642-1(157m 범위),주변에 특정 건물이 없습니다,27.5,공차
SB-000012,2026-08-12,2026-08-12 15:30:53,20,80,DTG 데이터,전라남도 광양시 금호동 662(426m 범위),주변에 특정 건물이 없습니다,27.7,공차
SB-000012,2026-08-12,2026-08-12 15:30:55,47,80,급가속,전라남도 광양시 금호동 662(436m 범위),주변에 특정 건물이 없습니다,27.7,공차
SB-000012,2026-08-12,2026-08-12 15:30:58,13,80,급감속,전라남도 광양시 금호동 662(438m 범위),주변에 특정 건물이 없습니다,27.6,공차
SB-000012,2026-08-12,2026-08-12 15:31:00,29,80,급감속,전라남도 광양시 금호동 662(440m 범위),주변에 특정 건물이 없습니다,27.6,공차
SB-000012,2026-08-12,2026-08-12 15:31:03,11,80,급감속,전라남도 광양시 금호동 662(441m 범위),주변에 특정 건물이 없습니다,27.5,공차
SB-000012,2026-08-12,2026-08-12 15:32:53,25,81,DTG 데이터,전라남도 광양시 금호동 663(204m 범위),전라남도 광양시 금호동 포스코광양제철소(399m →),27.7,공차
SB-000012,2026-08-12,2026-08-12 15:33:04,235,81,급가속,전라남도 광양시 금호동 663(116m 범위),전라남도 광양시 금호동 포스코광양제철소(374m →),27.7,공차
SB-000012,2026-08-12,2026-08-12 15:33:06,21,81,급감속,전라남도 광양시 금호동 663(110m 범위),전라남도 광양시 금호동 포스코광양제철소(373m →),27.5,공차
SB-000012,2026-08-12,2026-08-12 15:33:42,45,81,급가속,전라남도 광양시 금호동 663(6m 범위),전라남도 광양시 금호동 포스코광양제철소(373m →),27.5,공차
SB-000012,2026-08-12,2026-08-12 15:33:44,16,81,급감속,전라남도 광양시 금호동 663(9m 범위),전라남도 광양시 금호동 포스코광양제철소(373m →),27.5,공차
SB-000012,2026-08-12,2026-08-12 15:34:52,31,82,DTG 데이터,주변에 검색된 지번이 없습니다,주변에 특정건물이 없습니다,27.8,공차
SB-000012,2026-08-12,2026-08-12 15:36:09,130,82,급가속,전라남도 광양시 금호동 791(248m 범위),전라남도 광양시 금호동 2문(156m ↓),27.6,공차
SB-000012,2026-08-12,2026-08-12 15:36:11,5,82,급정지,전라남도 광양시 금호동 791(247m 범위),전라남도 광양시 금호동 2문(155m ↓),27.5,공차
SB-000012,2026-08-12,2026-08-12 15:36:21,16,82,급가속,전라남도 광양시 금호동 791(230m 범위),전라남도 광양시 금호동 2문(136m ↓),27.4,공차
SB-000012,2026-08-12,2026-08-12 15:36:52,0,82,DTG 데이터,전라남도 광양시 금호동 791(229m 범위),전라남도 광양시 금호동 2문(134m ↓),27.6,공차
SB-000012,2026-08-12,2026-08-12 15:38:52,6,82,DTG 데이터,전라남도 광양시 금호동 791(148m 범위),전라남도 광양시 금호동 2문(16m ↘),27.7,공차
SB-000012,2026-08-12,2026-08-12 15:40:52,0,83,DTG 데이터,전라남도 광양시 태인동 1664-1(21m 범위),전라남도 광양시 태인동 한영통신무전기CCTV(23m →),27.5,공차
SB-000012,2026-08-12,2026-08-12 15:42:52,41,83,DTG 데이터,전라남도 광양시 태인동 1652-8(49m 범위),전라남도 광양시 태인동 GS칼텍스(30m ↘),27.7,공차
SB-000012,2026-08-12,2026-08-12 15:44:54,16,85,DTG 데이터,전라남도 광양시 태인동 1654-7(89m 범위),전라남도 광양시 태인동 비에이치인더스트리(68m ↙),27.7,공차
SB-000012,2026-08-12,2026-08-12 15:45:59,0,85,Key Off,전라남도 광양시 태인동 1654-1(43m 범위),전라남도 광양시 태인동 세정테크(30m ↖),26.8,공차
SB-000012,2026-08-12,2026-08-12 15:45:59,22,85,급감속,전라남도 광양시 태인동 1654-1(43m 범위),전라남도 광양시 태인동 세정테크(30m ↖),27.4,공차
SB-000012,2026-08-12,2026-08-12 15:48:36,0,85,Key On,전라남도 광양시 태인동 1654-1(43m 범위),전라남도 광양시 태인동 세정테크(30m ↖),25.8,공차
SB-000012,2026-08-12,2026-08-12 15:48:42,0,85,급가속,전라남도 광양시 태인동 1654-1(37m 범위),전라남도 광양시 태인동 세정테크(52m ←),26.3,공차
SB-000012,2026-08-12,2026-08-12 15:48:53,0,85,DTG 데이터,전라남도 광양시 태인동 1654-1(39m 범위),전라남도 광양시 태인동 세정테크(56m ←),27.3,공차
SB-000012,2026-08-12,2026-08-12 15:49:44,83,85,급가속,전라남도 광양시 태인동 1654-5(41m 범위),전라남도 광양시 태인동 광양2공장(32m ↙),27.8,공차
SB-000012,2026-08-12,2026-08-12 15:49:46,11,85,급감속,전라남도 광양시 태인동 1654-5(40m 범위),전라남도 광양시 태인동 광양2공장(33m ↙),27.7,공차
SB-000012,2026-08-12,2026-08-12 15:49:52,54,85,급가속,전라남도 광양시 태인동 1654-5(40m 범위),전라남도 광양시 태인동 광양2공장(39m ↙),27.9,공차
SB-000012,2026-08-12,2026-08-12 15:49:55,147,85,급가속,전라남도 광양시 태인동 1654-5(40m 범위),전라남도 광양시 태인동 광양2공장(40m ↙),27,공차
SB-000012,2026-08-12,2026-08-12 15:49:55,0,85,Key Off,전라남도 광양시 태인동 1654-5(40m 범위),전라남도 광양시 태인동 광양2공장(41m ↙),26.5,공차
SB-000012,2026-08-12,2026-08-12 15:51:41,147,85,Key On,전라남도 광양시 태인동 1654-5(40m 범위),전라남도 광양시 태인동 광양2공장(41m ↙),25.9,공차
SB-000012,2026-08-12,2026-08-12 15:52:53,0,85,DTG 데이터,전라남도 광양시 태인동 1654-5(39m 범위),전라남도 광양시 태인동 광양2공장(41m ↙),27.6,공차
SB-000012,2026-08-12,2026-08-12 15:54:53,0,85,DTG 데이터,전라남도 광양시 태인동 1654-5(41m 범위),전라남도 광양시 태인동 광양2공장(28m ↙),27.7,공차
SB-000012,2026-08-12,2026-08-12 15:56:43,0,85,공회전감지,전라남도 광양시 태인동 1654-5(28m 범위),전라남도 광양시 태인동 광양2공장(27m ←),27.6,공차
SB-000012,2026-08-12,2026-08-12 15:56:46,231,85,급출발,전라남도 광양시 태인동 1654-5(28m 범위),전라남도 광양시 태인동 광양2공장(27m ←),27.7,공차
SB-000012,2026-08-12,2026-08-12 15:56:46,0,85,Key Off,전라남도 광양시 태인동 1654-5(28m 범위),전라남도 광양시 태인동 광양2공장(27m ←),26.5,공차
SB-000012,2026-08-12,2026-08-12 15:56:46,231,85,공회전종료,전라남도 광양시 태인동 1654-5(28m 범위),전라남도 광양시 태인동 광양2공장(27m ←),27.7,공차
SB-000012,2026-08-12,2026-08-12 17:00:25,0,85,Key On,전라남도 광양시 태인동 1654-5(28m 범위),전라남도 광양시 태인동 광양2공장(27m ←),24.9,공차
SB-000012,2026-08-12,2026-08-12 17:00:30,0,85,급출발,전라남도 광양시 태인동 1711(48m 범위),전라남도 광양시 태인동 광양2공장(59m ↙),19.7,공차
SB-000012,2026-08-12,2026-08-12 17:00:32,0,85,급감속,전라남도 광양시 태인동 1711(48m 범위),전라남도 광양시 태인동 광양2공장(58m ↙),25.5,공차
SB-000012,2026-08-12,2026-08-12 17:00:32,0,85,급감속,전라남도 광양시 태인동 1711(48m 범위),전라남도 광양시 태인동 광양2공장(59m ↙),25.1,공차
SB-000012,2026-08-12,2026-08-12 17:00:35,0,85,급감속,전라남도 광양시 태인동 1711(48m 범위),전라남도 광양시 태인동 광양2공장(59m ↙),26,공차
SB-000012,2026-08-12,2026-08-12 17:00:35,0,85,급정지,전라남도 광양시 태인동 1711(48m 범위),전라남도 광양시 태인동 광양2공장(59m ↙),25.6,공차
SB-000012,2026-08-12,2026-08-12 17:00:42,231,85,급출발,전라남도 광양시 태인동 1711(49m 범위),전라남도 광양시 태인동 광양2공장(59m ↙),26.6,공차
SB-000012,2026-08-12,2026-08-12 17:00:44,0,85,급정지,전라남도 광양시 태인동 1711(49m 범위),전라남도 광양시 태인동 광양2공장(59m ↙),26.7,공차
SB-000012,2026-08-12,2026-08-12 17:00:44,185,85,급감속,전라남도 광양시 태인동 1711(49m 범위),전라남도 광양시 태인동 광양2공장(59m ↙),26.7,공차
SB-000012,2026-08-12,2026-08-12 17:00:52,28,85,급가속,전라남도 광양시 태인동 1711(49m 범위),전라남도 광양시 태인동 광양2공장(60m ↙),26.9,공차
SB-000012,2026-08-12,2026-08-12 17:00:54,120,85,급가속,전라남도 광양시 태인동 1711(49m 범위),전라남도 광양시 태인동 광양2공장(60m ↙),26.9,공차
SB-000012,2026-08-12,2026-08-12 17:00:54,0,85,급정지,전라남도 광양시 태인동 1711(49m 범위),전라남도 광양시 태인동 광양2공장(60m ↙),26.9,공차
SB-000012,2026-08-12,2026-08-12 17:00:54,120,85,DTG 데이터,전라남도 광양시 태인동 1711(49m 범위),전라남도 광양시 태인동 광양2공장(60m ↙),26.9,공차
SB-000012,2026-08-12,2026-08-12 17:00:59,15,85,급감속,전라남도 광양시 태인동 1711(49m 범위),전라남도 광양시 태인동 광양2공장(60m ↙),27,공차
SB-000012,2026-08-12,2026-08-12 17:01:06,14,85,급감속,전라남도 광양시 태인동 1711(49m 범위),전라남도 광양시 태인동 광양2공장(60m ↙),27.1,공차
SB-000012,2026-08-12,2026-08-12 17:01:15,48,85,급가속,전라남도 광양시 태인동 1711(48m 범위),전라남도 광양시 태인동 광양2공장(59m ↙),27.5,공차
SB-000012,2026-08-12,2026-08-12 17:02:53,0,85,DTG 데이터,전라남도 광양시 태인동 1654-5(41m 범위),전라남도 광양시 태인동 광양2공장(53m ←),27.5,공차
SB-000012,2026-08-12,2026-08-12 17:02:59,145,85,급출발,전라남도 광양시 태인동 1654-5(42m 범위),전라남도 광양시 태인동 광양2공장(54m ←),27.8,공차
SB-000012,2026-08-12,2026-08-12 17:03:01,238,85,급가속,전라남도 광양시 태인동 1654-5(42m 범위),전라남도 광양시 태인동 광양2공장(54m ←),26.7,공차
SB-000012,2026-08-12,2026-08-12 17:03:01,0,85,Key Off,전라남도 광양시 태인동 1654-5(43m 범위),전라남도 광양시 태인동 광양2공장(55m ←),26.5,공차
SB-000013,2026-08-12,2026-08-12 03:23:30,0,0,리셋보고,전라남도 광양시 태인동 1654-1(47m 범위),전라남도 광양시 태인동 세정테크(28m ↖),25,공차
SB-000013,2026-08-12,2026-08-12 07:39:23,0,0,Key On,전라남도 광양시 태인동 1654-1(47m 범위),전라남도 광양시 태인동 세정테크(28m ↖),18.4,공차
SB-000013,2026-08-12,2026-08-12 07:40:58,0,0,DTG 데이터,전라남도 광양시 태인동 1654-1(54m 범위),전라남도 광양시 태인동 세정테크(19m ↖),27.4,공차
SB-000013,2026-08-12,2026-08-12 07:42:58,15,1,DTG 데이터,전라남도 광양시 태인동 1654-1(42m 범위),전라남도 광양시 태인동 세정테크(95m ↑),27.3,공차
SB-000013,2026-08-12,2026-08-12 07:44:57,0,1,DTG 데이터,전라남도 광양시 태인동 1654-7(86m 범위),전라남도 광양시 태인동 비에이치인더스트리(66m ↙),27.4,공차
SB-000013,2026-08-12,2026-08-12 07:45:42,0,1,Key Off,전라남도 광양시 태인동 1654-7(90m 범위),전라남도 광양시 태인동 비에이치인더스트리(71m ↙),27,공차
SB-000013,2026-08-12,2026-08-12 07:57:06,0,1,Key On,전라남도 광양시 태인동 1654-7(90m 범위),전라남도 광양시 태인동 비에이치인더스트리(71m ↙),25.8,공차
SB-000013,2026-08-12,2026-08-12 07:58:57,30,1,DTG 데이터,전라남도 광양시 태인동 1656-6(58m 범위),전라남도 광양시 태인동 포스코DX(68m ↗),27.2,공차
SB-000013,2026-08-12,2026-08-12 08:00:13,36,2,급가속,전라남도 광양시 태인동 1664(8m 범위),전라남도 광양시 태인동 서강기업(58m ↓),27.3,공차
SB-000013,2026-08-12,2026-08-12 08:00:57,62,2,DTG 데이터,전라남도 광양시 태인동 303-50(23m 범위),전라남도 광양시 태인동 소모식당(29m ←),27.3,공차
SB-000013,2026-08-12,2026-08-12 08:02:57,0,3,DTG 데이터,전라남도 광양시 금호동 791(65m 범위),전라남도 광양시 태인동 태인교(34m ↓),26.7,공차
SB-000013,2026-08-12,2026-08-12 08:04:58,35,3,DTG 데이터,전라남도 광양시 금호동 791(272m 범위),전라남도 광양시 금호동 2문(174m ↓),26.2,공차
SB-000013,2026-08-12,2026-08-12 08:06:58,42,4,DTG 데이터,전라남도 광양시 금호동 636(172m 범위),전라남도 광양시 금호동 연구소앞삼거리(305m ↙),26.4,공차
SB-000013,2026-08-12,2026-08-12 08:08:58,24,5,DTG 데이터,전라남도 광양시 금호동 631(295m 범위),전라남도 광양시 금호동 광일엔지니어링(403m ←),26.5,공차
SB-000013,2026-08-12,2026-08-12 08:10:58,37,6,DTG 데이터,전라남도 광양시 금호동 632(375m 범위),주변에 특정 건물이 없습니다,26.2,공차
SB-000013,2026-08-12,2026-08-12 08:12:58,0,7,DTG 데이터,전라남도 광양시 금호동 656(220m 범위),전라남도 광양시 금호동 한유엘엔에스(423m ↗),26.6,공차
SB-000013,2026-08-12,2026-08-12 08:13:40,0,7,Key Off,전라남도 광양시 금호동 656(218m 범위),전라남도 광양시 금호동 한유엘엔에스(420m ↗),26.6,공차
SB-000013,2026-08-12,2026-08-12 08:27:38,0,7,Key On,전라남도 광양시 금호동 656(218m 범위),전라남도 광양시 금호동 한유엘엔에스(420m ↗),25.1,공차
SB-000013,2026-08-12,2026-08-12 08:28:58,0,7,DTG 데이터,전라남도 광양시 금호동 656(88m 범위),전라남도 광양시 금호동 한유엘엔에스(276m ↗),25.9,공차
SB-000013,2026-08-12,2026-08-12 08:29:28,0,7,Key Off,전라남도 광양시 금호동 656(106m 범위),전라남도 광양시 금호동 한유엘엔에스(237m ↗),26.2,공차
SB-000013,2026-08-12,2026-08-12 08:45:18,0,7,Key On,전라남도 광양시 금호동 656(106m 범위),전라남도 광양시 금호동 한유엘엔에스(237m ↗),24.3,공차
SB-000013,2026-08-12,2026-08-12 08:46:58,26,7,DTG 데이터,전라남도 광양시 금호동 802(38m 범위),전라남도 광양시 금호동 아르고마린토탈(93m →),26.3,공차
SB-000013,2026-08-12,2026-08-12 08:47:37,27,7,급가속,전라남도 광양시 금호동 803(143m 범위),전라남도 광양시 금호동 우리은행365(291m ↘),26.5,공차
SB-000013,2026-08-12,2026-08-12 08:48:58,10,7,DTG 데이터,전라남도 광양시 금호동 803(117m 범위),전라남도 광양시 금호동 포스코플로우(304m ↘),26.4,공차
SB-000013,2026-08-12,2026-08-12 08:50:58,7,7,DTG 데이터,전라남도 광양시 금호동 803(98m 범위),전라남도 광양시 금호동 우리은행365(320m ↘),26.4,공차
SB-000013,2026-08-12,2026-08-12 08:51:55,0,7,Key Off,전라남도 광양시 금호동 803(105m 범위),전라남도 광양시 금호동 우리은행365(318m ↘),26.5,공차
SB-000013,2026-08-12,2026-08-12 08:52:50,0,7,Key On,전라남도 광양시 금호동 803(105m 범위),전라남도 광양시 금호동 우리은행365(318m ↘),26.1,공차
SB-000013,2026-08-12,2026-08-12 08:52:57,0,7,DTG 데이터,전라남도 광양시 금호동 803(93m 범위),전라남도 광양시 금호동 우리은행365(350m ↘),26.4,공차
SB-000013,2026-08-12,2026-08-12 08:54:57,0,8,DTG 데이터,전라남도 광양시 금호동 642-1(159m 범위),전라남도 광양시 금호동 피엠에스(475m →),26.5,공차
SB-000013,2026-08-12,2026-08-12 08:56:58,34,9,DTG 데이터,전라남도 광양시 금호동 663(368m 범위),전라남도 광양시 금호동 포스코광양제철소(489m ↘),26.1,공차
SB-000013,2026-08-12,2026-08-12 08:58:58,36,10,DTG 데이터,주변에 검색된 지번이 없습니다,주변에 특정건물이 없습니다,25.9,공차
SB-000013,2026-08-12,2026-08-12 09:00:58,10,10,DTG 데이터,전라남도 광양시 금호동 791(118m 범위),전라남도 광양시 금호동 2문(31m ↗),26.4,공차
SB-000013,2026-08-12,2026-08-12 09:02:58,49,11,DTG 데이터,전라남도 광양시 태인동 267-3(25m 범위),전라남도 광양시 태인동 SK엔크린(43m →),26.2,공차
SB-000013,2026-08-12,2026-08-12 09:04:58,22,12,DTG 데이터,전라남도 광양시 태인동 1655(110m 범위),전라남도 광양시 태인동 CJ대한통운광양지사(83m ↘),26.4,공차
SB-000013,2026-08-12,2026-08-12 09:06:28,0,12,Key Off,전라남도 광양시 태인동 1654-1(33m 범위),전라남도 광양시 태인동 세정테크(47m ↑),26.6,공차
SB-000013,2026-08-12,2026-08-12 09:10:41,0,12,Key On,전라남도 광양시 태인동 1654-1(33m 범위),전라남도 광양시 태인동 세정테크(47m ↑),25.7,공차
SB-000013,2026-08-12,2026-08-12 09:10:58,0,12,관제주기보고,전라남도 광양시 태인동 1654-1(54m 범위),전라남도 광양시 태인동 세정테크(86m ←),26.4,공차
SB-000013,2026-08-12,2026-08-12 09:12:58,39,13,DTG 데이터,전라남도 광양시 태인동 1656-3(71m 범위),전라남도 광양시 태인동 전국레미콘(65m ←),26.4,공차
SB-000013,2026-08-12,2026-08-12 09:14:59,41,13,DTG 데이터,전라남도 광양시 태인동 1664(49m 범위),전라남도 광양시 태인동 서강기업(42m ↘),26.5,공차
SB-000013,2026-08-12,2026-08-12 09:16:58,0,14,DTG 데이터,전라남도 광양시 금호동 791(23m 범위),전라남도 광양시 금호동 태인교삼거리(39m ↑),26.5,공차
SB-000013,2026-08-12,2026-08-12 09:18:58,10,14,DTG 데이터,전라남도 광양시 금호동 791(156m 범위),전라남도 광양시 금호동 2문(14m ↖),26.4,공차
SB-000013,2026-08-12,2026-08-12 09:20:58,36,15,DTG 데이터,전라남도 광양시 금호동 658(122m 범위),전라남도 광양시 금호동 정문(211m ↘),26.2,공차
SB-000013,2026-08-12,2026-08-12 09:22:58,27,16,DTG 데이터,전라남도 광양시 금호동 796-9(434m 범위),전라남도 광양시 금호동 1문(302m ↓),26.4,공차
SB-000013,2026-08-12,2026-08-12 09:24:58,0,17,DTG 데이터,전라남도 광양시 금호동 631(168m 범위),전라남도 광양시 금호동 광일엔지니어링(417m ←),26.2,공차
SB-000013,2026-08-12,2026-08-12 09:26:58,0,17,DTG 데이터,전라남도 광양시 금호동 657(54m 범위),주변에 특정 건물이 없습니다,26.6,공차
SB-000013,2026-08-12,2026-08-12 09:28:58,30,17,DTG 데이터,전라남도 광양시 금호동 657(50m 범위),주변에 특정 건물이 없습니다,26.6,공차
SB-000013,2026-08-12,2026-08-12 09:30:23,0,18,Key Off,전라남도 광양시 금호동 657(73m 범위),주변에 특정 건물이 없습니다,26.5,공차
SB-000013,2026-08-12,2026-08-12 09:38:34,0,18,Key On,전라남도 광양시 금호동 657(73m 범위),주변에 특정 건물이 없습니다,25.3,공차
SB-000013,2026-08-12,2026-08-12 09:38:58,0,18,DTG 데이터,전라남도 광양시 금호동 657(133m 범위),주변에 특정 건물이 없습니다,25.8,공차
SB-000013,2026-08-12,2026-08-12 09:40:58,28,18,DTG 데이터,전라남도 광양시 금호동 634(44m 범위),전라남도 광양시 금호동 광양제품부두점(146m ↗),26.1,공차
SB-000013,2026-08-12,2026-08-12 09:42:58,0,19,DTG 데이터,전라남도 광양시 금호동 803(100m 범위),전라남도 광양시 금호동 우리은행365(318m ↘),26.2,공차
SB-000013,2026-08-12,2026-08-12 09:43:19,0,19,Key Off,전라남도 광양시 금호동 803(95m 범위),전라남도 광양시 금호동 우리은행365(326m ↘),26.6,공차
SB-000013,2026-08-12,2026-08-12 09:44:00,0,19,Key On,전라남도 광양시 금호동 803(95m 범위),전라남도 광양시 금호동 우리은행365(326m ↘),26.1,공차
SB-000013,2026-08-12,2026-08-12 09:44:59,34,19,DTG 데이터,전라남도 광양시 금호동 642(102m 범위),전라남도 광양시 금호동 피엠에스(258m ←),26,공차
SB-000013,2026-08-12,2026-08-12 09:45:15,38,19,급가속,전라남도 광양시 금호동 671(63m 범위),전라남도 광양시 금호동 피엠에스(111m ↙),26.2,공차
SB-000013,2026-08-12,2026-08-12 09:46:59,0,20,DTG 데이터,전라남도 광양시 금호동 662(443m 범위),주변에 특정 건물이 없습니다,26.3,공차
SB-000013,2026-08-12,2026-08-12 09:49:00,31,21,DTG 데이터,전라남도 광양시 금호동 663(90m 범위),전라남도 광양시 금호동 포스코광양제철소(391m →),26.2,공차
SB-000013,2026-08-12,2026-08-12 09:51:00,7,22,DTG 데이터,전라남도 광양시 금호동 791(285m 범위),전라남도 광양시 금호동 2문(200m ↓),26.3,공차
SB-000013,2026-08-12,2026-08-12 09:53:00,25,23,DTG 데이터,전라남도 광양시 태인동 1664-7(46m 범위),전라남도 광양시 태인동 마당쇠보쌈(49m ↘),26.1,공차
SB-000013,2026-08-12,2026-08-12 09:55:00,44,23,DTG 데이터,전라남도 광양시 태인동 303-7(52m 범위),전라남도 광양시 태인동 세강산업(35m ↖),26,공차
SB-000013,2026-08-12,2026-08-12 09:56:59,0,24,DTG 데이터,전라남도 광양시 태인동 28-196(14m 범위),전라남도 광양시 태인동 버스정류장(37m ↘),26.4,공차
SB-000013,2026-08-12,2026-08-12 09:58:59,24,25,DTG 데이터,전라남도 광양시 태인동 1753(107m 범위),전라남도 광양시 태인동 삼현철강(115m ↙),26.1,공차
SB-000013,2026-08-12,2026-08-12 10:00:59,0,25,DTG 데이터,전라남도 광양시 태인동 1740(36m 범위),전라남도 광양시 태인동 강변특장(151m ↗),26.3,공차
SB-000013,2026-08-12,2026-08-12 10:03:00,0,25,DTG 데이터,전라남도 광양시 태인동 1740(37m 범위),전라남도 광양시 태인동 강변특장(152m ↗),26.3,공차
SB-000013,2026-08-12,2026-08-12 10:04:50,0,25,공회전감지,전라남도 광양시 태인동 1740(40m 범위),전라남도 광양시 태인동 강변특장(153m ↗),26.3,공차
SB-000013,2026-08-12,2026-08-12 10:05:00,0,25,DTG 데이터,전라남도 광양시 태인동 1740(41m 범위),전라남도 광양시 태인동 강변특장(155m ↗),26.3,공차
SB-000013,2026-08-12,2026-08-12 10:07:00,0,25,DTG 데이터,전라남도 광양시 태인동 1740(40m 범위),전라남도 광양시 태인동 강변특장(153m ↗),26.5,공차
SB-000013,2026-08-12,2026-08-12 10:08:53,7,25,공회전종료,전라남도 광양시 태인동 1740(54m 범위),전라남도 광양시 태인동 강변특장(166m ↑),26.6,공차
SB-000013,2026-08-12,2026-08-12 10:08:59,6,25,DTG 데이터,전라남도 광양시 태인동 1740(64m 범위),전라남도 광양시 태인동 강변특장(177m ↑),26.5,공차
SB-000013,2026-08-12,2026-08-12 10:10:59,0,25,DTG 데이터,전라남도 광양시 태인동 1740(56m 범위),전라남도 광양시 태인동 강변특장(133m ↑),26.2,공차
SB-000013,2026-08-12,2026-08-12 10:12:34,0,25,Key Off,전라남도 광양시 태인동 28-174(80m 범위),전라남도 광양시 태인동 강변특장(160m ↑),26.6,공차
SB-000013,2026-08-12,2026-08-12 10:18:27,0,25,Key On,전라남도 광양시 태인동 28-174(80m 범위),전라남도 광양시 태인동 강변특장(160m ↑),25.3,공차
SB-000013,2026-08-12,2026-08-12 10:18:58,0,25,DTG 데이터,전라남도 광양시 태인동 1739(22m 범위),전라남도 광양시 태인동 대성철강(121m ↘),26.5,공차
SB-000013,2026-08-12,2026-08-12 10:20:58,46,26,DTG 데이터,전라남도 광양시 태인동 28-190(21m 범위),전라남도 광양시 태인동 태금중기(43m ←),26.4,공차
SB-000013,2026-08-12,2026-08-12 10:22:58,61,27,DTG 데이터,전라남도 광양시 태인동 269-1(16m 범위),전라남도 광양시 태인동 SK엔크린(19m →),26.5,공차
SB-000013,2026-08-12,2026-08-12 10:24:58,0,28,DTG 데이터,전라남도 광양시 금호동 791(8m 범위),전라남도 광양시 금호동 태인교삼거리(12m ↖),26.5,공차
SB-000013,2026-08-12,2026-08-12 10:26:58,0,28,DTG 데이터,전라남도 광양시 금호동 791(177m 범위),전라남도 광양시 금호동 2문(38m ↙),26.4,공차
SB-000013,2026-08-12,2026-08-12 10:28:58,17,29,DTG 데이터,전라남도 광양시 금호동 658(149m 범위),전라남도 광양시 금호동 정문(214m ↘),26.5,공차
SB-000013,2026-08-12,2026-08-12 10:30:58,0,29,DTG 데이터,전라남도 광양시 금호동 658(101m 범위),전라남도 광양시 금호동 정문(181m ↘),26.6,공차
SB-000013,2026-08-12,2026-08-12 10:32:57,0,29,DTG 데이터,전라남도 광양시 금호동 658(99m 범위),전라남도 광양시 금호동 정문(181m ↘),26.6,공차
SB-000013,2026-08-12,2026-08-12 10:34:14,0,29,공회전감지,전라남도 광양시 금호동 658(100m 범위),전라남도 광양시 금호동 정문(181m ↘),26.5,공차
SB-000013,2026-08-12,2026-08-12 10:34:58,0,29,DTG 데이터,전라남도 광양시 금호동 658(100m 범위),전라남도 광양시 금호동 정문(180m ↘),26.6,공차
SB-000013,2026-08-12,2026-08-12 10:36:58,0,29,DTG 데이터,전라남도 광양시 금호동 658(99m 범위),전라남도 광양시 금호동 정문(181m ↘),26.5,공차
SB-000013,2026-08-12,2026-08-12 10:38:58,0,29,DTG 데이터,전라남도 광양시 금호동 658(99m 범위),전라남도 광양시 금호동 정문(179m ↘),26.5,공차
SB-000013,2026-08-12,2026-08-12 10:39:13,0,29,공회전유지,전라남도 광양시 금호동 658(99m 범위),전라남도 광양시 금호동 정문(181m ↘),26.4,공차
SB-000013,2026-08-12,2026-08-12 10:40:58,0,29,DTG 데이터,전라남도 광양시 금호동 658(99m 범위),전라남도 광양시 금호동 정문(181m ↘),26.5,공차
SB-000013,2026-08-12,2026-08-12 10:42:58,0,29,DTG 데이터,전라남도 광양시 금호동 658(96m 범위),전라남도 광양시 금호동 정문(180m ↘),26.5,공차
SB-000013,2026-08-12,2026-08-12 10:44:13,0,29,공회전유지,전라남도 광양시 금호동 658(95m 범위),전라남도 광양시 금호동 정문(180m ↘),26.5,공차
SB-000013,2026-08-12,2026-08-12 10:44:58,0,29,DTG 데이터,전라남도 광양시 금호동 658(96m 범위),전라남도 광양시 금호동 정문(179m ↘),26.5,공차
SB-000013,2026-08-12,2026-08-12 10:46:58,0,29,DTG 데이터,전라남도 광양시 금호동 658(94m 범위),전라남도 광양시 금호동 정문(177m ↘),26.5,공차
SB-000013,2026-08-12,2026-08-12 10:48:58,0,29,DTG 데이터,전라남도 광양시 금호동 658(83m 범위),전라남도 광양시 금호동 정문(171m ↘),26.5,공차
SB-000013,2026-08-12,2026-08-12 10:49:13,0,29,공회전유지,전라남도 광양시 금호동 658(83m 범위),전라남도 광양시 금호동 정문(169m ↘),26.5,공차
SB-000013,2026-08-12,2026-08-12 10:50:58,0,29,DTG 데이터,전라남도 광양시 금호동 658(83m 범위),전라남도 광양시 금호동 정문(169m ↘),26.6,공차
SB-000013,2026-08-12,2026-08-12 10:52:58,0,29,DTG 데이터,전라남도 광양시 금호동 658(89m 범위),전라남도 광양시 금호동 정문(171m ↘),26.5,공차
SB-000013,2026-08-12,2026-08-12 10:54:14,0,29,공회전유지,전라남도 광양시 금호동 658(92m 범위),전라남도 광양시 금호동 정문(176m ↘),26.5,공차
SB-000013,2026-08-12,2026-08-12 10:54:58,0,29,DTG 데이터,전라남도 광양시 금호동 658(92m 범위),전라남도 광양시 금호동 정문(174m ↘),26.6,공차
SB-000013,2026-08-12,2026-08-12 10:56:58,0,29,DTG 데이터,전라남도 광양시 금호동 658(82m 범위),전라남도 광양시 금호동 정문(167m ↘),26.4,공차
SB-000013,2026-08-12,2026-08-12 10:58:58,0,29,DTG 데이터,전라남도 광양시 금호동 658(85m 범위),전라남도 광양시 금호동 정문(169m ↘),26.6,공차
SB-000013,2026-08-12,2026-08-12 10:59:13,0,29,공회전유지,전라남도 광양시 금호동 658(85m 범위),전라남도 광양시 금호동 정문(168m ↘),26.5,공차
SB-000013,2026-08-12,2026-08-12 11:00:58,0,29,DTG 데이터,전라남도 광양시 금호동 658(91m 범위),전라남도 광양시 금호동 정문(172m ↘),26.6,공차
SB-000013,2026-08-12,2026-08-12 11:02:58,0,29,DTG 데이터,전라남도 광양시 금호동 658(93m 범위),전라남도 광양시 금호동 정문(176m ↘),26.5,공차
SB-000013,2026-08-12,2026-08-12 11:04:13,0,29,공회전유지,전라남도 광양시 금호동 658(94m 범위),전라남도 광양시 금호동 정문(174m ↘),26.6,공차
SB-000013,2026-08-12,2026-08-12 11:04:58,0,29,DTG 데이터,전라남도 광양시 금호동 658(96m 범위),전라남도 광양시 금호동 정문(177m ↘),26.6,공차
SB-000013,2026-08-12,2026-08-12 11:06:58,0,29,DTG 데이터,전라남도 광양시 금호동 658(95m 범위),전라남도 광양시 금호동 정문(176m ↘),26.5,공차
SB-000013,2026-08-12,2026-08-12 11:08:01,12,29,공회전종료,전라남도 광양시 금호동 658(86m 범위),전라남도 광양시 금호동 정문(171m ↘),26.5,공차
SB-000013,2026-08-12,2026-08-12 11:08:57,41,30,DTG 데이터,전라남도 광양시 금호동 636(145m 범위),전라남도 광양시 금호동 축구장(354m ↓),26.1,공차
SB-000013,2026-08-12,2026-08-12 11:10:58,0,30,DTG 데이터,전라남도 광양시 금호동 636(378m 범위),전라남도 광양시 금호동 광일엔지니어링(296m ↖),26.5,공차
SB-000013,2026-08-12,2026-08-12 11:12:58,0,30,DTG 데이터,전라남도 광양시 금호동 636(374m 범위),전라남도 광양시 금호동 광일엔지니어링(291m ↖),26.5,공차
SB-000013,2026-08-12,2026-08-12 11:14:57,0,30,공회전감지,전라남도 광양시 금호동 636(414m 범위),전라남도 광양시 금호동 포렌(266m ↖),26.3,공차
SB-000013,2026-08-12,2026-08-12 11:15:00,0,30,DTG 데이터,전라남도 광양시 금호동 636(414m 범위),전라남도 광양시 금호동 광일엔지니어링(266m ↖),26.2,공차
SB-000013,2026-08-12,2026-08-12 11:16:55,0,30,공회전종료,전라남도 광양시 금호동 636(429m 범위),전라남도 광양시 금호동 광일엔지니어링(263m ↖),26.2,공차
SB-000013,2026-08-12,2026-08-12 11:16:58,0,30,DTG 데이터,전라남도 광양시 금호동 636(428m 범위),전라남도 광양시 금호동 광일엔지니어링(263m ↖),25.9,공차
SB-000013,2026-08-12,2026-08-12 11:18:58,0,30,DTG 데이터,전라남도 광양시 금호동 631(153m 범위),주변에 특정 건물이 없습니다,26.1,공차
SB-000013,2026-08-12,2026-08-12 11:20:58,35,31,DTG 데이터,전라남도 광양시 금호동 632(302m 범위),주변에 특정 건물이 없습니다,26.2,공차
SB-000013,2026-08-12,2026-08-12 11:22:58,29,32,DTG 데이터,전라남도 광양시 금호동 802(114m 범위),주변에 특정 건물이 없습니다,26.1,공차
SB-000013,2026-08-12,2026-08-12 11:23:35,0,33,Key Off,전라남도 광양시 금호동 803(92m 범위),전라남도 광양시 금호동 포스코플로우(329m ↘),26.2,공차
SB-000013,2026-08-12,2026-08-12 11:24:53,0,33,Key On,전라남도 광양시 금호동 803(92m 범위),전라남도 광양시 금호동 우리은행365(329m ↘),24.9,공차
SB-000013,2026-08-12,2026-08-12 11:24:57,0,33,DTG 데이터,전라남도 광양시 금호동 803(102m 범위),전라남도 광양시 금호동 우리은행365(337m ↘),25.8,공차
SB-000013,2026-08-12,2026-08-12 11:26:58,33,33,DTG 데이터,전라남도 광양시 금호동 642-1(174m 범위),전라남도 광양시 금호동 피엠에스(452m →),26.3,공차
SB-000013,2026-08-12,2026-08-12 11:28:57,39,34,DTG 데이터,전라남도 광양시 금호동 663(388m 범위),주변에 특정 건물이 없습니다,26.2,공차
SB-000013,2026-08-12,2026-08-12 11:30:58,0,35,DTG 데이터,전라남도 광양시 금호동 663(58m 범위),전라남도 광양시 금호동 포스코광양제철소(367m →),26.3,공차
SB-000013,2026-08-12,2026-08-12 11:32:58,0,35,DTG 데이터,전라남도 광양시 금호동 663(60m 범위),전라남도 광양시 금호동 포스코광양제철소(369m →),26.3,공차
SB-000013,2026-08-12,2026-08-12 11:34:58,40,35,DTG 데이터,전라남도 광양시 금호동 791(426m 범위),전라남도 광양시 금호동 2문(352m ↓),26.3,공차
SB-000013,2026-08-12,2026-08-12 11:36:58,30,36,DTG 데이터,전라남도 광양시 태인동 1664-7(83m 범위),전라남도 광양시 태인동 태인교(20m ↗),26.2,공차
SB-000013,2026-08-12,2026-08-12 11:38:58,0,37,DTG 데이터,전라남도 광양시 태인동 1653-5(52m 범위),전라남도 광양시 태인동 전국레미콘(55m ↗),26.6,공차
SB-000013,2026-08-12,2026-08-12 11:40:58,25,38,DTG 데이터,전라남도 광양시 태인동 1721(47m 범위),전라남도 광양시 태인동 에어릭스(98m ↙),26.6,공차
SB-000013,2026-08-12,2026-08-12 11:42:58,18,39,DTG 데이터,전라남도 광양시 태인동 1714(44m 범위),전라남도 광양시 태인동 심팩메탈(95m ↖),26.4,공차
SB-000013,2026-08-12,2026-08-12 11:43:21,0,39,Key Off,전라남도 광양시 태인동 1714(71m 범위),전라남도 광양시 태인동 엔시스(74m ↑),26.5,공차
SB-000013,2026-08-12,2026-08-12 12:22:13,0,39,Key On,전라남도 광양시 태인동 1714(71m 범위),전라남도 광양시 태인동 엔시스(74m ↑),24.7,공차
SB-000013,2026-08-12,2026-08-12 12:22:58,0,39,DTG 데이터,전라남도 광양시 태인동 1688(83m 범위),전라남도 광양시 태인동 엔시스(86m ↑),26.5,공차
SB-000013,2026-08-12,2026-08-12 12:23:15,0,39,Key Off,전라남도 광양시 태인동 1688(100m 범위),전라남도 광양시 태인동 엔시스(103m ↑),25.9,공차
SB-000013,2026-08-12,2026-08-12 12:27:52,0,39,Key On,전라남도 광양시 태인동 1688(100m 범위),전라남도 광양시 태인동 엔시스(103m ↑),24,공차
SB-000013,2026-08-12,2026-08-12 12:28:58,0,39,DTG 데이터,전라남도 광양시 태인동 1714(121m 범위),전라남도 광양시 태인동 엔시스(132m ↑),26.5,공차
SB-000013,2026-08-12,2026-08-12 12:30:58,0,39,DTG 데이터,전라남도 광양시 태인동 1740(175m 범위),전라남도 광양시 태인동 삼현철강(152m ↙),26.4,공차
SB-000013,2026-08-12,2026-08-12 12:32:58,0,39,DTG 데이터,전라남도 광양시 태인동 1699(85m 범위),전라남도 광양시 태인동 대주기업(57m ↑),26.6,공차
SB-000013,2026-08-12,2026-08-12 12:34:58,0,40,DTG 데이터,전라남도 광양시 태인동 28-196(26m 범위),전라남도 광양시 태인동 SK엔크린(22m ↙),26.5,공차
SB-000013,2026-08-12,2026-08-12 12:36:58,0,41,DTG 데이터,전라남도 광양시 태인동 1653-2(50m 범위),전라남도 광양시 태인동 SK엔크린(46m →),26.2,공차
SB-000013,2026-08-12,2026-08-12 12:38:58,27,42,DTG 데이터,전라남도 광양시 금호동 791(153m 범위),전라남도 광양시 금호동 2문(22m ↖),26.4,공차
SB-000013,2026-08-12,2026-08-12 12:40:58,37,43,DTG 데이터,전라남도 광양시 금호동 658(26m 범위),전라남도 광양시 금호동 정문(162m ↘),26.1,공차
SB-000013,2026-08-12,2026-08-12 12:42:58,39,44,DTG 데이터,전라남도 광양시 금호동 631(433m 범위),전라남도 광양시 금호동 광일엔지니어링(438m ←),26.1,공차
SB-000013,2026-08-12,2026-08-12 12:44:58,0,45,DTG 데이터,전라남도 광양시 금호동 657(43m 범위),주변에 특정 건물이 없습니다,26.3,공차
SB-000013,2026-08-12,2026-08-12 12:46:58,0,45,DTG 데이터,전라남도 광양시 금호동 657(41m 범위),주변에 특정 건물이 없습니다,26.3,공차
SB-000013,2026-08-12,2026-08-12 12:48:58,0,45,DTG 데이터,전라남도 광양시 금호동 635(101m 범위),전라남도 광양시 금호동 광일엔지니어링(480m ↙),26.3,공차
SB-000013,2026-08-12,2026-08-12 12:49:48,0,45,Key Off,전라남도 광양시 금호동 657(69m 범위),주변에 특정 건물이 없습니다,26.5,공차
SB-000013,2026-08-12,2026-08-12 13:01:35,0,45,Key On,전라남도 광양시 금호동 657(69m 범위),주변에 특정 건물이 없습니다,24.9,공차
SB-000013,2026-08-12,2026-08-12 13:02:58,34,45,DTG 데이터,전라남도 광양시 금호동 653(294m 범위),주변에 특정 건물이 없습니다,26.4,공차
SB-000013,2026-08-12,2026-08-12 13:04:58,21,46,DTG 데이터,전라남도 광양시 금호동 634(153m 범위),전라남도 광양시 금호동 광양제품부두점(116m →),26.4,공차
SB-000013,2026-08-12,2026-08-12 13:06:21,0,47,Key Off,전라남도 광양시 금호동 803(85m 범위),전라남도 광양시 금호동 우리은행365(335m ↘),26.4,공차
SB-000013,2026-08-12,2026-08-12 13:07:26,7,47,Key On,전라남도 광양시 금호동 803(85m 범위),전라남도 광양시 금호동 우리은행365(335m ↘),25.6,공차
SB-000013,2026-08-12,2026-08-12 13:08:58,36,47,DTG 데이터,전라남도 광양시 금호동 662(95m 범위),전라남도 광양시 금호동 피엠에스(119m ↘),26,공차
SB-000013,2026-08-12,2026-08-12 13:10:59,22,48,DTG 데이터,주변에 검색된 지번이 없습니다,주변에 특정 건물이 없습니다,26.5,공차
SB-000013,2026-08-12,2026-08-12 13:12:58,0,49,DTG 데이터,전라남도 광양시 금호동 663(57m 범위),전라남도 광양시 금호동 포스코광양제철소(372m →),26.2,공차
SB-000013,2026-08-12,2026-08-12 13:14:58,39,49,DTG 데이터,전라남도 광양시 금호동 663(379m 범위),주변에 특정 건물이 없습니다,25.9,공차
SB-000013,2026-08-12,2026-08-12 13:16:58,25,50,DTG 데이터,전라남도 광양시 금호동 791(22m 범위),전라남도 광양시 금호동 태인교삼거리(16m ←),26.3,공차
SB-000013,2026-08-12,2026-08-12 13:18:58,0,50,DTG 데이터,전라남도 광양시 태인동 1664-1(23m 범위),전라남도 광양시 태인동 한영통신무전기CCTV(25m →),26.4,공차
SB-000013,2026-08-12,2026-08-12 13:20:58,34,52,DTG 데이터,전라남도 광양시 태인동 1653-5(34m 범위),전라남도 광양시 태인동 성광사(51m ↓),26.1,공차
SB-000013,2026-08-12,2026-08-12 13:22:58,0,52,DTG 데이터,전라남도 광양시 태인동 1654-1(125m 범위),전라남도 광양시 태인동 CJ대한통운광양지사(65m →),26.4,공차
SB-000013,2026-08-12,2026-08-12 13:24:58,0,52,DTG 데이터,전라남도 광양시 태인동 1654-1(125m 범위),전라남도 광양시 태인동 CJ대한통운광양지사(64m →),26.4,공차
SB-000013,2026-08-12,2026-08-12 13:26:59,37,53,DTG 데이터,전라남도 광양시 태인동 1653-11(46m 범위),전라남도 광양시 태인동 용지삼거리(60m →),26.2,공차
SB-000013,2026-08-12,2026-08-12 13:28:59,47,54,DTG 데이터,전라남도 광양시 태인동 1664-7(90m 범위),전라남도 광양시 태인동 태인교(11m ↖),26.2,공차
SB-000013,2026-08-12,2026-08-12 13:30:58,33,55,DTG 데이터,전라남도 광양시 금호동 800(321m 범위),전라남도 광양시 금호동 2문(267m ↓),26.2,공차
SB-000013,2026-08-12,2026-08-12 13:32:58,35,56,DTG 데이터,전라남도 광양시 금호동 636(149m 범위),전라남도 광양시 금호동 연구소앞삼거리(332m ↙),25.9,공차
SB-000013,2026-08-12,2026-08-12 13:34:58,6,57,DTG 데이터,전라남도 광양시 금호동 631(202m 범위),전라남도 광양시 금호동 포렌(408m ←),26,공차
SB-000013,2026-08-12,2026-08-12 13:36:58,0,58,DTG 데이터,전라남도 광양시 금호동 657(392m 범위),주변에 특정 건물이 없습니다,26.3,공차
SB-000013,2026-08-12,2026-08-12 13:38:13,0,58,Key Off,전라남도 광양시 금호동 657(379m 범위),주변에 특정 건물이 없습니다,26.5,공차
SB-000013,2026-08-12,2026-08-12 13:49:11,0,58,Key On,전라남도 광양시 금호동 657(379m 범위),주변에 특정 건물이 없습니다,24.9,공차
SB-000013,2026-08-12,2026-08-12 13:50:58,26,58,DTG 데이터,전라남도 광양시 금호동 634(66m 범위),전라남도 광양시 금호동 한유엘엔에스(180m ↗),26.4,공차
SB-000013,2026-08-12,2026-08-12 13:52:58,21,59,DTG 데이터,전라남도 광양시 금호동 803(136m 범위),전라남도 광양시 금호동 우리은행365(299m ↘),26.3,공차
SB-000013,2026-08-12,2026-08-12 13:54:51,0,59,Key Off,전라남도 광양시 금호동 803(85m 범위),전라남도 광양시 금호동 포스코플로우(335m ↘),26.6,공차
SB-000013,2026-08-12,2026-08-12 13:55:31,5,59,Key On,전라남도 광양시 금호동 803(85m 범위),전라남도 광양시 금호동 우리은행365(335m ↘),25.7,공차
SB-000013,2026-08-12,2026-08-12 13:56:58,36,59,DTG 데이터,전라남도 광양시 금호동 671(61m 범위),전라남도 광양시 금호동 피엠에스(84m ↓),26.2,공차
SB-000013,2026-08-12,2026-08-12 13:58:58,22,60,DTG 데이터,주변에 검색된 지번이 없습니다,주변에 특정 건물이 없습니다,26.3,공차
SB-000013,2026-08-12,2026-08-12 14:00:58,34,61,DTG 데이터,전라남도 광양시 금호동 663(142m 범위),전라남도 광양시 금호동 포스코광양제철소(415m ↗),26.2,공차
SB-000013,2026-08-12,2026-08-12 14:02:58,10,62,DTG 데이터,전라남도 광양시 금호동 791(198m 범위),전라남도 광양시 금호동 2문(95m ↓),26.4,공차
SB-000013,2026-08-12,2026-08-12 14:04:58,49,63,DTG 데이터,전라남도 광양시 태인동 303-7(49m 범위),전라남도 광양시 태인동 HD현대오일뱅크(32m →),26.2,공차
SB-000013,2026-08-12,2026-08-12 14:06:58,35,64,DTG 데이터,전라남도 광양시 태인동 28-198(4m 범위),전라남도 광양시 태인동 태인전업사(27m →),26.1,공차
SB-000013,2026-08-12,2026-08-12 14:08:58,24,65,DTG 데이터,전라남도 광양시 태인동 1753(103m 범위),전라남도 광양시 태인동 삼현철강(112m ↙),26.1,공차
SB-000013,2026-08-12,2026-08-12 14:10:58,0,65,DTG 데이터,전라남도 광양시 태인동 1740(34m 범위),전라남도 광양시 태인동 한국상용트럭서비스센터(154m ↗),26.2,공차
SB-000013,2026-08-12,2026-08-12 14:12:58,0,65,DTG 데이터,전라남도 광양시 태인동 1740(30m 범위),전라남도 광양시 태인동 한국상용트럭서비스센터(151m ↑),26.3,공차
SB-000013,2026-08-12,2026-08-12 14:14:36,0,65,공회전감지,전라남도 광양시 태인동 1740(30m 범위),전라남도 광양시 태인동 한국상용트럭서비스센터(150m ↑),26.2,공차
SB-000013,2026-08-12,2026-08-12 14:14:58,0,65,DTG 데이터,전라남도 광양시 태인동 1740(30m 범위),전라남도 광양시 태인동 한국상용트럭서비스센터(150m ↑),26.2,공차
SB-000013,2026-08-12,2026-08-12 14:16:58,0,65,DTG 데이터,전라남도 광양시 태인동 1740(29m 범위),전라남도 광양시 태인동 한국상용트럭서비스센터(150m ↑),26.2,공차
SB-000013,2026-08-12,2026-08-12 14:18:59,0,65,DTG 데이터,전라남도 광양시 태인동 1740(29m 범위),전라남도 광양시 태인동 한국상용트럭서비스센터(149m ↗),26.2,공차
SB-000013,2026-08-12,2026-08-12 14:19:37,0,65,공회전유지,전라남도 광양시 태인동 1740(29m 범위),전라남도 광양시 태인동 한국상용트럭서비스센터(149m ↗),26.2,공차
SB-000013,2026-08-12,2026-08-12 14:20:58,0,65,DTG 데이터,전라남도 광양시 태인동 1740(29m 범위),전라남도 광양시 태인동 한국상용트럭서비스센터(150m ↑),26.2,공차
SB-000013,2026-08-12,2026-08-12 14:22:14,7,65,공회전종료,전라남도 광양시 태인동 1740(26m 범위),전라남도 광양시 태인동 한국상용트럭서비스센터(149m ↑),26.2,공차
SB-000013,2026-08-12,2026-08-12 14:22:58,0,65,DTG 데이터,전라남도 광양시 태인동 1740(59m 범위),전라남도 광양시 태인동 강변특장(167m ↑),26.4,공차
SB-000013,2026-08-12,2026-08-12 14:23:04,0,65,Key Off,전라남도 광양시 태인동 1740(59m 범위),전라남도 광양시 태인동 강변특장(167m ↑),26.5,공차
SB-000013,2026-08-12,2026-08-12 14:28:20,0,65,Key On,전라남도 광양시 태인동 1740(59m 범위),전라남도 광양시 태인동 강변특장(167m ↑),24.9,공차
SB-000013,2026-08-12,2026-08-12 14:28:45,0,65,Key Off,전라남도 광양시 태인동 1740(64m 범위),전라남도 광양시 태인동 강변특장(175m ↑),25.8,공차
SB-000013,2026-08-12,2026-08-12 14:37:13,0,65,Key On,전라남도 광양시 태인동 1740(64m 범위),전라남도 광양시 태인동 강변특장(175m ↑),24.7,공차
SB-000013,2026-08-12,2026-08-12 14:38:58,32,65,DTG 데이터,전라남도 광양시 태인동 1740(139m 범위),전라남도 광양시 태인동 한국상용트럭서비스센터(137m →),26.3,공차
SB-000013,2026-08-12,2026-08-12 14:40:58,34,66,DTG 데이터,전라남도 광양시 태인동 28-190(12m 범위),전라남도 광양시 태인동 경동정밀기계(45m ←),26.4,공차
SB-000013,2026-08-12,2026-08-12 14:42:59,57,67,DTG 데이터,전라남도 광양시 태인동 1736-2(44m 범위),전라남도 광양시 태인동 흥해물류(31m →),26.5,공차
SB-000013,2026-08-12,2026-08-12 14:44:58,0,68,DTG 데이터,전라남도 광양시 금호동 791(75m 범위),전라남도 광양시 금호동 2문(74m ↗),26.5,공차
SB-000013,2026-08-12,2026-08-12 14:46:58,35,68,DTG 데이터,전라남도 광양시 금호동 637(169m 범위),전라남도 광양시 금호동 버스정류장(379m ↙),26.2,공차
SB-000013,2026-08-12,2026-08-12 14:48:58,35,70,DTG 데이터,전라남도 광양시 금호동 636(291m 범위),전라남도 광양시 금호동 1문(280m ↘),26.2,공차
SB-000013,2026-08-12,2026-08-12 14:50:58,6,70,DTG 데이터,전라남도 광양시 금호동 631(98m 범위),전라남도 광양시 금호동 광일엔지니어링(493m ←),26.3,공차
SB-000013,2026-08-12,2026-08-12 14:52:58,0,71,DTG 데이터,전라남도 광양시 금호동 631(263m 범위),주변에 특정 건물이 없습니다,26.6,공차
SB-000013,2026-08-12,2026-08-12 14:54:58,0,71,DTG 데이터,전라남도 광양시 금호동 631(274m 범위),주변에 특정 건물이 없습니다,26.4,공차
SB-000013,2026-08-12,2026-08-12 14:56:58,23,71,DTG 데이터,전라남도 광양시 금호동 631(355m 범위),주변에 특정 건물이 없습니다,26.2,공차
SB-000013,2026-08-12,2026-08-12 14:58:58,13,72,DTG 데이터,전라남도 광양시 금호동 653(249m 범위),주변에 특정 건물이 없습니다,26.3,공차
SB-000013,2026-08-12,2026-08-12 15:00:58,24,72,DTG 데이터,전라남도 광양시 금호동 634(69m 범위),전라남도 광양시 금호동 광양제품부두점(112m ↗),26.2,공차
SB-000013,2026-08-12,2026-08-12 15:02:58,0,73,DTG 데이터,전라남도 광양시 금호동 803(116m 범위),전라남도 광양시 금호동 포스코플로우(310m ↘),26.2,공차
SB-000013,2026-08-12,2026-08-12 15:04:58,0,73,DTG 데이터,전라남도 광양시 금호동 803(84m 범위),전라남도 광양시 금호동 포스코플로우(334m ↘),26.3,공차
SB-000013,2026-08-12,2026-08-12 15:06:34,0,73,Key Off,전라남도 광양시 금호동 803(86m 범위),전라남도 광양시 금호동 우리은행365(333m ↘),26.5,공차
SB-000013,2026-08-12,2026-08-12 15:06:58,6,73,Key On,전라남도 광양시 금호동 803(86m 범위),전라남도 광양시 금호동 우리은행365(333m ↘),25.7,공차
SB-000013,2026-08-12,2026-08-12 15:08:58,45,74,DTG 데이터,전라남도 광양시 금호동 662(185m 범위),전라남도 광양시 금호동 피엠에스(373m →),26.3,공차
SB-000013,2026-08-12,2026-08-12 15:10:58,38,75,DTG 데이터,주변에 검색된 지번이 없습니다,주변에 특정건물이 없습니다,26.2,공차
SB-000013,2026-08-12,2026-08-12 15:12:38,32,75,급가속,전라남도 광양시 금호동 663(73m 범위),전라남도 광양시 금호동 포스코광양제철소(370m →),26.2,공차
SB-000013,2026-08-12,2026-08-12 15:12:58,18,75,DTG 데이터,전라남도 광양시 금호동 663(8m 범위),전라남도 광양시 금호동 포스코광양제철소(372m →),26,공차
SB-000013,2026-08-12,2026-08-12 15:14:58,0,76,DTG 데이터,전라남도 광양시 금호동 791(306m 범위),전라남도 광양시 금호동 2문(223m ↓),26.2,공차
SB-000013,2026-08-12,2026-08-12 15:16:58,0,76,DTG 데이터,전라남도 광양시 금호동 791(240m 범위),전라남도 광양시 금호동 2문(147m ↓),26.2,공차
SB-000013,2026-08-12,2026-08-12 15:18:58,0,77,DTG 데이터,전라남도 광양시 태인동 1664-7(33m 범위),전라남도 광양시 태인동 마당쇠보쌈(38m ↘),26.2,공차
SB-000013,2026-08-12,2026-08-12 15:20:58,47,78,DTG 데이터,전라남도 광양시 태인동 1656(75m 범위),전라남도 광양시 태인동 SK엔크린(80m →),26.2,공차
SB-000013,2026-08-12,2026-08-12 15:22:58,7,79,DTG 데이터,전라남도 광양시 태인동 1654-1(28m 범위),전라남도 광양시 태인동 세정테크(48m ↖),26.3,공차
SB-000013,2026-08-12,2026-08-12 15:24:58,17,79,DTG 데이터,전라남도 광양시 태인동 1654-1(62m 범위),전라남도 광양시 태인동 흥해물류(62m →),26.3,공차
SB-000013,2026-08-12,2026-08-12 15:26:58,34,79,DTG 데이터,전라남도 광양시 태인동 1654-4(38m 범위),전라남도 광양시 태인동 GS칼텍스(37m ↘),26.2,공차
SB-000013,2026-08-12,2026-08-12 15:28:59,0,80,DTG 데이터,전라남도 광양시 태인동 1653-2(44m 범위),전라남도 광양시 태인동 SK엔크린(34m ↓),26.3,공차
SB-000013,2026-08-12,2026-08-12 15:30:58,49,81,DTG 데이터,전라남도 광양시 태인동 1664-7(68m 범위),전라남도 광양시 태인동 태인교(33m ↑),26.1,공차
SB-000013,2026-08-12,2026-08-12 15:32:58,38,82,DTG 데이터,전라남도 광양시 금호동 637(145m 범위),전라남도 광양시 금호동 제철삼거리(329m ↘),26.2,공차
SB-000013,2026-08-12,2026-08-12 15:34:58,0,83,DTG 데이터,전라남도 광양시 금호동 636(390m 범위),전라남도 광양시 금호동 1문(237m ↘),26.4,공차
SB-000013,2026-08-12,2026-08-12 15:36:58,0,83,DTG 데이터,전라남도 광양시 금호동 636(376m 범위),전라남도 광양시 금호동 1문(309m ↘),26.4,공차
SB-000013,2026-08-12,2026-08-12 15:38:58,0,83,DTG 데이터,전라남도 광양시 금호동 636(403m 범위),전라남도 광양시 금호동 1문(338m ↘),26.3,공차
SB-000013,2026-08-12,2026-08-12 15:40:58,0,83,DTG 데이터,전라남도 광양시 금호동 636(432m 범위),전라남도 광양시 금호동 1문(334m ↓),26.2,공차
SB-000013,2026-08-12,2026-08-12 15:42:58,0,83,DTG 데이터,전라남도 광양시 금호동 636(403m 범위),전라남도 광양시 금호동 1문(319m ↘),26.3,공차
SB-000013,2026-08-12,2026-08-12 15:44:59,0,83,DTG 데이터,전라남도 광양시 금호동 636(387m 범위),전라남도 광양시 금호동 1문(342m ↘),26.3,공차
SB-000013,2026-08-12,2026-08-12 15:46:58,0,83,DTG 데이터,전라남도 광양시 금호동 636(394m 범위),전라남도 광양시 금호동 1문(355m ↘),26.3,공차
SB-000013,2026-08-12,2026-08-12 15:48:50,0,83,공회전감지,전라남도 광양시 금호동 636(389m 범위),전라남도 광양시 금호동 1문(370m ↘),26.2,공차
SB-000013,2026-08-12,2026-08-12 15:48:58,0,83,DTG 데이터,전라남도 광양시 금호동 636(392m 범위),전라남도 광양시 금호동 1문(370m ↘),26.2,공차
SB-000013,2026-08-12,2026-08-12 15:50:58,0,83,DTG 데이터,전라남도 광양시 금호동 636(387m 범위),전라남도 광양시 금호동 1문(367m ↘),26.2,공차
SB-000013,2026-08-12,2026-08-12 15:52:58,0,83,DTG 데이터,전라남도 광양시 금호동 636(385m 범위),전라남도 광양시 금호동 1문(356m ↘),26.5,공차
SB-000013,2026-08-12,2026-08-12 15:53:49,0,83,공회전유지,전라남도 광양시 금호동 636(379m 범위),전라남도 광양시 금호동 1문(370m ↘),26.5,공차
SB-000013,2026-08-12,2026-08-12 15:54:58,0,83,DTG 데이터,전라남도 광양시 금호동 636(382m 범위),전라남도 광양시 금호동 1문(358m ↘),26.5,공차
SB-000013,2026-08-12,2026-08-12 15:56:58,0,83,DTG 데이터,전라남도 광양시 금호동 636(391m 범위),전라남도 광양시 금호동 1문(363m ↘),26.5,공차
SB-000013,2026-08-12,2026-08-12 15:58:49,0,83,공회전유지,전라남도 광양시 금호동 636(383m 범위),전라남도 광양시 금호동 1문(348m ↘),26.5,공차
SB-000013,2026-08-12,2026-08-12 15:58:58,0,83,DTG 데이터,전라남도 광양시 금호동 636(384m 범위),전라남도 광양시 금호동 1문(348m ↘),26.5,공차
SB-000013,2026-08-12,2026-08-12 15:59:39,6,83,공회전종료,전라남도 광양시 금호동 636(395m 범위),전라남도 광양시 금호동 1문(338m ↘),26.4,공차
SB-000013,2026-08-12,2026-08-12 16:00:58,9,83,DTG 데이터,전라남도 광양시 금호동 631(491m 범위),전라남도 광양시 금호동 광일엔지니어링(328m ↖),26.3,공차
SB-000013,2026-08-12,2026-08-12 16:02:57,0,83,DTG 데이터,전라남도 광양시 금호동 631(486m 범위),전라남도 광양시 금호동 광일엔지니어링(322m ↖),26.4,공차
SB-000013,2026-08-12,2026-08-12 16:04:59,0,83,DTG 데이터,전라남도 광양시 금호동 631(489m 범위),전라남도 광양시 금호동 광일엔지니어링(320m ↖),26.3,공차
SB-000013,2026-08-12,2026-08-12 16:06:58,10,84,DTG 데이터,전라남도 광양시 금호동 631(413m 범위),전라남도 광양시 금호동 포렌(411m ←),26.4,공차
SB-000013,2026-08-12,2026-08-12 16:08:58,37,85,DTG 데이터,전라남도 광양시 금호동 653(441m 범위),주변에 특정 건물이 없습니다,26.1,공차
SB-000013,2026-08-12,2026-08-12 16:10:58,29,86,DTG 데이터,전라남도 광양시 금호동 802(11m 범위),전라남도 광양시 금호동 아르고마린토탈(64m →),26.3,공차
SB-000013,2026-08-12,2026-08-12 16:12:16,0,86,Key Off,전라남도 광양시 금호동 803(98m 범위),전라남도 광양시 금호동 포스코플로우(322m ↘),26.5,공차
SB-000013,2026-08-12,2026-08-12 16:13:06,8,86,Key On,전라남도 광양시 금호동 803(98m 범위),전라남도 광양시 금호동 우리은행365(322m ↘),25.7,공차
SB-000013,2026-08-12,2026-08-12 16:14:58,36,87,DTG 데이터,전라남도 광양시 금호동 642-2(193m 범위),전라남도 광양시 금호동 피엠에스(403m →),26.2,공차
SB-000013,2026-08-12,2026-08-12 16:16:58,39,87,DTG 데이터,주변에 검색된 지번이 없습니다,주변에 특정건물이 없습니다,26.3,공차
SB-000013,2026-08-12,2026-08-12 16:18:58,34,88,DTG 데이터,전라남도 광양시 금호동 663(272m 범위),전라남도 광양시 금호동 포스코광양제철소(492m ↗),26.2,공차
SB-000013,2026-08-12,2026-08-12 16:20:58,0,89,DTG 데이터,전라남도 광양시 금호동 791(292m 범위),전라남도 광양시 금호동 2문(209m ↓),26.2,공차
SB-000013,2026-08-12,2026-08-12 16:22:58,5,89,DTG 데이터,전라남도 광양시 금호동 791(229m 범위),전라남도 광양시 금호동 2문(134m ↓),26.4,공차
SB-000013,2026-08-12,2026-08-12 16:24:58,38,90,DTG 데이터,전라남도 광양시 태인동 303-152(29m 범위),전라남도 광양시 태인동 버스정류장(27m ↙),26.2,공차
SB-000013,2026-08-12,2026-08-12 16:26:58,37,91,DTG 데이터,전라남도 광양시 태인동 1656-6(50m 범위),전라남도 광양시 태인동 포스코DX(56m ↗),26.2,공차
SB-000013,2026-08-12,2026-08-12 16:28:34,0,91,Key Off,전라남도 광양시 태인동 1654-7(77m 범위),전라남도 광양시 태인동 세정테크(52m ↓),26.5,공차
SB-000013,2026-08-12,2026-08-12 16:30:31,0,91,Key On,전라남도 광양시 태인동 1654-7(77m 범위),전라남도 광양시 태인동 세정테크(52m ↓),25.2,공차
SB-000013,2026-08-12,2026-08-12 16:30:58,0,91,DTG 데이터,전라남도 광양시 태인동 1654-7(129m 범위),전라남도 광양시 태인동 CJ대한통운광양지사(86m →),26.3,공차
SB-000013,2026-08-12,2026-08-12 16:32:01,0,91,Key Off,전라남도 광양시 태인동 1654-7(96m 범위),전라남도 광양시 태인동 비에이치인더스트리(79m ↙),26.5,공차
SB-000014,2026-08-12,2026-08-12 03:23:31,0,0,리셋보고,전라남도 광양시 태인동 1654-1(82m 범위),전라남도 광양시 태인동 흥해물류(92m →),25.5,공차
SB-000014,2026-08-12,2026-08-12 07:44:57,0,0,Key On,전라남도 광양시 태인동 1654-1(82m 범위),전라남도 광양시 태인동 흥해물류(92m →),24.9,공차
SB-000014,2026-08-12,2026-08-12 07:45:00,0,0,관제주기보고,전라남도 광양시 태인동 1654-1(89m 범위),전라남도 광양시 태인동 광양2공장(99m ↘),25,공차
SB-000014,2026-08-12,2026-08-12 07:45:02,0,0,급감속,전라남도 광양시 태인동 1654-1(89m 범위),전라남도 광양시 태인동 광양2공장(99m ↘),27.8,공차
SB-000014,2026-08-12,2026-08-12 07:47:00,0,0,DTG 데이터,전라남도 광양시 태인동 1654-1(92m 범위),전라남도 광양시 태인동 광양2공장(100m ↘),28.1,공차
SB-000014,2026-08-12,2026-08-12 07:49:00,0,0,DTG 데이터,전라남도 광양시 태인동 1654-1(96m 범위),전라남도 광양시 태인동 광양2공장(97m ↘),28.2,공차
SB-000014,2026-08-12,2026-08-12 07:50:03,0,0,공회전감지,전라남도 광양시 태인동 1654-1(108m 범위),전라남도 광양시 태인동 CJ대한통운광양지사(69m →),28.1,공차
SB-000014,2026-08-12,2026-08-12 07:51:00,0,0,DTG 데이터,전라남도 광양시 태인동 1654-1(112m 범위),전라남도 광양시 태인동 CJ대한통운광양지사(67m →),28.1,공차
SB-000014,2026-08-12,2026-08-12 07:52:59,0,0,DTG 데이터,전라남도 광양시 태인동 1654-1(105m 범위),전라남도 광양시 태인동 CJ대한통운광양지사(68m →),28.2,공차
SB-000014,2026-08-12,2026-08-12 07:54:59,0,0,DTG 데이터,전라남도 광양시 태인동 1654-1(108m 범위),전라남도 광양시 태인동 CJ대한통운광양지사(65m →),28.1,공차
SB-000014,2026-08-12,2026-08-12 07:55:03,0,0,공회전유지,전라남도 광양시 태인동 1654-1(108m 범위),전라남도 광양시 태인동 CJ대한통운광양지사(65m →),28.1,공차
SB-000014,2026-08-12,2026-08-12 07:56:59,0,0,DTG 데이터,전라남도 광양시 태인동 1654-1(113m 범위),전라남도 광양시 태인동 CJ대한통운광양지사(62m →),28.1,공차
SB-000014,2026-08-12,2026-08-12 07:58:59,0,0,DTG 데이터,전라남도 광양시 태인동 1654-4(34m 범위),전라남도 광양시 태인동 GS칼텍스(32m ↘),28.2,공차
SB-000014,2026-08-12,2026-08-12 08:00:03,0,0,공회전유지,전라남도 광양시 태인동 1653-2(75m 범위),전라남도 광양시 태인동 SK엔크린(73m →),28.1,공차
SB-000014,2026-08-12,2026-08-12 08:00:59,0,0,DTG 데이터,전라남도 광양시 태인동 1653-2(44m 범위),전라남도 광양시 태인동 SK엔크린(35m ↘),28.1,공차
SB-000014,2026-08-12,2026-08-12 08:02:59,0,0,DTG 데이터,전라남도 광양시 태인동 303-35(31m 범위),전라남도 광양시 태인동 태인장내배수펌프장(23m ↘),28.1,공차
SB-000014,2026-08-12,2026-08-12 08:05:00,0,0,DTG 데이터,전라남도 광양시 금호동 791(56m 범위),전라남도 광양시 금호동 태인교삼거리(57m ←),28.1,공차
SB-000014,2026-08-12,2026-08-12 08:05:03,0,0,공회전유지,전라남도 광양시 금호동 791(56m 범위),전라남도 광양시 금호동 태인교삼거리(57m ←),28.1,공차
SB-000014,2026-08-12,2026-08-12 08:06:59,0,0,DTG 데이터,전라남도 광양시 금호동 800(314m 범위),전라남도 광양시 금호동 2문(269m ↙),28.2,공차
SB-000014,2026-08-12,2026-08-12 08:08:59,0,0,DTG 데이터,전라남도 광양시 금호동 636(145m 범위),전라남도 광양시 금호동 축구장(353m ↓),28.1,공차
SB-000014,2026-08-12,2026-08-12 08:10:03,0,0,공회전유지,전라남도 광양시 금호동 796-9(497m 범위),전라남도 광양시 금호동 1문(388m ↓),28.2,공차
SB-000014,2026-08-12,2026-08-12 08:10:59,0,0,DTG 데이터,전라남도 광양시 금호동 631(168m 범위),전라남도 광양시 금호동 포렌(407m ←),28.1,공차
SB-000014,2026-08-12,2026-08-12 08:12:59,0,0,DTG 데이터,전라남도 광양시 금호동 653(445m 범위),주변에 특정 건물이 없습니다,28.1,공차
SB-000014,2026-08-12,2026-08-12 08:14:59,0,0,DTG 데이터,전라남도 광양시 금호동 656(226m 범위),전라남도 광양시 금호동 한유엘엔에스(428m ↗),28,공차
SB-000014,2026-08-12,2026-08-12 08:15:03,0,0,공회전유지,전라남도 광양시 금호동 656(226m 범위),전라남도 광양시 금호동 한유엘엔에스(428m ↗),28,공차
SB-000014,2026-08-12,2026-08-12 08:16:59,0,0,DTG 데이터,전라남도 광양시 금호동 657(445m 범위),주변에 특정 건물이 없습니다,28.2,공차
SB-000014,2026-08-12,2026-08-12 08:18:59,0,0,DTG 데이터,전라남도 광양시 금호동 657(331m 범위),주변에 특정 건물이 없습니다,28,공차
SB-000014,2026-08-12,2026-08-12 08:20:03,0,0,공회전유지,전라남도 광양시 금호동 657(309m 범위),주변에 특정 건물이 없습니다,28.2,공차
SB-000014,2026-08-12,2026-08-12 08:21:00,0,0,DTG 데이터,전라남도 광양시 금호동 657(127m 범위),주변에 특정 건물이 없습니다,28.1,공차
SB-000014,2026-08-12,2026-08-12 08:22:35,0,0,공회전종료,전라남도 광양시 금호동 657(78m 범위),주변에 특정 건물이 없습니다,27.3,공차
SB-000014,2026-08-12,2026-08-12 08:22:35,0,0,Key Off,전라남도 광양시 금호동 657(78m 범위),주변에 특정 건물이 없습니다,27.3,공차
SB-000014,2026-08-12,2026-08-12 08:32:55,0,0,Key On,전라남도 광양시 금호동 657(78m 범위),주변에 특정 건물이 없습니다,25.9,공차
SB-000014,2026-08-12,2026-08-12 08:32:59,0,0,관제주기보고,전라남도 광양시 금호동 657(68m 범위),주변에 특정 건물이 없습니다,27.9,공차
SB-000014,2026-08-12,2026-08-12 08:34:59,0,0,DTG 데이터,전라남도 광양시 금호동 657(71m 범위),주변에 특정 건물이 없습니다,28,공차
SB-000014,2026-08-12,2026-08-12 08:36:59,0,0,DTG 데이터,전라남도 광양시 금호동 653(320m 범위),주변에 특정 건물이 없습니다,28,공차
SB-000014,2026-08-12,2026-08-12 08:38:00,0,0,공회전감지,전라남도 광양시 금호동 656(71m 범위),전라남도 광양시 금호동 한유엘엔에스(275m ↗),28,공차
SB-000014,2026-08-12,2026-08-12 08:39:00,0,0,DTG 데이터,전라남도 광양시 금호동 634(134m 범위),전라남도 광양시 금호동 광양제품부두점(92m →),28.2,공차
SB-000014,2026-08-12,2026-08-12 08:41:00,0,0,DTG 데이터,전라남도 광양시 금호동 803(138m 범위),전라남도 광양시 금호동 우리은행365(293m ↘),28.2,공차
SB-000014,2026-08-12,2026-08-12 08:42:59,0,0,DTG 데이터,전라남도 광양시 금호동 803(116m 범위),전라남도 광양시 금호동 우리은행365(305m ↘),28.2,공차
SB-000014,2026-08-12,2026-08-12 08:43:02,0,0,공회전유지,전라남도 광양시 금호동 803(116m 범위),전라남도 광양시 금호동 포스코플로우(306m ↘),28.1,공차
SB-000014,2026-08-12,2026-08-12 08:44:59,0,0,DTG 데이터,전라남도 광양시 금호동 803(92m 범위),전라남도 광양시 금호동 포스코플로우(326m ↘),28.1,공차
SB-000014,2026-08-12,2026-08-12 08:45:44,0,0,공회전종료,전라남도 광양시 금호동 803(100m 범위),전라남도 광양시 금호동 포스코플로우(321m ↘),26.9,공차
SB-000014,2026-08-12,2026-08-12 08:46:59,0,0,DTG 데이터,전라남도 광양시 금호동 803(140m 범위),전라남도 광양시 금호동 우리은행365(360m ↘),28.1,공차
SB-000014,2026-08-12,2026-08-12 08:48:59,0,0,DTG 데이터,전라남도 광양시 금호동 642-1(218m 범위),전라남도 광양시 금호동 피엠에스(492m →),28.2,공차
SB-000014,2026-08-12,2026-08-12 08:50:59,0,0,DTG 데이터,전라남도 광양시 금호동 663(170m 범위),전라남도 광양시 금호동 포스코광양제철소(389m →),28.1,공차
SB-000014,2026-08-12,2026-08-12 08:51:24,0,0,공회전감지,전라남도 광양시 금호동 663(65m 범위),전라남도 광양시 금호동 포스코광양제철소(371m →),28.2,공차
SB-000014,2026-08-12,2026-08-12 08:52:59,0,0,DTG 데이터,전라남도 광양시 금호동 791(447m 범위),전라남도 광양시 금호동 2문(374m ↓),28.1,공차
SB-000014,2026-08-12,2026-08-12 08:54:59,0,0,DTG 데이터,전라남도 광양시 금호동 791(152m 범위),전라남도 광양시 금호동 2문(25m ↘),28.1,공차
SB-000014,2026-08-12,2026-08-12 08:56:22,0,0,공회전유지,전라남도 광양시 태인동 1664-8(23m 범위),전라남도 광양시 태인동 명품타이어아울렛(32m →),28,공차
SB-000014,2026-08-12,2026-08-12 08:57:00,0,0,DTG 데이터,전라남도 광양시 태인동 1664-4(18m 범위),전라남도 광양시 태인동 버스정류장(15m ↗),28.1,공차
SB-000014,2026-08-12,2026-08-12 08:59:00,0,0,DTG 데이터,전라남도 광양시 태인동 1653-5(33m 범위),전라남도 광양시 태인동 성광사(53m ↘),28.1,공차
SB-000014,2026-08-12,2026-08-12 09:01:00,0,0,DTG 데이터,전라남도 광양시 태인동 1654-7(93m 범위),전라남도 광양시 태인동 비에이치인더스트리(72m ↙),28.1,공차
SB-000014,2026-08-12,2026-08-12 09:01:24,0,0,공회전유지,전라남도 광양시 태인동 1654-7(96m 범위),전라남도 광양시 태인동 비에이치인더스트리(76m ↙),28,공차
SB-000014,2026-08-12,2026-08-12 09:02:59,0,0,DTG 데이터,전라남도 광양시 태인동 1654-7(74m 범위),전라남도 광양시 태인동 세정테크(44m ↓),28.1,공차
SB-000014,2026-08-12,2026-08-12 09:04:59,0,0,DTG 데이터,전라남도 광양시 태인동 1654-4(128m 범위),전라남도 광양시 태인동 CJ대한통운광양지사(62m →),28.2,공차
SB-000014,2026-08-12,2026-08-12 09:06:25,0,0,공회전유지,전라남도 광양시 태인동 1654-4(127m 범위),전라남도 광양시 태인동 CJ대한통운광양지사(61m →),28.2,공차
SB-000014,2026-08-12,2026-08-12 09:06:59,0,0,DTG 데이터,전라남도 광양시 태인동 1655(93m 범위),전라남도 광양시 태인동 CJ대한통운광양지사(73m ↘),28.1,공차
SB-000014,2026-08-12,2026-08-12 09:08:59,0,0,DTG 데이터,전라남도 광양시 태인동 1653-2(54m 범위),전라남도 광양시 태인동 SK엔크린(50m →),28,공차
SB-000014,2026-08-12,2026-08-12 09:10:59,0,0,DTG 데이터,전라남도 광양시 태인동 303-152(29m 범위),전라남도 광양시 태인동 버스정류장(18m ←),28.2,공차
SB-000014,2026-08-12,2026-08-12 09:11:24,0,0,공회전유지,전라남도 광양시 태인동 1664-7(59m 범위),전라남도 광양시 태인동 태인교(42m ↑),28.2,공차
SB-000014,2026-08-12,2026-08-12 09:12:59,0,0,DTG 데이터,전라남도 광양시 금호동 791(92m 범위),전라남도 광양시 금호동 2문(56m ↗),28,공차
SB-000014,2026-08-12,2026-08-12 09:15:00,0,0,DTG 데이터,전라남도 광양시 금호동 791(194m 범위),전라남도 광양시 금호동 2문(69m ↓),28.1,공차
SB-000014,2026-08-12,2026-08-12 09:16:24,0,0,공회전유지,전라남도 광양시 금호동 658(237m 범위),전라남도 광양시 금호동 제철삼거리(282m ↓),28.2,공차
SB-000014,2026-08-12,2026-08-12 09:16:59,0,0,DTG 데이터,전라남도 광양시 금호동 658(101m 범위),전라남도 광양시 금호동 정문(185m ↘),28.2,공차
SB-000014,2026-08-12,2026-08-12 09:18:59,0,0,DTG 데이터,전라남도 광양시 금호동 636(147m 범위),전라남도 광양시 금호동 연구소앞삼거리(353m ↙),28.1,공차
SB-000014,2026-08-12,2026-08-12 09:20:59,0,0,DTG 데이터,전라남도 광양시 금호동 636(324m 범위),전라남도 광양시 금호동 광일엔지니어링(339m ↑),28.2,공차
SB-000014,2026-08-12,2026-08-12 09:21:24,0,0,공회전유지,전라남도 광양시 금호동 636(319m 범위),전라남도 광양시 금호동 광일엔지니어링(357m ↖),28.1,공차
SB-000014,2026-08-12,2026-08-12 09:22:59,0,0,DTG 데이터,전라남도 광양시 금호동 636(369m 범위),전라남도 광양시 금호동 광일엔지니어링(293m ↖),28,공차
SB-000014,2026-08-12,2026-08-12 09:24:59,0,0,DTG 데이터,전라남도 광양시 금호동 636(349m 범위),전라남도 광양시 금호동 포렌(319m ↖),28,공차
SB-000014,2026-08-12,2026-08-12 09:26:24,0,0,공회전유지,전라남도 광양시 금호동 636(350m 범위),전라남도 광양시 금호동 광일엔지니어링(330m ↖),28.2,공차
SB-000014,2026-08-12,2026-08-12 09:26:59,0,0,DTG 데이터,전라남도 광양시 금호동 636(344m 범위),전라남도 광양시 금호동 포렌(333m ↖),28.1,공차
SB-000014,2026-08-12,2026-08-12 09:29:00,0,0,DTG 데이터,전라남도 광양시 금호동 631(392m 범위),전라남도 광양시 금호동 포렌(416m ←),28.2,공차
SB-000014,2026-08-12,2026-08-12 09:31:00,0,0,DTG 데이터,전라남도 광양시 금호동 635(60m 범위),전라남도 광양시 금호동 광일엔지니어링(492m ↙),28.1,공차
SB-000014,2026-08-12,2026-08-12 09:31:24,0,0,공회전유지,전라남도 광양시 금호동 657(102m 범위),주변에 특정 건물이 없습니다,28.1,공차
SB-000014,2026-08-12,2026-08-12 09:32:59,0,0,DTG 데이터,전라남도 광양시 금호동 656(75m 범위),전라남도 광양시 금호동 한유엘엔에스(186m ↗),28.2,공차
SB-000014,2026-08-12,2026-08-12 09:34:59,0,0,DTG 데이터,전라남도 광양시 금호동 803(135m 범위),전라남도 광양시 금호동 우리은행365(294m ↘),28.2,공차
SB-000014,2026-08-12,2026-08-12 09:35:33,0,0,공회전종료,전라남도 광양시 금호동 803(99m 범위),전라남도 광양시 금호동 우리은행365(324m ↘),26.7,공차
SB-000014,2026-08-12,2026-08-12 09:36:10,17,0,급감속,전라남도 광양시 금호동 803(112m 범위),전라남도 광양시 금호동 우리은행365(323m ↘),27.9,공차
SB-000014,2026-08-12,2026-08-12 09:36:59,0,0,DTG 데이터,전라남도 광양시 금호동 642(44m 범위),전라남도 광양시 금호동 피엠에스(364m ←),28.1,공차
SB-000014,2026-08-12,2026-08-12 09:38:59,0,0,DTG 데이터,전라남도 광양시 금호동 642-1(317m 범위),주변에 특정 건물이 없습니다,28.2,공차
SB-000014,2026-08-12,2026-08-12 09:40:59,0,0,DTG 데이터,전라남도 광양시 금호동 663(179m 범위),전라남도 광양시 금호동 포스코광양제철소(391m →),28.1,공차
SB-000014,2026-08-12,2026-08-12 09:41:11,0,0,공회전감지,전라남도 광양시 금호동 663(91m 범위),전라남도 광양시 금호동 포스코광양제철소(371m →),27.9,공차
SB-000014,2026-08-12,2026-08-12 09:42:59,0,0,DTG 데이터,전라남도 광양시 금호동 791(418m 범위),전라남도 광양시 금호동 2문(341m ↓),28,공차
SB-000014,2026-08-12,2026-08-12 09:44:59,0,0,DTG 데이터,전라남도 광양시 금호동 791(23m 범위),전라남도 광양시 금호동 태인교삼거리(39m ↑),28.1,공차
SB-000014,2026-08-12,2026-08-12 09:46:10,0,0,공회전유지,전라남도 광양시 태인동 1664-2(23m 범위),전라남도 광양시 태인동 대성이엔지(30m ↘),28,공차
SB-000014,2026-08-12,2026-08-12 09:46:59,0,0,DTG 데이터,전라남도 광양시 태인동 303-152(33m 범위),전라남도 광양시 태인동 버스정류장(13m ←),28.2,공차
SB-000014,2026-08-12,2026-08-12 09:49:00,0,0,DTG 데이터,전라남도 광양시 태인동 1656-6(48m 범위),전라남도 광양시 태인동 포스코DX(44m ↗),28.1,공차
SB-000014,2026-08-12,2026-08-12 09:49:57,0,0,Key Off,전라남도 광양시 태인동 1654-4(81m 범위),전라남도 광양시 태인동 GS칼텍스(80m ←),26.7,공차
SB-000014,2026-08-12,2026-08-12 09:49:57,0,0,공회전종료,전라남도 광양시 태인동 1654-4(81m 범위),전라남도 광양시 태인동 GS칼텍스(80m ←),26.7,공차
SB-000014,2026-08-12,2026-08-12 09:52:55,0,0,Key On,전라남도 광양시 태인동 1654-4(81m 범위),전라남도 광양시 태인동 GS칼텍스(80m ←),18.4,공차
SB-000014,2026-08-12,2026-08-12 09:52:59,0,0,관제주기보고,전라남도 광양시 태인동 1654-4(74m 범위),전라남도 광양시 태인동 동아스틸(69m ↘),27.5,공차
SB-000014,2026-08-12,2026-08-12 09:54:59,0,0,DTG 데이터,전라남도 광양시 태인동 1653-11(17m 범위),전라남도 광양시 태인동 용지삼거리(2m ↘),28,공차
SB-000014,2026-08-12,2026-08-12 09:56:59,0,0,DTG 데이터,전라남도 광양시 태인동 1653-2(40m 범위),전라남도 광양시 태인동 SK엔크린(32m ↘),28.2,공차
SB-000014,2026-08-12,2026-08-12 09:58:00,0,0,공회전감지,전라남도 광양시 태인동 303-163(29m 범위),전라남도 광양시 태인동 소모식당(47m ↑),28.2,공차
SB-000014,2026-08-12,2026-08-12 09:58:59,0,0,DTG 데이터,전라남도 광양시 금호동 791(87m 범위),전라남도 광양시 금호동 2문(63m ↗),28.1,공차
SB-000014,2026-08-12,2026-08-12 10:00:59,0,0,DTG 데이터,전라남도 광양시 금호동 800(329m 범위),전라남도 광양시 금호동 2문(250m ↓),28.2,공차
SB-000014,2026-08-12,2026-08-12 10:03:00,0,0,DTG 데이터,전라남도 광양시 금호동 636(149m 범위),전라남도 광양시 금호동 연구소앞삼거리(321m ↙),28.1,공차
SB-000014,2026-08-12,2026-08-12 10:03:02,0,0,공회전유지,전라남도 광양시 금호동 636(145m 범위),전라남도 광양시 금호동 연구소앞삼거리(326m ↙),28.1,공차
SB-000014,2026-08-12,2026-08-12 10:05:00,0,0,DTG 데이터,전라남도 광양시 금호동 631(251m 범위),전라남도 광양시 금호동 광일엔지니어링(404m ←),28,공차
SB-000014,2026-08-12,2026-08-12 10:06:59,0,0,DTG 데이터,전라남도 광양시 금호동 657(205m 범위),주변에 특정 건물이 없습니다,28.1,공차
SB-000014,2026-08-12,2026-08-12 10:08:00,0,0,공회전유지,전라남도 광양시 금호동 657(314m 범위),주변에 특정 건물이 없습니다,28,공차
SB-000014,2026-08-12,2026-08-12 10:08:59,0,0,DTG 데이터,전라남도 광양시 금호동 657(317m 범위),주변에 특정 건물이 없습니다,28.1,공차
SB-000014,2026-08-12,2026-08-12 10:10:59,0,0,DTG 데이터,전라남도 광양시 금호동 632(433m 범위),주변에 특정 건물이 없습니다,28.1,공차
SB-000014,2026-08-12,2026-08-12 10:11:45,0,0,공회전종료,전라남도 광양시 금호동 657(441m 범위),주변에 특정 건물이 없습니다,27,공차
SB-000014,2026-08-12,2026-08-12 10:11:45,0,0,Key Off,전라남도 광양시 금호동 657(441m 범위),주변에 특정 건물이 없습니다,27,공차
SB-000014,2026-08-12,2026-08-12 10:25:19,0,0,Key On,전라남도 광양시 금호동 657(441m 범위),주변에 특정 건물이 없습니다,25,공차
SB-000014,2026-08-12,2026-08-12 10:26:59,0,0,DTG 데이터,전라남도 광양시 금호동 657(456m 범위),주변에 특정 건물이 없습니다,28,공차
SB-000014,2026-08-12,2026-08-12 10:28:59,0,0,DTG 데이터,전라남도 광양시 금호동 657(442m 범위),주변에 특정 건물이 없습니다,28.2,공차
SB-000014,2026-08-12,2026-08-12 10:30:23,0,0,공회전감지,전라남도 광양시 금호동 657(365m 범위),주변에 특정 건물이 없습니다,28.2,공차
SB-000014,2026-08-12,2026-08-12 10:30:59,0,0,DTG 데이터,전라남도 광양시 금호동 657(417m 범위),주변에 특정 건물이 없습니다,28.1,공차
SB-000014,2026-08-12,2026-08-12 10:32:35,0,0,공회전종료,전라남도 광양시 금호동 657(494m 범위),주변에 특정 건물이 없습니다,27.7,공차
SB-000014,2026-08-12,2026-08-12 10:32:40,0,0,Key Off,전라남도 광양시 금호동 657(494m 범위),주변에 특정 건물이 없습니다,27.3,공차
SB-000014,2026-08-12,2026-08-12 10:34:48,0,0,Key On,전라남도 광양시 금호동 657(494m 범위),주변에 특정 건물이 없습니다,26.2,공차
SB-000014,2026-08-12,2026-08-12 10:35:00,0,0,DTG 데이터,전라남도 광양시 금호동 657(493m 범위),주변에 특정 건물이 없습니다,25.9,공차
SB-000014,2026-08-12,2026-08-12 10:35:24,0,0,Key Off,전라남도 광양시 금호동 657(491m 범위),주변에 특정 건물이 없습니다,25.6,공차
SB-000014,2026-08-12,2026-08-12 10:47:24,0,0,Key On,전라남도 광양시 금호동 657(491m 범위),주변에 특정 건물이 없습니다,21.9,공차
SB-000014,2026-08-12,2026-08-12 10:47:44,0,0,Key Off,전라남도 광양시 금호동 657(471m 범위),주변에 특정 건물이 없습니다,26.3,공차
SB-000014,2026-08-12,2026-08-12 11:00:28,0,0,Key On,전라남도 광양시 금호동 657(471m 범위),주변에 특정 건물이 없습니다,26.4,공차
SB-000014,2026-08-12,2026-08-12 11:00:59,0,0,DTG 데이터,전라남도 광양시 금호동 657(455m 범위),주변에 특정 건물이 없습니다,28.2,공차
SB-000014,2026-08-12,2026-08-12 11:02:59,0,0,DTG 데이터,전라남도 광양시 금호동 657(470m 범위),주변에 특정 건물이 없습니다,28.1,공차
SB-000014,2026-08-12,2026-08-12 11:04:59,0,0,DTG 데이터,전라남도 광양시 금호동 657(492m 범위),주변에 특정 건물이 없습니다,28.1,공차
SB-000014,2026-08-12,2026-08-12 11:05:33,0,0,공회전감지,전라남도 광양시 금호동 657(465m 범위),주변에 특정 건물이 없습니다,28.1,공차
SB-000014,2026-08-12,2026-08-12 11:06:59,0,0,DTG 데이터,전라남도 광양시 금호동 657(477m 범위),주변에 특정 건물이 없습니다,28,공차
SB-000014,2026-08-12,2026-08-12 11:08:59,0,0,DTG 데이터,전라남도 광양시 금호동 657(417m 범위),주변에 특정 건물이 없습니다,28.1,공차
SB-000014,2026-08-12,2026-08-12 11:10:34,0,0,공회전유지,전라남도 광양시 금호동 632(395m 범위),주변에 특정 건물이 없습니다,28.1,공차
SB-000014,2026-08-12,2026-08-12 11:11:00,0,0,DTG 데이터,전라남도 광양시 금호동 656(185m 범위),전라남도 광양시 금호동 한유엘엔에스(383m ↗),28.1,공차
SB-000014,2026-08-12,2026-08-12 11:13:00,0,0,DTG 데이터,전라남도 광양시 금호동 803(115m 범위),전라남도 광양시 금호동 우리은행365(305m ↘),28,공차
SB-000014,2026-08-12,2026-08-12 11:14:44,0,0,공회전종료,전라남도 광양시 금호동 803(101m 범위),전라남도 광양시 금호동 포스코플로우(320m ↘),26.5,공차
SB-000014,2026-08-12,2026-08-12 11:14:59,0,0,DTG 데이터,전라남도 광양시 금호동 803(88m 범위),전라남도 광양시 금호동 우리은행365(345m ↘),25.8,공차
SB-000014,2026-08-12,2026-08-12 11:16:59,0,0,DTG 데이터,전라남도 광양시 금호동 662(28m 범위),전라남도 광양시 금호동 피엠에스(180m ↘),28.1,공차
SB-000014,2026-08-12,2026-08-12 11:18:59,0,0,DTG 데이터,주변에 검색된 지번이 없습니다,주변에 특정건물이 없습니다,28.1,공차
SB-000014,2026-08-12,2026-08-12 11:20:28,0,0,공회전감지,전라남도 광양시 금호동 663(89m 범위),전라남도 광양시 금호동 포스코광양제철소(371m →),28.1,공차
SB-000014,2026-08-12,2026-08-12 11:20:59,0,0,DTG 데이터,전라남도 광양시 금호동 663(75m 범위),전라남도 광양시 금호동 포스코광양제철소(370m →),28.1,공차
SB-000014,2026-08-12,2026-08-12 11:22:59,0,0,DTG 데이터,전라남도 광양시 금호동 663(43m 범위),전라남도 광양시 금호동 포스코광양제철소(371m →),28.2,공차
SB-000014,2026-08-12,2026-08-12 11:24:59,0,0,DTG 데이터,전라남도 광양시 금호동 791(230m 범위),전라남도 광양시 금호동 2문(136m ↓),28.1,공차
SB-000014,2026-08-12,2026-08-12 11:25:28,0,0,공회전유지,전라남도 광양시 금호동 791(164m 범위),전라남도 광양시 금호동 2문(42m ↓),28.1,공차
SB-000014,2026-08-12,2026-08-12 11:26:59,0,0,DTG 데이터,전라남도 광양시 태인동 1664-7(55m 범위),전라남도 광양시 태인동 태인교(48m ↑),28.1,공차
SB-000014,2026-08-12,2026-08-12 11:28:59,0,0,DTG 데이터,전라남도 광양시 태인동 308-5(3m 범위),전라남도 광양시 태인동 경남스틸(68m ↙),28.1,공차
SB-000014,2026-08-12,2026-08-12 11:30:29,0,0,공회전유지,전라남도 광양시 태인동 306-11(7m 범위),전라남도 광양시 태인동 경남스틸(87m ↑),28,공차
SB-000014,2026-08-12,2026-08-12 11:30:58,0,0,공회전종료,전라남도 광양시 태인동 340-7(8m 범위),전라남도 광양시 태인동 경남스틸(83m ↑),27,공차
SB-000014,2026-08-12,2026-08-12 11:30:58,0,0,Key Off,전라남도 광양시 태인동 340-7(8m 범위),전라남도 광양시 태인동 경남스틸(83m ↑),27,공차
SB-000014,2026-08-12,2026-08-12 11:36:08,0,0,Key On,전라남도 광양시 태인동 340-7(8m 범위),전라남도 광양시 태인동 경남스틸(83m ↑),25.8,공차
SB-000014,2026-08-12,2026-08-12 11:36:59,0,0,DTG 데이터,전라남도 광양시 태인동 1772(42m 범위),전라남도 광양시 태인동 경남스틸(70m ↓),28.2,공차
SB-000014,2026-08-12,2026-08-12 11:38:59,0,0,DTG 데이터,전라남도 광양시 태인동 303-102(9m 범위),전라남도 광양시 태인동 광양기업(55m ↖),28.1,공차
SB-000014,2026-08-12,2026-08-12 11:40:59,0,0,DTG 데이터,전라남도 광양시 금호동 791(126m 범위),전라남도 광양시 금호동 2문(39m ↗),28.2,공차
SB-000014,2026-08-12,2026-08-12 11:41:12,0,0,공회전감지,전라남도 광양시 금호동 791(153m 범위),전라남도 광양시 금호동 2문(24m ↖),28.1,공차
SB-000014,2026-08-12,2026-08-12 11:43:00,0,0,DTG 데이터,전라남도 광양시 금호동 637(134m 범위),전라남도 광양시 금호동 제철삼거리(342m ↘),28.2,공차
SB-000014,2026-08-12,2026-08-12 11:45:00,0,0,DTG 데이터,전라남도 광양시 금호동 636(392m 범위),전라남도 광양시 금호동 1문(234m ↘),28.1,공차
SB-000014,2026-08-12,2026-08-12 11:46:13,0,0,공회전유지,전라남도 광양시 금호동 631(202m 범위),전라남도 광양시 금호동 포렌(406m ←),28,공차
SB-000014,2026-08-12,2026-08-12 11:47:00,0,0,DTG 데이터,전라남도 광양시 금호동 635(89m 범위),전라남도 광양시 금호동 광일엔지니어링(471m ↙),28.2,공차
SB-000014,2026-08-12,2026-08-12 11:48:19,0,0,공회전종료,전라남도 광양시 금호동 657(104m 범위),주변에 특정 건물이 없습니다,27,공차
SB-000014,2026-08-12,2026-08-12 11:48:19,0,0,Key Off,전라남도 광양시 금호동 657(104m 범위),주변에 특정 건물이 없습니다,27,공차
SB-000014,2026-08-12,2026-08-12 12:01:53,0,0,Key On,전라남도 광양시 금호동 657(104m 범위),주변에 특정 건물이 없습니다,25,공차
SB-000014,2026-08-12,2026-08-12 12:01:57,0,0,급가속,전라남도 광양시 금호동 657(113m 범위),주변에 특정 건물이 없습니다,26.9,공차
SB-000014,2026-08-12,2026-08-12 12:03:00,0,0,DTG 데이터,전라남도 광양시 금호동 635(70m 범위),전라남도 광양시 금호동 포렌(497m ↙),28.2,공차
SB-000014,2026-08-12,2026-08-12 12:05:00,0,0,DTG 데이터,전라남도 광양시 금호동 657(63m 범위),주변에 특정 건물이 없습니다,28.1,공차
SB-000014,2026-08-12,2026-08-12 12:06:59,0,0,공회전감지,전라남도 광양시 금호동 657(67m 범위),주변에 특정 건물이 없습니다,28,공차
SB-000014,2026-08-12,2026-08-12 12:07:01,0,0,DTG 데이터,전라남도 광양시 금호동 657(67m 범위),주변에 특정 건물이 없습니다,28.1,공차
SB-000014,2026-08-12,2026-08-12 12:09:00,0,0,DTG 데이터,전라남도 광양시 금호동 653(307m 범위),주변에 특정 건물이 없습니다,28,공차
SB-000014,2026-08-12,2026-08-12 12:11:00,0,0,DTG 데이터,전라남도 광양시 금호동 795(77m 범위),전라남도 광양시 금호동 청우(58m ↖),28.2,공차
SB-000014,2026-08-12,2026-08-12 12:11:59,0,0,공회전유지,전라남도 광양시 금호동 803(191m 범위),전라남도 광양시 금호동 아르고마린토탈(266m →),28.2,공차
SB-000014,2026-08-12,2026-08-12 12:12:59,0,0,DTG 데이터,전라남도 광양시 금호동 803(184m 범위),전라남도 광양시 금호동 아르고마린토탈(270m →),28,공차
SB-000014,2026-08-12,2026-08-12 12:14:59,0,0,DTG 데이터,전라남도 광양시 금호동 803(185m 범위),전라남도 광양시 금호동 아르고마린토탈(269m →),28.1,공차
SB-000014,2026-08-12,2026-08-12 12:16:58,0,0,공회전유지,전라남도 광양시 금호동 803(149m 범위),전라남도 광양시 금호동 포스코플로우(297m ↘),28.1,공차
SB-000014,2026-08-12,2026-08-12 12:17:01,0,0,DTG 데이터,전라남도 광양시 금호동 803(149m 범위),전라남도 광양시 금호동 포스코플로우(297m ↘),28.1,공차
SB-000014,2026-08-12,2026-08-12 12:18:59,0,0,DTG 데이터,전라남도 광양시 금호동 803(129m 범위),전라남도 광양시 금호동 우리은행365(300m ↘),27.9,공차
SB-000014,2026-08-12,2026-08-12 12:21:00,0,0,DTG 데이터,전라남도 광양시 금호동 803(119m 범위),전라남도 광양시 금호동 포스코플로우(307m ↘),28.1,공차
SB-000014,2026-08-12,2026-08-12 12:21:59,0,0,공회전유지,전라남도 광양시 금호동 803(101m 범위),전라남도 광양시 금호동 우리은행365(319m ↘),28.1,공차
SB-000014,2026-08-12,2026-08-12 12:23:00,0,0,DTG 데이터,전라남도 광양시 금호동 803(92m 범위),전라남도 광양시 금호동 우리은행365(327m ↘),28,공차
SB-000014,2026-08-12,2026-08-12 12:25:00,0,0,DTG 데이터,전라남도 광양시 금호동 803(95m 범위),전라남도 광양시 금호동 우리은행365(323m ↘),28,공차
SB-000014,2026-08-12,2026-08-12 12:25:21,0,0,공회전종료,전라남도 광양시 금호동 803(94m 범위),전라남도 광양시 금호동 우리은행365(327m ↘),26.4,공차
SB-000014,2026-08-12,2026-08-12 12:26:14,25,0,급가속,전라남도 광양시 금호동 803(80m 범위),전라남도 광양시 금호동 포스코플로우(359m ↘),21.8,공차
SB-000014,2026-08-12,2026-08-12 12:26:59,0,0,DTG 데이터,전라남도 광양시 금호동 803(118m 범위),전라남도 광양시 금호동 포스코플로우(321m ↘),28.1,공차
SB-000014,2026-08-12,2026-08-12 12:28:59,0,0,DTG 데이터,전라남도 광양시 금호동 656(62m 범위),전라남도 광양시 금호동 한유엘엔에스(213m ↗),28.1,공차
SB-000014,2026-08-12,2026-08-12 12:30:59,0,0,DTG 데이터,전라남도 광양시 금호동 657(186m 범위),주변에 특정 건물이 없습니다,28.2,공차
SB-000014,2026-08-12,2026-08-12 12:31:15,0,0,공회전감지,전라남도 광양시 금호동 657(174m 범위),주변에 특정 건물이 없습니다,28.1,공차
SB-000014,2026-08-12,2026-08-12 12:33:00,0,0,DTG 데이터,주변에 검색된 지번이 없습니다,전라남도 광양시 금호동 1문(423m ↓),28.1,공차
SB-000014,2026-08-12,2026-08-12 12:35:00,0,0,DTG 데이터,전라남도 광양시 금호동 627-8(80m 범위),전라남도 광양시 금호동 버스정류장(170m ↘),28.1,공차
SB-000014,2026-08-12,2026-08-12 12:36:15,0,0,공회전유지,전라남도 광양시 금호동 917(48m 범위),전라남도 광양시 금호동 금당교차로(21m ↗),28.1,공차
SB-000014,2026-08-12,2026-08-12 12:37:00,0,0,DTG 데이터,전라남도 광양시 중동 102-6(192m 범위),전라남도 광양시 중마동 (중동) 길호대교(45m →),28.1,공차
SB-000014,2026-08-12,2026-08-12 12:39:00,0,0,DTG 데이터,전라남도 광양시 중동 1692(35m 범위),전라남도 광양시 중마동 (중동) 버스정류장(20m ↙),28,공차
SB-000014,2026-08-12,2026-08-12 12:41:00,0,0,DTG 데이터,전라남도 광양시 성황동 1211(32m 범위),전라남도 광양시 골약동 (성황동) TBX프레스(21m →),28.2,공차
SB-000014,2026-08-12,2026-08-12 12:41:15,0,0,공회전유지,전라남도 광양시 성황동 1847(98m 범위),전라남도 광양시 골약동 (도이동) 반심1교(56m →),28.1,공차
SB-000014,2026-08-12,2026-08-12 12:43:00,0,0,DTG 데이터,전라남도 광양시 도이동 814(138m 범위),전라남도 광양시 골약동 (도이동) CJ대한통운(90m ↙),28,공차
SB-000014,2026-08-12,2026-08-12 12:45:00,0,0,DTG 데이터,전라남도 광양시 도이동 832(134m 범위),전라남도 광양시 골약동 (도이동) 동방(119m ↘),27.9,공차
SB-000014,2026-08-12,2026-08-12 12:46:15,0,0,공회전유지,전라남도 광양시 도이동 832(139m 범위),전라남도 광양시 골약동 (도이동) 동방(124m ↘),28.1,공차
SB-000014,2026-08-12,2026-08-12 12:46:34,0,0,Key Off,전라남도 광양시 도이동 832(131m 범위),전라남도 광양시 골약동 (도이동) 동방(111m ↓),27,공차
SB-000014,2026-08-12,2026-08-12 12:46:35,0,0,공회전종료,전라남도 광양시 도이동 832(131m 범위),전라남도 광양시 골약동 (도이동) 동방(111m ↓),27,공차
SB-000014,2026-08-12,2026-08-12 13:03:40,0,0,Key On,전라남도 광양시 도이동 832(131m 범위),전라남도 광양시 골약동 (도이동) 동방(111m ↓),25.2,공차
SB-000014,2026-08-12,2026-08-12 13:04:59,0,0,DTG 데이터,전라남도 광양시 도이동 832(39m 범위),전라남도 광양시 골약동 (도이동) 동방(109m →),28.1,공차
SB-000014,2026-08-12,2026-08-12 13:06:59,0,0,DTG 데이터,전라남도 광양시 도이동 832(53m 범위),전라남도 광양시 골약동 (도이동) 동방(117m →),28.2,공차
SB-000014,2026-08-12,2026-08-12 13:08:45,0,0,공회전감지,전라남도 광양시 도이동 832(26m 범위),전라남도 광양시 골약동 (도이동) 동방(90m →),28,공차
SB-000014,2026-08-12,2026-08-12 13:08:59,0,0,DTG 데이터,전라남도 광양시 도이동 832(20m 범위),전라남도 광양시 골약동 (도이동) 동방(85m →),28.2,공차
SB-000014,2026-08-12,2026-08-12 13:11:00,0,0,DTG 데이터,전라남도 광양시 도이동 832(114m 범위),전라남도 광양시 골약동 (도이동) 동방(71m ↓),28.1,공차
SB-000014,2026-08-12,2026-08-12 13:13:00,0,0,DTG 데이터,전라남도 광양시 도이동 805(47m 범위),전라남도 광양시 골약동 (도이동) 조우로지스(119m →),28.2,공차
SB-000014,2026-08-12,2026-08-12 13:13:45,0,0,공회전유지,전라남도 광양시 도이동 779(142m 범위),전라남도 광양시 골약동 (도이동) 주차장(120m ↘),28.2,공차
SB-000014,2026-08-12,2026-08-12 13:15:00,0,0,DTG 데이터,전라남도 광양시 중동 1811-10(24m 범위),전라남도 광양시 중마동 (중동) 버스정류장(113m ↓),28.1,공차
SB-000014,2026-08-12,2026-08-12 13:17:00,0,0,DTG 데이터,전라남도 광양시 중동 102-6(161m 범위),전라남도 광양시 중마동 (중동) 길호대교(16m →),28.2,공차
SB-000014,2026-08-12,2026-08-12 13:18:45,0,0,공회전유지,전라남도 광양시 금호동 626-1(19m 범위),전라남도 광양시 금호동 CU(113m ↑),28.1,공차
SB-000014,2026-08-12,2026-08-12 13:18:59,0,0,DTG 데이터,전라남도 광양시 금호동 651-2(93m 범위),전라남도 광양시 금호동 주차장(150m ↗),28.2,공차
SB-000014,2026-08-12,2026-08-12 13:20:59,0,0,DTG 데이터,전라남도 광양시 금호동 652(389m 범위),전라남도 광양시 금호동 1문(238m ↓),28.1,공차
SB-000014,2026-08-12,2026-08-12 13:22:59,0,0,DTG 데이터,전라남도 광양시 금호동 653(319m 범위),주변에 특정 건물이 없습니다,28.2,공차
SB-000014,2026-08-12,2026-08-12 13:23:45,0,0,공회전유지,전라남도 광양시 금호동 656(240m 범위),전라남도 광양시 금호동 한유엘엔에스(436m ↗),28.1,공차
SB-000014,2026-08-12,2026-08-12 13:24:59,0,0,DTG 데이터,전라남도 광양시 금호동 656(292m 범위),전라남도 광양시 금호동 메인테크(277m ↖),28.1,공차
SB-000014,2026-08-12,2026-08-12 13:26:08,0,0,공회전종료,전라남도 광양시 금호동 656(269m 범위),전라남도 광양시 금호동 메인테크(244m ←),27.1,공차
SB-000014,2026-08-12,2026-08-12 13:26:08,0,0,Key Off,전라남도 광양시 금호동 656(269m 범위),전라남도 광양시 금호동 메인테크(244m ←),27.1,공차
SB-000014,2026-08-12,2026-08-12 13:32:40,0,0,Key On,전라남도 광양시 금호동 656(269m 범위),전라남도 광양시 금호동 메인테크(244m ←),19.9,공차
SB-000014,2026-08-12,2026-08-12 13:32:56,0,0,Key Off,전라남도 광양시 금호동 656(228m 범위),전라남도 광양시 금호동 천문산업안전(283m ←),26.3,공차
SB-000014,2026-08-12,2026-08-12 13:42:27,0,0,Key On,전라남도 광양시 금호동 802(211m 범위),전라남도 광양시 금호동 아르고마린토탈(217m ↑),24.3,공차
SB-000014,2026-08-12,2026-08-12 13:42:59,0,0,DTG 데이터,전라남도 광양시 금호동 802(224m 범위),전라남도 광양시 금호동 메인테크(222m ←),28.1,공차
SB-000014,2026-08-12,2026-08-12 13:44:59,0,0,DTG 데이터,전라남도 광양시 금호동 656(211m 범위),전라남도 광양시 금호동 메인테크(294m ←),28.1,공차
SB-000014,2026-08-12,2026-08-12 13:47:00,0,0,DTG 데이터,전라남도 광양시 금호동 656(256m 범위),전라남도 광양시 금호동 천문산업안전(252m ←),28.1,공차
SB-000014,2026-08-12,2026-08-12 13:47:32,0,0,공회전감지,전라남도 광양시 금호동 802(254m 범위),전라남도 광양시 금호동 메인테크(215m ←),27.9,공차
SB-000014,2026-08-12,2026-08-12 13:49:00,0,0,DTG 데이터,전라남도 광양시 금호동 802(198m 범위),전라남도 광양시 금호동 청우(189m ↑),28.1,공차
SB-000014,2026-08-12,2026-08-12 13:51:00,0,0,DTG 데이터,전라남도 광양시 금호동 656(281m 범위),전라남도 광양시 금호동 천문산업안전(287m ↖),28.1,공차
SB-000014,2026-08-12,2026-08-12 13:52:31,0,0,공회전유지,전라남도 광양시 금호동 634(55m 범위),전라남도 광양시 금호동 광양제품부두점(134m ↗),28,공차
SB-000014,2026-08-12,2026-08-12 13:52:59,0,0,DTG 데이터,전라남도 광양시 금호동 634(109m 범위),전라남도 광양시 금호동 광양제품부두점(86m ↗),28,공차
SB-000014,2026-08-12,2026-08-12 13:54:59,0,0,DTG 데이터,전라남도 광양시 금호동 803(82m 범위),전라남도 광양시 금호동 포스코플로우(336m ↘),28,공차
SB-000014,2026-08-12,2026-08-12 13:55:45,0,0,공회전종료,전라남도 광양시 금호동 803(109m 범위),전라남도 광양시 금호동 우리은행365(329m ↘),26.3,공차
SB-000014,2026-08-12,2026-08-12 13:56:41,8,0,급감속,전라남도 광양시 금호동 803(87m 범위),전라남도 광양시 금호동 포스코플로우(350m ↘),26.9,공차
SB-000014,2026-08-12,2026-08-12 13:56:59,0,0,DTG 데이터,전라남도 광양시 금호동 803(87m 범위),전라남도 광양시 금호동 우리은행365(367m ↘),28.1,공차
SB-000014,2026-08-12,2026-08-12 13:58:59,0,0,DTG 데이터,전라남도 광양시 금호동 662(171m 범위),전라남도 광양시 금호동 피엠에스(358m →),28.1,공차
SB-000014,2026-08-12,2026-08-12 14:00:59,0,0,DTG 데이터,주변에 검색된 지번이 없습니다,주변에 특정건물이 없습니다,28.1,공차
SB-000014,2026-08-12,2026-08-12 14:01:42,0,0,공회전감지,전라남도 광양시 금호동 663(287m 범위),전라남도 광양시 금호동 포스코광양제철소(436m ↘),28.1,공차
SB-000014,2026-08-12,2026-08-12 14:03:00,0,0,DTG 데이터,전라남도 광양시 금호동 663(256m 범위),전라남도 광양시 금호동 포스코광양제철소(477m ↗),28.1,공차
SB-000014,2026-08-12,2026-08-12 14:05:00,0,0,DTG 데이터,전라남도 광양시 금호동 791(174m 범위),전라남도 광양시 금호동 2문(65m ↓),28.1,공차
SB-000014,2026-08-12,2026-08-12 14:06:43,0,0,공회전유지,전라남도 광양시 태인동 1664-7(24m 범위),전라남도 광양시 태인동 장가계(32m →),28.1,공차
SB-000014,2026-08-12,2026-08-12 14:07:00,0,0,DTG 데이터,전라남도 광양시 태인동 1664-8(25m 범위),전라남도 광양시 태인동 명품타이어아울렛(35m →),28.1,공차
SB-000014,2026-08-12,2026-08-12 14:09:00,0,0,DTG 데이터,전라남도 광양시 태인동 1653-11(30m 범위),전라남도 광양시 태인동 버스정류장(20m ↘),28.1,공차
SB-000014,2026-08-12,2026-08-12 14:11:00,0,0,DTG 데이터,전라남도 광양시 태인동 1688(117m 범위),전라남도 광양시 태인동 엔시스(123m ↖),28.2,공차
SB-000014,2026-08-12,2026-08-12 14:11:42,0,0,공회전유지,전라남도 광양시 태인동 1740(76m 범위),전라남도 광양시 태인동 삼현철강(156m ←),28.2,공차
SB-000014,2026-08-12,2026-08-12 14:12:59,0,0,DTG 데이터,전라남도 광양시 태인동 1740(51m 범위),전라남도 광양시 태인동 한국상용트럭서비스센터(160m ↗),28.2,공차
SB-000014,2026-08-12,2026-08-12 14:14:59,0,0,DTG 데이터,전라남도 광양시 태인동 1740(53m 범위),전라남도 광양시 태인동 한국상용트럭서비스센터(167m ↗),28,공차
SB-000014,2026-08-12,2026-08-12 14:16:42,0,0,공회전유지,전라남도 광양시 태인동 1740(58m 범위),전라남도 광양시 태인동 한국상용트럭서비스센터(169m ↗),28.1,공차
SB-000014,2026-08-12,2026-08-12 14:16:59,0,0,DTG 데이터,전라남도 광양시 태인동 1740(58m 범위),전라남도 광양시 태인동 한국상용트럭서비스센터(169m ↗),28.1,공차
SB-000014,2026-08-12,2026-08-12 14:19:00,0,0,DTG 데이터,전라남도 광양시 태인동 1740(56m 범위),전라남도 광양시 태인동 한국상용트럭서비스센터(164m ↗),28,공차
SB-000014,2026-08-12,2026-08-12 14:21:00,0,0,DTG 데이터,전라남도 광양시 태인동 1740(52m 범위),전라남도 광양시 태인동 한국상용트럭서비스센터(163m ↗),28.2,공차
SB-000014,2026-08-12,2026-08-12 14:21:38,0,0,Key Off,전라남도 광양시 태인동 1740(53m 범위),전라남도 광양시 태인동 한국상용트럭서비스센터(165m ↗),27.1,공차
SB-000014,2026-08-12,2026-08-12 14:21:38,0,0,공회전종료,전라남도 광양시 태인동 1740(53m 범위),전라남도 광양시 태인동 한국상용트럭서비스센터(165m ↗),27.1,공차
SB-000014,2026-08-12,2026-08-12 14:22:06,0,0,Key On,전라남도 광양시 태인동 1740(53m 범위),전라남도 광양시 태인동 한국상용트럭서비스센터(165m ↗),21.8,공차
SB-000014,2026-08-12,2026-08-12 14:23:00,0,0,DTG 데이터,전라남도 광양시 태인동 1740(39m 범위),전라남도 광양시 태인동 한국상용트럭서비스센터(159m ↑),28.1,공차
SB-000014,2026-08-12,2026-08-12 14:25:00,0,0,DTG 데이터,전라남도 광양시 태인동 1740(46m 범위),전라남도 광양시 태인동 강변특장(159m ↗),28,공차
SB-000014,2026-08-12,2026-08-12 14:27:00,0,0,DTG 데이터,전라남도 광양시 태인동 1740(57m 범위),전라남도 광양시 태인동 강변특장(171m ↗),28.2,공차
SB-000014,2026-08-12,2026-08-12 14:27:11,0,0,공회전감지,전라남도 광양시 태인동 1740(56m 범위),전라남도 광양시 태인동 강변특장(171m ↗),28,공차
SB-000014,2026-08-12,2026-08-12 14:29:00,0,0,DTG 데이터,전라남도 광양시 태인동 1740(83m 범위),전라남도 광양시 태인동 명당자원(181m →),28,공차
SB-000014,2026-08-12,2026-08-12 14:29:10,0,0,공회전종료,전라남도 광양시 태인동 1740(85m 범위),전라남도 광양시 태인동 명당자원(178m →),27.2,공차
SB-000014,2026-08-12,2026-08-12 14:29:15,0,0,Key Off,전라남도 광양시 태인동 1740(85m 범위),전라남도 광양시 태인동 명당자원(178m →),26.8,공차
SB-000014,2026-08-12,2026-08-12 14:36:41,0,0,Key On,전라남도 광양시 태인동 1740(85m 범위),전라남도 광양시 태인동 명당자원(178m →),24.9,공차
SB-000014,2026-08-12,2026-08-12 14:37:00,0,0,DTG 데이터,전라남도 광양시 태인동 28-174(74m 범위),전라남도 광양시 태인동 강변특장(139m ↑),21.9,공차
SB-000014,2026-08-12,2026-08-12 14:37:03,54,0,급가속,전라남도 광양시 태인동 1740(67m 범위),전라남도 광양시 태인동 강변특장(135m ↑),26.1,공차
SB-000014,2026-08-12,2026-08-12 14:38:11,0,0,Key Off,전라남도 광양시 태인동 1740(95m 범위),전라남도 광양시 태인동 명당자원(178m →),27.3,공차
SB-000014,2026-08-12,2026-08-12 14:46:32,0,0,Key On,전라남도 광양시 태인동 1740(95m 범위),전라남도 광양시 태인동 명당자원(178m →),25.3,공차
SB-000014,2026-08-12,2026-08-12 14:46:36,0,0,급감속,전라남도 광양시 태인동 1738(66m 범위),전라남도 광양시 태인동 대성철강(39m ↓),27.1,공차
SB-000014,2026-08-12,2026-08-12 14:47:00,0,0,DTG 데이터,전라남도 광양시 태인동 1738(51m 범위),전라남도 광양시 태인동 대성철강(52m ↙),28.1,공차
SB-000014,2026-08-12,2026-08-12 14:49:00,0,0,DTG 데이터,전라남도 광양시 태인동 1721(59m 범위),전라남도 광양시 태인동 대도(110m →),28.1,공차
SB-000014,2026-08-12,2026-08-12 14:50:59,0,0,DTG 데이터,전라남도 광양시 태인동 1653-2(40m 범위),전라남도 광양시 태인동 SK엔크린(32m ↘),28.2,공차
SB-000014,2026-08-12,2026-08-12 14:51:36,0,0,공회전감지,전라남도 광양시 태인동 1653-2(36m 범위),전라남도 광양시 태인동 SK엔크린(27m ↘),28.1,공차
SB-000014,2026-08-12,2026-08-12 14:52:59,0,0,DTG 데이터,전라남도 광양시 태인동 303-192(36m 범위),전라남도 광양시 태인동 태인장내배수펌프장(38m →),28.1,공차
SB-000014,2026-08-12,2026-08-12 14:55:00,0,0,DTG 데이터,전라남도 광양시 금호동 791(284m 범위),전라남도 광양시 금호동 2문(185m ↓),28,공차
SB-000014,2026-08-12,2026-08-12 14:56:36,0,0,공회전유지,전라남도 광양시 금호동 658(166m 범위),전라남도 광양시 금호동 정문(215m ↙),28.1,공차
SB-000014,2026-08-12,2026-08-12 14:57:00,0,0,DTG 데이터,전라남도 광양시 금호동 636(143m 범위),전라남도 광양시 금호동 축구장(351m ↓),28.1,공차
SB-000014,2026-08-12,2026-08-12 14:59:00,0,0,DTG 데이터,전라남도 광양시 금호동 631(173m 범위),전라남도 광양시 금호동 포렌(423m ←),28.1,공차
SB-000014,2026-08-12,2026-08-12 15:01:00,0,0,DTG 데이터,전라남도 광양시 금호동 631(262m 범위),주변에 특정 건물이 없습니다,27.9,공차
SB-000014,2026-08-12,2026-08-12 15:01:36,0,0,공회전유지,전라남도 광양시 금호동 631(296m 범위),주변에 특정 건물이 없습니다,28,공차
SB-000014,2026-08-12,2026-08-12 15:03:00,0,0,DTG 데이터,전라남도 광양시 금호동 631(303m 범위),주변에 특정 건물이 없습니다,28.1,공차
SB-000014,2026-08-12,2026-08-12 15:05:00,0,0,DTG 데이터,전라남도 광양시 금호동 631(287m 범위),주변에 특정 건물이 없습니다,27.9,공차
SB-000014,2026-08-12,2026-08-12 15:06:36,0,0,공회전유지,전라남도 광양시 금호동 631(371m 범위),주변에 특정 건물이 없습니다,28.1,공차
SB-000014,2026-08-12,2026-08-12 15:07:00,0,0,DTG 데이터,전라남도 광양시 금호동 631(383m 범위),주변에 특정 건물이 없습니다,28.1,공차
SB-000014,2026-08-12,2026-08-12 15:08:59,0,0,DTG 데이터,전라남도 광양시 금호동 653(268m 범위),주변에 특정 건물이 없습니다,28.1,공차
SB-000014,2026-08-12,2026-08-12 15:10:59,0,0,DTG 데이터,전라남도 광양시 금호동 634(39m 범위),전라남도 광양시 금호동 한유엘엔에스(155m →),28.1,공차
SB-000014,2026-08-12,2026-08-12 15:11:37,0,0,공회전유지,전라남도 광양시 금호동 634(149m 범위),전라남도 광양시 금호동 광양제품부두점(103m →),28.1,공차
SB-000014,2026-08-12,2026-08-12 15:13:00,0,0,DTG 데이터,전라남도 광양시 금호동 803(115m 범위),전라남도 광양시 금호동 우리은행365(311m ↘),28.1,공차
SB-000014,2026-08-12,2026-08-12 15:15:00,0,0,DTG 데이터,전라남도 광양시 금호동 803(85m 범위),전라남도 광양시 금호동 우리은행365(333m ↘),27.9,공차
SB-000014,2026-08-12,2026-08-12 15:15:52,0,0,공회전종료,전라남도 광양시 금호동 803(88m 범위),전라남도 광양시 금호동 우리은행365(332m ↘),26.3,공차
SB-000014,2026-08-12,2026-08-12 15:16:22,28,0,급가속,전라남도 광양시 금호동 803(79m 범위),전라남도 광양시 금호동 우리은행365(346m ↘),26.7,공차
SB-000014,2026-08-12,2026-08-12 15:16:25,7,0,급감속,전라남도 광양시 금호동 803(78m 범위),전라남도 광양시 금호동 우리은행365(347m ↘),26.6,공차
SB-000014,2026-08-12,2026-08-12 15:17:00,0,0,DTG 데이터,전라남도 광양시 금호동 803(142m 범위),전라남도 광양시 금호동 포스코플로우(373m ↘),28.1,공차
SB-000014,2026-08-12,2026-08-12 15:19:00,0,0,DTG 데이터,전라남도 광양시 금호동 642-1(173m 범위),전라남도 광양시 금호동 피엠에스(498m →),28.1,공차
SB-000014,2026-08-12,2026-08-12 15:21:00,0,0,DTG 데이터,전라남도 광양시 금호동 663(302m 범위),전라남도 광양시 금호동 포스코광양제철소(448m ↘),28.1,공차
SB-000014,2026-08-12,2026-08-12 15:21:24,0,0,공회전감지,전라남도 광양시 금호동 663(90m 범위),전라남도 광양시 금호동 포스코광양제철소(373m →),28.1,공차
SB-000014,2026-08-12,2026-08-12 15:23:00,0,0,DTG 데이터,주변에 검색된 지번이 없습니다,주변에 특정건물이 없습니다,28.1,공차
SB-000014,2026-08-12,2026-08-12 15:25:00,0,0,DTG 데이터,전라남도 광양시 금호동 791(161m 범위),전라남도 광양시 금호동 2문(43m ↘),28.1,공차
SB-000014,2026-08-12,2026-08-12 15:26:24,0,0,공회전유지,전라남도 광양시 태인동 1664-6(23m 범위),전라남도 광양시 태인동 송강국밥(32m →),27.9,공차
SB-000014,2026-08-12,2026-08-12 15:26:59,0,0,DTG 데이터,전라남도 광양시 태인동 1664-5(20m 범위),전라남도 광양시 태인동 버스정류장(17m ↘),28.1,공차
SB-000014,2026-08-12,2026-08-12 15:29:01,0,0,DTG 데이터,전라남도 광양시 태인동 1656-6(76m 범위),전라남도 광양시 태인동 케이아이씨(29m ↑),28.2,공차
SB-000014,2026-08-12,2026-08-12 15:31:00,0,0,DTG 데이터,전라남도 광양시 태인동 1654-1(20m 범위),전라남도 광양시 태인동 세정테크(63m ↖),28.1,공차
SB-000014,2026-08-12,2026-08-12 15:31:24,0,0,공회전유지,전라남도 광양시 태인동 1654-1(47m 범위),전라남도 광양시 태인동 흥해물류(97m →),28.2,공차
SB-000014,2026-08-12,2026-08-12 15:33:00,0,0,DTG 데이터,전라남도 광양시 태인동 1654-1(91m 범위),전라남도 광양시 태인동 CJ대한통운광양지사(72m ↗),28.1,공차
SB-000014,2026-08-12,2026-08-12 15:35:00,0,0,DTG 데이터,전라남도 광양시 태인동 1652-5(59m 범위),전라남도 광양시 태인동 전남기업(25m ↘),28.2,공차
SB-000014,2026-08-12,2026-08-12 15:36:24,0,0,공회전유지,전라남도 광양시 금호동 791(7m 범위),전라남도 광양시 금호동 태인교삼거리(23m ↖),28,공차
SB-000014,2026-08-12,2026-08-12 15:37:00,0,0,DTG 데이터,전라남도 광양시 금호동 791(65m 범위),전라남도 광양시 금호동 태인교삼거리(67m ←),28.1,공차
SB-000014,2026-08-12,2026-08-12 15:39:00,0,0,DTG 데이터,전라남도 광양시 금호동 791(230m 범위),전라남도 광양시 금호동 2문(122m ↓),28.1,공차
SB-000014,2026-08-12,2026-08-12 15:41:00,0,0,DTG 데이터,전라남도 광양시 금호동 658(200m 범위),전라남도 광양시 금호동 정문(239m ↙),28.1,공차
SB-000014,2026-08-12,2026-08-12 15:41:24,0,0,공회전유지,전라남도 광양시 금호동 636(145m 범위),전라남도 광양시 금호동 연구소앞삼거리(350m ↙),28.1,공차
SB-000014,2026-08-12,2026-08-12 15:42:59,0,0,DTG 데이터,전라남도 광양시 금호동 631(329m 범위),전라남도 광양시 금호동 광일엔지니어링(409m ←),28.1,공차
SB-000014,2026-08-12,2026-08-12 15:45:00,0,0,DTG 데이터,전라남도 광양시 금호동 656(208m 범위),전라남도 광양시 금호동 한유엘엔에스(405m ↗),28.1,공차
SB-000014,2026-08-12,2026-08-12 15:45:51,0,0,공회전종료,전라남도 광양시 금호동 656(187m 범위),전라남도 광양시 금호동 한유엘엔에스(389m ↗),26.5,공차
SB-000014,2026-08-12,2026-08-12 15:45:51,0,0,Key Off,전라남도 광양시 금호동 656(187m 범위),전라남도 광양시 금호동 한유엘엔에스(389m ↗),26.5,공차
SB-000014,2026-08-12,2026-08-12 15:49:12,0,0,Key On,전라남도 광양시 금호동 656(187m 범위),전라남도 광양시 금호동 한유엘엔에스(389m ↗),20.8,공차
SB-000014,2026-08-12,2026-08-12 15:51:00,0,0,DTG 데이터,전라남도 광양시 금호동 656(130m 범위),전라남도 광양시 금호동 한유엘엔에스(328m ↗),28.1,공차
SB-000014,2026-08-12,2026-08-12 15:51:41,0,0,Key Off,전라남도 광양시 금호동 656(112m 범위),전라남도 광양시 금호동 한유엘엔에스(302m ↗),27.2,공차
SB-000014,2026-08-12,2026-08-12 15:59:10,0,0,Key On,전라남도 광양시 금호동 656(112m 범위),전라남도 광양시 금호동 한유엘엔에스(302m ↗),25.3,공차
SB-000014,2026-08-12,2026-08-12 15:59:15,0,0,급감속,전라남도 광양시 금호동 656(128m 범위),전라남도 광양시 금호동 한유엘엔에스(328m ↗),26.7,공차
SB-000014,2026-08-12,2026-08-12 16:00:59,0,0,DTG 데이터,전라남도 광양시 금호동 634(106m 범위),전라남도 광양시 금호동 한유엘엔에스(223m →),28,공차
SB-000014,2026-08-12,2026-08-12 16:02:59,0,0,DTG 데이터,전라남도 광양시 금호동 634(108m 범위),전라남도 광양시 금호동 광양제품부두점(225m ↗),28.1,공차
SB-000014,2026-08-12,2026-08-12 16:04:17,0,0,공회전감지,전라남도 광양시 금호동 634(96m 범위),전라남도 광양시 금호동 광양제품부두점(185m ↗),28.2,공차
SB-000014,2026-08-12,2026-08-12 16:05:00,0,0,DTG 데이터,전라남도 광양시 금호동 634(78m 범위),전라남도 광양시 금호동 광양제품부두점(176m ↗),28.1,공차
SB-000014,2026-08-12,2026-08-12 16:07:00,0,0,DTG 데이터,전라남도 광양시 금호동 802(63m 범위),전라남도 광양시 금호동 아르고마린토탈(43m ↑),28.1,공차
SB-000014,2026-08-12,2026-08-12 16:08:20,0,0,공회전종료,전라남도 광양시 금호동 803(90m 범위),전라남도 광양시 금호동 포스코플로우(330m ↘),26.5,공차
SB-000014,2026-08-12,2026-08-12 16:09:00,0,0,DTG 데이터,전라남도 광양시 금호동 803(73m 범위),전라남도 광양시 금호동 포스코플로우(353m ↘),25.4,공차
SB-000014,2026-08-12,2026-08-12 16:09:12,44,0,급가속,전라남도 광양시 금호동 803(70m 범위),전라남도 광양시 금호동 포스코플로우(356m ↘),26.6,공차
SB-000014,2026-08-12,2026-08-12 16:09:15,8,0,급감속,전라남도 광양시 금호동 803(70m 범위),전라남도 광양시 금호동 포스코플로우(356m ↘),27.1,공차
SB-000014,2026-08-12,2026-08-12 16:11:00,0,0,DTG 데이터,전라남도 광양시 금호동 662(40m 범위),전라남도 광양시 금호동 피엠에스(162m ↘),28.1,공차
SB-000014,2026-08-12,2026-08-12 16:13:00,0,0,DTG 데이터,주변에 검색된 지번이 없습니다,주변에 특정건물이 없습니다,28.1,공차
SB-000014,2026-08-12,2026-08-12 16:14:15,0,0,공회전감지,전라남도 광양시 금호동 663(69m 범위),전라남도 광양시 금호동 포스코광양제철소(366m →),27.8,공차
SB-000014,2026-08-12,2026-08-12 16:15:00,0,0,DTG 데이터,전라남도 광양시 금호동 663(270m 범위),전라남도 광양시 금호동 포스코광양제철소(487m ↗),28,공차
SB-000014,2026-08-12,2026-08-12 16:17:00,0,0,DTG 데이터,전라남도 광양시 금호동 791(212m 범위),전라남도 광양시 금호동 2문(114m ↓),28.1,공차
SB-000014,2026-08-12,2026-08-12 16:18:59,0,0,DTG 데이터,전라남도 광양시 태인동 1664-8(19m 범위),전라남도 광양시 태인동 명품타이어아울렛(28m →),28,공차
SB-000014,2026-08-12,2026-08-12 16:19:15,0,0,공회전유지,전라남도 광양시 태인동 1664-8(19m 범위),전라남도 광양시 태인동 명품타이어아울렛(28m →),27.9,공차
SB-000014,2026-08-12,2026-08-12 16:20:59,0,0,DTG 데이터,전라남도 광양시 태인동 1656-2(68m 범위),전라남도 광양시 태인동 심팩메탈로이(74m ↖),28.1,공차
SB-000014,2026-08-12,2026-08-12 16:23:00,0,0,DTG 데이터,전라남도 광양시 태인동 1654-7(82m 범위),전라남도 광양시 태인동 세정테크(57m ↙),28.3,공차
SB-000014,2026-08-12,2026-08-12 16:24:16,0,0,공회전유지,전라남도 광양시 태인동 1654-7(95m 범위),전라남도 광양시 태인동 세정테크(50m ↙),28.1,공차
SB-000014,2026-08-12,2026-08-12 16:25:00,0,0,DTG 데이터,전라남도 광양시 태인동 1654-1(83m 범위),전라남도 광양시 태인동 세정테크(44m ↙),28.1,공차
SB-000014,2026-08-12,2026-08-12 16:25:49,0,0,Key Off,전라남도 광양시 태인동 1654-1(90m 범위),전라남도 광양시 태인동 세정테크(50m ↙),26.9,공차
SB-000014,2026-08-12,2026-08-12 16:25:50,0,0,공회전종료,전라남도 광양시 태인동 1654-1(90m 범위),전라남도 광양시 태인동 세정테크(50m ↙),26.9,공차
SB-000014,2026-08-12,2026-08-12 16:28:15,0,0,Key On,전라남도 광양시 태인동 1654-1(90m 범위),전라남도 광양시 태인동 세정테크(50m ↙),23.2,공차
SB-000014,2026-08-12,2026-08-12 16:29:00,0,0,DTG 데이터,전라남도 광양시 태인동 1654-1(14m 범위),전라남도 광양시 태인동 세정테크(77m ↖),28.2,공차
SB-000014,2026-08-12,2026-08-12 16:29:41,0,0,Key Off,전라남도 광양시 태인동 1720(102m 범위),전라남도 광양시 태인동 광양2공장(80m ↓),27.1,공차
SB-000014,2026-08-12,2026-08-12 16:31:08,0,0,Key On,전라남도 광양시 태인동 1720(102m 범위),전라남도 광양시 태인동 광양2공장(80m ↓),26,공차
SB-000014,2026-08-12,2026-08-12 16:31:19,0,0,Key Off,전라남도 광양시 태인동 1720(80m 범위),전라남도 광양시 태인동 광양2공장(59m ↘),25.9,공차
SB-000014,2026-08-12,2026-08-12 16:37:59,0,0,Key On,전라남도 광양시 태인동 1720(80m 범위),전라남도 광양시 태인동 광양2공장(59m ↘),24.9,공차
SB-000014,2026-08-12,2026-08-12 16:38:09,0,0,Key Off,전라남도 광양시 태인동 1720(81m 범위),전라남도 광양시 태인동 광양2공장(61m ↘),25.1,공차
