vehicle_id,trip_id,ts,lat,lon,speed_kmh,rpm,odo_km,laden,gps_status
GLV-T01,TRIP-GLV-T01-01,2026-07-31T21:00:00.000Z,35.08790,128.79370,68,1500,0.00,false,ok
GLV-T01,TRIP-GLV-T01-01,2026-07-31T21:02:00.000Z,35.09659,128.79851,70,1500,2.34,false,ok
GLV-T01,TRIP-GLV-T01-01,2026-07-31T21:04:00.000Z,35.10527,128.80331,71,1500,4.68,false,ok
GLV-T01,TRIP-GLV-T01-01,2026-07-31T21:06:00.000Z,35.11396,128.80812,73,1500,7.02,false,ok
GLV-T01,TRIP-GLV-T01-01,2026-07-31T21:08:00.000Z,35.12264,128.81292,74,1500,9.36,false,ok
GLV-T01,TRIP-GLV-T01-01,2026-07-31T21:10:00.000Z,35.13133,128.81773,75,1500,11.70,false,ok
GLV-T01,TRIP-GLV-T01-01,2026-07-31T21:12:00.000Z,35.14001,128.82254,75,1500,14.04,false,ok
GLV-T01,TRIP-GLV-T01-01,2026-07-31T21:14:00.000Z,35.14870,128.82734,76,1500,16.37,false,ok
GLV-T01,TRIP-GLV-T01-01,2026-07-31T21:16:00.000Z,35.15738,128.83215,76,1500,18.71,false,ok
GLV-T01,TRIP-GLV-T01-01,2026-07-31T21:18:00.000Z,35.16607,128.83695,76,1500,21.05,false,ok
GLV-T01,TRIP-GLV-T01-01,2026-07-31T21:20:00.000Z,35.17475,128.84176,75,1500,23.39,false,ok
GLV-T01,TRIP-GLV-T01-01,2026-07-31T21:22:00.000Z,35.18344,128.84656,74,1500,25.73,false,ok
GLV-T01,TRIP-GLV-T01-01,2026-07-31T21:24:00.000Z,35.19212,128.85137,73,1500,28.07,false,ok
GLV-T01,TRIP-GLV-T01-01,2026-07-31T21:26:00.000Z,35.20081,128.85618,72,1500,30.41,false,ok
GLV-T01,TRIP-GLV-T01-01,2026-07-31T21:28:00.000Z,35.20950,128.86098,71,1500,32.75,false,ok
GLV-T01,TRIP-GLV-T01-01,2026-07-31T21:30:00.000Z,35.21818,128.86579,69,1500,35.09,false,ok
GLV-T01,TRIP-GLV-T01-01,2026-07-31T21:32:00.000Z,35.22687,128.87059,68,1500,37.43,false,ok
GLV-T01,TRIP-GLV-T01-01,2026-07-31T21:34:00.000Z,35.23555,128.87540,66,1500,39.77,false,ok
GLV-T01,TRIP-GLV-T01-01,2026-07-31T21:36:00.000Z,35.24424,128.88021,64,1500,42.11,false,ok
GLV-T01,TRIP-GLV-T01-01,2026-07-31T21:38:00.000Z,35.25292,128.88501,63,1500,44.44,false,ok
GLV-T01,TRIP-GLV-T01-01,2026-07-31T21:40:00.000Z,35.26161,128.88982,62,1500,46.78,false,ok
GLV-T01,TRIP-GLV-T01-01,2026-07-31T21:42:00.000Z,35.27029,128.89462,61,1500,49.12,false,ok
GLV-T01,TRIP-GLV-T01-01,2026-07-31T21:44:00.000Z,35.27898,128.89943,60,1500,51.46,false,ok
GLV-T01,TRIP-GLV-T01-01,2026-07-31T21:46:00.000Z,35.28766,128.90423,60,1500,53.80,false,ok
GLV-T01,TRIP-GLV-T01-01,2026-07-31T21:48:00.000Z,35.29635,128.90904,60,1500,56.14,false,ok
GLV-T01,TRIP-GLV-T01-01,2026-07-31T21:50:00.000Z,35.30503,128.91385,60,1500,58.48,false,ok
GLV-T01,TRIP-GLV-T01-01,2026-07-31T21:52:00.000Z,35.31372,128.91865,61,1500,60.82,false,ok
GLV-T01,TRIP-GLV-T01-01,2026-07-31T21:54:00.000Z,35.32241,128.92346,62,1500,63.16,false,ok
GLV-T01,TRIP-GLV-T01-01,2026-07-31T21:56:00.000Z,35.33109,128.92826,63,1500,65.50,false,ok
GLV-T01,TRIP-GLV-T01-01,2026-07-31T21:58:00.000Z,35.33978,128.93307,64,1500,67.84,false,ok
GLV-T01,TRIP-GLV-T01-01,2026-07-31T22:00:00.000Z,35.34846,128.93788,66,1500,70.18,false,ok
GLV-T01,TRIP-GLV-T01-01,2026-07-31T22:02:00.000Z,35.35715,128.94268,67,1500,72.51,false,ok
GLV-T01,TRIP-GLV-T01-01,2026-07-31T22:04:00.000Z,35.36583,128.94749,69,1500,74.85,false,ok
GLV-T01,TRIP-GLV-T01-01,2026-07-31T22:06:00.000Z,35.37452,128.95229,70,1500,77.19,false,ok
GLV-T01,TRIP-GLV-T01-01,2026-07-31T22:08:00.000Z,35.38320,128.95710,72,1500,79.53,false,ok
GLV-T01,TRIP-GLV-T01-01,2026-07-31T22:10:00.000Z,35.39189,128.96190,73,1500,81.87,false,ok
GLV-T01,TRIP-GLV-T01-01,2026-07-31T22:12:00.000Z,35.40057,128.96671,74,1500,84.21,false,ok
GLV-T01,TRIP-GLV-T01-01,2026-07-31T22:14:00.000Z,35.40926,128.97152,75,1500,86.55,false,ok
GLV-T01,TRIP-GLV-T01-01,2026-07-31T22:16:00.000Z,35.41794,128.97632,76,1500,88.89,false,ok
GLV-T01,TRIP-GLV-T01-01,2026-07-31T22:18:00.000Z,35.42663,128.98113,76,1500,91.23,false,ok
GLV-T01,TRIP-GLV-T01-01,2026-07-31T22:20:00.000Z,35.43532,128.98593,76,1500,93.57,false,ok
GLV-T01,TRIP-GLV-T01-01,2026-07-31T22:22:00.000Z,35.44400,128.99074,76,1500,95.91,false,ok
GLV-T01,TRIP-GLV-T01-01,2026-07-31T22:24:00.000Z,35.45269,128.99555,75,1500,98.25,false,ok
GLV-T01,TRIP-GLV-T01-01,2026-07-31T22:26:00.000Z,35.46137,129.00035,74,1500,100.58,false,ok
GLV-T01,TRIP-GLV-T01-01,2026-07-31T22:28:00.000Z,35.47006,129.00516,73,1500,102.92,false,ok
GLV-T01,TRIP-GLV-T01-01,2026-07-31T22:30:00.000Z,35.47874,129.00996,71,1500,105.26,false,ok
GLV-T01,TRIP-GLV-T01-01,2026-07-31T22:32:00.000Z,35.48743,129.01477,70,1500,107.60,false,ok
GLV-T01,TRIP-GLV-T01-01,2026-07-31T22:34:00.000Z,35.49611,129.01957,68,1500,109.94,false,ok
GLV-T01,TRIP-GLV-T01-01,2026-07-31T22:36:00.000Z,35.50480,129.02438,67,1500,112.28,false,ok
GLV-T01,TRIP-GLV-T01-01,2026-07-31T22:38:00.000Z,35.51348,129.02919,65,1500,114.62,false,ok
GLV-T01,TRIP-GLV-T01-01,2026-07-31T22:40:00.000Z,35.52217,129.03399,64,1500,116.96,false,ok
GLV-T01,TRIP-GLV-T01-01,2026-07-31T22:42:00.000Z,35.53085,129.03880,62,1500,119.30,false,ok
GLV-T01,TRIP-GLV-T01-01,2026-07-31T22:44:00.000Z,35.53954,129.04360,61,1500,121.64,false,ok
GLV-T01,TRIP-GLV-T01-01,2026-07-31T22:46:00.000Z,35.54823,129.04841,61,1500,123.98,false,ok
GLV-T01,TRIP-GLV-T01-01,2026-07-31T22:48:00.000Z,35.55691,129.05322,60,1500,126.32,false,ok
GLV-T01,TRIP-GLV-T01-01,2026-07-31T22:50:00.000Z,35.56560,129.05802,60,1500,128.65,false,ok
GLV-T01,TRIP-GLV-T01-01,2026-07-31T22:52:00.000Z,35.57428,129.06283,60,1500,130.99,false,ok
GLV-T01,TRIP-GLV-T01-01,2026-07-31T22:54:00.000Z,35.58297,129.06763,61,1500,133.33,false,ok
GLV-T01,TRIP-GLV-T01-01,2026-07-31T22:56:00.000Z,35.59165,129.07244,61,1500,135.67,false,ok
GLV-T01,TRIP-GLV-T01-01,2026-07-31T22:58:00.000Z,35.60034,129.07725,62,1500,138.01,false,ok
GLV-T01,TRIP-GLV-T01-01,2026-07-31T23:00:00.000Z,35.60902,129.08205,64,1500,140.35,false,ok
GLV-T01,TRIP-GLV-T01-01,2026-07-31T23:02:00.000Z,35.61771,129.08686,65,1500,142.69,false,ok
GLV-T01,TRIP-GLV-T01-01,2026-07-31T23:04:00.000Z,35.62639,129.09166,67,1500,145.03,false,ok
GLV-T01,TRIP-GLV-T01-01,2026-07-31T23:06:00.000Z,35.63508,129.09647,68,1500,147.37,false,ok
GLV-T01,TRIP-GLV-T01-01,2026-07-31T23:08:00.000Z,35.64376,129.10127,70,1500,149.71,false,ok
GLV-T01,TRIP-GLV-T01-01,2026-07-31T23:10:00.000Z,35.65245,129.10608,71,1500,152.05,false,ok
GLV-T01,TRIP-GLV-T01-01,2026-07-31T23:12:00.000Z,35.66114,129.11089,73,1500,154.39,false,ok
GLV-T01,TRIP-GLV-T01-01,2026-07-31T23:14:00.000Z,35.66982,129.11569,74,1500,156.73,false,ok
GLV-T01,TRIP-GLV-T01-01,2026-07-31T23:16:00.000Z,35.67851,129.12050,75,1500,159.06,false,ok
GLV-T01,TRIP-GLV-T01-01,2026-07-31T23:18:00.000Z,35.68719,129.12530,76,1500,161.40,false,ok
GLV-T01,TRIP-GLV-T01-01,2026-07-31T23:20:00.000Z,35.69588,129.13011,76,1500,163.74,false,ok
GLV-T01,TRIP-GLV-T01-01,2026-07-31T23:22:00.000Z,35.70456,129.13492,76,1500,166.08,false,ok
GLV-T01,TRIP-GLV-T01-01,2026-07-31T23:24:00.000Z,35.71325,129.13972,76,1500,168.42,false,ok
GLV-T01,TRIP-GLV-T01-01,2026-07-31T23:26:00.000Z,35.72193,129.14453,75,1500,170.76,false,ok
GLV-T01,TRIP-GLV-T01-01,2026-07-31T23:28:00.000Z,35.73062,129.14933,74,1500,173.10,false,ok
GLV-T01,TRIP-GLV-T01-01,2026-07-31T23:30:00.000Z,35.73930,129.15414,73,1500,175.44,false,ok
GLV-T01,TRIP-GLV-T01-01,2026-07-31T23:32:00.000Z,35.74799,129.15894,72,1500,177.78,false,ok
GLV-T01,TRIP-GLV-T01-01,2026-07-31T23:34:00.000Z,35.75667,129.16375,70,1500,180.12,false,ok
GLV-T01,TRIP-GLV-T01-01,2026-07-31T23:36:00.000Z,35.76536,129.16856,69,1500,182.46,false,ok
GLV-T01,TRIP-GLV-T01-01,2026-07-31T23:38:00.000Z,35.77405,129.17336,67,1500,184.80,false,ok
GLV-T01,TRIP-GLV-T01-01,2026-07-31T23:40:00.000Z,35.78273,129.17817,66,1500,187.13,false,ok
GLV-T01,TRIP-GLV-T01-01,2026-07-31T23:42:00.000Z,35.79142,129.18297,64,1500,189.47,false,ok
GLV-T01,TRIP-GLV-T01-01,2026-07-31T23:44:00.000Z,35.80010,129.18778,63,1500,191.81,false,ok
GLV-T01,TRIP-GLV-T01-01,2026-07-31T23:46:00.000Z,35.80879,129.19259,62,1500,194.15,false,ok
GLV-T01,TRIP-GLV-T01-01,2026-07-31T23:48:00.000Z,35.81747,129.19739,61,1500,196.49,false,ok
GLV-T01,TRIP-GLV-T01-01,2026-07-31T23:50:00.000Z,35.82616,129.20220,60,1500,198.83,false,ok
GLV-T01,TRIP-GLV-T01-01,2026-08-01T01:00:00.000Z,35.83050,129.20460,68,1500,200.00,true,ok
GLV-T01,TRIP-GLV-T01-01,2026-08-01T01:02:00.000Z,35.82472,129.20140,70,1500,202.33,true,ok
GLV-T01,TRIP-GLV-T01-01,2026-08-01T01:04:00.000Z,35.81894,129.19820,71,1500,204.67,true,ok
GLV-T01,TRIP-GLV-T01-01,2026-08-01T01:06:00.000Z,35.81316,129.19501,73,1500,207.00,true,ok
GLV-T01,TRIP-GLV-T01-01,2026-08-01T01:08:00.000Z,35.80738,129.19181,74,1500,209.34,true,ok
GLV-T01,TRIP-GLV-T01-01,2026-08-01T01:10:00.000Z,35.80161,129.18861,75,1500,211.67,true,ok
GLV-T01,TRIP-GLV-T01-01,2026-08-01T01:12:00.000Z,35.79583,129.18541,75,1500,214.01,true,ok
GLV-T01,TRIP-GLV-T01-01,2026-08-01T01:14:00.000Z,35.79005,129.18222,76,1500,216.34,true,ok
GLV-T01,TRIP-GLV-T01-01,2026-08-01T01:16:00.000Z,35.78427,129.17902,76,1500,218.68,true,ok
GLV-T01,TRIP-GLV-T01-01,2026-08-01T01:18:00.000Z,35.77849,129.17582,76,1500,221.01,true,ok
GLV-T01,TRIP-GLV-T01-01,2026-08-01T01:20:00.000Z,35.77271,129.17262,75,1500,223.35,true,ok
GLV-T01,TRIP-GLV-T01-01,2026-08-01T01:22:00.000Z,35.76693,129.16943,74,1500,225.68,true,ok
GLV-T01,TRIP-GLV-T01-01,2026-08-01T01:24:00.000Z,35.76115,129.16623,73,1500,228.02,true,ok
GLV-T01,TRIP-GLV-T01-01,2026-08-01T01:26:00.000Z,35.75537,129.16303,72,1500,230.35,true,ok
GLV-T01,TRIP-GLV-T01-01,2026-08-01T01:28:00.000Z,35.74959,129.15983,71,1500,232.68,true,ok
GLV-T01,TRIP-GLV-T01-01,2026-08-01T01:30:00.000Z,35.74382,129.15664,69,1500,235.02,true,ok
GLV-T01,TRIP-GLV-T01-01,2026-08-01T01:32:00.000Z,35.73804,129.15344,68,1500,237.35,true,ok
GLV-T01,TRIP-GLV-T01-01,2026-08-01T01:34:00.000Z,35.73226,129.15024,66,1500,239.69,true,ok
GLV-T01,TRIP-GLV-T01-01,2026-08-01T01:36:00.000Z,35.72648,129.14704,64,1500,242.02,true,ok
GLV-T01,TRIP-GLV-T01-01,2026-08-01T01:38:00.000Z,35.72070,129.14384,63,1500,244.36,true,ok
GLV-T01,TRIP-GLV-T01-01,2026-08-01T01:40:00.000Z,35.71492,129.14065,62,1500,246.69,true,ok
GLV-T01,TRIP-GLV-T01-01,2026-08-01T01:42:00.000Z,35.70914,129.13745,61,1500,249.03,true,ok
GLV-T01,TRIP-GLV-T01-01,2026-08-01T01:44:00.000Z,35.70336,129.13425,60,1500,251.36,true,ok
GLV-T01,TRIP-GLV-T01-01,2026-08-01T01:46:00.000Z,35.69758,129.13105,60,1500,253.70,true,ok
GLV-T01,TRIP-GLV-T01-01,2026-08-01T01:48:00.000Z,35.69180,129.12786,60,1500,256.03,true,ok
GLV-T01,TRIP-GLV-T01-01,2026-08-01T01:50:00.000Z,35.68603,129.12466,60,1500,258.37,true,ok
GLV-T01,TRIP-GLV-T01-01,2026-08-01T01:52:00.000Z,35.68025,129.12146,61,1500,260.70,true,ok
GLV-T01,TRIP-GLV-T01-01,2026-08-01T01:54:00.000Z,35.67447,129.11826,62,1500,263.04,true,ok
GLV-T01,TRIP-GLV-T01-01,2026-08-01T01:56:00.000Z,35.66869,129.11507,63,1500,265.37,true,ok
GLV-T01,TRIP-GLV-T01-01,2026-08-01T01:58:00.000Z,35.66291,129.11187,64,1500,267.70,true,ok
GLV-T01,TRIP-GLV-T01-01,2026-08-01T02:00:00.000Z,35.65713,129.10867,66,1500,270.04,true,ok
GLV-T01,TRIP-GLV-T01-01,2026-08-01T02:02:00.000Z,35.65135,129.10547,67,1500,272.37,true,ok
GLV-T01,TRIP-GLV-T01-01,2026-08-01T02:04:00.000Z,35.64557,129.10227,69,1500,274.71,true,ok
GLV-T01,TRIP-GLV-T01-01,2026-08-01T02:06:00.000Z,35.63979,129.09908,70,1500,277.04,true,ok
GLV-T01,TRIP-GLV-T01-01,2026-08-01T02:08:00.000Z,35.63401,129.09588,72,1500,279.38,true,ok
GLV-T01,TRIP-GLV-T01-01,2026-08-01T02:10:00.000Z,35.62824,129.09268,73,1500,281.71,true,ok
GLV-T01,TRIP-GLV-T01-01,2026-08-01T02:12:00.000Z,35.62246,129.08948,74,1500,284.05,true,ok
GLV-T01,TRIP-GLV-T01-01,2026-08-01T02:14:00.000Z,35.61668,129.08629,75,1500,286.38,true,ok
GLV-T01,TRIP-GLV-T01-01,2026-08-01T02:16:00.000Z,35.61090,129.08309,76,1500,288.72,true,ok
GLV-T01,TRIP-GLV-T01-01,2026-08-01T02:18:00.000Z,35.60512,129.07989,76,1500,291.05,true,ok
GLV-T01,TRIP-GLV-T01-01,2026-08-01T02:20:00.000Z,35.59934,129.07669,76,1500,293.39,true,ok
GLV-T01,TRIP-GLV-T01-01,2026-08-01T02:22:00.000Z,35.59356,129.07350,76,1500,295.72,true,ok
GLV-T01,TRIP-GLV-T01-01,2026-08-01T02:24:00.000Z,35.58778,129.07030,75,1500,298.05,true,ok
GLV-T01,TRIP-GLV-T01-01,2026-08-01T02:26:00.000Z,35.58200,129.06710,74,1500,300.39,true,ok
GLV-T01,TRIP-GLV-T01-01,2026-08-01T02:28:00.000Z,35.57622,129.06390,73,1500,302.72,true,ok
GLV-T01,TRIP-GLV-T01-01,2026-08-01T02:30:00.000Z,35.57045,129.06071,71,1500,305.06,true,ok
GLV-T01,TRIP-GLV-T01-01,2026-08-01T02:32:00.000Z,35.56467,129.05751,70,1500,307.39,true,ok
GLV-T01,TRIP-GLV-T01-01,2026-08-01T02:34:00.000Z,35.55889,129.05431,68,1500,309.73,true,ok
GLV-T01,TRIP-GLV-T01-01,2026-08-01T02:36:00.000Z,35.55311,129.05111,67,1500,312.06,true,ok
GLV-T01,TRIP-GLV-T01-01,2026-08-01T02:38:00.000Z,35.54733,129.04791,65,1500,314.40,true,ok
GLV-T01,TRIP-GLV-T01-01,2026-08-01T02:40:00.000Z,35.54155,129.04472,64,1500,316.73,true,ok
GLV-T01,TRIP-GLV-T01-01,2026-08-01T02:42:00.000Z,35.53577,129.04152,62,1500,319.07,true,ok
GLV-T01,TRIP-GLV-T01-01,2026-08-01T02:44:00.000Z,35.52999,129.03832,61,1500,321.40,true,ok
GLV-T01,TRIP-GLV-T01-01,2026-08-01T02:46:00.000Z,35.52421,129.03512,61,1500,323.74,true,ok
GLV-T01,TRIP-GLV-T01-01,2026-08-01T02:48:00.000Z,35.51843,129.03193,60,1500,326.07,true,ok
GLV-T01,TRIP-GLV-T01-01,2026-08-01T02:50:00.000Z,35.51266,129.02873,60,1500,328.40,true,ok
GLV-T01,TRIP-GLV-T01-01,2026-08-01T02:52:00.000Z,35.50688,129.02553,60,1500,330.74,true,ok
GLV-T01,TRIP-GLV-T01-01,2026-08-01T02:54:00.000Z,35.50110,129.02233,61,1500,333.07,true,ok
GLV-T01,TRIP-GLV-T01-01,2026-08-01T02:56:00.000Z,35.49532,129.01914,61,1500,335.41,true,ok
GLV-T01,TRIP-GLV-T01-01,2026-08-01T02:58:00.000Z,35.48954,129.01594,62,1500,337.74,true,ok
GLV-T01,TRIP-GLV-T01-01,2026-08-01T03:00:00.000Z,35.48376,129.01274,64,1500,340.08,true,ok
GLV-T01,TRIP-GLV-T01-01,2026-08-01T03:02:00.000Z,35.47798,129.00954,65,1500,342.41,true,ok
GLV-T01,TRIP-GLV-T01-01,2026-08-01T03:04:00.000Z,35.47220,129.00634,67,1500,344.75,true,ok
GLV-T01,TRIP-GLV-T01-01,2026-08-01T03:06:00.000Z,35.46642,129.00315,68,1500,347.08,true,ok
GLV-T01,TRIP-GLV-T01-01,2026-08-01T03:08:00.000Z,35.46064,128.99995,70,1500,349.42,true,ok
GLV-T01,TRIP-GLV-T01-01,2026-08-01T03:10:00.000Z,35.45487,128.99675,71,1500,351.75,true,ok
GLV-T01,TRIP-GLV-T01-01,2026-08-01T03:12:00.000Z,35.44909,128.99355,73,1500,354.09,true,ok
GLV-T01,TRIP-GLV-T01-01,2026-08-01T03:14:00.000Z,35.44331,128.99036,74,1500,356.42,true,ok
GLV-T01,TRIP-GLV-T01-01,2026-08-01T03:16:00.000Z,35.43753,128.98716,75,1500,358.75,true,ok
GLV-T01,TRIP-GLV-T01-01,2026-08-01T03:18:00.000Z,35.43175,128.98396,76,1500,361.09,true,ok
GLV-T01,TRIP-GLV-T01-01,2026-08-01T03:20:00.000Z,35.42597,128.98076,76,1500,363.42,true,ok
GLV-T01,TRIP-GLV-T01-01,2026-08-01T03:22:00.000Z,35.42019,128.97757,76,1500,365.76,true,ok
GLV-T01,TRIP-GLV-T01-01,2026-08-01T03:24:00.000Z,35.41441,128.97437,76,1500,368.09,true,ok
GLV-T01,TRIP-GLV-T01-01,2026-08-01T03:26:00.000Z,35.40863,128.97117,75,1500,370.43,true,ok
GLV-T01,TRIP-GLV-T01-01,2026-08-01T03:28:00.000Z,35.40285,128.96797,74,1500,372.76,true,ok
GLV-T01,TRIP-GLV-T01-01,2026-08-01T03:30:00.000Z,35.39708,128.96478,73,1500,375.10,true,ok
GLV-T01,TRIP-GLV-T01-01,2026-08-01T03:32:00.000Z,35.39130,128.96158,72,1500,377.43,true,ok
GLV-T01,TRIP-GLV-T01-01,2026-08-01T03:34:00.000Z,35.38552,128.95838,70,1500,379.77,true,ok
GLV-T01,TRIP-GLV-T01-01,2026-08-01T03:36:00.000Z,35.37974,128.95518,69,1500,382.10,true,ok
GLV-T01,TRIP-GLV-T01-01,2026-08-01T03:38:00.000Z,35.37396,128.95198,67,1500,384.44,true,ok
GLV-T01,TRIP-GLV-T01-01,2026-08-01T03:40:00.000Z,35.36818,128.94879,66,1500,386.77,true,ok
GLV-T01,TRIP-GLV-T01-01,2026-08-01T03:42:00.000Z,35.36240,128.94559,64,1500,389.11,true,ok
GLV-T01,TRIP-GLV-T01-01,2026-08-01T03:44:00.000Z,35.35662,128.94239,63,1500,391.44,true,ok
GLV-T01,TRIP-GLV-T01-01,2026-08-01T03:46:00.000Z,35.35084,128.93919,62,1500,393.77,true,ok
GLV-T01,TRIP-GLV-T01-01,2026-08-01T03:48:00.000Z,35.34506,128.93600,61,1500,396.11,true,ok
GLV-T01,TRIP-GLV-T01-01,2026-08-01T03:50:00.000Z,35.33929,128.93280,60,1500,398.44,true,ok
GLV-T01,TRIP-GLV-T01-01,2026-08-01T03:52:00.000Z,35.33351,128.92960,60,1500,400.78,true,ok
GLV-T01,TRIP-GLV-T01-01,2026-08-01T03:54:00.000Z,35.32773,128.92640,60,1500,403.11,true,ok
GLV-T01,TRIP-GLV-T01-01,2026-08-01T03:56:00.000Z,35.32195,128.92321,60,1500,405.45,true,ok
GLV-T01,TRIP-GLV-T01-01,2026-08-01T03:58:00.000Z,35.31617,128.92001,61,1500,407.78,true,ok
GLV-T01,TRIP-GLV-T01-01,2026-08-01T04:00:00.000Z,35.31039,128.91681,62,1500,410.12,true,ok
GLV-T01,TRIP-GLV-T01-01,2026-08-01T04:02:00.000Z,35.30461,128.91361,63,1500,412.45,true,ok
GLV-T01,TRIP-GLV-T01-01,2026-08-01T04:04:00.000Z,35.29883,128.91041,65,1500,414.79,true,ok
GLV-T01,TRIP-GLV-T01-01,2026-08-01T04:06:00.000Z,35.29305,128.90722,66,1500,417.12,true,ok
GLV-T01,TRIP-GLV-T01-01,2026-08-01T04:08:00.000Z,35.28728,128.90402,68,1500,419.46,true,ok
GLV-T01,TRIP-GLV-T01-01,2026-08-01T04:10:00.000Z,35.28150,128.90082,69,1500,421.79,true,ok
GLV-T01,TRIP-GLV-T01-01,2026-08-01T04:12:00.000Z,35.27572,128.89762,71,1500,424.12,true,ok
GLV-T01,TRIP-GLV-T01-01,2026-08-01T04:14:00.000Z,35.26994,128.89443,72,1500,426.46,true,ok
GLV-T01,TRIP-GLV-T01-01,2026-08-01T04:16:00.000Z,35.26416,128.89123,73,1500,428.79,true,ok
GLV-T01,TRIP-GLV-T01-01,2026-08-01T04:18:00.000Z,35.25838,128.88803,75,1500,431.13,true,ok
GLV-T01,TRIP-GLV-T01-01,2026-08-01T04:20:00.000Z,35.25260,128.88483,75,1500,433.46,true,ok
GLV-T01,TRIP-GLV-T01-01,2026-08-01T04:22:00.000Z,35.24682,128.88164,76,1500,435.80,true,ok
GLV-T01,TRIP-GLV-T01-01,2026-08-01T04:24:00.000Z,35.24104,128.87844,76,1500,438.13,true,ok
GLV-T01,TRIP-GLV-T01-01,2026-08-01T04:26:00.000Z,35.23526,128.87524,76,1500,440.47,true,ok
GLV-T01,TRIP-GLV-T01-01,2026-08-01T04:28:00.000Z,35.22949,128.87204,75,1500,442.80,true,ok
GLV-T01,TRIP-GLV-T01-01,2026-08-01T04:30:00.000Z,35.22371,128.86885,75,1500,445.14,true,ok
GLV-T01,TRIP-GLV-T01-01,2026-08-01T04:32:00.000Z,35.21793,128.86565,74,1500,447.47,true,ok
GLV-T01,TRIP-GLV-T01-01,2026-08-01T04:34:00.000Z,35.21215,128.86245,72,1500,449.81,true,ok
GLV-T01,TRIP-GLV-T01-01,2026-08-01T04:36:00.000Z,35.20637,128.85925,71,1500,452.14,true,ok
GLV-T01,TRIP-GLV-T01-01,2026-08-01T04:38:00.000Z,35.20059,128.85605,70,1500,454.47,true,ok
GLV-T01,TRIP-GLV-T01-01,2026-08-01T04:40:00.000Z,35.19481,128.85286,68,1500,456.81,true,ok
GLV-T01,TRIP-GLV-T01-01,2026-08-01T04:42:00.000Z,35.18903,128.84966,66,1500,459.14,true,ok
GLV-T01,TRIP-GLV-T01-01,2026-08-01T04:44:00.000Z,35.18325,128.84646,65,1500,461.48,true,ok
GLV-T01,TRIP-GLV-T01-01,2026-08-01T04:46:00.000Z,35.17747,128.84326,63,1500,463.81,true,ok
GLV-T01,TRIP-GLV-T01-01,2026-08-01T04:48:00.000Z,35.17170,128.84007,62,1500,466.15,true,ok
GLV-T01,TRIP-GLV-T01-01,2026-08-01T04:50:00.000Z,35.16592,128.83687,61,1500,468.48,true,ok
GLV-T01,TRIP-GLV-T01-01,2026-08-01T04:52:00.000Z,35.16014,128.83367,61,1500,470.82,true,ok
GLV-T01,TRIP-GLV-T01-01,2026-08-01T04:54:00.000Z,35.15436,128.83047,60,1500,473.15,true,ok
GLV-T01,TRIP-GLV-T01-01,2026-08-01T04:56:00.000Z,35.14858,128.82728,60,1500,475.49,true,ok
GLV-T01,TRIP-GLV-T01-01,2026-08-01T04:58:00.000Z,35.14280,128.82408,60,1500,477.82,true,ok
GLV-T01,TRIP-GLV-T01-01,2026-08-01T05:00:00.000Z,35.13702,128.82088,61,1500,480.16,true,ok
GLV-T01,TRIP-GLV-T01-01,2026-08-01T05:02:00.000Z,35.13124,128.81768,62,1500,482.49,true,ok
GLV-T01,TRIP-GLV-T01-01,2026-08-01T05:04:00.000Z,35.12546,128.81448,63,1500,484.82,true,ok
GLV-T01,TRIP-GLV-T01-01,2026-08-01T05:06:00.000Z,35.11968,128.81129,64,1500,487.16,true,ok
GLV-T01,TRIP-GLV-T01-01,2026-08-01T05:08:00.000Z,35.11391,128.80809,65,1500,489.49,true,ok
GLV-T01,TRIP-GLV-T01-01,2026-08-01T05:10:00.000Z,35.10813,128.80489,67,1500,491.83,true,ok
GLV-T01,TRIP-GLV-T01-01,2026-08-01T05:12:00.000Z,35.10235,128.80169,69,1500,494.16,true,ok
GLV-T01,TRIP-GLV-T01-01,2026-08-01T05:14:00.000Z,35.09657,128.79850,70,1500,496.50,true,ok
GLV-T01,TRIP-GLV-T01-01,2026-08-01T05:16:00.000Z,35.09079,128.79530,72,1500,498.83,true,ok
GLV-T02,TRIP-GLV-T02-01,2026-07-31T21:00:00.000Z,35.08790,128.79370,68,1500,0.00,false,ok
GLV-T02,TRIP-GLV-T02-01,2026-07-31T21:02:00.000Z,35.09576,128.79805,70,1500,2.33,false,ok
GLV-T02,TRIP-GLV-T02-01,2026-07-31T21:04:00.000Z,35.10362,128.80240,71,1500,4.66,false,ok
GLV-T02,TRIP-GLV-T02-01,2026-07-31T21:06:00.000Z,35.11147,128.80674,73,1500,6.98,false,ok
GLV-T02,TRIP-GLV-T02-01,2026-07-31T21:08:00.000Z,35.11933,128.81109,74,1500,9.31,false,ok
GLV-T02,TRIP-GLV-T02-01,2026-07-31T21:10:00.000Z,35.12719,128.81544,75,1500,11.64,false,ok
GLV-T02,TRIP-GLV-T02-01,2026-07-31T21:12:00.000Z,35.13505,128.81979,75,1500,13.97,false,ok
GLV-T02,TRIP-GLV-T02-01,2026-07-31T21:14:00.000Z,35.14291,128.82414,76,1500,16.30,false,ok
GLV-T02,TRIP-GLV-T02-01,2026-07-31T21:16:00.000Z,35.15077,128.82849,76,1500,18.62,false,ok
GLV-T02,TRIP-GLV-T02-01,2026-07-31T21:18:00.000Z,35.15862,128.83283,76,1500,20.95,false,ok
GLV-T02,TRIP-GLV-T02-01,2026-07-31T21:20:00.000Z,35.16648,128.83718,75,1500,23.28,false,ok
GLV-T02,TRIP-GLV-T02-01,2026-07-31T21:22:00.000Z,35.17434,128.84153,74,1500,25.61,false,ok
GLV-T02,TRIP-GLV-T02-01,2026-07-31T21:24:00.000Z,35.18220,128.84588,73,1500,27.94,false,ok
GLV-T02,TRIP-GLV-T02-01,2026-07-31T21:26:00.000Z,35.19006,128.85023,72,1500,30.26,false,ok
GLV-T02,TRIP-GLV-T02-01,2026-07-31T21:28:00.000Z,35.19791,128.85457,71,1500,32.59,false,ok
GLV-T02,TRIP-GLV-T02-01,2026-07-31T21:30:00.000Z,35.20577,128.85892,69,1500,34.92,false,ok
GLV-T02,TRIP-GLV-T02-01,2026-07-31T21:32:00.000Z,35.21363,128.86327,68,1500,37.25,false,ok
GLV-T02,TRIP-GLV-T02-01,2026-07-31T21:34:00.000Z,35.22149,128.86762,66,1500,39.58,false,ok
GLV-T02,TRIP-GLV-T02-01,2026-07-31T21:36:00.000Z,35.22935,128.87197,64,1500,41.90,false,ok
GLV-T02,TRIP-GLV-T02-01,2026-07-31T21:38:00.000Z,35.23721,128.87631,63,1500,44.23,false,ok
GLV-T02,TRIP-GLV-T02-01,2026-07-31T21:40:00.000Z,35.24506,128.88066,62,1500,46.56,false,ok
GLV-T02,TRIP-GLV-T02-01,2026-07-31T21:42:00.000Z,35.25292,128.88501,61,1500,48.89,false,ok
GLV-T02,TRIP-GLV-T02-01,2026-07-31T21:44:00.000Z,35.26078,128.88936,60,1500,51.22,false,ok
GLV-T02,TRIP-GLV-T02-01,2026-07-31T21:46:00.000Z,35.26864,128.89371,60,1500,53.54,false,ok
GLV-T02,TRIP-GLV-T02-01,2026-07-31T21:48:00.000Z,35.27650,128.89806,60,1500,55.87,false,ok
GLV-T02,TRIP-GLV-T02-01,2026-07-31T21:50:00.000Z,35.28436,128.90240,60,1500,58.20,false,ok
GLV-T02,TRIP-GLV-T02-01,2026-07-31T21:52:00.000Z,35.29221,128.90675,61,1500,60.53,false,ok
GLV-T02,TRIP-GLV-T02-01,2026-07-31T21:54:00.000Z,35.30007,128.91110,62,1500,62.86,false,ok
GLV-T02,TRIP-GLV-T02-01,2026-07-31T21:56:00.000Z,35.30793,128.91545,63,1500,65.19,false,ok
GLV-T02,TRIP-GLV-T02-01,2026-07-31T21:58:00.000Z,35.31579,128.91980,64,1500,67.51,false,ok
GLV-T02,TRIP-GLV-T02-01,2026-07-31T22:00:00.000Z,35.32365,128.92414,66,1500,69.84,false,ok
GLV-T02,TRIP-GLV-T02-01,2026-07-31T22:02:00.000Z,35.33150,128.92849,67,1500,72.17,false,ok
GLV-T02,TRIP-GLV-T02-01,2026-07-31T22:04:00.000Z,35.33936,128.93284,69,1500,74.50,false,ok
GLV-T02,TRIP-GLV-T02-01,2026-07-31T22:06:00.000Z,35.34722,128.93719,70,1500,76.83,false,ok
GLV-T02,TRIP-GLV-T02-01,2026-07-31T22:08:00.000Z,35.35508,128.94154,72,1500,79.15,false,ok
GLV-T02,TRIP-GLV-T02-01,2026-07-31T22:10:00.000Z,35.36294,128.94589,73,1500,81.48,false,ok
GLV-T02,TRIP-GLV-T02-01,2026-07-31T22:12:00.000Z,35.37080,128.95023,74,1500,83.81,false,ok
GLV-T02,TRIP-GLV-T02-01,2026-07-31T22:14:00.000Z,35.37865,128.95458,75,1500,86.14,false,ok
GLV-T02,TRIP-GLV-T02-01,2026-07-31T22:16:00.000Z,35.38651,128.95893,76,1500,88.47,false,ok
GLV-T02,TRIP-GLV-T02-01,2026-07-31T22:18:00.000Z,35.39437,128.96328,76,1500,90.79,false,ok
GLV-T02,TRIP-GLV-T02-01,2026-07-31T22:20:00.000Z,35.40223,128.96763,76,1500,93.12,false,ok
GLV-T02,TRIP-GLV-T02-01,2026-07-31T22:22:00.000Z,35.41009,128.97197,76,1500,95.45,false,ok
GLV-T02,TRIP-GLV-T02-01,2026-07-31T22:24:00.000Z,35.41794,128.97632,75,1500,97.78,false,ok
GLV-T02,TRIP-GLV-T02-01,2026-07-31T22:26:00.000Z,35.42580,128.98067,74,1500,100.11,false,ok
GLV-T02,TRIP-GLV-T02-01,2026-07-31T22:28:00.000Z,35.43366,128.98502,73,1500,102.43,false,ok
GLV-T02,TRIP-GLV-T02-01,2026-07-31T22:30:00.000Z,35.44152,128.98937,71,1500,104.76,false,ok
GLV-T02,TRIP-GLV-T02-01,2026-07-31T22:32:00.000Z,35.44938,128.99371,70,1500,107.09,false,ok
GLV-T02,TRIP-GLV-T02-01,2026-07-31T22:34:00.000Z,35.45724,128.99806,68,1500,109.42,false,ok
GLV-T02,TRIP-GLV-T02-01,2026-07-31T22:36:00.000Z,35.46509,129.00241,67,1500,111.75,false,ok
GLV-T02,TRIP-GLV-T02-01,2026-07-31T22:38:00.000Z,35.47295,129.00676,65,1500,114.07,false,ok
GLV-T02,TRIP-GLV-T02-01,2026-07-31T22:40:00.000Z,35.48081,129.01111,64,1500,116.40,false,ok
GLV-T02,TRIP-GLV-T02-01,2026-07-31T22:42:00.000Z,35.48867,129.01546,62,1500,118.73,false,ok
GLV-T02,TRIP-GLV-T02-01,2026-07-31T22:44:00.000Z,35.49653,129.01980,61,1500,121.06,false,ok
GLV-T02,TRIP-GLV-T02-01,2026-07-31T22:46:00.000Z,35.50438,129.02415,61,1500,123.39,false,ok
GLV-T02,TRIP-GLV-T02-01,2026-07-31T22:48:00.000Z,35.51224,129.02850,60,1500,125.71,false,ok
GLV-T02,TRIP-GLV-T02-01,2026-07-31T22:50:00.000Z,35.52010,129.03285,60,1500,128.04,false,ok
GLV-T02,TRIP-GLV-T02-01,2026-07-31T22:52:00.000Z,35.52796,129.03720,60,1500,130.37,false,ok
GLV-T02,TRIP-GLV-T02-01,2026-07-31T22:54:00.000Z,35.53582,129.04154,61,1500,132.70,false,ok
GLV-T02,TRIP-GLV-T02-01,2026-07-31T22:56:00.000Z,35.54368,129.04589,61,1500,135.03,false,ok
GLV-T02,TRIP-GLV-T02-01,2026-07-31T22:58:00.000Z,35.55153,129.05024,62,1500,137.35,false,ok
GLV-T02,TRIP-GLV-T02-01,2026-07-31T23:00:00.000Z,35.55939,129.05459,64,1500,139.68,false,ok
GLV-T02,TRIP-GLV-T02-01,2026-07-31T23:02:00.000Z,35.56725,129.05894,65,1500,142.01,false,ok
GLV-T02,TRIP-GLV-T02-01,2026-07-31T23:04:00.000Z,35.57511,129.06329,67,1500,144.34,false,ok
GLV-T02,TRIP-GLV-T02-01,2026-07-31T23:06:00.000Z,35.58297,129.06763,68,1500,146.67,false,ok
GLV-T02,TRIP-GLV-T02-01,2026-07-31T23:08:00.000Z,35.59082,129.07198,70,1500,148.99,false,ok
GLV-T02,TRIP-GLV-T02-01,2026-07-31T23:10:00.000Z,35.59868,129.07633,71,1500,151.32,false,ok
GLV-T02,TRIP-GLV-T02-01,2026-07-31T23:12:00.000Z,35.60654,129.08068,73,1500,153.65,false,ok
GLV-T02,TRIP-GLV-T02-01,2026-07-31T23:14:00.000Z,35.61440,129.08503,74,1500,155.98,false,ok
GLV-T02,TRIP-GLV-T02-01,2026-07-31T23:16:00.000Z,35.62226,129.08937,75,1500,158.31,false,ok
GLV-T02,TRIP-GLV-T02-01,2026-07-31T23:18:00.000Z,35.63012,129.09372,76,1500,160.63,false,ok
GLV-T02,TRIP-GLV-T02-01,2026-07-31T23:20:00.000Z,35.63797,129.09807,76,1500,162.96,false,ok
GLV-T02,TRIP-GLV-T02-01,2026-07-31T23:22:00.000Z,35.64583,129.10242,76,1500,165.29,false,ok
GLV-T02,TRIP-GLV-T02-01,2026-07-31T23:24:00.000Z,35.65369,129.10677,76,1500,167.62,false,ok
GLV-T02,TRIP-GLV-T02-01,2026-07-31T23:26:00.000Z,35.66155,129.11111,75,1500,169.95,false,ok
GLV-T02,TRIP-GLV-T02-01,2026-07-31T23:28:00.000Z,35.66941,129.11546,74,1500,172.28,false,ok
GLV-T02,TRIP-GLV-T02-01,2026-07-31T23:30:00.000Z,35.67727,129.11981,73,1500,174.60,false,ok
GLV-T02,TRIP-GLV-T02-01,2026-07-31T23:32:00.000Z,35.68512,129.12416,72,1500,176.93,false,ok
GLV-T02,TRIP-GLV-T02-01,2026-07-31T23:34:00.000Z,35.69298,129.12851,70,1500,179.26,false,ok
GLV-T02,TRIP-GLV-T02-01,2026-07-31T23:36:00.000Z,35.70084,129.13286,69,1500,181.59,false,ok
GLV-T02,TRIP-GLV-T02-01,2026-07-31T23:38:00.000Z,35.70870,129.13720,67,1500,183.92,false,ok
GLV-T02,TRIP-GLV-T02-01,2026-07-31T23:40:00.000Z,35.71656,129.14155,66,1500,186.24,false,ok
GLV-T02,TRIP-GLV-T02-01,2026-07-31T23:42:00.000Z,35.72441,129.14590,64,1500,188.57,false,ok
GLV-T02,TRIP-GLV-T02-01,2026-07-31T23:44:00.000Z,35.73227,129.15025,63,1500,190.90,false,ok
GLV-T02,TRIP-GLV-T02-01,2026-07-31T23:46:00.000Z,35.74013,129.15460,62,1500,193.23,false,ok
GLV-T02,TRIP-GLV-T02-01,2026-07-31T23:48:00.000Z,35.74799,129.15894,61,1500,195.56,false,ok
GLV-T02,TRIP-GLV-T02-01,2026-07-31T23:50:00.000Z,35.75585,129.16329,60,1500,197.88,false,ok
GLV-T02,TRIP-GLV-T02-01,2026-07-31T23:52:00.000Z,35.76371,129.16764,60,1500,200.21,false,ok
GLV-T02,TRIP-GLV-T02-01,2026-07-31T23:54:00.000Z,35.77156,129.17199,60,1500,202.54,false,ok
GLV-T02,TRIP-GLV-T02-01,2026-07-31T23:56:00.000Z,35.77942,129.17634,60,1500,204.87,false,ok
GLV-T02,TRIP-GLV-T02-01,2026-07-31T23:58:00.000Z,35.78728,129.18069,61,1500,207.20,false,ok
GLV-T02,TRIP-GLV-T02-01,2026-08-01T00:00:00.000Z,35.79514,129.18503,62,1500,209.52,false,ok
GLV-T02,TRIP-GLV-T02-01,2026-08-01T00:02:00.000Z,35.80300,129.18938,63,1500,211.85,false,ok
GLV-T02,TRIP-GLV-T02-01,2026-08-01T00:04:00.000Z,35.81085,129.19373,65,1500,214.18,false,ok
GLV-T02,TRIP-GLV-T02-01,2026-08-01T00:06:00.000Z,35.81871,129.19808,66,1500,216.51,false,ok
GLV-T02,TRIP-GLV-T02-01,2026-08-01T00:08:00.000Z,35.82657,129.20243,68,1500,218.84,false,ok
GLV-T02,TRIP-GLV-T02-01,2026-08-01T01:00:00.000Z,35.83050,129.20460,68,1500,220.00,true,ok
GLV-T02,TRIP-GLV-T02-01,2026-08-01T01:02:00.000Z,35.82431,129.20118,70,1500,222.33,true,ok
GLV-T02,TRIP-GLV-T02-01,2026-08-01T01:04:00.000Z,35.81812,129.19775,71,1500,224.67,true,ok
GLV-T02,TRIP-GLV-T02-01,2026-08-01T01:06:00.000Z,35.81193,129.19433,73,1500,227.00,true,ok
GLV-T02,TRIP-GLV-T02-01,2026-08-01T01:08:00.000Z,35.80575,129.19090,74,1500,229.33,true,ok
GLV-T02,TRIP-GLV-T02-01,2026-08-01T01:10:00.000Z,35.79956,129.18748,75,1500,231.67,true,ok
GLV-T02,TRIP-GLV-T02-01,2026-08-01T01:12:00.000Z,35.79337,129.18406,75,1500,234.00,true,ok
GLV-T02,TRIP-GLV-T02-01,2026-08-01T01:14:00.000Z,35.78718,129.18063,76,1500,236.33,true,ok
GLV-T02,TRIP-GLV-T02-01,2026-08-01T01:16:00.000Z,35.78099,129.17721,76,1500,238.67,true,ok
GLV-T02,TRIP-GLV-T02-01,2026-08-01T01:18:00.000Z,35.77481,129.17378,76,1500,241.00,true,ok
GLV-T02,TRIP-GLV-T02-01,2026-08-01T01:20:00.000Z,35.76862,129.17036,75,1500,243.33,true,ok
GLV-T02,TRIP-GLV-T02-01,2026-08-01T01:22:00.000Z,35.76243,129.16693,74,1500,245.67,true,ok
GLV-T02,TRIP-GLV-T02-01,2026-08-01T01:24:00.000Z,35.75624,129.16351,73,1500,248.00,true,ok
GLV-T02,TRIP-GLV-T02-01,2026-08-01T01:26:00.000Z,35.75005,129.16009,72,1500,250.33,true,ok
GLV-T02,TRIP-GLV-T02-01,2026-08-01T01:28:00.000Z,35.74386,129.15666,71,1500,252.67,true,ok
GLV-T02,TRIP-GLV-T02-01,2026-08-01T01:30:00.000Z,35.73768,129.15324,69,1500,255.00,true,ok
GLV-T02,TRIP-GLV-T02-01,2026-08-01T01:32:00.000Z,35.73149,129.14981,68,1500,257.33,true,ok
GLV-T02,TRIP-GLV-T02-01,2026-08-01T01:34:00.000Z,35.72530,129.14639,66,1500,259.67,true,ok
GLV-T02,TRIP-GLV-T02-01,2026-08-01T01:36:00.000Z,35.71911,129.14297,64,1500,262.00,true,ok
GLV-T02,TRIP-GLV-T02-01,2026-08-01T01:38:00.000Z,35.71292,129.13954,63,1500,264.33,true,ok
GLV-T02,TRIP-GLV-T02-01,2026-08-01T01:40:00.000Z,35.70673,129.13612,62,1500,266.67,true,ok
GLV-T02,TRIP-GLV-T02-01,2026-08-01T01:42:00.000Z,35.70054,129.13269,61,1500,269.00,true,ok
GLV-T02,TRIP-GLV-T02-01,2026-08-01T01:44:00.000Z,35.69436,129.12927,60,1500,271.33,true,ok
GLV-T02,TRIP-GLV-T02-01,2026-08-01T01:46:00.000Z,35.68817,129.12584,60,1500,273.67,true,ok
GLV-T02,TRIP-GLV-T02-01,2026-08-01T01:48:00.000Z,35.68198,129.12242,60,1500,276.00,true,ok
GLV-T02,TRIP-GLV-T02-01,2026-08-01T01:50:00.000Z,35.67579,129.11900,60,1500,278.33,true,ok
GLV-T02,TRIP-GLV-T02-01,2026-08-01T01:52:00.000Z,35.66960,129.11557,61,1500,280.67,true,ok
GLV-T02,TRIP-GLV-T02-01,2026-08-01T01:54:00.000Z,35.66342,129.11215,62,1500,283.00,true,ok
GLV-T02,TRIP-GLV-T02-01,2026-08-01T01:56:00.000Z,35.65723,129.10872,63,1500,285.33,true,ok
GLV-T02,TRIP-GLV-T02-01,2026-08-01T01:58:00.000Z,35.65104,129.10530,64,1500,287.67,true,ok
GLV-T02,TRIP-GLV-T02-01,2026-08-01T02:00:00.000Z,35.64485,129.10188,66,1500,290.00,true,ok
GLV-T02,TRIP-GLV-T02-01,2026-08-01T02:02:00.000Z,35.63866,129.09845,67,1500,292.33,true,ok
GLV-T02,TRIP-GLV-T02-01,2026-08-01T02:04:00.000Z,35.63247,129.09503,69,1500,294.67,true,ok
GLV-T02,TRIP-GLV-T02-01,2026-08-01T02:06:00.000Z,35.62629,129.09160,70,1500,297.00,true,ok
GLV-T02,TRIP-GLV-T02-01,2026-08-01T02:08:00.000Z,35.62010,129.08818,72,1500,299.33,true,ok
GLV-T02,TRIP-GLV-T02-01,2026-08-01T02:10:00.000Z,35.61391,129.08475,73,1500,301.67,true,ok
GLV-T02,TRIP-GLV-T02-01,2026-08-01T02:12:00.000Z,35.60772,129.08133,74,1500,304.00,true,ok
GLV-T02,TRIP-GLV-T02-01,2026-08-01T02:14:00.000Z,35.60153,129.07791,75,1500,306.33,true,ok
GLV-T02,TRIP-GLV-T02-01,2026-08-01T02:16:00.000Z,35.59534,129.07448,76,1500,308.67,true,ok
GLV-T02,TRIP-GLV-T02-01,2026-08-01T02:18:00.000Z,35.58915,129.07106,76,1500,311.00,true,ok
GLV-T02,TRIP-GLV-T02-01,2026-08-01T02:20:00.000Z,35.58297,129.06763,76,1500,313.33,true,ok
GLV-T02,TRIP-GLV-T02-01,2026-08-01T02:22:00.000Z,35.57678,129.06421,76,1500,315.67,true,ok
GLV-T02,TRIP-GLV-T02-01,2026-08-01T02:24:00.000Z,35.57059,129.06079,75,1500,318.00,true,ok
GLV-T02,TRIP-GLV-T02-01,2026-08-01T02:26:00.000Z,35.56440,129.05736,74,1500,320.33,true,ok
GLV-T02,TRIP-GLV-T02-01,2026-08-01T02:28:00.000Z,35.55821,129.05394,73,1500,322.67,true,ok
GLV-T02,TRIP-GLV-T02-01,2026-08-01T02:30:00.000Z,35.55203,129.05051,71,1500,325.00,true,ok
GLV-T02,TRIP-GLV-T02-01,2026-08-01T02:32:00.000Z,35.54584,129.04709,70,1500,327.33,true,ok
GLV-T02,TRIP-GLV-T02-01,2026-08-01T02:34:00.000Z,35.53965,129.04366,68,1500,329.67,true,ok
GLV-T02,TRIP-GLV-T02-01,2026-08-01T02:36:00.000Z,35.53346,129.04024,67,1500,332.00,true,ok
GLV-T02,TRIP-GLV-T02-01,2026-08-01T02:38:00.000Z,35.52727,129.03682,65,1500,334.33,true,ok
GLV-T02,TRIP-GLV-T02-01,2026-08-01T02:40:00.000Z,35.52108,129.03339,64,1500,336.67,true,ok
GLV-T02,TRIP-GLV-T02-01,2026-08-01T02:42:00.000Z,35.51490,129.02997,62,1500,339.00,true,ok
GLV-T02,TRIP-GLV-T02-01,2026-08-01T02:44:00.000Z,35.50871,129.02654,61,1500,341.33,true,ok
GLV-T02,TRIP-GLV-T02-01,2026-08-01T02:46:00.000Z,35.50252,129.02312,61,1500,343.67,true,ok
GLV-T02,TRIP-GLV-T02-01,2026-08-01T02:48:00.000Z,35.49633,129.01970,60,1500,346.00,true,ok
GLV-T02,TRIP-GLV-T02-01,2026-08-01T02:50:00.000Z,35.49014,129.01627,60,1500,348.33,true,ok
GLV-T02,TRIP-GLV-T02-01,2026-08-01T02:52:00.000Z,35.48395,129.01285,60,1500,350.67,true,ok
GLV-T02,TRIP-GLV-T02-01,2026-08-01T02:54:00.000Z,35.47776,129.00942,61,1500,353.00,true,ok
GLV-T02,TRIP-GLV-T02-01,2026-08-01T02:56:00.000Z,35.47158,129.00600,61,1500,355.33,true,ok
GLV-T02,TRIP-GLV-T02-01,2026-08-01T02:58:00.000Z,35.46539,129.00257,62,1500,357.67,true,ok
GLV-T02,TRIP-GLV-T02-01,2026-08-01T03:00:00.000Z,35.45920,128.99915,64,1500,360.00,true,ok
GLV-T02,TRIP-GLV-T02-01,2026-08-01T03:02:00.000Z,35.45301,128.99573,65,1500,362.33,true,ok
GLV-T02,TRIP-GLV-T02-01,2026-08-01T03:04:00.000Z,35.44682,128.99230,67,1500,364.67,true,ok
GLV-T02,TRIP-GLV-T02-01,2026-08-01T03:06:00.000Z,35.44064,128.98888,68,1500,367.00,true,ok
GLV-T02,TRIP-GLV-T02-01,2026-08-01T03:08:00.000Z,35.43445,128.98545,70,1500,369.33,true,ok
GLV-T02,TRIP-GLV-T02-01,2026-08-01T03:10:00.000Z,35.42826,128.98203,71,1500,371.67,true,ok
GLV-T02,TRIP-GLV-T02-01,2026-08-01T03:12:00.000Z,35.42207,128.97860,73,1500,374.00,true,ok
GLV-T02,TRIP-GLV-T02-01,2026-08-01T03:14:00.000Z,35.41588,128.97518,74,1500,376.33,true,ok
GLV-T02,TRIP-GLV-T02-01,2026-08-01T03:16:00.000Z,35.40969,128.97176,75,1500,378.67,true,ok
GLV-T02,TRIP-GLV-T02-01,2026-08-01T03:18:00.000Z,35.40350,128.96833,76,1500,381.00,true,ok
GLV-T02,TRIP-GLV-T02-01,2026-08-01T03:20:00.000Z,35.39732,128.96491,76,1500,383.33,true,ok
GLV-T02,TRIP-GLV-T02-01,2026-08-01T03:22:00.000Z,35.39113,128.96148,76,1500,385.67,true,ok
GLV-T02,TRIP-GLV-T02-01,2026-08-01T03:24:00.000Z,35.38494,128.95806,76,1500,388.00,true,ok
GLV-T02,TRIP-GLV-T02-01,2026-08-01T03:26:00.000Z,35.37875,128.95464,75,1500,390.33,true,ok
GLV-T02,TRIP-GLV-T02-01,2026-08-01T03:28:00.000Z,35.37256,128.95121,74,1500,392.67,true,ok
GLV-T02,TRIP-GLV-T02-01,2026-08-01T03:30:00.000Z,35.36637,128.94779,73,1500,395.00,true,ok
GLV-T02,TRIP-GLV-T02-01,2026-08-01T03:32:00.000Z,35.36019,128.94436,72,1500,397.33,true,ok
GLV-T02,TRIP-GLV-T02-01,2026-08-01T03:34:00.000Z,35.35400,128.94094,70,1500,399.67,true,ok
GLV-T02,TRIP-GLV-T02-01,2026-08-01T03:36:00.000Z,35.34781,128.93751,69,1500,402.00,true,ok
GLV-T02,TRIP-GLV-T02-01,2026-08-01T03:38:00.000Z,35.34162,128.93409,67,1500,404.33,true,ok
GLV-T02,TRIP-GLV-T02-01,2026-08-01T03:40:00.000Z,35.33543,128.93067,66,1500,406.67,true,ok
GLV-T02,TRIP-GLV-T02-01,2026-08-01T03:42:00.000Z,35.32925,128.92724,64,1500,409.00,true,ok
GLV-T02,TRIP-GLV-T02-01,2026-08-01T03:44:00.000Z,35.32306,128.92382,63,1500,411.33,true,ok
GLV-T02,TRIP-GLV-T02-01,2026-08-01T03:46:00.000Z,35.31687,128.92039,62,1500,413.67,true,ok
GLV-T02,TRIP-GLV-T02-01,2026-08-01T03:48:00.000Z,35.31068,128.91697,61,1500,416.00,true,ok
GLV-T02,TRIP-GLV-T02-01,2026-08-01T03:50:00.000Z,35.30449,128.91355,60,1500,418.33,true,ok
GLV-T02,TRIP-GLV-T02-01,2026-08-01T03:52:00.000Z,35.29830,128.91012,60,1500,420.67,true,ok
GLV-T02,TRIP-GLV-T02-01,2026-08-01T03:54:00.000Z,35.29211,128.90670,60,1500,423.00,true,ok
GLV-T02,TRIP-GLV-T02-01,2026-08-01T03:56:00.000Z,35.28593,128.90327,60,1500,425.33,true,ok
GLV-T02,TRIP-GLV-T02-01,2026-08-01T03:58:00.000Z,35.27974,128.89985,61,1500,427.67,true,ok
GLV-T02,TRIP-GLV-T02-01,2026-08-01T04:00:00.000Z,35.27355,128.89642,62,1500,430.00,true,ok
GLV-T02,TRIP-GLV-T02-01,2026-08-01T04:02:00.000Z,35.26736,128.89300,63,1500,432.33,true,ok
GLV-T02,TRIP-GLV-T02-01,2026-08-01T04:04:00.000Z,35.26117,128.88958,65,1500,434.67,true,ok
GLV-T02,TRIP-GLV-T02-01,2026-08-01T04:06:00.000Z,35.25498,128.88615,66,1500,437.00,true,ok
GLV-T02,TRIP-GLV-T02-01,2026-08-01T04:08:00.000Z,35.24880,128.88273,68,1500,439.33,true,ok
GLV-T02,TRIP-GLV-T02-01,2026-08-01T04:10:00.000Z,35.24261,128.87930,69,1500,441.67,true,ok
GLV-T02,TRIP-GLV-T02-01,2026-08-01T04:12:00.000Z,35.23642,128.87588,71,1500,444.00,true,ok
GLV-T02,TRIP-GLV-T02-01,2026-08-01T04:14:00.000Z,35.23023,128.87246,72,1500,446.33,true,ok
GLV-T02,TRIP-GLV-T02-01,2026-08-01T04:16:00.000Z,35.22404,128.86903,73,1500,448.67,true,ok
GLV-T02,TRIP-GLV-T02-01,2026-08-01T04:18:00.000Z,35.21786,128.86561,75,1500,451.00,true,ok
GLV-T02,TRIP-GLV-T02-01,2026-08-01T04:20:00.000Z,35.21167,128.86218,75,1500,453.33,true,ok
GLV-T02,TRIP-GLV-T02-01,2026-08-01T04:22:00.000Z,35.20548,128.85876,76,1500,455.67,true,ok
GLV-T02,TRIP-GLV-T02-01,2026-08-01T04:24:00.000Z,35.19929,128.85533,76,1500,458.00,true,ok
GLV-T02,TRIP-GLV-T02-01,2026-08-01T04:26:00.000Z,35.19310,128.85191,76,1500,460.33,true,ok
GLV-T02,TRIP-GLV-T02-01,2026-08-01T04:28:00.000Z,35.18691,128.84849,75,1500,462.67,true,ok
GLV-T02,TRIP-GLV-T02-01,2026-08-01T04:30:00.000Z,35.18072,128.84506,75,1500,465.00,true,ok
GLV-T02,TRIP-GLV-T02-01,2026-08-01T04:32:00.000Z,35.17454,128.84164,74,1500,467.33,true,ok
GLV-T02,TRIP-GLV-T02-01,2026-08-01T04:34:00.000Z,35.16835,128.83821,72,1500,469.67,true,ok
GLV-T02,TRIP-GLV-T02-01,2026-08-01T04:36:00.000Z,35.16216,128.83479,71,1500,472.00,true,ok
GLV-T02,TRIP-GLV-T02-01,2026-08-01T04:38:00.000Z,35.15597,128.83137,70,1500,474.33,true,ok
GLV-T02,TRIP-GLV-T02-01,2026-08-01T04:40:00.000Z,35.14978,128.82794,68,1500,476.67,true,ok
GLV-T02,TRIP-GLV-T02-01,2026-08-01T04:42:00.000Z,35.14359,128.82452,66,1500,479.00,true,ok
GLV-T02,TRIP-GLV-T02-01,2026-08-01T04:44:00.000Z,35.13741,128.82109,65,1500,481.33,true,ok
GLV-T02,TRIP-GLV-T02-01,2026-08-01T04:46:00.000Z,35.13122,128.81767,63,1500,483.67,true,ok
GLV-T02,TRIP-GLV-T02-01,2026-08-01T04:48:00.000Z,35.12503,128.81424,62,1500,486.00,true,ok
GLV-T02,TRIP-GLV-T02-01,2026-08-01T04:50:00.000Z,35.11884,128.81082,61,1500,488.33,true,ok
GLV-T02,TRIP-GLV-T02-01,2026-08-01T04:52:00.000Z,35.11265,128.80740,61,1500,490.67,true,ok
GLV-T02,TRIP-GLV-T02-01,2026-08-01T04:54:00.000Z,35.10647,128.80397,60,1500,493.00,true,ok
GLV-T02,TRIP-GLV-T02-01,2026-08-01T04:56:00.000Z,35.10028,128.80055,60,1500,495.33,true,ok
GLV-T02,TRIP-GLV-T02-01,2026-08-01T04:58:00.000Z,35.09409,128.79712,60,1500,497.67,true,ok
GLV-T02,TRIP-GLV-T02-01,2026-08-01T05:00:00.000Z,35.08790,128.79370,61,1500,500.00,true,ok
GLV-T03,TRIP-GLV-T03-01,2026-07-31T21:00:00.000Z,35.08790,128.79370,68,1500,0.00,false,ok
GLV-T03,TRIP-GLV-T03-01,2026-07-31T21:02:00.000Z,35.09754,128.79904,70,1500,2.34,false,ok
GLV-T03,TRIP-GLV-T03-01,2026-07-31T21:04:00.000Z,35.10719,128.80437,71,1500,4.68,false,ok
GLV-T03,TRIP-GLV-T03-01,2026-07-31T21:06:00.000Z,35.11683,128.80971,73,1500,7.01,false,ok
GLV-T03,TRIP-GLV-T03-01,2026-07-31T21:08:00.000Z,35.12648,128.81505,74,1500,9.35,false,ok
GLV-T03,TRIP-GLV-T03-01,2026-07-31T21:10:00.000Z,35.13612,128.82038,75,1500,11.69,false,ok
GLV-T03,TRIP-GLV-T03-01,2026-07-31T21:12:00.000Z,35.14576,128.82572,75,1500,14.03,false,ok
GLV-T03,TRIP-GLV-T03-01,2026-07-31T21:14:00.000Z,35.15541,128.83105,76,1500,16.36,false,ok
GLV-T03,TRIP-GLV-T03-01,2026-07-31T21:16:00.000Z,35.16505,128.83639,76,1500,18.70,false,ok
GLV-T03,TRIP-GLV-T03-01,2026-07-31T21:18:00.000Z,35.17470,128.84173,76,1500,21.04,false,ok
GLV-T03,TRIP-GLV-T03-01,2026-07-31T21:20:00.000Z,35.18434,128.84706,75,1500,23.38,false,ok
GLV-T03,TRIP-GLV-T03-01,2026-07-31T21:22:00.000Z,35.19399,128.85240,74,1500,25.71,false,ok
GLV-T03,TRIP-GLV-T03-01,2026-07-31T21:24:00.000Z,35.20363,128.85774,73,1500,28.05,false,ok
GLV-T03,TRIP-GLV-T03-01,2026-07-31T21:26:00.000Z,35.21327,128.86307,72,1500,30.39,false,ok
GLV-T03,TRIP-GLV-T03-01,2026-07-31T21:28:00.000Z,35.22292,128.86841,71,1500,32.73,false,ok
GLV-T03,TRIP-GLV-T03-01,2026-07-31T21:30:00.000Z,35.23256,128.87375,69,1500,35.06,false,ok
GLV-T03,TRIP-GLV-T03-01,2026-07-31T21:32:00.000Z,35.24221,128.87908,68,1500,37.40,false,ok
GLV-T03,TRIP-GLV-T03-01,2026-07-31T21:34:00.000Z,35.25185,128.88442,66,1500,39.74,false,ok
GLV-T03,TRIP-GLV-T03-01,2026-07-31T21:36:00.000Z,35.26149,128.88975,64,1500,42.08,false,ok
GLV-T03,TRIP-GLV-T03-01,2026-07-31T21:38:00.000Z,35.27114,128.89509,63,1500,44.42,false,ok
GLV-T03,TRIP-GLV-T03-01,2026-07-31T21:40:00.000Z,35.28078,128.90043,62,1500,46.75,false,ok
GLV-T03,TRIP-GLV-T03-01,2026-07-31T21:42:00.000Z,35.29043,128.90576,61,1500,49.09,false,ok
GLV-T03,TRIP-GLV-T03-01,2026-07-31T21:44:00.000Z,35.30007,128.91110,60,1500,51.43,false,ok
GLV-T03,TRIP-GLV-T03-01,2026-07-31T21:46:00.000Z,35.30972,128.91644,60,1500,53.77,false,ok
GLV-T03,TRIP-GLV-T03-01,2026-07-31T21:48:00.000Z,35.31936,128.92177,60,1500,56.10,false,ok
GLV-T03,TRIP-GLV-T03-01,2026-07-31T21:50:00.000Z,35.32900,128.92711,60,1500,58.44,false,ok
GLV-T03,TRIP-GLV-T03-01,2026-07-31T21:52:00.000Z,35.33865,128.93245,61,1500,60.78,false,ok
GLV-T03,TRIP-GLV-T03-01,2026-07-31T21:54:00.000Z,35.34829,128.93778,62,1500,63.12,false,ok
GLV-T03,TRIP-GLV-T03-01,2026-07-31T21:56:00.000Z,35.35794,128.94312,63,1500,65.45,false,ok
GLV-T03,TRIP-GLV-T03-01,2026-07-31T21:58:00.000Z,35.36758,128.94845,64,1500,67.79,false,ok
GLV-T03,TRIP-GLV-T03-01,2026-07-31T22:00:00.000Z,35.37722,128.95379,66,1500,70.13,false,ok
GLV-T03,TRIP-GLV-T03-01,2026-07-31T22:02:00.000Z,35.38687,128.95913,67,1500,72.47,false,ok
GLV-T03,TRIP-GLV-T03-01,2026-07-31T22:04:00.000Z,35.39651,128.96446,69,1500,74.81,false,ok
GLV-T03,TRIP-GLV-T03-01,2026-07-31T22:06:00.000Z,35.40616,128.96980,70,1500,77.14,false,ok
GLV-T03,TRIP-GLV-T03-01,2026-07-31T22:08:00.000Z,35.41580,128.97514,72,1500,79.48,false,ok
GLV-T03,TRIP-GLV-T03-01,2026-07-31T22:10:00.000Z,35.42545,128.98047,73,1500,81.82,false,ok
GLV-T03,TRIP-GLV-T03-01,2026-07-31T22:12:00.000Z,35.43509,128.98581,74,1500,84.16,false,ok
GLV-T03,TRIP-GLV-T03-01,2026-07-31T22:14:00.000Z,35.44473,128.99115,75,1500,86.49,false,ok
GLV-T03,TRIP-GLV-T03-01,2026-07-31T22:16:00.000Z,35.45438,128.99648,76,1500,88.83,false,ok
GLV-T03,TRIP-GLV-T03-01,2026-07-31T22:18:00.000Z,35.46402,129.00182,76,1500,91.17,false,ok
GLV-T03,TRIP-GLV-T03-01,2026-07-31T22:20:00.000Z,35.47367,129.00715,76,1500,93.51,false,ok
GLV-T03,TRIP-GLV-T03-01,2026-07-31T22:22:00.000Z,35.48331,129.01249,76,1500,95.84,false,ok
GLV-T03,TRIP-GLV-T03-01,2026-07-31T22:24:00.000Z,35.49295,129.01783,75,1500,98.18,false,ok
GLV-T03,TRIP-GLV-T03-01,2026-07-31T22:26:00.000Z,35.50260,129.02316,74,1500,100.52,false,ok
GLV-T03,TRIP-GLV-T03-01,2026-07-31T22:28:00.000Z,35.51224,129.02850,73,1500,102.86,false,ok
GLV-T03,TRIP-GLV-T03-01,2026-07-31T22:30:00.000Z,35.52189,129.03384,71,1500,105.19,false,ok
GLV-T03,TRIP-GLV-T03-01,2026-07-31T22:32:00.000Z,35.53153,129.03917,70,1500,107.53,false,ok
GLV-T03,TRIP-GLV-T03-01,2026-07-31T22:34:00.000Z,35.54118,129.04451,68,1500,109.87,false,ok
GLV-T03,TRIP-GLV-T03-01,2026-07-31T22:36:00.000Z,35.55082,129.04985,67,1500,112.21,false,ok
GLV-T03,TRIP-GLV-T03-01,2026-07-31T22:38:00.000Z,35.56046,129.05518,65,1500,114.55,false,ok
GLV-T03,TRIP-GLV-T03-01,2026-07-31T22:40:00.000Z,35.57011,129.06052,64,1500,116.88,false,ok
GLV-T03,TRIP-GLV-T03-01,2026-07-31T22:42:00.000Z,35.57975,129.06585,62,1500,119.22,false,ok
GLV-T03,TRIP-GLV-T03-01,2026-07-31T22:44:00.000Z,35.58940,129.07119,61,1500,121.56,false,ok
GLV-T03,TRIP-GLV-T03-01,2026-07-31T22:46:00.000Z,35.59904,129.07653,61,1500,123.90,false,ok
GLV-T03,TRIP-GLV-T03-01,2026-07-31T22:48:00.000Z,35.60868,129.08186,60,1500,126.23,false,ok
GLV-T03,TRIP-GLV-T03-01,2026-07-31T22:50:00.000Z,35.61833,129.08720,60,1500,128.57,false,ok
GLV-T03,TRIP-GLV-T03-01,2026-07-31T22:52:00.000Z,35.62797,129.09254,60,1500,130.91,false,ok
GLV-T03,TRIP-GLV-T03-01,2026-07-31T22:54:00.000Z,35.63762,129.09787,61,1500,133.25,false,ok
GLV-T03,TRIP-GLV-T03-01,2026-07-31T22:56:00.000Z,35.64726,129.10321,61,1500,135.58,false,ok
GLV-T03,TRIP-GLV-T03-01,2026-07-31T22:58:00.000Z,35.65691,129.10855,62,1500,137.92,false,ok
GLV-T03,TRIP-GLV-T03-01,2026-07-31T23:00:00.000Z,35.66655,129.11388,64,1500,140.26,false,ok
GLV-T03,TRIP-GLV-T03-01,2026-07-31T23:02:00.000Z,35.67619,129.11922,65,1500,142.60,false,ok
GLV-T03,TRIP-GLV-T03-01,2026-07-31T23:04:00.000Z,35.68584,129.12455,67,1500,144.94,false,ok
GLV-T03,TRIP-GLV-T03-01,2026-07-31T23:06:00.000Z,35.69548,129.12989,68,1500,147.27,false,ok
GLV-T03,TRIP-GLV-T03-01,2026-07-31T23:08:00.000Z,35.70513,129.13523,70,1500,149.61,false,ok
GLV-T03,TRIP-GLV-T03-01,2026-07-31T23:10:00.000Z,35.71477,129.14056,71,1500,151.95,false,ok
GLV-T03,TRIP-GLV-T03-01,2026-07-31T23:12:00.000Z,35.72441,129.14590,73,1500,154.29,false,ok
GLV-T03,TRIP-GLV-T03-01,2026-07-31T23:14:00.000Z,35.73406,129.15124,74,1500,156.62,false,ok
GLV-T03,TRIP-GLV-T03-01,2026-07-31T23:16:00.000Z,35.74370,129.15657,75,1500,158.96,false,ok
GLV-T03,TRIP-GLV-T03-01,2026-07-31T23:18:00.000Z,35.75335,129.16191,76,1500,161.30,false,ok
GLV-T03,TRIP-GLV-T03-01,2026-07-31T23:20:00.000Z,35.76299,129.16725,76,1500,163.64,false,ok
GLV-T03,TRIP-GLV-T03-01,2026-07-31T23:22:00.000Z,35.77264,129.17258,76,1500,165.97,false,ok
GLV-T03,TRIP-GLV-T03-01,2026-07-31T23:24:00.000Z,35.78228,129.17792,76,1500,168.31,false,ok
GLV-T03,TRIP-GLV-T03-01,2026-07-31T23:26:00.000Z,35.79192,129.18325,75,1500,170.65,false,ok
GLV-T03,TRIP-GLV-T03-01,2026-07-31T23:28:00.000Z,35.80157,129.18859,74,1500,172.99,false,ok
GLV-T03,TRIP-GLV-T03-01,2026-07-31T23:30:00.000Z,35.81121,129.19393,73,1500,175.32,false,ok
GLV-T03,TRIP-GLV-T03-01,2026-07-31T23:32:00.000Z,35.82086,129.19926,72,1500,177.66,false,ok
GLV-T03,TRIP-GLV-T03-01,2026-07-31T23:34:00.000Z,35.83050,129.20460,70,1500,180.00,false,ok
GLV-T03,TRIP-GLV-T03-01,2026-08-01T01:00:00.000Z,35.83050,129.20460,68,1500,180.00,true,ok
GLV-T03,TRIP-GLV-T03-01,2026-08-01T01:02:00.000Z,35.82384,129.20091,70,1500,182.33,true,ok
GLV-T03,TRIP-GLV-T03-01,2026-08-01T01:04:00.000Z,35.81718,129.19723,71,1500,184.66,true,ok
GLV-T03,TRIP-GLV-T03-01,2026-08-01T01:06:00.000Z,35.81052,129.19354,73,1500,187.00,true,ok
GLV-T03,TRIP-GLV-T03-01,2026-08-01T01:08:00.000Z,35.80386,129.18986,74,1500,189.33,true,ok
GLV-T03,TRIP-GLV-T03-01,2026-08-01T01:10:00.000Z,35.79720,129.18617,75,1500,191.66,true,ok
GLV-T03,TRIP-GLV-T03-01,2026-08-01T01:12:00.000Z,35.79054,129.18249,75,1500,193.99,true,ok
GLV-T03,TRIP-GLV-T03-01,2026-08-01T01:14:00.000Z,35.78388,129.17880,76,1500,196.32,true,ok
GLV-T03,TRIP-GLV-T03-01,2026-08-01T01:16:00.000Z,35.77722,129.17512,76,1500,198.65,true,ok
GLV-T03,TRIP-GLV-T03-01,2026-08-01T01:18:00.000Z,35.77056,129.17143,76,1500,200.99,true,ok
GLV-T03,TRIP-GLV-T03-01,2026-08-01T01:20:00.000Z,35.76390,129.16775,75,1500,203.32,true,ok
GLV-T03,TRIP-GLV-T03-01,2026-08-01T01:22:00.000Z,35.75724,129.16406,74,1500,205.65,true,ok
GLV-T03,TRIP-GLV-T03-01,2026-08-01T01:24:00.000Z,35.75058,129.16038,73,1500,207.98,true,ok
GLV-T03,TRIP-GLV-T03-01,2026-08-01T01:26:00.000Z,35.74392,129.15669,72,1500,210.31,true,ok
GLV-T03,TRIP-GLV-T03-01,2026-08-01T01:28:00.000Z,35.73726,129.15301,71,1500,212.65,true,ok
GLV-T03,TRIP-GLV-T03-01,2026-08-01T01:30:00.000Z,35.73060,129.14932,69,1500,214.98,true,ok
GLV-T03,TRIP-GLV-T03-01,2026-08-01T01:32:00.000Z,35.72394,129.14564,68,1500,217.31,true,ok
GLV-T03,TRIP-GLV-T03-01,2026-08-01T01:34:00.000Z,35.71728,129.14195,66,1500,219.64,true,ok
GLV-T03,TRIP-GLV-T03-01,2026-08-01T01:36:00.000Z,35.71062,129.13827,64,1500,221.97,true,ok
GLV-T03,TRIP-GLV-T03-01,2026-08-01T01:38:00.000Z,35.70396,129.13458,63,1500,224.30,true,ok
GLV-T03,TRIP-GLV-T03-01,2026-08-01T01:40:00.000Z,35.69730,129.13090,62,1500,226.64,true,ok
GLV-T03,TRIP-GLV-T03-01,2026-08-01T01:42:00.000Z,35.69064,129.12721,61,1500,228.97,true,ok
GLV-T03,TRIP-GLV-T03-01,2026-08-01T01:44:00.000Z,35.68398,129.12353,60,1500,231.30,true,ok
GLV-T03,TRIP-GLV-T03-01,2026-08-01T01:46:00.000Z,35.67732,129.11984,60,1500,233.63,true,ok
GLV-T03,TRIP-GLV-T03-01,2026-08-01T01:48:00.000Z,35.67066,129.11616,60,1500,235.96,true,ok
GLV-T03,TRIP-GLV-T03-01,2026-08-01T01:50:00.000Z,35.66400,129.11247,60,1500,238.30,true,ok
GLV-T03,TRIP-GLV-T03-01,2026-08-01T01:52:00.000Z,35.65734,129.10878,61,1500,240.63,true,ok
GLV-T03,TRIP-GLV-T03-01,2026-08-01T01:54:00.000Z,35.65068,129.10510,62,1500,242.96,true,ok
GLV-T03,TRIP-GLV-T03-01,2026-08-01T01:56:00.000Z,35.64402,129.10141,63,1500,245.29,true,ok
GLV-T03,TRIP-GLV-T03-01,2026-08-01T01:58:00.000Z,35.63736,129.09773,64,1500,247.62,true,ok
GLV-T03,TRIP-GLV-T03-01,2026-08-01T02:00:00.000Z,35.63070,129.09404,66,1500,249.96,true,ok
GLV-T03,TRIP-GLV-T03-01,2026-08-01T02:02:00.000Z,35.62404,129.09036,67,1500,252.29,true,ok
GLV-T03,TRIP-GLV-T03-01,2026-08-01T02:04:00.000Z,35.61738,129.08667,69,1500,254.62,true,ok
GLV-T03,TRIP-GLV-T03-01,2026-08-01T02:06:00.000Z,35.61072,129.08299,70,1500,256.95,true,ok
GLV-T03,TRIP-GLV-T03-01,2026-08-01T02:08:00.000Z,35.60406,129.07930,72,1500,259.28,true,ok
GLV-T03,TRIP-GLV-T03-01,2026-08-01T02:10:00.000Z,35.59740,129.07562,73,1500,261.61,true,ok
GLV-T03,TRIP-GLV-T03-01,2026-08-01T02:12:00.000Z,35.59074,129.07193,74,1500,263.95,true,ok
GLV-T03,TRIP-GLV-T03-01,2026-08-01T02:14:00.000Z,35.58408,129.06825,75,1500,266.28,true,ok
GLV-T03,TRIP-GLV-T03-01,2026-08-01T02:16:00.000Z,35.57742,129.06456,76,1500,268.61,true,ok
GLV-T03,TRIP-GLV-T03-01,2026-08-01T02:18:00.000Z,35.57076,129.06088,76,1500,270.94,true,ok
GLV-T03,TRIP-GLV-T03-01,2026-08-01T02:20:00.000Z,35.56410,129.05719,76,1500,273.27,true,ok
GLV-T03,TRIP-GLV-T03-01,2026-08-01T02:22:00.000Z,35.55744,129.05351,76,1500,275.61,true,ok
GLV-T03,TRIP-GLV-T03-01,2026-08-01T02:24:00.000Z,35.55078,129.04982,75,1500,277.94,true,ok
GLV-T03,TRIP-GLV-T03-01,2026-08-01T02:26:00.000Z,35.54412,129.04614,74,1500,280.27,true,ok
GLV-T03,TRIP-GLV-T03-01,2026-08-01T02:28:00.000Z,35.53746,129.04245,73,1500,282.60,true,ok
GLV-T03,TRIP-GLV-T03-01,2026-08-01T02:30:00.000Z,35.53080,129.03877,71,1500,284.93,true,ok
GLV-T03,TRIP-GLV-T03-01,2026-08-01T02:32:00.000Z,35.52414,129.03508,70,1500,287.26,true,ok
GLV-T03,TRIP-GLV-T03-01,2026-08-01T02:34:00.000Z,35.51748,129.03140,68,1500,289.60,true,ok
GLV-T03,TRIP-GLV-T03-01,2026-08-01T02:36:00.000Z,35.51082,129.02771,67,1500,291.93,true,ok
GLV-T03,TRIP-GLV-T03-01,2026-08-01T02:38:00.000Z,35.50416,129.02403,65,1500,294.26,true,ok
GLV-T03,TRIP-GLV-T03-01,2026-08-01T02:40:00.000Z,35.49750,129.02034,64,1500,296.59,true,ok
GLV-T03,TRIP-GLV-T03-01,2026-08-01T02:42:00.000Z,35.49084,129.01665,62,1500,298.92,true,ok
GLV-T03,TRIP-GLV-T03-01,2026-08-01T02:44:00.000Z,35.48418,129.01297,61,1500,301.26,true,ok
GLV-T03,TRIP-GLV-T03-01,2026-08-01T02:46:00.000Z,35.47752,129.00928,61,1500,303.59,true,ok
GLV-T03,TRIP-GLV-T03-01,2026-08-01T02:48:00.000Z,35.47086,129.00560,60,1500,305.92,true,ok
GLV-T03,TRIP-GLV-T03-01,2026-08-01T02:50:00.000Z,35.46420,129.00191,60,1500,308.25,true,ok
GLV-T03,TRIP-GLV-T03-01,2026-08-01T02:52:00.000Z,35.45753,128.99823,60,1500,310.58,true,ok
GLV-T03,TRIP-GLV-T03-01,2026-08-01T02:54:00.000Z,35.45087,128.99454,61,1500,312.91,true,ok
GLV-T03,TRIP-GLV-T03-01,2026-08-01T02:56:00.000Z,35.44421,128.99086,61,1500,315.25,true,ok
GLV-T03,TRIP-GLV-T03-01,2026-08-01T02:58:00.000Z,35.43755,128.98717,62,1500,317.58,true,ok
GLV-T03,TRIP-GLV-T03-01,2026-08-01T03:00:00.000Z,35.43089,128.98349,64,1500,319.91,true,ok
GLV-T03,TRIP-GLV-T03-01,2026-08-01T03:02:00.000Z,35.42423,128.97980,65,1500,322.24,true,ok
GLV-T03,TRIP-GLV-T03-01,2026-08-01T03:04:00.000Z,35.41757,128.97612,67,1500,324.57,true,ok
GLV-T03,TRIP-GLV-T03-01,2026-08-01T03:06:00.000Z,35.41091,128.97243,68,1500,326.91,true,ok
GLV-T03,TRIP-GLV-T03-01,2026-08-01T03:08:00.000Z,35.40425,128.96875,70,1500,329.24,true,ok
GLV-T03,TRIP-GLV-T03-01,2026-08-01T03:10:00.000Z,35.39759,128.96506,71,1500,331.57,true,ok
GLV-T03,TRIP-GLV-T03-01,2026-08-01T03:12:00.000Z,35.39093,128.96138,73,1500,333.90,true,ok
GLV-T03,TRIP-GLV-T03-01,2026-08-01T03:14:00.000Z,35.38427,128.95769,74,1500,336.23,true,ok
GLV-T03,TRIP-GLV-T03-01,2026-08-01T03:16:00.000Z,35.37761,128.95401,75,1500,338.57,true,ok
GLV-T03,TRIP-GLV-T03-01,2026-08-01T03:18:00.000Z,35.37095,128.95032,76,1500,340.90,true,ok
GLV-T03,TRIP-GLV-T03-01,2026-08-01T03:20:00.000Z,35.36429,128.94664,76,1500,343.23,true,ok
GLV-T03,TRIP-GLV-T03-01,2026-08-01T03:22:00.000Z,35.35763,128.94295,76,1500,345.56,true,ok
GLV-T03,TRIP-GLV-T03-01,2026-08-01T03:24:00.000Z,35.35097,128.93927,76,1500,347.89,true,ok
GLV-T03,TRIP-GLV-T03-01,2026-08-01T03:26:00.000Z,35.34431,128.93558,75,1500,350.22,true,ok
GLV-T03,TRIP-GLV-T03-01,2026-08-01T03:28:00.000Z,35.33765,128.93190,74,1500,352.56,true,ok
GLV-T03,TRIP-GLV-T03-01,2026-08-01T03:30:00.000Z,35.33099,128.92821,73,1500,354.89,true,ok
GLV-T03,TRIP-GLV-T03-01,2026-08-01T03:32:00.000Z,35.32433,128.92452,72,1500,357.22,true,ok
GLV-T03,TRIP-GLV-T03-01,2026-08-01T03:34:00.000Z,35.31767,128.92084,70,1500,359.55,true,ok
GLV-T03,TRIP-GLV-T03-01,2026-08-01T03:36:00.000Z,35.31101,128.91715,69,1500,361.88,true,ok
GLV-T03,TRIP-GLV-T03-01,2026-08-01T03:38:00.000Z,35.30435,128.91347,67,1500,364.22,true,ok
GLV-T03,TRIP-GLV-T03-01,2026-08-01T03:40:00.000Z,35.29769,128.90978,66,1500,366.55,true,ok
GLV-T03,TRIP-GLV-T03-01,2026-08-01T03:42:00.000Z,35.29103,128.90610,64,1500,368.88,true,ok
GLV-T03,TRIP-GLV-T03-01,2026-08-01T03:44:00.000Z,35.28437,128.90241,63,1500,371.21,true,ok
GLV-T03,TRIP-GLV-T03-01,2026-08-01T03:46:00.000Z,35.27771,128.89873,62,1500,373.54,true,ok
GLV-T03,TRIP-GLV-T03-01,2026-08-01T03:48:00.000Z,35.27105,128.89504,61,1500,375.87,true,ok
GLV-T03,TRIP-GLV-T03-01,2026-08-01T03:50:00.000Z,35.26439,128.89136,60,1500,378.21,true,ok
GLV-T03,TRIP-GLV-T03-01,2026-08-01T03:52:00.000Z,35.25773,128.88767,60,1500,380.54,true,ok
GLV-T03,TRIP-GLV-T03-01,2026-08-01T03:54:00.000Z,35.25107,128.88399,60,1500,382.87,true,ok
GLV-T03,TRIP-GLV-T03-01,2026-08-01T03:56:00.000Z,35.24441,128.88030,60,1500,385.20,true,ok
GLV-T03,TRIP-GLV-T03-01,2026-08-01T03:58:00.000Z,35.23775,128.87662,61,1500,387.53,true,ok
GLV-T03,TRIP-GLV-T03-01,2026-08-01T04:00:00.000Z,35.23109,128.87293,62,1500,389.87,true,ok
GLV-T03,TRIP-GLV-T03-01,2026-08-01T04:02:00.000Z,35.22443,128.86925,63,1500,392.20,true,ok
GLV-T03,TRIP-GLV-T03-01,2026-08-01T04:04:00.000Z,35.21777,128.86556,65,1500,394.53,true,ok
GLV-T03,TRIP-GLV-T03-01,2026-08-01T04:06:00.000Z,35.21111,128.86188,66,1500,396.86,true,ok
GLV-T03,TRIP-GLV-T03-01,2026-08-01T04:08:00.000Z,35.20445,128.85819,68,1500,399.19,true,ok
GLV-T03,TRIP-GLV-T03-01,2026-08-01T04:10:00.000Z,35.19779,128.85451,69,1500,401.52,true,ok
GLV-T03,TRIP-GLV-T03-01,2026-08-01T04:12:00.000Z,35.19113,128.85082,71,1500,403.86,true,ok
GLV-T03,TRIP-GLV-T03-01,2026-08-01T04:14:00.000Z,35.18447,128.84714,72,1500,406.19,true,ok
GLV-T03,TRIP-GLV-T03-01,2026-08-01T04:16:00.000Z,35.17781,128.84345,73,1500,408.52,true,ok
GLV-T03,TRIP-GLV-T03-01,2026-08-01T04:18:00.000Z,35.17115,128.83977,75,1500,410.85,true,ok
GLV-T03,TRIP-GLV-T03-01,2026-08-01T04:20:00.000Z,35.16449,128.83608,75,1500,413.18,true,ok
GLV-T03,TRIP-GLV-T03-01,2026-08-01T04:22:00.000Z,35.15783,128.83239,76,1500,415.52,true,ok
GLV-T03,TRIP-GLV-T03-01,2026-08-01T04:24:00.000Z,35.15117,128.82871,76,1500,417.85,true,ok
GLV-T03,TRIP-GLV-T03-01,2026-08-01T04:26:00.000Z,35.14451,128.82502,76,1500,420.18,true,ok
GLV-T03,TRIP-GLV-T03-01,2026-08-01T04:28:00.000Z,35.13785,128.82134,75,1500,422.51,true,ok
GLV-T03,TRIP-GLV-T03-01,2026-08-01T04:30:00.000Z,35.13119,128.81765,75,1500,424.84,true,ok
GLV-T03,TRIP-GLV-T03-01,2026-08-01T04:32:00.000Z,35.12453,128.81397,74,1500,427.17,true,ok
GLV-T03,TRIP-GLV-T03-01,2026-08-01T04:34:00.000Z,35.11787,128.81028,72,1500,429.51,true,ok
GLV-T03,TRIP-GLV-T03-01,2026-08-01T04:36:00.000Z,35.11121,128.80660,71,1500,431.84,true,ok
GLV-T03,TRIP-GLV-T03-01,2026-08-01T04:38:00.000Z,35.10455,128.80291,70,1500,434.17,true,ok
GLV-T03,TRIP-GLV-T03-01,2026-08-01T04:40:00.000Z,35.09789,128.79923,68,1500,436.50,true,ok
GLV-T03,TRIP-GLV-T03-01,2026-08-01T04:42:00.000Z,35.09123,128.79554,66,1500,438.83,true,ok
GLV-T04,TRIP-GLV-T04-01,2026-07-31T21:00:00.000Z,35.08790,128.79370,68,1500,0.00,false,ok
GLV-T04,TRIP-GLV-T04-01,2026-07-31T21:02:00.000Z,35.08972,128.79471,70,1500,2.33,false,ok
GLV-T04,TRIP-GLV-T04-01,2026-07-31T21:04:00.000Z,35.09155,128.79572,71,1500,4.67,false,ok
GLV-T04,TRIP-GLV-T04-01,2026-07-31T21:06:00.000Z,35.09337,128.79673,73,1500,7.00,false,ok
GLV-T04,TRIP-GLV-T04-01,2026-07-31T21:08:00.000Z,35.09520,128.79774,74,1500,9.34,false,ok
GLV-T04,TRIP-GLV-T04-01,2026-07-31T21:10:00.000Z,35.09702,128.79875,75,1500,11.67,false,ok
GLV-T04,TRIP-GLV-T04-01,2026-07-31T21:12:00.000Z,35.09885,128.79976,75,1500,14.00,false,ok
GLV-T04,TRIP-GLV-T04-01,2026-07-31T21:14:00.000Z,35.10067,128.80077,76,1500,16.34,false,ok
GLV-T04,TRIP-GLV-T04-01,2026-07-31T21:16:00.000Z,35.10250,128.80178,76,1500,18.67,false,ok
GLV-T04,TRIP-GLV-T04-01,2026-07-31T21:18:00.000Z,35.10432,128.80279,76,1500,21.01,false,ok
GLV-T04,TRIP-GLV-T04-01,2026-07-31T21:20:00.000Z,35.10615,128.80380,75,1500,23.34,false,ok
GLV-T04,TRIP-GLV-T04-01,2026-07-31T21:22:00.000Z,35.10797,128.80481,74,1500,25.68,false,ok
GLV-T04,TRIP-GLV-T04-01,2026-07-31T21:24:00.000Z,35.10979,128.80581,73,1500,28.01,false,ok
GLV-T04,TRIP-GLV-T04-01,2026-07-31T21:26:00.000Z,35.11162,128.80682,72,1500,30.34,false,ok
GLV-T04,TRIP-GLV-T04-01,2026-07-31T21:28:00.000Z,35.11344,128.80783,71,1500,32.68,false,ok
GLV-T04,TRIP-GLV-T04-01,2026-07-31T21:30:00.000Z,35.11527,128.80884,69,1500,35.01,false,ok
GLV-T04,TRIP-GLV-T04-01,2026-07-31T21:32:00.000Z,35.11709,128.80985,68,1500,37.35,false,ok
GLV-T04,TRIP-GLV-T04-01,2026-07-31T21:34:00.000Z,35.11892,128.81086,66,1500,39.68,false,ok
GLV-T04,TRIP-GLV-T04-01,2026-07-31T21:36:00.000Z,35.12074,128.81187,64,1500,42.01,false,ok
GLV-T04,TRIP-GLV-T04-01,2026-07-31T21:38:00.000Z,35.12257,128.81288,63,1500,44.35,false,ok
GLV-T04,TRIP-GLV-T04-01,2026-07-31T21:40:00.000Z,35.12439,128.81389,62,1500,46.68,false,ok
GLV-T04,TRIP-GLV-T04-01,2026-07-31T21:42:00.000Z,35.12622,128.81490,61,1500,49.02,false,ok
GLV-T04,TRIP-GLV-T04-01,2026-07-31T21:44:00.000Z,35.12804,128.81591,60,1500,51.35,false,ok
GLV-T04,TRIP-GLV-T04-01,2026-07-31T21:46:00.000Z,35.12987,128.81692,60,1500,53.69,false,ok
GLV-T04,TRIP-GLV-T04-01,2026-07-31T21:48:00.000Z,35.13169,128.81793,60,1500,56.02,false,ok
GLV-T04,TRIP-GLV-T04-01,2026-07-31T21:50:00.000Z,35.13351,128.81894,60,1500,58.35,false,ok
GLV-T04,TRIP-GLV-T04-01,2026-07-31T21:52:00.000Z,35.13534,128.81995,61,1500,60.69,false,ok
GLV-T04,TRIP-GLV-T04-01,2026-07-31T21:54:00.000Z,35.13716,128.82096,62,1500,63.02,false,ok
GLV-T04,TRIP-GLV-T04-01,2026-07-31T21:56:00.000Z,35.13899,128.82197,63,1500,65.36,false,ok
GLV-T04,TRIP-GLV-T04-01,2026-07-31T21:58:00.000Z,35.14081,128.82298,64,1500,67.69,false,ok
GLV-T04,TRIP-GLV-T04-01,2026-07-31T22:00:00.000Z,35.14264,128.82399,66,1500,70.02,false,ok
GLV-T04,TRIP-GLV-T04-01,2026-07-31T22:02:00.000Z,35.14446,128.82500,67,1500,72.36,false,ok
GLV-T04,TRIP-GLV-T04-01,2026-07-31T22:04:00.000Z,35.14629,128.82601,69,1500,74.69,false,ok
GLV-T04,TRIP-GLV-T04-01,2026-07-31T22:06:00.000Z,35.14811,128.82702,70,1500,77.03,false,ok
GLV-T04,TRIP-GLV-T04-01,2026-07-31T22:08:00.000Z,35.14994,128.82803,72,1500,79.36,false,ok
GLV-T04,TRIP-GLV-T04-01,2026-07-31T22:10:00.000Z,35.15176,128.82904,73,1500,81.70,false,ok
GLV-T04,TRIP-GLV-T04-01,2026-07-31T22:12:00.000Z,35.15358,128.83004,74,1500,84.03,false,ok
GLV-T04,TRIP-GLV-T04-01,2026-07-31T22:14:00.000Z,35.15541,128.83105,75,1500,86.36,false,ok
GLV-T04,TRIP-GLV-T04-01,2026-07-31T22:16:00.000Z,35.15723,128.83206,76,1500,88.70,false,ok
GLV-T04,TRIP-GLV-T04-01,2026-07-31T22:18:00.000Z,35.15906,128.83307,76,1500,91.03,false,ok
GLV-T04,TRIP-GLV-T04-01,2026-07-31T22:20:00.000Z,35.16088,128.83408,76,1500,93.37,false,ok
GLV-T04,TRIP-GLV-T04-01,2026-07-31T22:22:00.000Z,35.16271,128.83509,76,1500,95.70,false,ok
GLV-T04,TRIP-GLV-T04-01,2026-07-31T22:24:00.000Z,35.16453,128.83610,75,1500,98.03,false,ok
GLV-T04,TRIP-GLV-T04-01,2026-07-31T22:26:00.000Z,35.16636,128.83711,74,1500,100.37,false,ok
GLV-T04,TRIP-GLV-T04-01,2026-07-31T22:28:00.000Z,35.16818,128.83812,73,1500,102.70,false,ok
GLV-T04,TRIP-GLV-T04-01,2026-07-31T22:30:00.000Z,35.17001,128.83913,71,1500,105.04,false,ok
GLV-T04,TRIP-GLV-T04-01,2026-07-31T22:32:00.000Z,35.17183,128.84014,70,1500,107.37,false,ok
GLV-T04,TRIP-GLV-T04-01,2026-07-31T22:34:00.000Z,35.17365,128.84115,68,1500,109.71,false,ok
GLV-T04,TRIP-GLV-T04-01,2026-07-31T22:36:00.000Z,35.17548,128.84216,67,1500,112.04,false,ok
GLV-T04,TRIP-GLV-T04-01,2026-07-31T22:38:00.000Z,35.17730,128.84317,65,1500,114.37,false,ok
GLV-T04,TRIP-GLV-T04-01,2026-07-31T22:40:00.000Z,35.17913,128.84418,64,1500,116.71,false,ok
GLV-T04,TRIP-GLV-T04-01,2026-07-31T22:42:00.000Z,35.18095,128.84519,62,1500,119.04,false,ok
GLV-T04,TRIP-GLV-T04-01,2026-07-31T22:44:00.000Z,35.18278,128.84620,61,1500,121.38,false,ok
GLV-T04,TRIP-GLV-T04-01,2026-07-31T22:46:00.000Z,35.18460,128.84721,61,1500,123.71,false,ok
GLV-T04,TRIP-GLV-T04-01,2026-07-31T22:48:00.000Z,35.18643,128.84822,60,1500,126.04,false,ok
GLV-T04,TRIP-GLV-T04-01,2026-07-31T22:50:00.000Z,35.18825,128.84923,60,1500,128.38,false,ok
GLV-T04,TRIP-GLV-T04-01,2026-07-31T22:52:00.000Z,35.19008,128.85024,60,1500,130.71,false,ok
GLV-T04,TRIP-GLV-T04-01,2026-07-31T22:54:00.000Z,35.19190,128.85125,61,1500,133.05,false,ok
GLV-T04,TRIP-GLV-T04-01,2026-07-31T22:56:00.000Z,35.19373,128.85226,61,1500,135.38,false,ok
GLV-T04,TRIP-GLV-T04-01,2026-07-31T22:58:00.000Z,35.19555,128.85327,62,1500,137.71,false,ok
GLV-T04,TRIP-GLV-T04-01,2026-07-31T23:00:00.000Z,35.19737,128.85427,64,1500,140.05,false,ok
GLV-T04,TRIP-GLV-T04-01,2026-07-31T23:02:00.000Z,35.19920,128.85528,65,1500,142.38,false,ok
GLV-T04,TRIP-GLV-T04-01,2026-07-31T23:04:00.000Z,35.20102,128.85629,67,1500,144.72,false,ok
GLV-T04,TRIP-GLV-T04-01,2026-07-31T23:06:00.000Z,35.20285,128.85730,68,1500,147.05,false,ok
GLV-T04,TRIP-GLV-T04-01,2026-07-31T23:08:00.000Z,35.20467,128.85831,70,1500,149.39,false,ok
GLV-T04,TRIP-GLV-T04-01,2026-07-31T23:10:00.000Z,35.20650,128.85932,71,1500,151.72,false,ok
GLV-T04,TRIP-GLV-T04-01,2026-07-31T23:12:00.000Z,35.20832,128.86033,73,1500,154.05,false,ok
GLV-T04,TRIP-GLV-T04-01,2026-07-31T23:14:00.000Z,35.21015,128.86134,74,1500,156.39,false,ok
GLV-T04,TRIP-GLV-T04-01,2026-07-31T23:16:00.000Z,35.21197,128.86235,75,1500,158.72,false,ok
GLV-T04,TRIP-GLV-T04-01,2026-07-31T23:18:00.000Z,35.21380,128.86336,76,1500,161.06,false,ok
GLV-T04,TRIP-GLV-T04-01,2026-07-31T23:20:00.000Z,35.21562,128.86437,76,1500,163.39,false,ok
GLV-T04,TRIP-GLV-T04-01,2026-07-31T23:22:00.000Z,35.21744,128.86538,76,1500,165.72,false,ok
GLV-T04,TRIP-GLV-T04-01,2026-07-31T23:24:00.000Z,35.21927,128.86639,76,1500,168.06,false,ok
GLV-T04,TRIP-GLV-T04-01,2026-07-31T23:26:00.000Z,35.22109,128.86740,75,1500,170.39,false,ok
GLV-T04,TRIP-GLV-T04-01,2026-07-31T23:28:00.000Z,35.22292,128.86841,74,1500,172.73,false,ok
GLV-T04,TRIP-GLV-T04-01,2026-07-31T23:30:00.000Z,35.22474,128.86942,73,1500,175.06,false,ok
GLV-T04,TRIP-GLV-T04-01,2026-07-31T23:32:00.000Z,35.22657,128.87043,72,1500,177.40,false,ok
GLV-T04,TRIP-GLV-T04-01,2026-07-31T23:34:00.000Z,35.22839,128.87144,70,1500,179.73,false,ok
GLV-T04,TRIP-GLV-T04-01,2026-07-31T23:36:00.000Z,35.23022,128.87245,69,1500,182.06,false,ok
GLV-T04,TRIP-GLV-T04-01,2026-07-31T23:38:00.000Z,35.23204,128.87346,67,1500,184.40,false,ok
GLV-T04,TRIP-GLV-T04-01,2026-07-31T23:40:00.000Z,35.23387,128.87447,66,1500,186.73,false,ok
GLV-T04,TRIP-GLV-T04-01,2026-07-31T23:42:00.000Z,35.23569,128.87548,64,1500,189.07,false,ok
GLV-T04,TRIP-GLV-T04-01,2026-07-31T23:44:00.000Z,35.23751,128.87649,63,1500,191.40,false,ok
GLV-T04,TRIP-GLV-T04-01,2026-07-31T23:46:00.000Z,35.23934,128.87750,62,1500,193.73,false,ok
GLV-T04,TRIP-GLV-T04-01,2026-07-31T23:48:00.000Z,35.24116,128.87850,61,1500,196.07,false,ok
GLV-T04,TRIP-GLV-T04-01,2026-07-31T23:50:00.000Z,35.24299,128.87951,60,1500,198.40,false,ok
GLV-T04,TRIP-GLV-T04-01,2026-07-31T23:52:00.000Z,35.24481,128.88052,60,1500,200.74,false,ok
GLV-T04,TRIP-GLV-T04-01,2026-07-31T23:54:00.000Z,35.24664,128.88153,60,1500,203.07,false,ok
GLV-T04,TRIP-GLV-T04-01,2026-07-31T23:56:00.000Z,35.24846,128.88254,60,1500,205.41,false,ok
GLV-T04,TRIP-GLV-T04-01,2026-07-31T23:58:00.000Z,35.25029,128.88355,61,1500,207.74,false,ok
GLV-T04,TRIP-GLV-T04-01,2026-08-01T00:00:00.000Z,35.25211,128.88456,62,1500,210.07,false,ok
GLV-T04,TRIP-GLV-T04-01,2026-08-01T00:02:00.000Z,35.25394,128.88557,63,1500,212.41,false,ok
GLV-T04,TRIP-GLV-T04-01,2026-08-01T00:04:00.000Z,35.25576,128.88658,65,1500,214.74,false,ok
GLV-T04,TRIP-GLV-T04-01,2026-08-01T00:06:00.000Z,35.25759,128.88759,66,1500,217.08,false,ok
GLV-T04,TRIP-GLV-T04-01,2026-08-01T00:08:00.000Z,35.25941,128.88860,68,1500,219.41,false,ok
GLV-T04,TRIP-GLV-T04-01,2026-08-01T00:10:00.000Z,35.26123,128.88961,69,1500,221.74,false,ok
GLV-T04,TRIP-GLV-T04-01,2026-08-01T00:12:00.000Z,35.26306,128.89062,71,1500,224.08,false,ok
GLV-T04,TRIP-GLV-T04-01,2026-08-01T00:14:00.000Z,35.26488,128.89163,72,1500,226.41,false,ok
GLV-T04,TRIP-GLV-T04-01,2026-08-01T00:16:00.000Z,35.26671,128.89264,73,1500,228.75,false,ok
GLV-T04,TRIP-GLV-T04-01,2026-08-01T00:18:00.000Z,35.26853,128.89365,75,1500,231.08,false,ok
GLV-T04,TRIP-GLV-T04-01,2026-08-01T00:20:00.000Z,35.27036,128.89466,75,1500,233.42,false,ok
GLV-T04,TRIP-GLV-T04-01,2026-08-01T00:22:00.000Z,35.27218,128.89567,76,1500,235.75,false,ok
GLV-T04,TRIP-GLV-T04-01,2026-08-01T00:24:00.000Z,35.27401,128.89668,76,1500,238.08,false,ok
GLV-T04,TRIP-GLV-T04-01,2026-08-01T00:26:00.000Z,35.27583,128.89769,76,1500,240.42,false,ok
GLV-T04,TRIP-GLV-T04-01,2026-08-01T00:28:00.000Z,35.27766,128.89870,75,1500,242.75,false,ok
GLV-T04,TRIP-GLV-T04-01,2026-08-01T00:30:00.000Z,35.27948,128.89971,75,1500,245.09,false,ok
GLV-T04,TRIP-GLV-T04-01,2026-08-01T00:32:00.000Z,35.28130,128.90072,74,1500,247.42,false,ok
GLV-T04,TRIP-GLV-T04-01,2026-08-01T00:34:00.000Z,35.28313,128.90173,72,1500,249.75,false,ok
GLV-T04,TRIP-GLV-T04-01,2026-08-01T00:36:00.000Z,35.28495,128.90273,71,1500,252.09,false,ok
GLV-T04,TRIP-GLV-T04-01,2026-08-01T00:38:00.000Z,35.28678,128.90374,70,1500,254.42,false,ok
GLV-T04,TRIP-GLV-T04-01,2026-08-01T00:40:00.000Z,35.28860,128.90475,68,1500,256.76,false,ok
GLV-T04,TRIP-GLV-T04-01,2026-08-01T00:42:00.000Z,35.29043,128.90576,66,1500,259.09,false,ok
GLV-T04,TRIP-GLV-T04-01,2026-08-01T00:44:00.000Z,35.29225,128.90677,65,1500,261.43,false,ok
GLV-T04,TRIP-GLV-T04-01,2026-08-01T00:46:00.000Z,35.29408,128.90778,63,1500,263.76,false,ok
GLV-T04,TRIP-GLV-T04-01,2026-08-01T00:48:00.000Z,35.29590,128.90879,62,1500,266.09,false,ok
GLV-T04,TRIP-GLV-T04-01,2026-08-01T00:50:00.000Z,35.29773,128.90980,61,1500,268.43,false,ok
GLV-T04,TRIP-GLV-T04-01,2026-08-01T00:52:00.000Z,35.29955,128.91081,61,1500,270.76,false,ok
GLV-T04,TRIP-GLV-T04-01,2026-08-01T00:54:00.000Z,35.30137,128.91182,60,1500,273.10,false,ok
GLV-T04,TRIP-GLV-T04-01,2026-08-01T00:56:00.000Z,35.30320,128.91283,60,1500,275.43,false,ok
GLV-T04,TRIP-GLV-T04-01,2026-08-01T00:58:00.000Z,35.30502,128.91384,60,1500,277.76,false,ok
GLV-T04,TRIP-GLV-T04-01,2026-08-01T01:00:00.000Z,35.30685,128.91485,61,1500,280.10,false,ok
GLV-T04,TRIP-GLV-T04-01,2026-08-01T01:02:00.000Z,35.30867,128.91586,62,1500,282.43,false,ok
GLV-T04,TRIP-GLV-T04-01,2026-08-01T01:04:00.000Z,35.31050,128.91687,63,1500,284.77,false,ok
GLV-T04,TRIP-GLV-T04-01,2026-08-01T01:06:00.000Z,35.31232,128.91788,64,1500,287.10,false,ok
GLV-T04,TRIP-GLV-T04-01,2026-08-01T01:08:00.000Z,35.31415,128.91889,65,1500,289.43,false,ok
GLV-T04,TRIP-GLV-T04-01,2026-08-01T01:10:00.000Z,35.31597,128.91990,67,1500,291.77,false,ok
GLV-T04,TRIP-GLV-T04-01,2026-08-01T01:12:00.000Z,35.31780,128.92091,69,1500,294.10,false,ok
GLV-T04,TRIP-GLV-T04-01,2026-08-01T01:14:00.000Z,35.31962,128.92192,70,1500,296.44,false,ok
GLV-T04,TRIP-GLV-T04-01,2026-08-01T01:16:00.000Z,35.32144,128.92293,72,1500,298.77,false,ok
GLV-T04,TRIP-GLV-T04-01,2026-08-01T01:18:00.000Z,35.32327,128.92394,73,1500,301.11,false,ok
GLV-T04,TRIP-GLV-T04-01,2026-08-01T01:20:00.000Z,35.32509,128.92495,74,1500,303.44,false,ok
GLV-T04,TRIP-GLV-T04-01,2026-08-01T01:22:00.000Z,35.32692,128.92596,75,1500,305.77,false,ok
GLV-T04,TRIP-GLV-T04-01,2026-08-01T01:24:00.000Z,35.32874,128.92696,76,1500,308.11,false,ok
GLV-T04,TRIP-GLV-T04-01,2026-08-01T01:26:00.000Z,35.33057,128.92797,76,1500,310.44,false,ok
GLV-T04,TRIP-GLV-T04-01,2026-08-01T01:28:00.000Z,35.33239,128.92898,76,1500,312.78,false,ok
GLV-T04,TRIP-GLV-T04-01,2026-08-01T01:30:00.000Z,35.33422,128.92999,76,1500,315.11,false,ok
GLV-T04,TRIP-GLV-T04-01,2026-08-01T01:32:00.000Z,35.33604,128.93100,75,1500,317.44,false,ok
GLV-T04,TRIP-GLV-T04-01,2026-08-01T01:34:00.000Z,35.33787,128.93201,74,1500,319.78,false,ok
GLV-T04,TRIP-GLV-T04-01,2026-08-01T01:36:00.000Z,35.33969,128.93302,73,1500,322.11,false,ok
GLV-T04,TRIP-GLV-T04-01,2026-08-01T01:38:00.000Z,35.34152,128.93403,72,1500,324.45,false,ok
GLV-T04,TRIP-GLV-T04-01,2026-08-01T01:40:00.000Z,35.34334,128.93504,70,1500,326.78,false,ok
GLV-T04,TRIP-GLV-T04-01,2026-08-01T01:42:00.000Z,35.34516,128.93605,69,1500,329.12,false,ok
GLV-T04,TRIP-GLV-T04-01,2026-08-01T01:44:00.000Z,35.34699,128.93706,67,1500,331.45,false,ok
GLV-T04,TRIP-GLV-T04-01,2026-08-01T01:46:00.000Z,35.34881,128.93807,65,1500,333.78,false,ok
GLV-T04,TRIP-GLV-T04-01,2026-08-01T01:48:00.000Z,35.35064,128.93908,64,1500,336.12,false,ok
GLV-T04,TRIP-GLV-T04-01,2026-08-01T01:50:00.000Z,35.35246,128.94009,63,1500,338.45,false,ok
GLV-T04,TRIP-GLV-T04-01,2026-08-01T01:52:00.000Z,35.35429,128.94110,62,1500,340.79,false,ok
GLV-T04,TRIP-GLV-T04-01,2026-08-01T01:54:00.000Z,35.35611,128.94211,61,1500,343.12,false,ok
GLV-T04,TRIP-GLV-T04-01,2026-08-01T01:56:00.000Z,35.35794,128.94312,60,1500,345.45,false,ok
GLV-T04,TRIP-GLV-T04-01,2026-08-01T01:58:00.000Z,35.35976,128.94413,60,1500,347.79,false,ok
GLV-T04,TRIP-GLV-T04-01,2026-08-01T02:00:00.000Z,35.36159,128.94514,60,1500,350.12,false,ok
GLV-T04,TRIP-GLV-T04-01,2026-08-01T02:02:00.000Z,35.36341,128.94615,60,1500,352.46,false,ok
GLV-T04,TRIP-GLV-T04-01,2026-08-01T02:04:00.000Z,35.36523,128.94716,61,1500,354.79,false,ok
GLV-T04,TRIP-GLV-T04-01,2026-08-01T02:06:00.000Z,35.36706,128.94817,62,1500,357.13,false,ok
GLV-T04,TRIP-GLV-T04-01,2026-08-01T02:08:00.000Z,35.36888,128.94918,63,1500,359.46,false,ok
GLV-T04,TRIP-GLV-T04-01,2026-08-01T02:10:00.000Z,35.37071,128.95019,65,1500,361.79,false,ok
GLV-T04,TRIP-GLV-T04-01,2026-08-01T02:12:00.000Z,35.37253,128.95119,66,1500,364.13,false,ok
GLV-T04,TRIP-GLV-T04-01,2026-08-01T02:14:00.000Z,35.37436,128.95220,68,1500,366.46,false,ok
GLV-T04,TRIP-GLV-T04-01,2026-08-01T02:16:00.000Z,35.37618,128.95321,69,1500,368.80,false,ok
GLV-T04,TRIP-GLV-T04-01,2026-08-01T02:18:00.000Z,35.37801,128.95422,71,1500,371.13,false,ok
GLV-T04,TRIP-GLV-T04-01,2026-08-01T02:20:00.000Z,35.37983,128.95523,72,1500,373.46,false,ok
GLV-T04,TRIP-GLV-T04-01,2026-08-01T02:22:00.000Z,35.38166,128.95624,74,1500,375.80,false,ok
GLV-T04,TRIP-GLV-T04-01,2026-08-01T02:24:00.000Z,35.38348,128.95725,75,1500,378.13,false,ok
GLV-T04,TRIP-GLV-T04-01,2026-08-01T02:26:00.000Z,35.38530,128.95826,75,1500,380.47,false,ok
GLV-T04,TRIP-GLV-T04-01,2026-08-01T02:28:00.000Z,35.38713,128.95927,76,1500,382.80,false,ok
GLV-T04,TRIP-GLV-T04-01,2026-08-01T02:30:00.000Z,35.38895,128.96028,76,1500,385.14,false,ok
GLV-T04,TRIP-GLV-T04-01,2026-08-01T02:32:00.000Z,35.39078,128.96129,76,1500,387.47,false,ok
GLV-T04,TRIP-GLV-T04-01,2026-08-01T02:34:00.000Z,35.39260,128.96230,75,1500,389.80,false,ok
GLV-T04,TRIP-GLV-T04-01,2026-08-01T02:36:00.000Z,35.39443,128.96331,75,1500,392.14,false,ok
GLV-T04,TRIP-GLV-T04-01,2026-08-01T02:38:00.000Z,35.39625,128.96432,73,1500,394.47,false,ok
GLV-T04,TRIP-GLV-T04-01,2026-08-01T02:40:00.000Z,35.39808,128.96533,72,1500,396.81,false,ok
GLV-T04,TRIP-GLV-T04-01,2026-08-01T02:42:00.000Z,35.39990,128.96634,71,1500,399.14,false,ok
GLV-T04,TRIP-GLV-T04-01,2026-08-01T02:44:00.000Z,35.40173,128.96735,69,1500,401.47,false,ok
GLV-T04,TRIP-GLV-T04-01,2026-08-01T02:46:00.000Z,35.40355,128.96836,68,1500,403.81,false,ok
GLV-T04,TRIP-GLV-T04-01,2026-08-01T02:48:00.000Z,35.40538,128.96937,66,1500,406.14,false,ok
GLV-T04,TRIP-GLV-T04-01,2026-08-01T02:50:00.000Z,35.40720,128.97038,65,1500,408.48,false,ok
GLV-T04,TRIP-GLV-T04-01,2026-08-01T02:52:00.000Z,35.40902,128.97139,63,1500,410.81,false,ok
GLV-T04,TRIP-GLV-T04-01,2026-08-01T02:54:00.000Z,35.41085,128.97240,62,1500,413.14,false,ok
GLV-T04,TRIP-GLV-T04-01,2026-08-01T02:56:00.000Z,35.41267,128.97341,61,1500,415.48,false,ok
GLV-T04,TRIP-GLV-T04-01,2026-08-01T02:58:00.000Z,35.41450,128.97442,60,1500,417.81,false,ok
GLV-T04,TRIP-GLV-T04-01,2026-08-01T03:00:00.000Z,35.41632,128.97542,60,1500,420.15,false,ok
GLV-T04,TRIP-GLV-T04-01,2026-08-01T03:02:00.000Z,35.41815,128.97643,60,1500,422.48,false,ok
GLV-T04,TRIP-GLV-T04-01,2026-08-01T03:04:00.000Z,35.41997,128.97744,60,1500,424.82,false,ok
GLV-T04,TRIP-GLV-T04-01,2026-08-01T03:06:00.000Z,35.42180,128.97845,61,1500,427.15,false,ok
GLV-T04,TRIP-GLV-T04-01,2026-08-01T03:08:00.000Z,35.42362,128.97946,62,1500,429.48,false,ok
GLV-T04,TRIP-GLV-T04-01,2026-08-01T03:10:00.000Z,35.42545,128.98047,63,1500,431.82,false,ok
GLV-T04,TRIP-GLV-T04-01,2026-08-01T03:12:00.000Z,35.42727,128.98148,64,1500,434.15,false,ok
GLV-T04,TRIP-GLV-T04-01,2026-08-01T03:14:00.000Z,35.42909,128.98249,66,1500,436.49,false,ok
GLV-T04,TRIP-GLV-T04-01,2026-08-01T03:16:00.000Z,35.43092,128.98350,67,1500,438.82,false,ok
GLV-T04,TRIP-GLV-T04-01,2026-08-01T03:18:00.000Z,35.43274,128.98451,69,1500,441.15,false,ok
GLV-T04,TRIP-GLV-T04-01,2026-08-01T03:20:00.000Z,35.43457,128.98552,70,1500,443.49,false,ok
GLV-T04,TRIP-GLV-T04-01,2026-08-01T03:22:00.000Z,35.43639,128.98653,72,1500,445.82,false,ok
GLV-T04,TRIP-GLV-T04-01,2026-08-01T03:24:00.000Z,35.43822,128.98754,73,1500,448.16,false,ok
GLV-T04,TRIP-GLV-T04-01,2026-08-01T03:26:00.000Z,35.44004,128.98855,74,1500,450.49,false,ok
GLV-T04,TRIP-GLV-T04-01,2026-08-01T03:28:00.000Z,35.44187,128.98956,75,1500,452.83,false,ok
GLV-T04,TRIP-GLV-T04-01,2026-08-01T03:30:00.000Z,35.44369,128.99057,76,1500,455.16,false,ok
GLV-T04,TRIP-GLV-T04-01,2026-08-01T03:32:00.000Z,35.44552,128.99158,76,1500,457.49,false,ok
GLV-T04,TRIP-GLV-T04-01,2026-08-01T03:34:00.000Z,35.44734,128.99259,76,1500,459.83,false,ok
GLV-T04,TRIP-GLV-T04-01,2026-08-01T03:36:00.000Z,35.44916,128.99360,76,1500,462.16,false,ok
GLV-T04,TRIP-GLV-T04-01,2026-08-01T03:38:00.000Z,35.45099,128.99461,75,1500,464.50,false,ok
GLV-T04,TRIP-GLV-T04-01,2026-08-01T03:40:00.000Z,35.45281,128.99562,74,1500,466.83,false,ok
GLV-T04,TRIP-GLV-T04-01,2026-08-01T03:42:00.000Z,35.45464,128.99663,73,1500,469.16,false,ok
GLV-T04,TRIP-GLV-T04-01,2026-08-01T03:44:00.000Z,35.45646,128.99764,71,1500,471.50,false,ok
GLV-T04,TRIP-GLV-T04-01,2026-08-01T03:46:00.000Z,35.45829,128.99865,70,1500,473.83,false,ok
GLV-T04,TRIP-GLV-T04-01,2026-08-01T03:48:00.000Z,35.46011,128.99965,68,1500,476.17,false,ok
GLV-T04,TRIP-GLV-T04-01,2026-08-01T03:50:00.000Z,35.46194,129.00066,67,1500,478.50,false,ok
GLV-T04,TRIP-GLV-T04-01,2026-08-01T03:52:00.000Z,35.46376,129.00167,65,1500,480.84,false,ok
GLV-T04,TRIP-GLV-T04-01,2026-08-01T03:54:00.000Z,35.46559,129.00268,64,1500,483.17,false,ok
GLV-T04,TRIP-GLV-T04-01,2026-08-01T03:56:00.000Z,35.46741,129.00369,62,1500,485.50,false,ok
GLV-T04,TRIP-GLV-T04-01,2026-08-01T03:58:00.000Z,35.46924,129.00470,61,1500,487.84,false,ok
GLV-T04,TRIP-GLV-T04-01,2026-08-01T04:00:00.000Z,35.47106,129.00571,61,1500,490.17,false,ok
GLV-T04,TRIP-GLV-T04-01,2026-08-01T04:02:00.000Z,35.47288,129.00672,60,1500,492.51,false,ok
GLV-T04,TRIP-GLV-T04-01,2026-08-01T04:04:00.000Z,35.47471,129.00773,60,1500,494.84,false,ok
GLV-T04,TRIP-GLV-T04-01,2026-08-01T04:06:00.000Z,35.47653,129.00874,60,1500,497.17,false,ok
GLV-T04,TRIP-GLV-T04-01,2026-08-01T04:08:00.000Z,35.47836,129.00975,61,1500,499.51,false,ok
GLV-T04,TRIP-GLV-T04-01,2026-08-01T04:10:00.000Z,35.48018,129.01076,61,1500,501.84,false,ok
GLV-T04,TRIP-GLV-T04-01,2026-08-01T04:12:00.000Z,35.48201,129.01177,62,1500,504.18,false,ok
GLV-T04,TRIP-GLV-T04-01,2026-08-01T04:14:00.000Z,35.48383,129.01278,64,1500,506.51,false,ok
GLV-T04,TRIP-GLV-T04-01,2026-08-01T04:16:00.000Z,35.48566,129.01379,65,1500,508.85,false,ok
GLV-T04,TRIP-GLV-T04-01,2026-08-01T04:18:00.000Z,35.48748,129.01480,67,1500,511.18,false,ok
GLV-T04,TRIP-GLV-T04-01,2026-08-01T04:20:00.000Z,35.48931,129.01581,68,1500,513.51,false,ok
GLV-T04,TRIP-GLV-T04-01,2026-08-01T04:22:00.000Z,35.49113,129.01682,70,1500,515.85,false,ok
GLV-T04,TRIP-GLV-T04-01,2026-08-01T04:24:00.000Z,35.49295,129.01783,71,1500,518.18,false,ok
GLV-T04,TRIP-GLV-T04-01,2026-08-01T04:26:00.000Z,35.49478,129.01884,73,1500,520.52,false,ok
GLV-T04,TRIP-GLV-T04-01,2026-08-01T04:28:00.000Z,35.49660,129.01985,74,1500,522.85,false,ok
GLV-T04,TRIP-GLV-T04-01,2026-08-01T04:30:00.000Z,35.49843,129.02086,75,1500,525.18,false,ok
GLV-T04,TRIP-GLV-T04-01,2026-08-01T04:32:00.000Z,35.50025,129.02187,76,1500,527.52,false,ok
GLV-T04,TRIP-GLV-T04-01,2026-08-01T04:34:00.000Z,35.50208,129.02288,76,1500,529.85,false,ok
GLV-T04,TRIP-GLV-T04-01,2026-08-01T04:36:00.000Z,35.50390,129.02388,76,1500,532.19,false,ok
GLV-T04,TRIP-GLV-T04-01,2026-08-01T04:38:00.000Z,35.50573,129.02489,76,1500,534.52,false,ok
GLV-T04,TRIP-GLV-T04-01,2026-08-01T04:40:00.000Z,35.50755,129.02590,75,1500,536.86,false,ok
GLV-T04,TRIP-GLV-T04-01,2026-08-01T04:42:00.000Z,35.50938,129.02691,74,1500,539.19,false,ok
GLV-T04,TRIP-GLV-T04-01,2026-08-01T04:44:00.000Z,35.51120,129.02792,73,1500,541.52,false,ok
GLV-T04,TRIP-GLV-T04-01,2026-08-01T04:46:00.000Z,35.51302,129.02893,72,1500,543.86,false,ok
GLV-T04,TRIP-GLV-T04-01,2026-08-01T04:48:00.000Z,35.51485,129.02994,71,1500,546.19,false,ok
GLV-T04,TRIP-GLV-T04-01,2026-08-01T04:50:00.000Z,35.51667,129.03095,69,1500,548.53,false,ok
GLV-T04,TRIP-GLV-T04-01,2026-08-01T04:52:00.000Z,35.51850,129.03196,67,1500,550.86,false,ok
GLV-T04,TRIP-GLV-T04-01,2026-08-01T04:54:00.000Z,35.52032,129.03297,66,1500,553.19,false,ok
GLV-T04,TRIP-GLV-T04-01,2026-08-01T04:56:00.000Z,35.52215,129.03398,64,1500,555.53,false,ok
GLV-T04,TRIP-GLV-T04-01,2026-08-01T04:58:00.000Z,35.52397,129.03499,63,1500,557.86,false,ok
GLV-T04,TRIP-GLV-T04-01,2026-08-01T05:00:00.000Z,35.52580,129.03600,62,1500,560.20,false,ok
GLV-T04,TRIP-GLV-T04-01,2026-08-01T05:02:00.000Z,35.52762,129.03701,61,1500,562.53,false,ok
GLV-T04,TRIP-GLV-T04-01,2026-08-01T05:04:00.000Z,35.52945,129.03802,60,1500,564.86,false,ok
GLV-T04,TRIP-GLV-T04-01,2026-08-01T05:06:00.000Z,35.53127,129.03903,60,1500,567.20,false,ok
GLV-T04,TRIP-GLV-T04-01,2026-08-01T05:08:00.000Z,35.53310,129.04004,60,1500,569.53,false,ok
GLV-T04,TRIP-GLV-T04-01,2026-08-01T05:10:00.000Z,35.53492,129.04105,60,1500,571.87,false,ok
GLV-T04,TRIP-GLV-T04-01,2026-08-01T05:12:00.000Z,35.53674,129.04206,61,1500,574.20,false,ok
GLV-T04,TRIP-GLV-T04-01,2026-08-01T05:14:00.000Z,35.53857,129.04307,62,1500,576.54,false,ok
GLV-T04,TRIP-GLV-T04-01,2026-08-01T05:16:00.000Z,35.54039,129.04408,63,1500,578.87,false,ok
GLV-T04,TRIP-GLV-T04-01,2026-08-01T05:18:00.000Z,35.54222,129.04509,64,1500,581.20,false,ok
GLV-T04,TRIP-GLV-T04-01,2026-08-01T05:20:00.000Z,35.54404,129.04610,66,1500,583.54,false,ok
GLV-T04,TRIP-GLV-T04-01,2026-08-01T05:22:00.000Z,35.54587,129.04711,67,1500,585.87,false,ok
GLV-T04,TRIP-GLV-T04-01,2026-08-01T05:24:00.000Z,35.54769,129.04811,69,1500,588.21,false,ok
GLV-T04,TRIP-GLV-T04-01,2026-08-01T05:26:00.000Z,35.54952,129.04912,71,1500,590.54,false,ok
GLV-T04,TRIP-GLV-T04-01,2026-08-01T05:28:00.000Z,35.55134,129.05013,72,1500,592.87,false,ok
GLV-T04,TRIP-GLV-T04-01,2026-08-01T05:30:00.000Z,35.55317,129.05114,73,1500,595.21,false,ok
GLV-T04,TRIP-GLV-T04-01,2026-08-01T05:32:00.000Z,35.55499,129.05215,74,1500,597.54,false,ok
GLV-T04,TRIP-GLV-T04-01,2026-08-01T05:34:00.000Z,35.55681,129.05316,75,1500,599.88,false,ok
GLV-T04,TRIP-GLV-T04-01,2026-08-01T05:36:00.000Z,35.55864,129.05417,76,1500,602.21,false,ok
GLV-T04,TRIP-GLV-T04-01,2026-08-01T05:38:00.000Z,35.56046,129.05518,76,1500,604.55,false,ok
GLV-T04,TRIP-GLV-T04-01,2026-08-01T05:40:00.000Z,35.56229,129.05619,76,1500,606.88,false,ok
GLV-T04,TRIP-GLV-T04-01,2026-08-01T05:42:00.000Z,35.56411,129.05720,75,1500,609.21,false,ok
GLV-T04,TRIP-GLV-T04-01,2026-08-01T05:44:00.000Z,35.56594,129.05821,75,1500,611.55,false,ok
GLV-T04,TRIP-GLV-T04-01,2026-08-01T05:46:00.000Z,35.56776,129.05922,74,1500,613.88,false,ok
GLV-T04,TRIP-GLV-T04-01,2026-08-01T05:48:00.000Z,35.56959,129.06023,73,1500,616.22,false,ok
GLV-T04,TRIP-GLV-T04-01,2026-08-01T05:50:00.000Z,35.57141,129.06124,71,1500,618.55,false,ok
GLV-T04,TRIP-GLV-T04-01,2026-08-01T05:52:00.000Z,35.57324,129.06225,70,1500,620.88,false,ok
GLV-T04,TRIP-GLV-T04-01,2026-08-01T05:54:00.000Z,35.57506,129.06326,68,1500,623.22,false,ok
GLV-T04,TRIP-GLV-T04-01,2026-08-01T05:56:00.000Z,35.57688,129.06427,66,1500,625.55,false,ok
GLV-T04,TRIP-GLV-T04-01,2026-08-01T05:58:00.000Z,35.57871,129.06528,65,1500,627.89,false,ok
GLV-T04,TRIP-GLV-T04-01,2026-08-01T06:00:00.000Z,35.58053,129.06629,64,1500,630.22,false,ok
GLV-T04,TRIP-GLV-T04-01,2026-08-01T06:02:00.000Z,35.58236,129.06730,62,1500,632.56,false,ok
GLV-T04,TRIP-GLV-T04-01,2026-08-01T06:04:00.000Z,35.58418,129.06831,61,1500,634.89,false,ok
GLV-T04,TRIP-GLV-T04-01,2026-08-01T06:06:00.000Z,35.58601,129.06932,61,1500,637.22,false,ok
GLV-T04,TRIP-GLV-T04-01,2026-08-01T06:08:00.000Z,35.58783,129.07033,60,1500,639.56,false,ok
GLV-T04,TRIP-GLV-T04-01,2026-08-01T06:10:00.000Z,35.58966,129.07134,60,1500,641.89,false,ok
GLV-T04,TRIP-GLV-T04-01,2026-08-01T06:12:00.000Z,35.59148,129.07234,60,1500,644.23,false,ok
GLV-T04,TRIP-GLV-T04-01,2026-08-01T06:14:00.000Z,35.59331,129.07335,61,1500,646.56,false,ok
GLV-T04,TRIP-GLV-T04-01,2026-08-01T06:16:00.000Z,35.59513,129.07436,61,1500,648.89,false,ok
GLV-T04,TRIP-GLV-T04-01,2026-08-01T06:18:00.000Z,35.59696,129.07537,63,1500,651.23,false,ok
GLV-T04,TRIP-GLV-T04-01,2026-08-01T06:20:00.000Z,35.59878,129.07638,64,1500,653.56,false,ok
GLV-T04,TRIP-GLV-T04-01,2026-08-01T06:22:00.000Z,35.60060,129.07739,65,1500,655.90,false,ok
GLV-T04,TRIP-GLV-T04-01,2026-08-01T06:24:00.000Z,35.60243,129.07840,67,1500,658.23,false,ok
GLV-T04,TRIP-GLV-T04-01,2026-08-01T06:26:00.000Z,35.60425,129.07941,68,1500,660.57,false,ok
GLV-T04,TRIP-GLV-T04-01,2026-08-01T06:28:00.000Z,35.60608,129.08042,70,1500,662.90,false,ok
GLV-T04,TRIP-GLV-T04-01,2026-08-01T06:30:00.000Z,35.60790,129.08143,71,1500,665.23,false,ok
GLV-T04,TRIP-GLV-T04-01,2026-08-01T06:32:00.000Z,35.60973,129.08244,73,1500,667.57,false,ok
GLV-T04,TRIP-GLV-T04-01,2026-08-01T06:34:00.000Z,35.61155,129.08345,74,1500,669.90,false,ok
GLV-T04,TRIP-GLV-T04-01,2026-08-01T06:36:00.000Z,35.61338,129.08446,75,1500,672.24,false,ok
GLV-T04,TRIP-GLV-T04-01,2026-08-01T06:38:00.000Z,35.61520,129.08547,76,1500,674.57,false,ok
GLV-T04,TRIP-GLV-T04-01,2026-08-01T06:40:00.000Z,35.61703,129.08648,76,1500,676.90,false,ok
GLV-T04,TRIP-GLV-T04-01,2026-08-01T06:42:00.000Z,35.61885,129.08749,76,1500,679.24,false,ok
GLV-T04,TRIP-GLV-T04-01,2026-08-01T06:44:00.000Z,35.62067,129.08850,76,1500,681.57,false,ok
GLV-T04,TRIP-GLV-T04-01,2026-08-01T06:46:00.000Z,35.62250,129.08951,75,1500,683.91,false,ok
GLV-T04,TRIP-GLV-T04-01,2026-08-01T06:48:00.000Z,35.62432,129.09052,74,1500,686.24,false,ok
GLV-T04,TRIP-GLV-T04-01,2026-08-01T06:50:00.000Z,35.62615,129.09153,73,1500,688.57,false,ok
GLV-T04,TRIP-GLV-T04-01,2026-08-01T06:52:00.000Z,35.62797,129.09254,72,1500,690.91,false,ok
GLV-T04,TRIP-GLV-T04-01,2026-08-01T06:54:00.000Z,35.62980,129.09355,70,1500,693.24,false,ok
GLV-T04,TRIP-GLV-T04-01,2026-08-01T06:56:00.000Z,35.63162,129.09456,69,1500,695.58,false,ok
GLV-T04,TRIP-GLV-T04-01,2026-08-01T06:58:00.000Z,35.63345,129.09557,67,1500,697.91,false,ok
GLV-T04,TRIP-GLV-T04-01,2026-08-01T07:00:00.000Z,35.63527,129.09657,66,1500,700.25,false,ok
GLV-T04,TRIP-GLV-T04-01,2026-08-01T07:02:00.000Z,35.63710,129.09758,64,1500,702.58,false,ok
GLV-T04,TRIP-GLV-T04-01,2026-08-01T07:04:00.000Z,35.63892,129.09859,63,1500,704.91,false,ok
GLV-T04,TRIP-GLV-T04-01,2026-08-01T07:06:00.000Z,35.64074,129.09960,62,1500,707.25,false,ok
GLV-T04,TRIP-GLV-T04-01,2026-08-01T07:08:00.000Z,35.64257,129.10061,61,1500,709.58,false,ok
GLV-T04,TRIP-GLV-T04-01,2026-08-01T07:10:00.000Z,35.64439,129.10162,60,1500,711.92,false,ok
GLV-T04,TRIP-GLV-T04-01,2026-08-01T07:12:00.000Z,35.64622,129.10263,60,1500,714.25,false,ok
GLV-T04,TRIP-GLV-T04-01,2026-08-01T07:14:00.000Z,35.64804,129.10364,60,1500,716.58,false,ok
GLV-T04,TRIP-GLV-T04-01,2026-08-01T07:16:00.000Z,35.64987,129.10465,60,1500,718.92,false,ok
GLV-T04,TRIP-GLV-T04-01,2026-08-01T07:18:00.000Z,35.65169,129.10566,61,1500,721.25,false,ok
GLV-T04,TRIP-GLV-T04-01,2026-08-01T07:20:00.000Z,35.65352,129.10667,62,1500,723.59,false,ok
GLV-T04,TRIP-GLV-T04-01,2026-08-01T07:22:00.000Z,35.65534,129.10768,63,1500,725.92,false,ok
GLV-T04,TRIP-GLV-T04-01,2026-08-01T07:24:00.000Z,35.65717,129.10869,65,1500,728.26,false,ok
GLV-T04,TRIP-GLV-T04-01,2026-08-01T07:26:00.000Z,35.65899,129.10970,66,1500,730.59,false,ok
GLV-T04,TRIP-GLV-T04-01,2026-08-01T07:28:00.000Z,35.66081,129.11071,68,1500,732.92,false,ok
GLV-T04,TRIP-GLV-T04-01,2026-08-01T07:30:00.000Z,35.66264,129.11172,69,1500,735.26,false,ok
GLV-T04,TRIP-GLV-T04-01,2026-08-01T07:32:00.000Z,35.66446,129.11273,71,1500,737.59,false,ok
GLV-T04,TRIP-GLV-T04-01,2026-08-01T07:34:00.000Z,35.66629,129.11374,72,1500,739.93,false,ok
GLV-T04,TRIP-GLV-T04-01,2026-08-01T07:36:00.000Z,35.66811,129.11475,74,1500,742.26,false,ok
GLV-T04,TRIP-GLV-T04-01,2026-08-01T07:38:00.000Z,35.66994,129.11576,75,1500,744.59,false,ok
GLV-T04,TRIP-GLV-T04-01,2026-08-01T07:40:00.000Z,35.67176,129.11677,75,1500,746.93,false,ok
GLV-T04,TRIP-GLV-T04-01,2026-08-01T07:42:00.000Z,35.67359,129.11778,76,1500,749.26,false,ok
GLV-T04,TRIP-GLV-T04-01,2026-08-01T07:44:00.000Z,35.67541,129.11879,76,1500,751.60,false,ok
GLV-T04,TRIP-GLV-T04-01,2026-08-01T07:46:00.000Z,35.67724,129.11980,76,1500,753.93,false,ok
GLV-T04,TRIP-GLV-T04-01,2026-08-01T07:48:00.000Z,35.67906,129.12080,75,1500,756.27,false,ok
GLV-T04,TRIP-GLV-T04-01,2026-08-01T07:50:00.000Z,35.68089,129.12181,75,1500,758.60,false,ok
GLV-T04,TRIP-GLV-T04-01,2026-08-01T07:52:00.000Z,35.68271,129.12282,74,1500,760.93,false,ok
GLV-T04,TRIP-GLV-T04-01,2026-08-01T07:54:00.000Z,35.68453,129.12383,72,1500,763.27,false,ok
GLV-T04,TRIP-GLV-T04-01,2026-08-01T07:56:00.000Z,35.68636,129.12484,71,1500,765.60,false,ok
GLV-T04,TRIP-GLV-T04-01,2026-08-01T07:58:00.000Z,35.68818,129.12585,69,1500,767.94,false,ok
GLV-T04,TRIP-GLV-T04-01,2026-08-01T08:00:00.000Z,35.69001,129.12686,68,1500,770.27,false,ok
GLV-T04,TRIP-GLV-T04-01,2026-08-01T08:02:00.000Z,35.69183,129.12787,66,1500,772.60,false,ok
GLV-T04,TRIP-GLV-T04-01,2026-08-01T08:04:00.000Z,35.69366,129.12888,65,1500,774.94,false,ok
GLV-T04,TRIP-GLV-T04-01,2026-08-01T08:06:00.000Z,35.69548,129.12989,63,1500,777.27,false,ok
GLV-T04,TRIP-GLV-T04-01,2026-08-01T08:08:00.000Z,35.69731,129.13090,62,1500,779.61,false,ok
GLV-T04,TRIP-GLV-T04-01,2026-08-01T08:10:00.000Z,35.69913,129.13191,61,1500,781.94,false,ok
GLV-T04,TRIP-GLV-T04-01,2026-08-01T08:12:00.000Z,35.70096,129.13292,60,1500,784.28,false,ok
GLV-T04,TRIP-GLV-T04-01,2026-08-01T08:14:00.000Z,35.70278,129.13393,60,1500,786.61,false,ok
GLV-T04,TRIP-GLV-T04-01,2026-08-01T08:16:00.000Z,35.70460,129.13494,60,1500,788.94,false,ok
GLV-T04,TRIP-GLV-T04-01,2026-08-01T08:18:00.000Z,35.70643,129.13595,60,1500,791.28,false,ok
GLV-T04,TRIP-GLV-T04-01,2026-08-01T08:20:00.000Z,35.70825,129.13696,61,1500,793.61,false,ok
GLV-T04,TRIP-GLV-T04-01,2026-08-01T08:22:00.000Z,35.71008,129.13797,62,1500,795.95,false,ok
GLV-T04,TRIP-GLV-T04-01,2026-08-01T08:24:00.000Z,35.71190,129.13898,63,1500,798.28,false,ok
GLV-T04,TRIP-GLV-T04-01,2026-08-01T08:26:00.000Z,35.71373,129.13999,64,1500,800.61,false,ok
GLV-T04,TRIP-GLV-T04-01,2026-08-01T08:28:00.000Z,35.71555,129.14100,66,1500,802.95,false,ok
GLV-T04,TRIP-GLV-T04-01,2026-08-01T08:30:00.000Z,35.71738,129.14201,67,1500,805.28,false,ok
GLV-T04,TRIP-GLV-T04-01,2026-08-01T08:32:00.000Z,35.71920,129.14302,69,1500,807.62,false,ok
GLV-T04,TRIP-GLV-T04-01,2026-08-01T08:34:00.000Z,35.72103,129.14403,70,1500,809.95,false,ok
GLV-T04,TRIP-GLV-T04-01,2026-08-01T08:36:00.000Z,35.72285,129.14503,72,1500,812.29,false,ok
GLV-T04,TRIP-GLV-T04-01,2026-08-01T08:38:00.000Z,35.72467,129.14604,73,1500,814.62,false,ok
GLV-T04,TRIP-GLV-T04-01,2026-08-01T08:40:00.000Z,35.72650,129.14705,74,1500,816.95,false,ok
GLV-T04,TRIP-GLV-T04-01,2026-08-01T08:42:00.000Z,35.72832,129.14806,75,1500,819.29,false,ok
GLV-T04,TRIP-GLV-T04-01,2026-08-01T08:44:00.000Z,35.73015,129.14907,76,1500,821.62,false,ok
GLV-T04,TRIP-GLV-T04-01,2026-08-01T08:46:00.000Z,35.73197,129.15008,76,1500,823.96,false,ok
GLV-T04,TRIP-GLV-T04-01,2026-08-01T08:48:00.000Z,35.73380,129.15109,76,1500,826.29,false,ok
GLV-T04,TRIP-GLV-T04-01,2026-08-01T08:50:00.000Z,35.73562,129.15210,76,1500,828.62,false,ok
GLV-T04,TRIP-GLV-T04-01,2026-08-01T08:52:00.000Z,35.73745,129.15311,75,1500,830.96,false,ok
GLV-T04,TRIP-GLV-T04-01,2026-08-01T08:54:00.000Z,35.73927,129.15412,74,1500,833.29,false,ok
GLV-T04,TRIP-GLV-T04-01,2026-08-01T08:56:00.000Z,35.74110,129.15513,73,1500,835.63,false,ok
GLV-T04,TRIP-GLV-T04-01,2026-08-01T08:58:00.000Z,35.74292,129.15614,72,1500,837.96,false,ok
GLV-T04,TRIP-GLV-T04-01,2026-08-01T09:00:00.000Z,35.74475,129.15715,70,1500,840.29,false,ok
GLV-T04,TRIP-GLV-T04-01,2026-08-01T09:02:00.000Z,35.74657,129.15816,68,1500,842.63,false,ok
GLV-T04,TRIP-GLV-T04-01,2026-08-01T09:04:00.000Z,35.74839,129.15917,67,1500,844.96,false,ok
GLV-T04,TRIP-GLV-T04-01,2026-08-01T09:06:00.000Z,35.75022,129.16018,65,1500,847.30,false,ok
GLV-T04,TRIP-GLV-T04-01,2026-08-01T09:08:00.000Z,35.75204,129.16119,64,1500,849.63,false,ok
GLV-T04,TRIP-GLV-T04-01,2026-08-01T09:10:00.000Z,35.75387,129.16220,63,1500,851.97,false,ok
GLV-T04,TRIP-GLV-T04-01,2026-08-01T09:12:00.000Z,35.75569,129.16321,62,1500,854.30,false,ok
GLV-T04,TRIP-GLV-T04-01,2026-08-01T09:14:00.000Z,35.75752,129.16422,61,1500,856.63,false,ok
GLV-T04,TRIP-GLV-T04-01,2026-08-01T09:16:00.000Z,35.75934,129.16523,60,1500,858.97,false,ok
GLV-T04,TRIP-GLV-T04-01,2026-08-01T09:18:00.000Z,35.76117,129.16624,60,1500,861.30,false,ok
GLV-T04,TRIP-GLV-T04-01,2026-08-01T09:20:00.000Z,35.76299,129.16725,60,1500,863.64,false,ok
GLV-T04,TRIP-GLV-T04-01,2026-08-01T09:22:00.000Z,35.76482,129.16826,61,1500,865.97,false,ok
GLV-T04,TRIP-GLV-T04-01,2026-08-01T09:24:00.000Z,35.76664,129.16926,61,1500,868.30,false,ok
GLV-T04,TRIP-GLV-T04-01,2026-08-01T09:26:00.000Z,35.76846,129.17027,62,1500,870.64,false,ok
GLV-T04,TRIP-GLV-T04-01,2026-08-01T09:28:00.000Z,35.77029,129.17128,63,1500,872.97,false,ok
GLV-T04,TRIP-GLV-T04-01,2026-08-01T09:30:00.000Z,35.77211,129.17229,65,1500,875.31,false,ok
GLV-T04,TRIP-GLV-T04-01,2026-08-01T09:32:00.000Z,35.77394,129.17330,66,1500,877.64,false,ok
GLV-T04,TRIP-GLV-T04-01,2026-08-01T09:34:00.000Z,35.77576,129.17431,68,1500,879.98,false,ok
GLV-T04,TRIP-GLV-T04-01,2026-08-01T09:36:00.000Z,35.77759,129.17532,70,1500,882.31,false,ok
GLV-T04,TRIP-GLV-T04-01,2026-08-01T09:38:00.000Z,35.77941,129.17633,71,1500,884.64,false,ok
GLV-T04,TRIP-GLV-T04-01,2026-08-01T09:40:00.000Z,35.78124,129.17734,73,1500,886.98,false,ok
GLV-T04,TRIP-GLV-T04-01,2026-08-01T09:42:00.000Z,35.78306,129.17835,74,1500,889.31,false,ok
GLV-T04,TRIP-GLV-T04-01,2026-08-01T09:44:00.000Z,35.78489,129.17936,75,1500,891.65,false,ok
GLV-T04,TRIP-GLV-T04-01,2026-08-01T09:46:00.000Z,35.78671,129.18037,75,1500,893.98,false,ok
GLV-T04,TRIP-GLV-T04-01,2026-08-01T09:48:00.000Z,35.78853,129.18138,76,1500,896.31,false,ok
GLV-T04,TRIP-GLV-T04-01,2026-08-01T09:50:00.000Z,35.79036,129.18239,76,1500,898.65,false,ok
GLV-T04,TRIP-GLV-T04-01,2026-08-01T09:52:00.000Z,35.79218,129.18340,76,1500,900.98,false,ok
GLV-T04,TRIP-GLV-T04-01,2026-08-01T09:54:00.000Z,35.79401,129.18441,75,1500,903.32,false,ok
GLV-T04,TRIP-GLV-T04-01,2026-08-01T09:56:00.000Z,35.79583,129.18542,74,1500,905.65,false,ok
GLV-T04,TRIP-GLV-T04-01,2026-08-01T09:58:00.000Z,35.79766,129.18643,73,1500,907.99,false,ok
GLV-T04,TRIP-GLV-T04-01,2026-08-01T10:00:00.000Z,35.79948,129.18744,72,1500,910.32,false,ok
GLV-T04,TRIP-GLV-T04-01,2026-08-01T10:02:00.000Z,35.80131,129.18845,71,1500,912.65,false,ok
GLV-T04,TRIP-GLV-T04-01,2026-08-01T10:04:00.000Z,35.80313,129.18946,69,1500,914.99,false,ok
GLV-T04,TRIP-GLV-T04-01,2026-08-01T10:06:00.000Z,35.80496,129.19047,68,1500,917.32,false,ok
GLV-T04,TRIP-GLV-T04-01,2026-08-01T10:08:00.000Z,35.80678,129.19148,66,1500,919.66,false,ok
GLV-T04,TRIP-GLV-T04-01,2026-08-01T10:10:00.000Z,35.80861,129.19249,64,1500,921.99,false,ok
GLV-T04,TRIP-GLV-T04-01,2026-08-01T10:12:00.000Z,35.81043,129.19349,63,1500,924.32,false,ok
GLV-T04,TRIP-GLV-T04-01,2026-08-01T10:14:00.000Z,35.81225,129.19450,62,1500,926.66,false,ok
GLV-T04,TRIP-GLV-T04-01,2026-08-01T10:16:00.000Z,35.81408,129.19551,61,1500,928.99,false,ok
GLV-T04,TRIP-GLV-T04-01,2026-08-01T10:18:00.000Z,35.81590,129.19652,60,1500,931.33,false,ok
GLV-T04,TRIP-GLV-T04-01,2026-08-01T10:20:00.000Z,35.81773,129.19753,60,1500,933.66,false,ok
GLV-T04,TRIP-GLV-T04-01,2026-08-01T10:22:00.000Z,35.81955,129.19854,60,1500,936.00,false,ok
GLV-T04,TRIP-GLV-T04-01,2026-08-01T10:24:00.000Z,35.82138,129.19955,60,1500,938.33,false,ok
GLV-T04,TRIP-GLV-T04-01,2026-08-01T10:26:00.000Z,35.82320,129.20056,61,1500,940.66,false,ok
GLV-T04,TRIP-GLV-T04-01,2026-08-01T10:28:00.000Z,35.82503,129.20157,62,1500,943.00,false,ok
GLV-T04,TRIP-GLV-T04-01,2026-08-01T10:30:00.000Z,35.82685,129.20258,63,1500,945.33,false,ok
GLV-T04,TRIP-GLV-T04-01,2026-08-01T10:32:00.000Z,35.82868,129.20359,64,1500,947.67,false,ok
GLV-T04,TRIP-GLV-T04-01,2026-08-01T10:34:00.000Z,35.83050,129.20460,66,1500,950.00,false,ok
GLV-T04,TRIP-GLV-T04-01,2026-08-01T01:00:00.000Z,35.83050,129.20460,68,1500,950.00,true,ok
GLV-T04,TRIP-GLV-T04-01,2026-08-01T01:02:00.000Z,35.82868,129.20359,70,1500,952.33,true,ok
GLV-T04,TRIP-GLV-T04-01,2026-08-01T01:04:00.000Z,35.82685,129.20258,71,1500,954.67,true,ok
GLV-T04,TRIP-GLV-T04-01,2026-08-01T01:06:00.000Z,35.82503,129.20157,73,1500,957.00,true,ok
GLV-T04,TRIP-GLV-T04-01,2026-08-01T01:08:00.000Z,35.82320,129.20056,74,1500,959.34,true,ok
GLV-T04,TRIP-GLV-T04-01,2026-08-01T01:10:00.000Z,35.82138,129.19955,75,1500,961.67,true,ok
GLV-T04,TRIP-GLV-T04-01,2026-08-01T01:12:00.000Z,35.81955,129.19854,75,1500,964.00,true,ok
GLV-T04,TRIP-GLV-T04-01,2026-08-01T01:14:00.000Z,35.81773,129.19753,76,1500,966.34,true,ok
GLV-T04,TRIP-GLV-T04-01,2026-08-01T01:16:00.000Z,35.81590,129.19652,76,1500,968.67,true,ok
GLV-T04,TRIP-GLV-T04-01,2026-08-01T01:18:00.000Z,35.81408,129.19551,76,1500,971.01,true,ok
GLV-T04,TRIP-GLV-T04-01,2026-08-01T01:20:00.000Z,35.81225,129.19450,75,1500,973.34,true,ok
GLV-T04,TRIP-GLV-T04-01,2026-08-01T01:22:00.000Z,35.81043,129.19349,74,1500,975.68,true,ok
GLV-T04,TRIP-GLV-T04-01,2026-08-01T01:24:00.000Z,35.80861,129.19249,73,1500,978.01,true,ok
GLV-T04,TRIP-GLV-T04-01,2026-08-01T01:26:00.000Z,35.80678,129.19148,72,1500,980.34,true,ok
GLV-T04,TRIP-GLV-T04-01,2026-08-01T01:28:00.000Z,35.80496,129.19047,71,1500,982.68,true,ok
GLV-T04,TRIP-GLV-T04-01,2026-08-01T01:30:00.000Z,35.80313,129.18946,69,1500,985.01,true,ok
GLV-T04,TRIP-GLV-T04-01,2026-08-01T01:32:00.000Z,35.80131,129.18845,68,1500,987.35,true,ok
GLV-T04,TRIP-GLV-T04-01,2026-08-01T01:34:00.000Z,35.79948,129.18744,66,1500,989.68,true,ok
GLV-T04,TRIP-GLV-T04-01,2026-08-01T01:36:00.000Z,35.79766,129.18643,64,1500,992.01,true,ok
GLV-T04,TRIP-GLV-T04-01,2026-08-01T01:38:00.000Z,35.79583,129.18542,63,1500,994.35,true,ok
GLV-T04,TRIP-GLV-T04-01,2026-08-01T01:40:00.000Z,35.79401,129.18441,62,1500,996.68,true,ok
GLV-T04,TRIP-GLV-T04-01,2026-08-01T01:42:00.000Z,35.79218,129.18340,61,1500,999.02,true,ok
GLV-T04,TRIP-GLV-T04-01,2026-08-01T01:44:00.000Z,35.79036,129.18239,60,1500,1001.35,true,ok
GLV-T04,TRIP-GLV-T04-01,2026-08-01T01:46:00.000Z,35.78853,129.18138,60,1500,1003.69,true,ok
GLV-T04,TRIP-GLV-T04-01,2026-08-01T01:48:00.000Z,35.78671,129.18037,60,1500,1006.02,true,ok
GLV-T04,TRIP-GLV-T04-01,2026-08-01T01:50:00.000Z,35.78489,129.17936,60,1500,1008.35,true,ok
GLV-T04,TRIP-GLV-T04-01,2026-08-01T01:52:00.000Z,35.78306,129.17835,61,1500,1010.69,true,ok
GLV-T04,TRIP-GLV-T04-01,2026-08-01T01:54:00.000Z,35.78124,129.17734,62,1500,1013.02,true,ok
GLV-T04,TRIP-GLV-T04-01,2026-08-01T01:56:00.000Z,35.77941,129.17633,63,1500,1015.36,true,ok
GLV-T04,TRIP-GLV-T04-01,2026-08-01T01:58:00.000Z,35.77759,129.17532,64,1500,1017.69,true,ok
GLV-T04,TRIP-GLV-T04-01,2026-08-01T02:00:00.000Z,35.77576,129.17431,66,1500,1020.02,true,ok
GLV-T04,TRIP-GLV-T04-01,2026-08-01T02:02:00.000Z,35.77394,129.17330,67,1500,1022.36,true,ok
GLV-T04,TRIP-GLV-T04-01,2026-08-01T02:04:00.000Z,35.77211,129.17229,69,1500,1024.69,true,ok
GLV-T04,TRIP-GLV-T04-01,2026-08-01T02:06:00.000Z,35.77029,129.17128,70,1500,1027.03,true,ok
GLV-T04,TRIP-GLV-T04-01,2026-08-01T02:08:00.000Z,35.76846,129.17027,72,1500,1029.36,true,ok
GLV-T04,TRIP-GLV-T04-01,2026-08-01T02:10:00.000Z,35.76664,129.16926,73,1500,1031.70,true,ok
GLV-T04,TRIP-GLV-T04-01,2026-08-01T02:12:00.000Z,35.76482,129.16826,74,1500,1034.03,true,ok
GLV-T04,TRIP-GLV-T04-01,2026-08-01T02:14:00.000Z,35.76299,129.16725,75,1500,1036.36,true,ok
GLV-T04,TRIP-GLV-T04-01,2026-08-01T02:16:00.000Z,35.76117,129.16624,76,1500,1038.70,true,ok
GLV-T04,TRIP-GLV-T04-01,2026-08-01T02:18:00.000Z,35.75934,129.16523,76,1500,1041.03,true,ok
GLV-T04,TRIP-GLV-T04-01,2026-08-01T02:20:00.000Z,35.75752,129.16422,76,1500,1043.37,true,ok
GLV-T04,TRIP-GLV-T04-01,2026-08-01T02:22:00.000Z,35.75569,129.16321,76,1500,1045.70,true,ok
GLV-T04,TRIP-GLV-T04-01,2026-08-01T02:24:00.000Z,35.75387,129.16220,75,1500,1048.03,true,ok
GLV-T04,TRIP-GLV-T04-01,2026-08-01T02:26:00.000Z,35.75204,129.16119,74,1500,1050.37,true,ok
GLV-T04,TRIP-GLV-T04-01,2026-08-01T02:28:00.000Z,35.75022,129.16018,73,1500,1052.70,true,ok
GLV-T04,TRIP-GLV-T04-01,2026-08-01T02:30:00.000Z,35.74839,129.15917,71,1500,1055.04,true,ok
GLV-T04,TRIP-GLV-T04-01,2026-08-01T02:32:00.000Z,35.74657,129.15816,70,1500,1057.37,true,ok
GLV-T04,TRIP-GLV-T04-01,2026-08-01T02:34:00.000Z,35.74475,129.15715,68,1500,1059.71,true,ok
GLV-T04,TRIP-GLV-T04-01,2026-08-01T02:36:00.000Z,35.74292,129.15614,67,1500,1062.04,true,ok
GLV-T04,TRIP-GLV-T04-01,2026-08-01T02:38:00.000Z,35.74110,129.15513,65,1500,1064.37,true,ok
GLV-T04,TRIP-GLV-T04-01,2026-08-01T02:40:00.000Z,35.73927,129.15412,64,1500,1066.71,true,ok
GLV-T04,TRIP-GLV-T04-01,2026-08-01T02:42:00.000Z,35.73745,129.15311,62,1500,1069.04,true,ok
GLV-T04,TRIP-GLV-T04-01,2026-08-01T02:44:00.000Z,35.73562,129.15210,61,1500,1071.38,true,ok
GLV-T04,TRIP-GLV-T04-01,2026-08-01T02:46:00.000Z,35.73380,129.15109,61,1500,1073.71,true,ok
GLV-T04,TRIP-GLV-T04-01,2026-08-01T02:48:00.000Z,35.73197,129.15008,60,1500,1076.04,true,ok
GLV-T04,TRIP-GLV-T04-01,2026-08-01T02:50:00.000Z,35.73015,129.14907,60,1500,1078.38,true,ok
GLV-T04,TRIP-GLV-T04-01,2026-08-01T02:52:00.000Z,35.72832,129.14806,60,1500,1080.71,true,ok
GLV-T04,TRIP-GLV-T04-01,2026-08-01T02:54:00.000Z,35.72650,129.14705,61,1500,1083.05,true,ok
GLV-T04,TRIP-GLV-T04-01,2026-08-01T02:56:00.000Z,35.72467,129.14604,61,1500,1085.38,true,ok
GLV-T04,TRIP-GLV-T04-01,2026-08-01T02:58:00.000Z,35.72285,129.14503,62,1500,1087.71,true,ok
GLV-T04,TRIP-GLV-T04-01,2026-08-01T03:00:00.000Z,35.72103,129.14403,64,1500,1090.05,true,ok
GLV-T04,TRIP-GLV-T04-01,2026-08-01T03:02:00.000Z,35.71920,129.14302,65,1500,1092.38,true,ok
GLV-T04,TRIP-GLV-T04-01,2026-08-01T03:04:00.000Z,35.71738,129.14201,67,1500,1094.72,true,ok
GLV-T04,TRIP-GLV-T04-01,2026-08-01T03:06:00.000Z,35.71555,129.14100,68,1500,1097.05,true,ok
GLV-T04,TRIP-GLV-T04-01,2026-08-01T03:08:00.000Z,35.71373,129.13999,70,1500,1099.39,true,ok
GLV-T04,TRIP-GLV-T04-01,2026-08-01T03:10:00.000Z,35.71190,129.13898,71,1500,1101.72,true,ok
GLV-T04,TRIP-GLV-T04-01,2026-08-01T03:12:00.000Z,35.71008,129.13797,73,1500,1104.05,true,ok
GLV-T04,TRIP-GLV-T04-01,2026-08-01T03:14:00.000Z,35.70825,129.13696,74,1500,1106.39,true,ok
GLV-T04,TRIP-GLV-T04-01,2026-08-01T03:16:00.000Z,35.70643,129.13595,75,1500,1108.72,true,ok
GLV-T04,TRIP-GLV-T04-01,2026-08-01T03:18:00.000Z,35.70460,129.13494,76,1500,1111.06,true,ok
GLV-T04,TRIP-GLV-T04-01,2026-08-01T03:20:00.000Z,35.70278,129.13393,76,1500,1113.39,true,ok
GLV-T04,TRIP-GLV-T04-01,2026-08-01T03:22:00.000Z,35.70096,129.13292,76,1500,1115.72,true,ok
GLV-T04,TRIP-GLV-T04-01,2026-08-01T03:24:00.000Z,35.69913,129.13191,76,1500,1118.06,true,ok
GLV-T04,TRIP-GLV-T04-01,2026-08-01T03:26:00.000Z,35.69731,129.13090,75,1500,1120.39,true,ok
GLV-T04,TRIP-GLV-T04-01,2026-08-01T03:28:00.000Z,35.69548,129.12989,74,1500,1122.73,true,ok
GLV-T04,TRIP-GLV-T04-01,2026-08-01T03:30:00.000Z,35.69366,129.12888,73,1500,1125.06,true,ok
GLV-T04,TRIP-GLV-T04-01,2026-08-01T03:32:00.000Z,35.69183,129.12787,72,1500,1127.40,true,ok
GLV-T04,TRIP-GLV-T04-01,2026-08-01T03:34:00.000Z,35.69001,129.12686,70,1500,1129.73,true,ok
GLV-T04,TRIP-GLV-T04-01,2026-08-01T03:36:00.000Z,35.68818,129.12585,69,1500,1132.06,true,ok
GLV-T04,TRIP-GLV-T04-01,2026-08-01T03:38:00.000Z,35.68636,129.12484,67,1500,1134.40,true,ok
GLV-T04,TRIP-GLV-T04-01,2026-08-01T03:40:00.000Z,35.68453,129.12383,66,1500,1136.73,true,ok
GLV-T04,TRIP-GLV-T04-01,2026-08-01T03:42:00.000Z,35.68271,129.12282,64,1500,1139.07,true,ok
GLV-T04,TRIP-GLV-T04-01,2026-08-01T03:44:00.000Z,35.68089,129.12181,63,1500,1141.40,true,ok
GLV-T04,TRIP-GLV-T04-01,2026-08-01T03:46:00.000Z,35.67906,129.12080,62,1500,1143.73,true,ok
GLV-T04,TRIP-GLV-T04-01,2026-08-01T03:48:00.000Z,35.67724,129.11980,61,1500,1146.07,true,ok
GLV-T04,TRIP-GLV-T04-01,2026-08-01T03:50:00.000Z,35.67541,129.11879,60,1500,1148.40,true,ok
GLV-T04,TRIP-GLV-T04-01,2026-08-01T03:52:00.000Z,35.67359,129.11778,60,1500,1150.74,true,ok
GLV-T04,TRIP-GLV-T04-01,2026-08-01T03:54:00.000Z,35.67176,129.11677,60,1500,1153.07,true,ok
GLV-T04,TRIP-GLV-T04-01,2026-08-01T03:56:00.000Z,35.66994,129.11576,60,1500,1155.41,true,ok
GLV-T04,TRIP-GLV-T04-01,2026-08-01T03:58:00.000Z,35.66811,129.11475,61,1500,1157.74,true,ok
GLV-T04,TRIP-GLV-T04-01,2026-08-01T04:00:00.000Z,35.66629,129.11374,62,1500,1160.07,true,ok
GLV-T04,TRIP-GLV-T04-01,2026-08-01T04:02:00.000Z,35.66446,129.11273,63,1500,1162.41,true,ok
GLV-T04,TRIP-GLV-T04-01,2026-08-01T04:04:00.000Z,35.66264,129.11172,65,1500,1164.74,true,ok
GLV-T04,TRIP-GLV-T04-01,2026-08-01T04:06:00.000Z,35.66081,129.11071,66,1500,1167.08,true,ok
GLV-T04,TRIP-GLV-T04-01,2026-08-01T04:08:00.000Z,35.65899,129.10970,68,1500,1169.41,true,ok
GLV-T04,TRIP-GLV-T04-01,2026-08-01T04:10:00.000Z,35.65717,129.10869,69,1500,1171.74,true,ok
GLV-T04,TRIP-GLV-T04-01,2026-08-01T04:12:00.000Z,35.65534,129.10768,71,1500,1174.08,true,ok
GLV-T04,TRIP-GLV-T04-01,2026-08-01T04:14:00.000Z,35.65352,129.10667,72,1500,1176.41,true,ok
GLV-T04,TRIP-GLV-T04-01,2026-08-01T04:16:00.000Z,35.65169,129.10566,73,1500,1178.75,true,ok
GLV-T04,TRIP-GLV-T04-01,2026-08-01T04:18:00.000Z,35.64987,129.10465,75,1500,1181.08,true,ok
GLV-T04,TRIP-GLV-T04-01,2026-08-01T04:20:00.000Z,35.64804,129.10364,75,1500,1183.42,true,ok
GLV-T04,TRIP-GLV-T04-01,2026-08-01T04:22:00.000Z,35.64622,129.10263,76,1500,1185.75,true,ok
GLV-T04,TRIP-GLV-T04-01,2026-08-01T04:24:00.000Z,35.64439,129.10162,76,1500,1188.08,true,ok
GLV-T04,TRIP-GLV-T04-01,2026-08-01T04:26:00.000Z,35.64257,129.10061,76,1500,1190.42,true,ok
GLV-T04,TRIP-GLV-T04-01,2026-08-01T04:28:00.000Z,35.64074,129.09960,75,1500,1192.75,true,ok
GLV-T04,TRIP-GLV-T04-01,2026-08-01T04:30:00.000Z,35.63892,129.09859,75,1500,1195.09,true,ok
GLV-T04,TRIP-GLV-T04-01,2026-08-01T04:32:00.000Z,35.63710,129.09758,74,1500,1197.42,true,ok
GLV-T04,TRIP-GLV-T04-01,2026-08-01T04:34:00.000Z,35.63527,129.09657,72,1500,1199.75,true,ok
GLV-T04,TRIP-GLV-T04-01,2026-08-01T04:36:00.000Z,35.63345,129.09557,71,1500,1202.09,true,ok
GLV-T04,TRIP-GLV-T04-01,2026-08-01T04:38:00.000Z,35.63162,129.09456,70,1500,1204.42,true,ok
GLV-T04,TRIP-GLV-T04-01,2026-08-01T04:40:00.000Z,35.62980,129.09355,68,1500,1206.76,true,ok
GLV-T04,TRIP-GLV-T04-01,2026-08-01T04:42:00.000Z,35.62797,129.09254,66,1500,1209.09,true,ok
GLV-T04,TRIP-GLV-T04-01,2026-08-01T04:44:00.000Z,35.62615,129.09153,65,1500,1211.43,true,ok
GLV-T04,TRIP-GLV-T04-01,2026-08-01T04:46:00.000Z,35.62432,129.09052,63,1500,1213.76,true,ok
GLV-T04,TRIP-GLV-T04-01,2026-08-01T04:48:00.000Z,35.62250,129.08951,62,1500,1216.09,true,ok
GLV-T04,TRIP-GLV-T04-01,2026-08-01T04:50:00.000Z,35.62067,129.08850,61,1500,1218.43,true,ok
GLV-T04,TRIP-GLV-T04-01,2026-08-01T04:52:00.000Z,35.61885,129.08749,61,1500,1220.76,true,ok
GLV-T04,TRIP-GLV-T04-01,2026-08-01T04:54:00.000Z,35.61703,129.08648,60,1500,1223.10,true,ok
GLV-T04,TRIP-GLV-T04-01,2026-08-01T04:56:00.000Z,35.61520,129.08547,60,1500,1225.43,true,ok
GLV-T04,TRIP-GLV-T04-01,2026-08-01T04:58:00.000Z,35.61338,129.08446,60,1500,1227.76,true,ok
GLV-T04,TRIP-GLV-T04-01,2026-08-01T05:00:00.000Z,35.61155,129.08345,61,1500,1230.10,true,ok
GLV-T04,TRIP-GLV-T04-01,2026-08-01T05:02:00.000Z,35.60973,129.08244,62,1500,1232.43,true,ok
GLV-T04,TRIP-GLV-T04-01,2026-08-01T05:04:00.000Z,35.60790,129.08143,63,1500,1234.77,true,ok
GLV-T04,TRIP-GLV-T04-01,2026-08-01T05:06:00.000Z,35.60608,129.08042,64,1500,1237.10,true,ok
GLV-T04,TRIP-GLV-T04-01,2026-08-01T05:08:00.000Z,35.60425,129.07941,65,1500,1239.43,true,ok
GLV-T04,TRIP-GLV-T04-01,2026-08-01T05:10:00.000Z,35.60243,129.07840,67,1500,1241.77,true,ok
GLV-T04,TRIP-GLV-T04-01,2026-08-01T05:12:00.000Z,35.60060,129.07739,69,1500,1244.10,true,ok
GLV-T04,TRIP-GLV-T04-01,2026-08-01T05:14:00.000Z,35.59878,129.07638,70,1500,1246.44,true,ok
GLV-T04,TRIP-GLV-T04-01,2026-08-01T05:16:00.000Z,35.59696,129.07537,72,1500,1248.77,true,ok
GLV-T04,TRIP-GLV-T04-01,2026-08-01T05:18:00.000Z,35.59513,129.07436,73,1500,1251.11,true,ok
GLV-T04,TRIP-GLV-T04-01,2026-08-01T05:20:00.000Z,35.59331,129.07335,74,1500,1253.44,true,ok
GLV-T04,TRIP-GLV-T04-01,2026-08-01T05:22:00.000Z,35.59148,129.07234,75,1500,1255.77,true,ok
GLV-T04,TRIP-GLV-T04-01,2026-08-01T05:24:00.000Z,35.58966,129.07134,76,1500,1258.11,true,ok
GLV-T04,TRIP-GLV-T04-01,2026-08-01T05:26:00.000Z,35.58783,129.07033,76,1500,1260.44,true,ok
GLV-T04,TRIP-GLV-T04-01,2026-08-01T05:28:00.000Z,35.58601,129.06932,76,1500,1262.78,true,ok
GLV-T04,TRIP-GLV-T04-01,2026-08-01T05:30:00.000Z,35.58418,129.06831,76,1500,1265.11,true,ok
GLV-T04,TRIP-GLV-T04-01,2026-08-01T05:32:00.000Z,35.58236,129.06730,75,1500,1267.44,true,ok
GLV-T04,TRIP-GLV-T04-01,2026-08-01T05:34:00.000Z,35.58053,129.06629,74,1500,1269.78,true,ok
GLV-T04,TRIP-GLV-T04-01,2026-08-01T05:36:00.000Z,35.57871,129.06528,73,1500,1272.11,true,ok
GLV-T04,TRIP-GLV-T04-01,2026-08-01T05:38:00.000Z,35.57688,129.06427,72,1500,1274.45,true,ok
GLV-T04,TRIP-GLV-T04-01,2026-08-01T05:40:00.000Z,35.57506,129.06326,70,1500,1276.78,true,ok
GLV-T04,TRIP-GLV-T04-01,2026-08-01T05:42:00.000Z,35.57324,129.06225,69,1500,1279.12,true,ok
GLV-T04,TRIP-GLV-T04-01,2026-08-01T05:44:00.000Z,35.57141,129.06124,67,1500,1281.45,true,ok
GLV-T04,TRIP-GLV-T04-01,2026-08-01T05:46:00.000Z,35.56959,129.06023,65,1500,1283.78,true,ok
GLV-T04,TRIP-GLV-T04-01,2026-08-01T05:48:00.000Z,35.56776,129.05922,64,1500,1286.12,true,ok
GLV-T04,TRIP-GLV-T04-01,2026-08-01T05:50:00.000Z,35.56594,129.05821,63,1500,1288.45,true,ok
GLV-T04,TRIP-GLV-T04-01,2026-08-01T05:52:00.000Z,35.56411,129.05720,62,1500,1290.79,true,ok
GLV-T04,TRIP-GLV-T04-01,2026-08-01T05:54:00.000Z,35.56229,129.05619,61,1500,1293.12,true,ok
GLV-T04,TRIP-GLV-T04-01,2026-08-01T05:56:00.000Z,35.56046,129.05518,60,1500,1295.45,true,ok
GLV-T04,TRIP-GLV-T04-01,2026-08-01T05:58:00.000Z,35.55864,129.05417,60,1500,1297.79,true,ok
GLV-T04,TRIP-GLV-T04-01,2026-08-01T06:00:00.000Z,35.55681,129.05316,60,1500,1300.12,true,ok
GLV-T04,TRIP-GLV-T04-01,2026-08-01T06:02:00.000Z,35.55499,129.05215,60,1500,1302.46,true,ok
GLV-T04,TRIP-GLV-T04-01,2026-08-01T06:04:00.000Z,35.55317,129.05114,61,1500,1304.79,true,ok
GLV-T04,TRIP-GLV-T04-01,2026-08-01T06:06:00.000Z,35.55134,129.05013,62,1500,1307.13,true,ok
GLV-T04,TRIP-GLV-T04-01,2026-08-01T06:08:00.000Z,35.54952,129.04912,63,1500,1309.46,true,ok
GLV-T04,TRIP-GLV-T04-01,2026-08-01T06:10:00.000Z,35.54769,129.04811,65,1500,1311.79,true,ok
GLV-T04,TRIP-GLV-T04-01,2026-08-01T06:12:00.000Z,35.54587,129.04711,66,1500,1314.13,true,ok
GLV-T04,TRIP-GLV-T04-01,2026-08-01T06:14:00.000Z,35.54404,129.04610,68,1500,1316.46,true,ok
GLV-T04,TRIP-GLV-T04-01,2026-08-01T06:16:00.000Z,35.54222,129.04509,69,1500,1318.80,true,ok
GLV-T04,TRIP-GLV-T04-01,2026-08-01T06:18:00.000Z,35.54039,129.04408,71,1500,1321.13,true,ok
GLV-T04,TRIP-GLV-T04-01,2026-08-01T06:20:00.000Z,35.53857,129.04307,72,1500,1323.46,true,ok
GLV-T04,TRIP-GLV-T04-01,2026-08-01T06:22:00.000Z,35.53674,129.04206,74,1500,1325.80,true,ok
GLV-T04,TRIP-GLV-T04-01,2026-08-01T06:24:00.000Z,35.53492,129.04105,75,1500,1328.13,true,ok
GLV-T04,TRIP-GLV-T04-01,2026-08-01T06:26:00.000Z,35.53310,129.04004,75,1500,1330.47,true,ok
GLV-T04,TRIP-GLV-T04-01,2026-08-01T06:28:00.000Z,35.53127,129.03903,76,1500,1332.80,true,ok
GLV-T04,TRIP-GLV-T04-01,2026-08-01T06:30:00.000Z,35.52945,129.03802,76,1500,1335.14,true,ok
GLV-T04,TRIP-GLV-T04-01,2026-08-01T06:32:00.000Z,35.52762,129.03701,76,1500,1337.47,true,ok
GLV-T04,TRIP-GLV-T04-01,2026-08-01T06:34:00.000Z,35.52580,129.03600,75,1500,1339.80,true,ok
GLV-T04,TRIP-GLV-T04-01,2026-08-01T06:36:00.000Z,35.52397,129.03499,75,1500,1342.14,true,ok
GLV-T04,TRIP-GLV-T04-01,2026-08-01T06:38:00.000Z,35.52215,129.03398,73,1500,1344.47,true,ok
GLV-T04,TRIP-GLV-T04-01,2026-08-01T06:40:00.000Z,35.52032,129.03297,72,1500,1346.81,true,ok
GLV-T04,TRIP-GLV-T04-01,2026-08-01T06:42:00.000Z,35.51850,129.03196,71,1500,1349.14,true,ok
GLV-T04,TRIP-GLV-T04-01,2026-08-01T06:44:00.000Z,35.51667,129.03095,69,1500,1351.47,true,ok
GLV-T04,TRIP-GLV-T04-01,2026-08-01T06:46:00.000Z,35.51485,129.02994,68,1500,1353.81,true,ok
GLV-T04,TRIP-GLV-T04-01,2026-08-01T06:48:00.000Z,35.51302,129.02893,66,1500,1356.14,true,ok
GLV-T04,TRIP-GLV-T04-01,2026-08-01T06:50:00.000Z,35.51120,129.02792,65,1500,1358.48,true,ok
GLV-T04,TRIP-GLV-T04-01,2026-08-01T06:52:00.000Z,35.50938,129.02691,63,1500,1360.81,true,ok
GLV-T04,TRIP-GLV-T04-01,2026-08-01T06:54:00.000Z,35.50755,129.02590,62,1500,1363.14,true,ok
GLV-T04,TRIP-GLV-T04-01,2026-08-01T06:56:00.000Z,35.50573,129.02489,61,1500,1365.48,true,ok
GLV-T04,TRIP-GLV-T04-01,2026-08-01T06:58:00.000Z,35.50390,129.02388,60,1500,1367.81,true,ok
GLV-T04,TRIP-GLV-T04-01,2026-08-01T07:00:00.000Z,35.50208,129.02288,60,1500,1370.15,true,ok
GLV-T04,TRIP-GLV-T04-01,2026-08-01T07:02:00.000Z,35.50025,129.02187,60,1500,1372.48,true,ok
GLV-T04,TRIP-GLV-T04-01,2026-08-01T07:04:00.000Z,35.49843,129.02086,60,1500,1374.82,true,ok
GLV-T04,TRIP-GLV-T04-01,2026-08-01T07:06:00.000Z,35.49660,129.01985,61,1500,1377.15,true,ok
GLV-T04,TRIP-GLV-T04-01,2026-08-01T07:08:00.000Z,35.49478,129.01884,62,1500,1379.48,true,ok
GLV-T04,TRIP-GLV-T04-01,2026-08-01T07:10:00.000Z,35.49295,129.01783,63,1500,1381.82,true,ok
GLV-T04,TRIP-GLV-T04-01,2026-08-01T07:12:00.000Z,35.49113,129.01682,64,1500,1384.15,true,ok
GLV-T04,TRIP-GLV-T04-01,2026-08-01T07:14:00.000Z,35.48931,129.01581,66,1500,1386.49,true,ok
GLV-T04,TRIP-GLV-T04-01,2026-08-01T07:16:00.000Z,35.48748,129.01480,67,1500,1388.82,true,ok
GLV-T04,TRIP-GLV-T04-01,2026-08-01T07:18:00.000Z,35.48566,129.01379,69,1500,1391.15,true,ok
GLV-T04,TRIP-GLV-T04-01,2026-08-01T07:20:00.000Z,35.48383,129.01278,70,1500,1393.49,true,ok
GLV-T04,TRIP-GLV-T04-01,2026-08-01T07:22:00.000Z,35.48201,129.01177,72,1500,1395.82,true,ok
GLV-T04,TRIP-GLV-T04-01,2026-08-01T07:24:00.000Z,35.48018,129.01076,73,1500,1398.16,true,ok
GLV-T04,TRIP-GLV-T04-01,2026-08-01T07:26:00.000Z,35.47836,129.00975,74,1500,1400.49,true,ok
GLV-T04,TRIP-GLV-T04-01,2026-08-01T07:28:00.000Z,35.47653,129.00874,75,1500,1402.83,true,ok
GLV-T04,TRIP-GLV-T04-01,2026-08-01T07:30:00.000Z,35.47471,129.00773,76,1500,1405.16,true,ok
GLV-T04,TRIP-GLV-T04-01,2026-08-01T07:32:00.000Z,35.47288,129.00672,76,1500,1407.49,true,ok
GLV-T04,TRIP-GLV-T04-01,2026-08-01T07:34:00.000Z,35.47106,129.00571,76,1500,1409.83,true,ok
GLV-T04,TRIP-GLV-T04-01,2026-08-01T07:36:00.000Z,35.46924,129.00470,76,1500,1412.16,true,ok
GLV-T04,TRIP-GLV-T04-01,2026-08-01T07:38:00.000Z,35.46741,129.00369,75,1500,1414.50,true,ok
GLV-T04,TRIP-GLV-T04-01,2026-08-01T07:40:00.000Z,35.46559,129.00268,74,1500,1416.83,true,ok
GLV-T04,TRIP-GLV-T04-01,2026-08-01T07:42:00.000Z,35.46376,129.00167,73,1500,1419.16,true,ok
GLV-T04,TRIP-GLV-T04-01,2026-08-01T07:44:00.000Z,35.46194,129.00066,71,1500,1421.50,true,ok
GLV-T04,TRIP-GLV-T04-01,2026-08-01T07:46:00.000Z,35.46011,128.99965,70,1500,1423.83,true,ok
GLV-T04,TRIP-GLV-T04-01,2026-08-01T07:48:00.000Z,35.45829,128.99865,68,1500,1426.17,true,ok
GLV-T04,TRIP-GLV-T04-01,2026-08-01T07:50:00.000Z,35.45646,128.99764,67,1500,1428.50,true,ok
GLV-T04,TRIP-GLV-T04-01,2026-08-01T07:52:00.000Z,35.45464,128.99663,65,1500,1430.84,true,ok
GLV-T04,TRIP-GLV-T04-01,2026-08-01T07:54:00.000Z,35.45281,128.99562,64,1500,1433.17,true,ok
GLV-T04,TRIP-GLV-T04-01,2026-08-01T07:56:00.000Z,35.45099,128.99461,62,1500,1435.50,true,ok
GLV-T04,TRIP-GLV-T04-01,2026-08-01T07:58:00.000Z,35.44916,128.99360,61,1500,1437.84,true,ok
GLV-T04,TRIP-GLV-T04-01,2026-08-01T08:00:00.000Z,35.44734,128.99259,61,1500,1440.17,true,ok
GLV-T04,TRIP-GLV-T04-01,2026-08-01T08:02:00.000Z,35.44552,128.99158,60,1500,1442.51,true,ok
GLV-T04,TRIP-GLV-T04-01,2026-08-01T08:04:00.000Z,35.44369,128.99057,60,1500,1444.84,true,ok
GLV-T04,TRIP-GLV-T04-01,2026-08-01T08:06:00.000Z,35.44187,128.98956,60,1500,1447.17,true,ok
GLV-T04,TRIP-GLV-T04-01,2026-08-01T08:08:00.000Z,35.44004,128.98855,61,1500,1449.51,true,ok
GLV-T04,TRIP-GLV-T04-01,2026-08-01T08:10:00.000Z,35.43822,128.98754,61,1500,1451.84,true,ok
GLV-T04,TRIP-GLV-T04-01,2026-08-01T08:12:00.000Z,35.43639,128.98653,62,1500,1454.18,true,ok
GLV-T04,TRIP-GLV-T04-01,2026-08-01T08:14:00.000Z,35.43457,128.98552,64,1500,1456.51,true,ok
GLV-T04,TRIP-GLV-T04-01,2026-08-01T08:16:00.000Z,35.43274,128.98451,65,1500,1458.85,true,ok
GLV-T04,TRIP-GLV-T04-01,2026-08-01T08:18:00.000Z,35.43092,128.98350,67,1500,1461.18,true,ok
GLV-T04,TRIP-GLV-T04-01,2026-08-01T08:20:00.000Z,35.42909,128.98249,68,1500,1463.51,true,ok
GLV-T04,TRIP-GLV-T04-01,2026-08-01T08:22:00.000Z,35.42727,128.98148,70,1500,1465.85,true,ok
GLV-T04,TRIP-GLV-T04-01,2026-08-01T08:24:00.000Z,35.42545,128.98047,71,1500,1468.18,true,ok
GLV-T04,TRIP-GLV-T04-01,2026-08-01T08:26:00.000Z,35.42362,128.97946,73,1500,1470.52,true,ok
GLV-T04,TRIP-GLV-T04-01,2026-08-01T08:28:00.000Z,35.42180,128.97845,74,1500,1472.85,true,ok
GLV-T04,TRIP-GLV-T04-01,2026-08-01T08:30:00.000Z,35.41997,128.97744,75,1500,1475.18,true,ok
GLV-T04,TRIP-GLV-T04-01,2026-08-01T08:32:00.000Z,35.41815,128.97643,76,1500,1477.52,true,ok
GLV-T04,TRIP-GLV-T04-01,2026-08-01T08:34:00.000Z,35.41632,128.97542,76,1500,1479.85,true,ok
GLV-T04,TRIP-GLV-T04-01,2026-08-01T08:36:00.000Z,35.41450,128.97442,76,1500,1482.19,true,ok
GLV-T04,TRIP-GLV-T04-01,2026-08-01T08:38:00.000Z,35.41267,128.97341,76,1500,1484.52,true,ok
GLV-T04,TRIP-GLV-T04-01,2026-08-01T08:40:00.000Z,35.41085,128.97240,75,1500,1486.86,true,ok
GLV-T04,TRIP-GLV-T04-01,2026-08-01T08:42:00.000Z,35.40902,128.97139,74,1500,1489.19,true,ok
GLV-T04,TRIP-GLV-T04-01,2026-08-01T08:44:00.000Z,35.40720,128.97038,73,1500,1491.52,true,ok
GLV-T04,TRIP-GLV-T04-01,2026-08-01T08:46:00.000Z,35.40538,128.96937,72,1500,1493.86,true,ok
GLV-T04,TRIP-GLV-T04-01,2026-08-01T08:48:00.000Z,35.40355,128.96836,71,1500,1496.19,true,ok
GLV-T04,TRIP-GLV-T04-01,2026-08-01T08:50:00.000Z,35.40173,128.96735,69,1500,1498.53,true,ok
GLV-T04,TRIP-GLV-T04-01,2026-08-01T08:52:00.000Z,35.39990,128.96634,67,1500,1500.86,true,ok
GLV-T04,TRIP-GLV-T04-01,2026-08-01T08:54:00.000Z,35.39808,128.96533,66,1500,1503.19,true,ok
GLV-T04,TRIP-GLV-T04-01,2026-08-01T08:56:00.000Z,35.39625,128.96432,64,1500,1505.53,true,ok
GLV-T04,TRIP-GLV-T04-01,2026-08-01T08:58:00.000Z,35.39443,128.96331,63,1500,1507.86,true,ok
GLV-T04,TRIP-GLV-T04-01,2026-08-01T09:00:00.000Z,35.39260,128.96230,62,1500,1510.20,true,ok
GLV-T04,TRIP-GLV-T04-01,2026-08-01T09:02:00.000Z,35.39078,128.96129,61,1500,1512.53,true,ok
GLV-T04,TRIP-GLV-T04-01,2026-08-01T09:04:00.000Z,35.38895,128.96028,60,1500,1514.86,true,ok
GLV-T04,TRIP-GLV-T04-01,2026-08-01T09:06:00.000Z,35.38713,128.95927,60,1500,1517.20,true,ok
GLV-T04,TRIP-GLV-T04-01,2026-08-01T09:08:00.000Z,35.38530,128.95826,60,1500,1519.53,true,ok
GLV-T04,TRIP-GLV-T04-01,2026-08-01T09:10:00.000Z,35.38348,128.95725,60,1500,1521.87,true,ok
GLV-T04,TRIP-GLV-T04-01,2026-08-01T09:12:00.000Z,35.38166,128.95624,61,1500,1524.20,true,ok
GLV-T04,TRIP-GLV-T04-01,2026-08-01T09:14:00.000Z,35.37983,128.95523,62,1500,1526.54,true,ok
GLV-T04,TRIP-GLV-T04-01,2026-08-01T09:16:00.000Z,35.37801,128.95422,63,1500,1528.87,true,ok
GLV-T04,TRIP-GLV-T04-01,2026-08-01T09:18:00.000Z,35.37618,128.95321,64,1500,1531.20,true,ok
GLV-T04,TRIP-GLV-T04-01,2026-08-01T09:20:00.000Z,35.37436,128.95220,66,1500,1533.54,true,ok
GLV-T04,TRIP-GLV-T04-01,2026-08-01T09:22:00.000Z,35.37253,128.95119,67,1500,1535.87,true,ok
GLV-T04,TRIP-GLV-T04-01,2026-08-01T09:24:00.000Z,35.37071,128.95019,69,1500,1538.21,true,ok
GLV-T04,TRIP-GLV-T04-01,2026-08-01T09:26:00.000Z,35.36888,128.94918,71,1500,1540.54,true,ok
GLV-T04,TRIP-GLV-T04-01,2026-08-01T09:28:00.000Z,35.36706,128.94817,72,1500,1542.87,true,ok
GLV-T04,TRIP-GLV-T04-01,2026-08-01T09:30:00.000Z,35.36523,128.94716,73,1500,1545.21,true,ok
GLV-T04,TRIP-GLV-T04-01,2026-08-01T09:32:00.000Z,35.36341,128.94615,74,1500,1547.54,true,ok
GLV-T04,TRIP-GLV-T04-01,2026-08-01T09:34:00.000Z,35.36159,128.94514,75,1500,1549.88,true,ok
GLV-T04,TRIP-GLV-T04-01,2026-08-01T09:36:00.000Z,35.35976,128.94413,76,1500,1552.21,true,ok
GLV-T04,TRIP-GLV-T04-01,2026-08-01T09:38:00.000Z,35.35794,128.94312,76,1500,1554.55,true,ok
GLV-T04,TRIP-GLV-T04-01,2026-08-01T09:40:00.000Z,35.35611,128.94211,76,1500,1556.88,true,ok
GLV-T04,TRIP-GLV-T04-01,2026-08-01T09:42:00.000Z,35.35429,128.94110,75,1500,1559.21,true,ok
GLV-T04,TRIP-GLV-T04-01,2026-08-01T09:44:00.000Z,35.35246,128.94009,75,1500,1561.55,true,ok
GLV-T04,TRIP-GLV-T04-01,2026-08-01T09:46:00.000Z,35.35064,128.93908,74,1500,1563.88,true,ok
GLV-T04,TRIP-GLV-T04-01,2026-08-01T09:48:00.000Z,35.34881,128.93807,73,1500,1566.22,true,ok
GLV-T04,TRIP-GLV-T04-01,2026-08-01T09:50:00.000Z,35.34699,128.93706,71,1500,1568.55,true,ok
GLV-T04,TRIP-GLV-T04-01,2026-08-01T09:52:00.000Z,35.34516,128.93605,70,1500,1570.88,true,ok
GLV-T04,TRIP-GLV-T04-01,2026-08-01T09:54:00.000Z,35.34334,128.93504,68,1500,1573.22,true,ok
GLV-T04,TRIP-GLV-T04-01,2026-08-01T09:56:00.000Z,35.34152,128.93403,66,1500,1575.55,true,ok
GLV-T04,TRIP-GLV-T04-01,2026-08-01T09:58:00.000Z,35.33969,128.93302,65,1500,1577.89,true,ok
GLV-T04,TRIP-GLV-T04-01,2026-08-01T10:00:00.000Z,35.33787,128.93201,64,1500,1580.22,true,ok
GLV-T04,TRIP-GLV-T04-01,2026-08-01T10:02:00.000Z,35.33604,128.93100,62,1500,1582.56,true,ok
GLV-T04,TRIP-GLV-T04-01,2026-08-01T10:04:00.000Z,35.33422,128.92999,61,1500,1584.89,true,ok
GLV-T04,TRIP-GLV-T04-01,2026-08-01T10:06:00.000Z,35.33239,128.92898,61,1500,1587.22,true,ok
GLV-T04,TRIP-GLV-T04-01,2026-08-01T10:08:00.000Z,35.33057,128.92797,60,1500,1589.56,true,ok
GLV-T04,TRIP-GLV-T04-01,2026-08-01T10:10:00.000Z,35.32874,128.92696,60,1500,1591.89,true,ok
GLV-T04,TRIP-GLV-T04-01,2026-08-01T10:12:00.000Z,35.32692,128.92596,60,1500,1594.23,true,ok
GLV-T04,TRIP-GLV-T04-01,2026-08-01T10:14:00.000Z,35.32509,128.92495,61,1500,1596.56,true,ok
GLV-T04,TRIP-GLV-T04-01,2026-08-01T10:16:00.000Z,35.32327,128.92394,61,1500,1598.89,true,ok
GLV-T04,TRIP-GLV-T04-01,2026-08-01T10:18:00.000Z,35.32144,128.92293,63,1500,1601.23,true,ok
GLV-T04,TRIP-GLV-T04-01,2026-08-01T10:20:00.000Z,35.31962,128.92192,64,1500,1603.56,true,ok
GLV-T04,TRIP-GLV-T04-01,2026-08-01T10:22:00.000Z,35.31780,128.92091,65,1500,1605.90,true,ok
GLV-T04,TRIP-GLV-T04-01,2026-08-01T10:24:00.000Z,35.31597,128.91990,67,1500,1608.23,true,ok
GLV-T04,TRIP-GLV-T04-01,2026-08-01T10:26:00.000Z,35.31415,128.91889,68,1500,1610.57,true,ok
GLV-T04,TRIP-GLV-T04-01,2026-08-01T10:28:00.000Z,35.31232,128.91788,70,1500,1612.90,true,ok
GLV-T04,TRIP-GLV-T04-01,2026-08-01T10:30:00.000Z,35.31050,128.91687,71,1500,1615.23,true,ok
GLV-T04,TRIP-GLV-T04-01,2026-08-01T10:32:00.000Z,35.30867,128.91586,73,1500,1617.57,true,ok
GLV-T04,TRIP-GLV-T04-01,2026-08-01T10:34:00.000Z,35.30685,128.91485,74,1500,1619.90,true,ok
GLV-T04,TRIP-GLV-T04-01,2026-08-01T10:36:00.000Z,35.30502,128.91384,75,1500,1622.24,true,ok
GLV-T04,TRIP-GLV-T04-01,2026-08-01T10:38:00.000Z,35.30320,128.91283,76,1500,1624.57,true,ok
GLV-T04,TRIP-GLV-T04-01,2026-08-01T10:40:00.000Z,35.30137,128.91182,76,1500,1626.90,true,ok
GLV-T04,TRIP-GLV-T04-01,2026-08-01T10:42:00.000Z,35.29955,128.91081,76,1500,1629.24,true,ok
GLV-T04,TRIP-GLV-T04-01,2026-08-01T10:44:00.000Z,35.29773,128.90980,76,1500,1631.57,true,ok
GLV-T04,TRIP-GLV-T04-01,2026-08-01T10:46:00.000Z,35.29590,128.90879,75,1500,1633.91,true,ok
GLV-T04,TRIP-GLV-T04-01,2026-08-01T10:48:00.000Z,35.29408,128.90778,74,1500,1636.24,true,ok
GLV-T04,TRIP-GLV-T04-01,2026-08-01T10:50:00.000Z,35.29225,128.90677,73,1500,1638.57,true,ok
GLV-T04,TRIP-GLV-T04-01,2026-08-01T10:52:00.000Z,35.29043,128.90576,72,1500,1640.91,true,ok
GLV-T04,TRIP-GLV-T04-01,2026-08-01T10:54:00.000Z,35.28860,128.90475,70,1500,1643.24,true,ok
GLV-T04,TRIP-GLV-T04-01,2026-08-01T10:56:00.000Z,35.28678,128.90374,69,1500,1645.58,true,ok
GLV-T04,TRIP-GLV-T04-01,2026-08-01T10:58:00.000Z,35.28495,128.90273,67,1500,1647.91,true,ok
GLV-T04,TRIP-GLV-T04-01,2026-08-01T11:00:00.000Z,35.28313,128.90173,66,1500,1650.25,true,ok
GLV-T04,TRIP-GLV-T04-01,2026-08-01T11:02:00.000Z,35.28130,128.90072,64,1500,1652.58,true,ok
GLV-T04,TRIP-GLV-T04-01,2026-08-01T11:04:00.000Z,35.27948,128.89971,63,1500,1654.91,true,ok
GLV-T04,TRIP-GLV-T04-01,2026-08-01T11:06:00.000Z,35.27766,128.89870,62,1500,1657.25,true,ok
GLV-T04,TRIP-GLV-T04-01,2026-08-01T11:08:00.000Z,35.27583,128.89769,61,1500,1659.58,true,ok
GLV-T04,TRIP-GLV-T04-01,2026-08-01T11:10:00.000Z,35.27401,128.89668,60,1500,1661.92,true,ok
GLV-T04,TRIP-GLV-T04-01,2026-08-01T11:12:00.000Z,35.27218,128.89567,60,1500,1664.25,true,ok
GLV-T04,TRIP-GLV-T04-01,2026-08-01T11:14:00.000Z,35.27036,128.89466,60,1500,1666.58,true,ok
GLV-T04,TRIP-GLV-T04-01,2026-08-01T11:16:00.000Z,35.26853,128.89365,60,1500,1668.92,true,ok
GLV-T04,TRIP-GLV-T04-01,2026-08-01T11:18:00.000Z,35.26671,128.89264,61,1500,1671.25,true,ok
GLV-T04,TRIP-GLV-T04-01,2026-08-01T11:20:00.000Z,35.26488,128.89163,62,1500,1673.59,true,ok
GLV-T04,TRIP-GLV-T04-01,2026-08-01T11:22:00.000Z,35.26306,128.89062,63,1500,1675.92,true,ok
GLV-T04,TRIP-GLV-T04-01,2026-08-01T11:24:00.000Z,35.26123,128.88961,65,1500,1678.26,true,ok
GLV-T04,TRIP-GLV-T04-01,2026-08-01T11:26:00.000Z,35.25941,128.88860,66,1500,1680.59,true,ok
GLV-T04,TRIP-GLV-T04-01,2026-08-01T11:28:00.000Z,35.25759,128.88759,68,1500,1682.92,true,ok
GLV-T04,TRIP-GLV-T04-01,2026-08-01T11:30:00.000Z,35.25576,128.88658,69,1500,1685.26,true,ok
GLV-T04,TRIP-GLV-T04-01,2026-08-01T11:32:00.000Z,35.25394,128.88557,71,1500,1687.59,true,ok
GLV-T04,TRIP-GLV-T04-01,2026-08-01T11:34:00.000Z,35.25211,128.88456,72,1500,1689.93,true,ok
GLV-T04,TRIP-GLV-T04-01,2026-08-01T11:36:00.000Z,35.25029,128.88355,74,1500,1692.26,true,ok
GLV-T04,TRIP-GLV-T04-01,2026-08-01T11:38:00.000Z,35.24846,128.88254,75,1500,1694.59,true,ok
GLV-T04,TRIP-GLV-T04-01,2026-08-01T11:40:00.000Z,35.24664,128.88153,75,1500,1696.93,true,ok
GLV-T04,TRIP-GLV-T04-01,2026-08-01T11:42:00.000Z,35.24481,128.88052,76,1500,1699.26,true,ok
GLV-T04,TRIP-GLV-T04-01,2026-08-01T11:44:00.000Z,35.24299,128.87951,76,1500,1701.60,true,ok
GLV-T04,TRIP-GLV-T04-01,2026-08-01T11:46:00.000Z,35.24116,128.87850,76,1500,1703.93,true,ok
GLV-T04,TRIP-GLV-T04-01,2026-08-01T11:48:00.000Z,35.23934,128.87750,75,1500,1706.27,true,ok
GLV-T04,TRIP-GLV-T04-01,2026-08-01T11:50:00.000Z,35.23751,128.87649,75,1500,1708.60,true,ok
GLV-T04,TRIP-GLV-T04-01,2026-08-01T11:52:00.000Z,35.23569,128.87548,74,1500,1710.93,true,ok
GLV-T04,TRIP-GLV-T04-01,2026-08-01T11:54:00.000Z,35.23387,128.87447,72,1500,1713.27,true,ok
GLV-T04,TRIP-GLV-T04-01,2026-08-01T11:56:00.000Z,35.23204,128.87346,71,1500,1715.60,true,ok
GLV-T04,TRIP-GLV-T04-01,2026-08-01T11:58:00.000Z,35.23022,128.87245,69,1500,1717.94,true,ok
GLV-T04,TRIP-GLV-T04-01,2026-08-01T12:00:00.000Z,35.22839,128.87144,68,1500,1720.27,true,ok
GLV-T04,TRIP-GLV-T04-01,2026-08-01T12:02:00.000Z,35.22657,128.87043,66,1500,1722.60,true,ok
GLV-T04,TRIP-GLV-T04-01,2026-08-01T12:04:00.000Z,35.22474,128.86942,65,1500,1724.94,true,ok
GLV-T04,TRIP-GLV-T04-01,2026-08-01T12:06:00.000Z,35.22292,128.86841,63,1500,1727.27,true,ok
GLV-T04,TRIP-GLV-T04-01,2026-08-01T12:08:00.000Z,35.22109,128.86740,62,1500,1729.61,true,ok
GLV-T04,TRIP-GLV-T04-01,2026-08-01T12:10:00.000Z,35.21927,128.86639,61,1500,1731.94,true,ok
GLV-T04,TRIP-GLV-T04-01,2026-08-01T12:12:00.000Z,35.21744,128.86538,60,1500,1734.28,true,ok
GLV-T04,TRIP-GLV-T04-01,2026-08-01T12:14:00.000Z,35.21562,128.86437,60,1500,1736.61,true,ok
GLV-T04,TRIP-GLV-T04-01,2026-08-01T12:16:00.000Z,35.21380,128.86336,60,1500,1738.94,true,ok
GLV-T04,TRIP-GLV-T04-01,2026-08-01T12:18:00.000Z,35.21197,128.86235,60,1500,1741.28,true,ok
GLV-T04,TRIP-GLV-T04-01,2026-08-01T12:20:00.000Z,35.21015,128.86134,61,1500,1743.61,true,ok
GLV-T04,TRIP-GLV-T04-01,2026-08-01T12:22:00.000Z,35.20832,128.86033,62,1500,1745.95,true,ok
GLV-T04,TRIP-GLV-T04-01,2026-08-01T12:24:00.000Z,35.20650,128.85932,63,1500,1748.28,true,ok
GLV-T04,TRIP-GLV-T04-01,2026-08-01T12:26:00.000Z,35.20467,128.85831,64,1500,1750.61,true,ok
GLV-T04,TRIP-GLV-T04-01,2026-08-01T12:28:00.000Z,35.20285,128.85730,66,1500,1752.95,true,ok
GLV-T04,TRIP-GLV-T04-01,2026-08-01T12:30:00.000Z,35.20102,128.85629,67,1500,1755.28,true,ok
GLV-T04,TRIP-GLV-T04-01,2026-08-01T12:32:00.000Z,35.19920,128.85528,69,1500,1757.62,true,ok
GLV-T04,TRIP-GLV-T04-01,2026-08-01T12:34:00.000Z,35.19737,128.85427,70,1500,1759.95,true,ok
GLV-T04,TRIP-GLV-T04-01,2026-08-01T12:36:00.000Z,35.19555,128.85327,72,1500,1762.29,true,ok
GLV-T04,TRIP-GLV-T04-01,2026-08-01T12:38:00.000Z,35.19373,128.85226,73,1500,1764.62,true,ok
GLV-T04,TRIP-GLV-T04-01,2026-08-01T12:40:00.000Z,35.19190,128.85125,74,1500,1766.95,true,ok
GLV-T04,TRIP-GLV-T04-01,2026-08-01T12:42:00.000Z,35.19008,128.85024,75,1500,1769.29,true,ok
GLV-T04,TRIP-GLV-T04-01,2026-08-01T12:44:00.000Z,35.18825,128.84923,76,1500,1771.62,true,ok
GLV-T04,TRIP-GLV-T04-01,2026-08-01T12:46:00.000Z,35.18643,128.84822,76,1500,1773.96,true,ok
GLV-T04,TRIP-GLV-T04-01,2026-08-01T12:48:00.000Z,35.18460,128.84721,76,1500,1776.29,true,ok
GLV-T04,TRIP-GLV-T04-01,2026-08-01T12:50:00.000Z,35.18278,128.84620,76,1500,1778.62,true,ok
GLV-T04,TRIP-GLV-T04-01,2026-08-01T12:52:00.000Z,35.18095,128.84519,75,1500,1780.96,true,ok
GLV-T04,TRIP-GLV-T04-01,2026-08-01T12:54:00.000Z,35.17913,128.84418,74,1500,1783.29,true,ok
GLV-T04,TRIP-GLV-T04-01,2026-08-01T12:56:00.000Z,35.17730,128.84317,73,1500,1785.63,true,ok
GLV-T04,TRIP-GLV-T04-01,2026-08-01T12:58:00.000Z,35.17548,128.84216,72,1500,1787.96,true,ok
GLV-T04,TRIP-GLV-T04-01,2026-08-01T13:00:00.000Z,35.17365,128.84115,70,1500,1790.29,true,ok
GLV-T04,TRIP-GLV-T04-01,2026-08-01T13:02:00.000Z,35.17183,128.84014,68,1500,1792.63,true,ok
GLV-T04,TRIP-GLV-T04-01,2026-08-01T13:04:00.000Z,35.17001,128.83913,67,1500,1794.96,true,ok
GLV-T04,TRIP-GLV-T04-01,2026-08-01T13:06:00.000Z,35.16818,128.83812,65,1500,1797.30,true,ok
GLV-T04,TRIP-GLV-T04-01,2026-08-01T13:08:00.000Z,35.16636,128.83711,64,1500,1799.63,true,ok
GLV-T04,TRIP-GLV-T04-01,2026-08-01T13:10:00.000Z,35.16453,128.83610,63,1500,1801.97,true,ok
GLV-T04,TRIP-GLV-T04-01,2026-08-01T13:12:00.000Z,35.16271,128.83509,62,1500,1804.30,true,ok
GLV-T04,TRIP-GLV-T04-01,2026-08-01T13:14:00.000Z,35.16088,128.83408,61,1500,1806.63,true,ok
GLV-T04,TRIP-GLV-T04-01,2026-08-01T13:16:00.000Z,35.15906,128.83307,60,1500,1808.97,true,ok
GLV-T04,TRIP-GLV-T04-01,2026-08-01T13:18:00.000Z,35.15723,128.83206,60,1500,1811.30,true,ok
GLV-T04,TRIP-GLV-T04-01,2026-08-01T13:20:00.000Z,35.15541,128.83105,60,1500,1813.64,true,ok
GLV-T04,TRIP-GLV-T04-01,2026-08-01T13:22:00.000Z,35.15358,128.83004,61,1500,1815.97,true,ok
GLV-T04,TRIP-GLV-T04-01,2026-08-01T13:24:00.000Z,35.15176,128.82904,61,1500,1818.30,true,ok
GLV-T04,TRIP-GLV-T04-01,2026-08-01T13:26:00.000Z,35.14994,128.82803,62,1500,1820.64,true,ok
GLV-T04,TRIP-GLV-T04-01,2026-08-01T13:28:00.000Z,35.14811,128.82702,63,1500,1822.97,true,ok
GLV-T04,TRIP-GLV-T04-01,2026-08-01T13:30:00.000Z,35.14629,128.82601,65,1500,1825.31,true,ok
GLV-T04,TRIP-GLV-T04-01,2026-08-01T13:32:00.000Z,35.14446,128.82500,66,1500,1827.64,true,ok
GLV-T04,TRIP-GLV-T04-01,2026-08-01T13:34:00.000Z,35.14264,128.82399,68,1500,1829.98,true,ok
GLV-T04,TRIP-GLV-T04-01,2026-08-01T13:36:00.000Z,35.14081,128.82298,70,1500,1832.31,true,ok
GLV-T04,TRIP-GLV-T04-01,2026-08-01T13:38:00.000Z,35.13899,128.82197,71,1500,1834.64,true,ok
GLV-T04,TRIP-GLV-T04-01,2026-08-01T13:40:00.000Z,35.13716,128.82096,73,1500,1836.98,true,ok
GLV-T04,TRIP-GLV-T04-01,2026-08-01T13:42:00.000Z,35.13534,128.81995,74,1500,1839.31,true,ok
GLV-T04,TRIP-GLV-T04-01,2026-08-01T13:44:00.000Z,35.13351,128.81894,75,1500,1841.65,true,ok
GLV-T04,TRIP-GLV-T04-01,2026-08-01T13:46:00.000Z,35.13169,128.81793,75,1500,1843.98,true,ok
GLV-T04,TRIP-GLV-T04-01,2026-08-01T13:48:00.000Z,35.12987,128.81692,76,1500,1846.31,true,ok
GLV-T04,TRIP-GLV-T04-01,2026-08-01T13:50:00.000Z,35.12804,128.81591,76,1500,1848.65,true,ok
GLV-T04,TRIP-GLV-T04-01,2026-08-01T13:52:00.000Z,35.12622,128.81490,76,1500,1850.98,true,ok
GLV-T04,TRIP-GLV-T04-01,2026-08-01T13:54:00.000Z,35.12439,128.81389,75,1500,1853.32,true,ok
GLV-T04,TRIP-GLV-T04-01,2026-08-01T13:56:00.000Z,35.12257,128.81288,74,1500,1855.65,true,ok
GLV-T04,TRIP-GLV-T04-01,2026-08-01T13:58:00.000Z,35.12074,128.81187,73,1500,1857.99,true,ok
GLV-T04,TRIP-GLV-T04-01,2026-08-01T14:00:00.000Z,35.11892,128.81086,72,1500,1860.32,true,ok
GLV-T04,TRIP-GLV-T04-01,2026-08-01T14:02:00.000Z,35.11709,128.80985,71,1500,1862.65,true,ok
GLV-T04,TRIP-GLV-T04-01,2026-08-01T14:04:00.000Z,35.11527,128.80884,69,1500,1864.99,true,ok
GLV-T04,TRIP-GLV-T04-01,2026-08-01T14:06:00.000Z,35.11344,128.80783,68,1500,1867.32,true,ok
GLV-T04,TRIP-GLV-T04-01,2026-08-01T14:08:00.000Z,35.11162,128.80682,66,1500,1869.66,true,ok
GLV-T04,TRIP-GLV-T04-01,2026-08-01T14:10:00.000Z,35.10979,128.80581,64,1500,1871.99,true,ok
GLV-T04,TRIP-GLV-T04-01,2026-08-01T14:12:00.000Z,35.10797,128.80481,63,1500,1874.32,true,ok
GLV-T04,TRIP-GLV-T04-01,2026-08-01T14:14:00.000Z,35.10615,128.80380,62,1500,1876.66,true,ok
GLV-T04,TRIP-GLV-T04-01,2026-08-01T14:16:00.000Z,35.10432,128.80279,61,1500,1878.99,true,ok
GLV-T04,TRIP-GLV-T04-01,2026-08-01T14:18:00.000Z,35.10250,128.80178,60,1500,1881.33,true,ok
GLV-T04,TRIP-GLV-T04-01,2026-08-01T14:20:00.000Z,35.10067,128.80077,60,1500,1883.66,true,ok
GLV-T04,TRIP-GLV-T04-01,2026-08-01T14:22:00.000Z,35.09885,128.79976,60,1500,1886.00,true,ok
GLV-T04,TRIP-GLV-T04-01,2026-08-01T14:24:00.000Z,35.09702,128.79875,60,1500,1888.33,true,ok
GLV-T04,TRIP-GLV-T04-01,2026-08-01T14:26:00.000Z,35.09520,128.79774,61,1500,1890.66,true,ok
GLV-T04,TRIP-GLV-T04-01,2026-08-01T14:28:00.000Z,35.09337,128.79673,62,1500,1893.00,true,ok
GLV-T04,TRIP-GLV-T04-01,2026-08-01T14:30:00.000Z,35.09155,128.79572,63,1500,1895.33,true,ok
GLV-T04,TRIP-GLV-T04-01,2026-08-01T14:32:00.000Z,35.08972,128.79471,64,1500,1897.67,true,ok
GLV-T04,TRIP-GLV-T04-01,2026-08-01T14:34:00.000Z,35.08790,128.79370,66,1500,1900.00,true,ok
GLV-T05,TRIP-GLV-T05-01,2026-07-31T21:00:00.000Z,35.08790,128.79370,68,1500,0.00,false,ok
GLV-T05,TRIP-GLV-T05-01,2026-07-31T21:02:00.000Z,35.09021,128.79498,70,1500,2.33,false,ok
GLV-T05,TRIP-GLV-T05-01,2026-07-31T21:04:00.000Z,35.09252,128.79626,71,1500,4.67,false,ok
GLV-T05,TRIP-GLV-T05-01,2026-07-31T21:06:00.000Z,35.09483,128.79753,73,1500,7.00,false,ok
GLV-T05,TRIP-GLV-T05-01,2026-07-31T21:08:00.000Z,35.09714,128.79881,74,1500,9.33,false,ok
GLV-T05,TRIP-GLV-T05-01,2026-07-31T21:10:00.000Z,35.09945,128.80009,75,1500,11.66,false,ok
GLV-T05,TRIP-GLV-T05-01,2026-07-31T21:12:00.000Z,35.10176,128.80137,75,1500,14.00,false,ok
GLV-T05,TRIP-GLV-T05-01,2026-07-31T21:14:00.000Z,35.10407,128.80265,76,1500,16.33,false,ok
GLV-T05,TRIP-GLV-T05-01,2026-07-31T21:16:00.000Z,35.10638,128.80392,76,1500,18.66,false,ok
GLV-T05,TRIP-GLV-T05-01,2026-07-31T21:18:00.000Z,35.10869,128.80520,76,1500,21.00,false,ok
GLV-T05,TRIP-GLV-T05-01,2026-07-31T21:20:00.000Z,35.11100,128.80648,75,1500,23.33,false,ok
GLV-T05,TRIP-GLV-T05-01,2026-07-31T21:22:00.000Z,35.11331,128.80776,74,1500,25.66,false,ok
GLV-T05,TRIP-GLV-T05-01,2026-07-31T21:24:00.000Z,35.11562,128.80904,73,1500,27.99,false,ok
GLV-T05,TRIP-GLV-T05-01,2026-07-31T21:26:00.000Z,35.11793,128.81031,72,1500,30.33,false,ok
GLV-T05,TRIP-GLV-T05-01,2026-07-31T21:28:00.000Z,35.12024,128.81159,71,1500,32.66,false,ok
GLV-T05,TRIP-GLV-T05-01,2026-07-31T21:30:00.000Z,35.12255,128.81287,69,1500,34.99,false,ok
GLV-T05,TRIP-GLV-T05-01,2026-07-31T21:32:00.000Z,35.12486,128.81415,68,1500,37.33,false,ok
GLV-T05,TRIP-GLV-T05-01,2026-07-31T21:34:00.000Z,35.12717,128.81543,66,1500,39.66,false,ok
GLV-T05,TRIP-GLV-T05-01,2026-07-31T21:36:00.000Z,35.12948,128.81671,64,1500,41.99,false,ok
GLV-T05,TRIP-GLV-T05-01,2026-07-31T21:38:00.000Z,35.13179,128.81798,63,1500,44.32,false,ok
GLV-T05,TRIP-GLV-T05-01,2026-07-31T21:40:00.000Z,35.13410,128.81926,62,1500,46.66,false,ok
GLV-T05,TRIP-GLV-T05-01,2026-07-31T21:42:00.000Z,35.13641,128.82054,61,1500,48.99,false,ok
GLV-T05,TRIP-GLV-T05-01,2026-07-31T21:44:00.000Z,35.13872,128.82182,60,1500,51.32,false,ok
GLV-T05,TRIP-GLV-T05-01,2026-07-31T21:46:00.000Z,35.14103,128.82310,60,1500,53.65,false,ok
GLV-T05,TRIP-GLV-T05-01,2026-07-31T21:48:00.000Z,35.14334,128.82437,60,1500,55.99,false,ok
GLV-T05,TRIP-GLV-T05-01,2026-07-31T21:50:00.000Z,35.14564,128.82565,60,1500,58.32,false,ok
GLV-T05,TRIP-GLV-T05-01,2026-07-31T21:52:00.000Z,35.14795,128.82693,61,1500,60.65,false,ok
GLV-T05,TRIP-GLV-T05-01,2026-07-31T21:54:00.000Z,35.15026,128.82821,62,1500,62.99,false,ok
GLV-T05,TRIP-GLV-T05-01,2026-07-31T21:56:00.000Z,35.15257,128.82949,63,1500,65.32,false,ok
GLV-T05,TRIP-GLV-T05-01,2026-07-31T21:58:00.000Z,35.15488,128.83076,64,1500,67.65,false,ok
GLV-T05,TRIP-GLV-T05-01,2026-07-31T22:00:00.000Z,35.15719,128.83204,66,1500,69.98,false,ok
GLV-T05,TRIP-GLV-T05-01,2026-07-31T22:02:00.000Z,35.15950,128.83332,67,1500,72.32,false,ok
GLV-T05,TRIP-GLV-T05-01,2026-07-31T22:04:00.000Z,35.16181,128.83460,69,1500,74.65,false,ok
GLV-T05,TRIP-GLV-T05-01,2026-07-31T22:06:00.000Z,35.16412,128.83588,70,1500,76.98,false,ok
GLV-T05,TRIP-GLV-T05-01,2026-07-31T22:08:00.000Z,35.16643,128.83715,72,1500,79.32,false,ok
GLV-T05,TRIP-GLV-T05-01,2026-07-31T22:10:00.000Z,35.16874,128.83843,73,1500,81.65,false,ok
GLV-T05,TRIP-GLV-T05-01,2026-07-31T22:12:00.000Z,35.17105,128.83971,74,1500,83.98,false,ok
GLV-T05,TRIP-GLV-T05-01,2026-07-31T22:14:00.000Z,35.17336,128.84099,75,1500,86.31,false,ok
GLV-T05,TRIP-GLV-T05-01,2026-07-31T22:16:00.000Z,35.17567,128.84227,76,1500,88.65,false,ok
GLV-T05,TRIP-GLV-T05-01,2026-07-31T22:18:00.000Z,35.17798,128.84354,76,1500,90.98,false,ok
GLV-T05,TRIP-GLV-T05-01,2026-07-31T22:20:00.000Z,35.18029,128.84482,76,1500,93.31,false,ok
GLV-T05,TRIP-GLV-T05-01,2026-07-31T22:22:00.000Z,35.18260,128.84610,76,1500,95.65,false,ok
GLV-T05,TRIP-GLV-T05-01,2026-07-31T22:24:00.000Z,35.18491,128.84738,75,1500,97.98,false,ok
GLV-T05,TRIP-GLV-T05-01,2026-07-31T22:26:00.000Z,35.18722,128.84866,74,1500,100.31,false,ok
GLV-T05,TRIP-GLV-T05-01,2026-07-31T22:28:00.000Z,35.18953,128.84994,73,1500,102.64,false,ok
GLV-T05,TRIP-GLV-T05-01,2026-07-31T22:30:00.000Z,35.19184,128.85121,71,1500,104.98,false,ok
GLV-T05,TRIP-GLV-T05-01,2026-07-31T22:32:00.000Z,35.19415,128.85249,70,1500,107.31,false,ok
GLV-T05,TRIP-GLV-T05-01,2026-07-31T22:34:00.000Z,35.19646,128.85377,68,1500,109.64,false,ok
GLV-T05,TRIP-GLV-T05-01,2026-07-31T22:36:00.000Z,35.19877,128.85505,67,1500,111.98,false,ok
GLV-T05,TRIP-GLV-T05-01,2026-07-31T22:38:00.000Z,35.20108,128.85633,65,1500,114.31,false,ok
GLV-T05,TRIP-GLV-T05-01,2026-07-31T22:40:00.000Z,35.20339,128.85760,64,1500,116.64,false,ok
GLV-T05,TRIP-GLV-T05-01,2026-07-31T22:42:00.000Z,35.20570,128.85888,62,1500,118.97,false,ok
GLV-T05,TRIP-GLV-T05-01,2026-07-31T22:44:00.000Z,35.20801,128.86016,61,1500,121.31,false,ok
GLV-T05,TRIP-GLV-T05-01,2026-07-31T22:46:00.000Z,35.21032,128.86144,61,1500,123.64,false,ok
GLV-T05,TRIP-GLV-T05-01,2026-07-31T22:48:00.000Z,35.21263,128.86272,60,1500,125.97,false,ok
GLV-T05,TRIP-GLV-T05-01,2026-07-31T22:50:00.000Z,35.21494,128.86399,60,1500,128.30,false,ok
GLV-T05,TRIP-GLV-T05-01,2026-07-31T22:52:00.000Z,35.21725,128.86527,60,1500,130.64,false,ok
GLV-T05,TRIP-GLV-T05-01,2026-07-31T22:54:00.000Z,35.21956,128.86655,61,1500,132.97,false,ok
GLV-T05,TRIP-GLV-T05-01,2026-07-31T22:56:00.000Z,35.22187,128.86783,61,1500,135.30,false,ok
GLV-T05,TRIP-GLV-T05-01,2026-07-31T22:58:00.000Z,35.22418,128.86911,62,1500,137.64,false,ok
GLV-T05,TRIP-GLV-T05-01,2026-07-31T23:00:00.000Z,35.22649,128.87038,64,1500,139.97,false,ok
GLV-T05,TRIP-GLV-T05-01,2026-07-31T23:02:00.000Z,35.22880,128.87166,65,1500,142.30,false,ok
GLV-T05,TRIP-GLV-T05-01,2026-07-31T23:04:00.000Z,35.23111,128.87294,67,1500,144.63,false,ok
GLV-T05,TRIP-GLV-T05-01,2026-07-31T23:06:00.000Z,35.23342,128.87422,68,1500,146.97,false,ok
GLV-T05,TRIP-GLV-T05-01,2026-07-31T23:08:00.000Z,35.23573,128.87550,70,1500,149.30,false,ok
GLV-T05,TRIP-GLV-T05-01,2026-07-31T23:10:00.000Z,35.23804,128.87677,71,1500,151.63,false,ok
GLV-T05,TRIP-GLV-T05-01,2026-07-31T23:12:00.000Z,35.24035,128.87805,73,1500,153.97,false,ok
GLV-T05,TRIP-GLV-T05-01,2026-07-31T23:14:00.000Z,35.24266,128.87933,74,1500,156.30,false,ok
GLV-T05,TRIP-GLV-T05-01,2026-07-31T23:16:00.000Z,35.24497,128.88061,75,1500,158.63,false,ok
GLV-T05,TRIP-GLV-T05-01,2026-07-31T23:18:00.000Z,35.24728,128.88189,76,1500,160.96,false,ok
GLV-T05,TRIP-GLV-T05-01,2026-07-31T23:20:00.000Z,35.24959,128.88317,76,1500,163.30,false,ok
GLV-T05,TRIP-GLV-T05-01,2026-07-31T23:22:00.000Z,35.25190,128.88444,76,1500,165.63,false,ok
GLV-T05,TRIP-GLV-T05-01,2026-07-31T23:24:00.000Z,35.25421,128.88572,76,1500,167.96,false,ok
GLV-T05,TRIP-GLV-T05-01,2026-07-31T23:26:00.000Z,35.25652,128.88700,75,1500,170.30,false,ok
GLV-T05,TRIP-GLV-T05-01,2026-07-31T23:28:00.000Z,35.25883,128.88828,74,1500,172.63,false,ok
GLV-T05,TRIP-GLV-T05-01,2026-07-31T23:30:00.000Z,35.26113,128.88956,73,1500,174.96,false,ok
GLV-T05,TRIP-GLV-T05-01,2026-07-31T23:32:00.000Z,35.26344,128.89083,72,1500,177.29,false,ok
GLV-T05,TRIP-GLV-T05-01,2026-07-31T23:34:00.000Z,35.26575,128.89211,70,1500,179.63,false,ok
GLV-T05,TRIP-GLV-T05-01,2026-07-31T23:36:00.000Z,35.26806,128.89339,69,1500,181.96,false,ok
GLV-T05,TRIP-GLV-T05-01,2026-07-31T23:38:00.000Z,35.27037,128.89467,67,1500,184.29,false,ok
GLV-T05,TRIP-GLV-T05-01,2026-07-31T23:40:00.000Z,35.27268,128.89595,66,1500,186.63,false,ok
GLV-T05,TRIP-GLV-T05-01,2026-07-31T23:42:00.000Z,35.27499,128.89722,64,1500,188.96,false,ok
GLV-T05,TRIP-GLV-T05-01,2026-07-31T23:44:00.000Z,35.27730,128.89850,63,1500,191.29,false,ok
GLV-T05,TRIP-GLV-T05-01,2026-07-31T23:46:00.000Z,35.27961,128.89978,62,1500,193.62,false,ok
GLV-T05,TRIP-GLV-T05-01,2026-07-31T23:48:00.000Z,35.28192,128.90106,61,1500,195.96,false,ok
GLV-T05,TRIP-GLV-T05-01,2026-07-31T23:50:00.000Z,35.28423,128.90234,60,1500,198.29,false,ok
GLV-T05,TRIP-GLV-T05-01,2026-07-31T23:52:00.000Z,35.28654,128.90361,60,1500,200.62,false,ok
GLV-T05,TRIP-GLV-T05-01,2026-07-31T23:54:00.000Z,35.28885,128.90489,60,1500,202.95,false,ok
GLV-T05,TRIP-GLV-T05-01,2026-07-31T23:56:00.000Z,35.29116,128.90617,60,1500,205.29,false,ok
GLV-T05,TRIP-GLV-T05-01,2026-07-31T23:58:00.000Z,35.29347,128.90745,61,1500,207.62,false,ok
GLV-T05,TRIP-GLV-T05-01,2026-08-01T00:00:00.000Z,35.29578,128.90873,62,1500,209.95,false,ok
GLV-T05,TRIP-GLV-T05-01,2026-08-01T00:02:00.000Z,35.29809,128.91000,63,1500,212.29,false,ok
GLV-T05,TRIP-GLV-T05-01,2026-08-01T00:04:00.000Z,35.30040,128.91128,65,1500,214.62,false,ok
GLV-T05,TRIP-GLV-T05-01,2026-08-01T00:06:00.000Z,35.30271,128.91256,66,1500,216.95,false,ok
GLV-T05,TRIP-GLV-T05-01,2026-08-01T00:08:00.000Z,35.30502,128.91384,68,1500,219.28,false,ok
GLV-T05,TRIP-GLV-T05-01,2026-08-01T00:10:00.000Z,35.30733,128.91512,69,1500,221.62,false,ok
GLV-T05,TRIP-GLV-T05-01,2026-08-01T00:12:00.000Z,35.30964,128.91639,71,1500,223.95,false,ok
GLV-T05,TRIP-GLV-T05-01,2026-08-01T00:14:00.000Z,35.31195,128.91767,72,1500,226.28,false,ok
GLV-T05,TRIP-GLV-T05-01,2026-08-01T00:16:00.000Z,35.31426,128.91895,73,1500,228.62,false,ok
GLV-T05,TRIP-GLV-T05-01,2026-08-01T00:18:00.000Z,35.31657,128.92023,75,1500,230.95,false,ok
GLV-T05,TRIP-GLV-T05-01,2026-08-01T00:20:00.000Z,35.31888,128.92151,75,1500,233.28,false,ok
GLV-T05,TRIP-GLV-T05-01,2026-08-01T00:22:00.000Z,35.32119,128.92279,76,1500,235.61,false,ok
GLV-T05,TRIP-GLV-T05-01,2026-08-01T00:24:00.000Z,35.32350,128.92406,76,1500,237.95,false,ok
GLV-T05,TRIP-GLV-T05-01,2026-08-01T00:26:00.000Z,35.32581,128.92534,76,1500,240.28,false,ok
GLV-T05,TRIP-GLV-T05-01,2026-08-01T00:28:00.000Z,35.32812,128.92662,75,1500,242.61,false,ok
GLV-T05,TRIP-GLV-T05-01,2026-08-01T00:30:00.000Z,35.33043,128.92790,75,1500,244.95,false,ok
GLV-T05,TRIP-GLV-T05-01,2026-08-01T00:32:00.000Z,35.33274,128.92918,74,1500,247.28,false,ok
GLV-T05,TRIP-GLV-T05-01,2026-08-01T00:34:00.000Z,35.33505,128.93045,72,1500,249.61,false,ok
GLV-T05,TRIP-GLV-T05-01,2026-08-01T00:36:00.000Z,35.33736,128.93173,71,1500,251.94,false,ok
GLV-T05,TRIP-GLV-T05-01,2026-08-01T00:38:00.000Z,35.33967,128.93301,70,1500,254.28,false,ok
GLV-T05,TRIP-GLV-T05-01,2026-08-01T00:40:00.000Z,35.34198,128.93429,68,1500,256.61,false,ok
GLV-T05,TRIP-GLV-T05-01,2026-08-01T00:42:00.000Z,35.34429,128.93557,66,1500,258.94,false,ok
GLV-T05,TRIP-GLV-T05-01,2026-08-01T00:44:00.000Z,35.34660,128.93684,65,1500,261.28,false,ok
GLV-T05,TRIP-GLV-T05-01,2026-08-01T00:46:00.000Z,35.34891,128.93812,63,1500,263.61,false,ok
GLV-T05,TRIP-GLV-T05-01,2026-08-01T00:48:00.000Z,35.35122,128.93940,62,1500,265.94,false,ok
GLV-T05,TRIP-GLV-T05-01,2026-08-01T00:50:00.000Z,35.35353,128.94068,61,1500,268.27,false,ok
GLV-T05,TRIP-GLV-T05-01,2026-08-01T00:52:00.000Z,35.35584,128.94196,61,1500,270.61,false,ok
GLV-T05,TRIP-GLV-T05-01,2026-08-01T00:54:00.000Z,35.35815,128.94323,60,1500,272.94,false,ok
GLV-T05,TRIP-GLV-T05-01,2026-08-01T00:56:00.000Z,35.36046,128.94451,60,1500,275.27,false,ok
GLV-T05,TRIP-GLV-T05-01,2026-08-01T00:58:00.000Z,35.36277,128.94579,60,1500,277.60,false,ok
GLV-T05,TRIP-GLV-T05-01,2026-08-01T01:00:00.000Z,35.36508,128.94707,61,1500,279.94,false,ok
GLV-T05,TRIP-GLV-T05-01,2026-08-01T01:02:00.000Z,35.36739,128.94835,62,1500,282.27,false,ok
GLV-T05,TRIP-GLV-T05-01,2026-08-01T01:04:00.000Z,35.36970,128.94962,63,1500,284.60,false,ok
GLV-T05,TRIP-GLV-T05-01,2026-08-01T01:06:00.000Z,35.37201,128.95090,64,1500,286.94,false,ok
GLV-T05,TRIP-GLV-T05-01,2026-08-01T01:08:00.000Z,35.37431,128.95218,65,1500,289.27,false,ok
GLV-T05,TRIP-GLV-T05-01,2026-08-01T01:10:00.000Z,35.37662,128.95346,67,1500,291.60,false,ok
GLV-T05,TRIP-GLV-T05-01,2026-08-01T01:12:00.000Z,35.37893,128.95474,69,1500,293.93,false,ok
GLV-T05,TRIP-GLV-T05-01,2026-08-01T01:14:00.000Z,35.38124,128.95602,70,1500,296.27,false,ok
GLV-T05,TRIP-GLV-T05-01,2026-08-01T01:16:00.000Z,35.38355,128.95729,72,1500,298.60,false,ok
GLV-T05,TRIP-GLV-T05-01,2026-08-01T01:18:00.000Z,35.38586,128.95857,73,1500,300.93,false,ok
GLV-T05,TRIP-GLV-T05-01,2026-08-01T01:20:00.000Z,35.38817,128.95985,74,1500,303.27,false,ok
GLV-T05,TRIP-GLV-T05-01,2026-08-01T01:22:00.000Z,35.39048,128.96113,75,1500,305.60,false,ok
GLV-T05,TRIP-GLV-T05-01,2026-08-01T01:24:00.000Z,35.39279,128.96241,76,1500,307.93,false,ok
GLV-T05,TRIP-GLV-T05-01,2026-08-01T01:26:00.000Z,35.39510,128.96368,76,1500,310.26,false,ok
GLV-T05,TRIP-GLV-T05-01,2026-08-01T01:28:00.000Z,35.39741,128.96496,76,1500,312.60,false,ok
GLV-T05,TRIP-GLV-T05-01,2026-08-01T01:30:00.000Z,35.39972,128.96624,76,1500,314.93,false,ok
GLV-T05,TRIP-GLV-T05-01,2026-08-01T01:32:00.000Z,35.40203,128.96752,75,1500,317.26,false,ok
GLV-T05,TRIP-GLV-T05-01,2026-08-01T01:34:00.000Z,35.40434,128.96880,74,1500,319.60,false,ok
GLV-T05,TRIP-GLV-T05-01,2026-08-01T01:36:00.000Z,35.40665,128.97007,73,1500,321.93,false,ok
GLV-T05,TRIP-GLV-T05-01,2026-08-01T01:38:00.000Z,35.40896,128.97135,72,1500,324.26,false,ok
GLV-T05,TRIP-GLV-T05-01,2026-08-01T01:40:00.000Z,35.41127,128.97263,70,1500,326.59,false,ok
GLV-T05,TRIP-GLV-T05-01,2026-08-01T01:42:00.000Z,35.41358,128.97391,69,1500,328.93,false,ok
GLV-T05,TRIP-GLV-T05-01,2026-08-01T01:44:00.000Z,35.41589,128.97519,67,1500,331.26,false,ok
GLV-T05,TRIP-GLV-T05-01,2026-08-01T01:46:00.000Z,35.41820,128.97646,65,1500,333.59,false,ok
GLV-T05,TRIP-GLV-T05-01,2026-08-01T01:48:00.000Z,35.42051,128.97774,64,1500,335.93,false,ok
GLV-T05,TRIP-GLV-T05-01,2026-08-01T01:50:00.000Z,35.42282,128.97902,63,1500,338.26,false,ok
GLV-T05,TRIP-GLV-T05-01,2026-08-01T01:52:00.000Z,35.42513,128.98030,62,1500,340.59,false,ok
GLV-T05,TRIP-GLV-T05-01,2026-08-01T01:54:00.000Z,35.42744,128.98158,61,1500,342.92,false,ok
GLV-T05,TRIP-GLV-T05-01,2026-08-01T01:56:00.000Z,35.42975,128.98285,60,1500,345.26,false,ok
GLV-T05,TRIP-GLV-T05-01,2026-08-01T01:58:00.000Z,35.43206,128.98413,60,1500,347.59,false,ok
GLV-T05,TRIP-GLV-T05-01,2026-08-01T02:00:00.000Z,35.43437,128.98541,60,1500,349.92,false,ok
GLV-T05,TRIP-GLV-T05-01,2026-08-01T02:02:00.000Z,35.43668,128.98669,60,1500,352.26,false,ok
GLV-T05,TRIP-GLV-T05-01,2026-08-01T02:04:00.000Z,35.43899,128.98797,61,1500,354.59,false,ok
GLV-T05,TRIP-GLV-T05-01,2026-08-01T02:06:00.000Z,35.44130,128.98924,62,1500,356.92,false,ok
GLV-T05,TRIP-GLV-T05-01,2026-08-01T02:08:00.000Z,35.44361,128.99052,63,1500,359.25,false,ok
GLV-T05,TRIP-GLV-T05-01,2026-08-01T02:10:00.000Z,35.44592,128.99180,65,1500,361.59,false,ok
GLV-T05,TRIP-GLV-T05-01,2026-08-01T02:12:00.000Z,35.44823,128.99308,66,1500,363.92,false,ok
GLV-T05,TRIP-GLV-T05-01,2026-08-01T02:14:00.000Z,35.45054,128.99436,68,1500,366.25,false,ok
GLV-T05,TRIP-GLV-T05-01,2026-08-01T02:16:00.000Z,35.45285,128.99564,69,1500,368.58,false,ok
GLV-T05,TRIP-GLV-T05-01,2026-08-01T02:18:00.000Z,35.45516,128.99691,71,1500,370.92,false,ok
GLV-T05,TRIP-GLV-T05-01,2026-08-01T02:20:00.000Z,35.45747,128.99819,72,1500,373.25,false,ok
GLV-T05,TRIP-GLV-T05-01,2026-08-01T02:22:00.000Z,35.45978,128.99947,74,1500,375.58,false,ok
GLV-T05,TRIP-GLV-T05-01,2026-08-01T02:24:00.000Z,35.46209,129.00075,75,1500,377.92,false,ok
GLV-T05,TRIP-GLV-T05-01,2026-08-01T02:26:00.000Z,35.46440,129.00203,75,1500,380.25,false,ok
GLV-T05,TRIP-GLV-T05-01,2026-08-01T02:28:00.000Z,35.46671,129.00330,76,1500,382.58,false,ok
GLV-T05,TRIP-GLV-T05-01,2026-08-01T02:30:00.000Z,35.46902,129.00458,76,1500,384.91,false,ok
GLV-T05,TRIP-GLV-T05-01,2026-08-01T02:32:00.000Z,35.47133,129.00586,76,1500,387.25,false,ok
GLV-T05,TRIP-GLV-T05-01,2026-08-01T02:34:00.000Z,35.47364,129.00714,75,1500,389.58,false,ok
GLV-T05,TRIP-GLV-T05-01,2026-08-01T02:36:00.000Z,35.47595,129.00842,75,1500,391.91,false,ok
GLV-T05,TRIP-GLV-T05-01,2026-08-01T02:38:00.000Z,35.47826,129.00969,73,1500,394.25,false,ok
GLV-T05,TRIP-GLV-T05-01,2026-08-01T02:40:00.000Z,35.48057,129.01097,72,1500,396.58,false,ok
GLV-T05,TRIP-GLV-T05-01,2026-08-01T02:42:00.000Z,35.48288,129.01225,71,1500,398.91,false,ok
GLV-T05,TRIP-GLV-T05-01,2026-08-01T02:44:00.000Z,35.48519,129.01353,69,1500,401.24,false,ok
GLV-T05,TRIP-GLV-T05-01,2026-08-01T02:46:00.000Z,35.48750,129.01481,68,1500,403.58,false,ok
GLV-T05,TRIP-GLV-T05-01,2026-08-01T02:48:00.000Z,35.48980,129.01608,66,1500,405.91,false,ok
GLV-T05,TRIP-GLV-T05-01,2026-08-01T02:50:00.000Z,35.49211,129.01736,65,1500,408.24,false,ok
GLV-T05,TRIP-GLV-T05-01,2026-08-01T02:52:00.000Z,35.49442,129.01864,63,1500,410.58,false,ok
GLV-T05,TRIP-GLV-T05-01,2026-08-01T02:54:00.000Z,35.49673,129.01992,62,1500,412.91,false,ok
GLV-T05,TRIP-GLV-T05-01,2026-08-01T02:56:00.000Z,35.49904,129.02120,61,1500,415.24,false,ok
GLV-T05,TRIP-GLV-T05-01,2026-08-01T02:58:00.000Z,35.50135,129.02247,60,1500,417.57,false,ok
GLV-T05,TRIP-GLV-T05-01,2026-08-01T03:00:00.000Z,35.50366,129.02375,60,1500,419.91,false,ok
GLV-T05,TRIP-GLV-T05-01,2026-08-01T03:02:00.000Z,35.50597,129.02503,60,1500,422.24,false,ok
GLV-T05,TRIP-GLV-T05-01,2026-08-01T03:04:00.000Z,35.50828,129.02631,60,1500,424.57,false,ok
GLV-T05,TRIP-GLV-T05-01,2026-08-01T03:06:00.000Z,35.51059,129.02759,61,1500,426.91,false,ok
GLV-T05,TRIP-GLV-T05-01,2026-08-01T03:08:00.000Z,35.51290,129.02887,62,1500,429.24,false,ok
GLV-T05,TRIP-GLV-T05-01,2026-08-01T03:10:00.000Z,35.51521,129.03014,63,1500,431.57,false,ok
GLV-T05,TRIP-GLV-T05-01,2026-08-01T03:12:00.000Z,35.51752,129.03142,64,1500,433.90,false,ok
GLV-T05,TRIP-GLV-T05-01,2026-08-01T03:14:00.000Z,35.51983,129.03270,66,1500,436.24,false,ok
GLV-T05,TRIP-GLV-T05-01,2026-08-01T03:16:00.000Z,35.52214,129.03398,67,1500,438.57,false,ok
GLV-T05,TRIP-GLV-T05-01,2026-08-01T03:18:00.000Z,35.52445,129.03526,69,1500,440.90,false,ok
GLV-T05,TRIP-GLV-T05-01,2026-08-01T03:20:00.000Z,35.52676,129.03653,70,1500,443.23,false,ok
GLV-T05,TRIP-GLV-T05-01,2026-08-01T03:22:00.000Z,35.52907,129.03781,72,1500,445.57,false,ok
GLV-T05,TRIP-GLV-T05-01,2026-08-01T03:24:00.000Z,35.53138,129.03909,73,1500,447.90,false,ok
GLV-T05,TRIP-GLV-T05-01,2026-08-01T03:26:00.000Z,35.53369,129.04037,74,1500,450.23,false,ok
GLV-T05,TRIP-GLV-T05-01,2026-08-01T03:28:00.000Z,35.53600,129.04165,75,1500,452.57,false,ok
GLV-T05,TRIP-GLV-T05-01,2026-08-01T03:30:00.000Z,35.53831,129.04292,76,1500,454.90,false,ok
GLV-T05,TRIP-GLV-T05-01,2026-08-01T03:32:00.000Z,35.54062,129.04420,76,1500,457.23,false,ok
GLV-T05,TRIP-GLV-T05-01,2026-08-01T03:34:00.000Z,35.54293,129.04548,76,1500,459.56,false,ok
GLV-T05,TRIP-GLV-T05-01,2026-08-01T03:36:00.000Z,35.54524,129.04676,76,1500,461.90,false,ok
GLV-T05,TRIP-GLV-T05-01,2026-08-01T03:38:00.000Z,35.54755,129.04804,75,1500,464.23,false,ok
GLV-T05,TRIP-GLV-T05-01,2026-08-01T03:40:00.000Z,35.54986,129.04931,74,1500,466.56,false,ok
GLV-T05,TRIP-GLV-T05-01,2026-08-01T03:42:00.000Z,35.55217,129.05059,73,1500,468.90,false,ok
GLV-T05,TRIP-GLV-T05-01,2026-08-01T03:44:00.000Z,35.55448,129.05187,71,1500,471.23,false,ok
GLV-T05,TRIP-GLV-T05-01,2026-08-01T03:46:00.000Z,35.55679,129.05315,70,1500,473.56,false,ok
GLV-T05,TRIP-GLV-T05-01,2026-08-01T03:48:00.000Z,35.55910,129.05443,68,1500,475.89,false,ok
GLV-T05,TRIP-GLV-T05-01,2026-08-01T03:50:00.000Z,35.56141,129.05570,67,1500,478.23,false,ok
GLV-T05,TRIP-GLV-T05-01,2026-08-01T03:52:00.000Z,35.56372,129.05698,65,1500,480.56,false,ok
GLV-T05,TRIP-GLV-T05-01,2026-08-01T03:54:00.000Z,35.56603,129.05826,64,1500,482.89,false,ok
GLV-T05,TRIP-GLV-T05-01,2026-08-01T03:56:00.000Z,35.56834,129.05954,62,1500,485.23,false,ok
GLV-T05,TRIP-GLV-T05-01,2026-08-01T03:58:00.000Z,35.57065,129.06082,61,1500,487.56,false,ok
GLV-T05,TRIP-GLV-T05-01,2026-08-01T04:00:00.000Z,35.57296,129.06210,61,1500,489.89,false,ok
GLV-T05,TRIP-GLV-T05-01,2026-08-01T04:02:00.000Z,35.57527,129.06337,60,1500,492.22,false,ok
GLV-T05,TRIP-GLV-T05-01,2026-08-01T04:04:00.000Z,35.57758,129.06465,60,1500,494.56,false,ok
GLV-T05,TRIP-GLV-T05-01,2026-08-01T04:06:00.000Z,35.57989,129.06593,60,1500,496.89,false,ok
GLV-T05,TRIP-GLV-T05-01,2026-08-01T04:08:00.000Z,35.58220,129.06721,61,1500,499.22,false,ok
GLV-T05,TRIP-GLV-T05-01,2026-08-01T04:10:00.000Z,35.58451,129.06849,61,1500,501.56,false,ok
GLV-T05,TRIP-GLV-T05-01,2026-08-01T04:12:00.000Z,35.58682,129.06976,62,1500,503.89,false,ok
GLV-T05,TRIP-GLV-T05-01,2026-08-01T04:14:00.000Z,35.58913,129.07104,64,1500,506.22,false,ok
GLV-T05,TRIP-GLV-T05-01,2026-08-01T04:16:00.000Z,35.59144,129.07232,65,1500,508.55,false,ok
GLV-T05,TRIP-GLV-T05-01,2026-08-01T04:18:00.000Z,35.59375,129.07360,67,1500,510.89,false,ok
GLV-T05,TRIP-GLV-T05-01,2026-08-01T04:20:00.000Z,35.59606,129.07488,68,1500,513.22,false,ok
GLV-T05,TRIP-GLV-T05-01,2026-08-01T04:22:00.000Z,35.59837,129.07615,70,1500,515.55,false,ok
GLV-T05,TRIP-GLV-T05-01,2026-08-01T04:24:00.000Z,35.60068,129.07743,71,1500,517.88,false,ok
GLV-T05,TRIP-GLV-T05-01,2026-08-01T04:26:00.000Z,35.60298,129.07871,73,1500,520.22,false,ok
GLV-T05,TRIP-GLV-T05-01,2026-08-01T04:28:00.000Z,35.60529,129.07999,74,1500,522.55,false,ok
GLV-T05,TRIP-GLV-T05-01,2026-08-01T04:30:00.000Z,35.60760,129.08127,75,1500,524.88,false,ok
GLV-T05,TRIP-GLV-T05-01,2026-08-01T04:32:00.000Z,35.60991,129.08254,76,1500,527.22,false,ok
GLV-T05,TRIP-GLV-T05-01,2026-08-01T04:34:00.000Z,35.61222,129.08382,76,1500,529.55,false,ok
GLV-T05,TRIP-GLV-T05-01,2026-08-01T04:36:00.000Z,35.61453,129.08510,76,1500,531.88,false,ok
GLV-T05,TRIP-GLV-T05-01,2026-08-01T04:38:00.000Z,35.61684,129.08638,76,1500,534.21,false,ok
GLV-T05,TRIP-GLV-T05-01,2026-08-01T04:40:00.000Z,35.61915,129.08766,75,1500,536.55,false,ok
GLV-T05,TRIP-GLV-T05-01,2026-08-01T04:42:00.000Z,35.62146,129.08893,74,1500,538.88,false,ok
GLV-T05,TRIP-GLV-T05-01,2026-08-01T04:44:00.000Z,35.62377,129.09021,73,1500,541.21,false,ok
GLV-T05,TRIP-GLV-T05-01,2026-08-01T04:46:00.000Z,35.62608,129.09149,72,1500,543.55,false,ok
GLV-T05,TRIP-GLV-T05-01,2026-08-01T04:48:00.000Z,35.62839,129.09277,71,1500,545.88,false,ok
GLV-T05,TRIP-GLV-T05-01,2026-08-01T04:50:00.000Z,35.63070,129.09405,69,1500,548.21,false,ok
GLV-T05,TRIP-GLV-T05-01,2026-08-01T04:52:00.000Z,35.63301,129.09532,67,1500,550.54,false,ok
GLV-T05,TRIP-GLV-T05-01,2026-08-01T04:54:00.000Z,35.63532,129.09660,66,1500,552.88,false,ok
GLV-T05,TRIP-GLV-T05-01,2026-08-01T04:56:00.000Z,35.63763,129.09788,64,1500,555.21,false,ok
GLV-T05,TRIP-GLV-T05-01,2026-08-01T04:58:00.000Z,35.63994,129.09916,63,1500,557.54,false,ok
GLV-T05,TRIP-GLV-T05-01,2026-08-01T05:00:00.000Z,35.64225,129.10044,62,1500,559.88,false,ok
GLV-T05,TRIP-GLV-T05-01,2026-08-01T05:02:00.000Z,35.64456,129.10172,61,1500,562.21,false,ok
GLV-T05,TRIP-GLV-T05-01,2026-08-01T05:04:00.000Z,35.64687,129.10299,60,1500,564.54,false,ok
GLV-T05,TRIP-GLV-T05-01,2026-08-01T05:06:00.000Z,35.64918,129.10427,60,1500,566.87,false,ok
GLV-T05,TRIP-GLV-T05-01,2026-08-01T05:08:00.000Z,35.65149,129.10555,60,1500,569.21,false,ok
GLV-T05,TRIP-GLV-T05-01,2026-08-01T05:10:00.000Z,35.65380,129.10683,60,1500,571.54,false,ok
GLV-T05,TRIP-GLV-T05-01,2026-08-01T05:12:00.000Z,35.65611,129.10811,61,1500,573.87,false,ok
GLV-T05,TRIP-GLV-T05-01,2026-08-01T05:14:00.000Z,35.65842,129.10938,62,1500,576.21,false,ok
GLV-T05,TRIP-GLV-T05-01,2026-08-01T05:16:00.000Z,35.66073,129.11066,63,1500,578.54,false,ok
GLV-T05,TRIP-GLV-T05-01,2026-08-01T05:18:00.000Z,35.66304,129.11194,64,1500,580.87,false,ok
GLV-T05,TRIP-GLV-T05-01,2026-08-01T05:20:00.000Z,35.66535,129.11322,66,1500,583.20,false,ok
GLV-T05,TRIP-GLV-T05-01,2026-08-01T05:22:00.000Z,35.66766,129.11450,67,1500,585.54,false,ok
GLV-T05,TRIP-GLV-T05-01,2026-08-01T05:24:00.000Z,35.66997,129.11577,69,1500,587.87,false,ok
GLV-T05,TRIP-GLV-T05-01,2026-08-01T05:26:00.000Z,35.67228,129.11705,71,1500,590.20,false,ok
GLV-T05,TRIP-GLV-T05-01,2026-08-01T05:28:00.000Z,35.67459,129.11833,72,1500,592.53,false,ok
GLV-T05,TRIP-GLV-T05-01,2026-08-01T05:30:00.000Z,35.67690,129.11961,73,1500,594.87,false,ok
GLV-T05,TRIP-GLV-T05-01,2026-08-01T05:32:00.000Z,35.67921,129.12089,74,1500,597.20,false,ok
GLV-T05,TRIP-GLV-T05-01,2026-08-01T05:34:00.000Z,35.68152,129.12216,75,1500,599.53,false,ok
GLV-T05,TRIP-GLV-T05-01,2026-08-01T05:36:00.000Z,35.68383,129.12344,76,1500,601.87,false,ok
GLV-T05,TRIP-GLV-T05-01,2026-08-01T05:38:00.000Z,35.68614,129.12472,76,1500,604.20,false,ok
GLV-T05,TRIP-GLV-T05-01,2026-08-01T05:40:00.000Z,35.68845,129.12600,76,1500,606.53,false,ok
GLV-T05,TRIP-GLV-T05-01,2026-08-01T05:42:00.000Z,35.69076,129.12728,75,1500,608.86,false,ok
GLV-T05,TRIP-GLV-T05-01,2026-08-01T05:44:00.000Z,35.69307,129.12855,75,1500,611.20,false,ok
GLV-T05,TRIP-GLV-T05-01,2026-08-01T05:46:00.000Z,35.69538,129.12983,74,1500,613.53,false,ok
GLV-T05,TRIP-GLV-T05-01,2026-08-01T05:48:00.000Z,35.69769,129.13111,73,1500,615.86,false,ok
GLV-T05,TRIP-GLV-T05-01,2026-08-01T05:50:00.000Z,35.70000,129.13239,71,1500,618.20,false,ok
GLV-T05,TRIP-GLV-T05-01,2026-08-01T05:52:00.000Z,35.70231,129.13367,70,1500,620.53,false,ok
GLV-T05,TRIP-GLV-T05-01,2026-08-01T05:54:00.000Z,35.70462,129.13495,68,1500,622.86,false,ok
GLV-T05,TRIP-GLV-T05-01,2026-08-01T05:56:00.000Z,35.70693,129.13622,66,1500,625.19,false,ok
GLV-T05,TRIP-GLV-T05-01,2026-08-01T05:58:00.000Z,35.70924,129.13750,65,1500,627.53,false,ok
GLV-T05,TRIP-GLV-T05-01,2026-08-01T06:00:00.000Z,35.71155,129.13878,64,1500,629.86,false,ok
GLV-T05,TRIP-GLV-T05-01,2026-08-01T06:02:00.000Z,35.71386,129.14006,62,1500,632.19,false,ok
GLV-T05,TRIP-GLV-T05-01,2026-08-01T06:04:00.000Z,35.71617,129.14134,61,1500,634.53,false,ok
GLV-T05,TRIP-GLV-T05-01,2026-08-01T06:06:00.000Z,35.71847,129.14261,61,1500,636.86,false,ok
GLV-T05,TRIP-GLV-T05-01,2026-08-01T06:08:00.000Z,35.72078,129.14389,60,1500,639.19,false,ok
GLV-T05,TRIP-GLV-T05-01,2026-08-01T06:10:00.000Z,35.72309,129.14517,60,1500,641.52,false,ok
GLV-T05,TRIP-GLV-T05-01,2026-08-01T06:12:00.000Z,35.72540,129.14645,60,1500,643.86,false,ok
GLV-T05,TRIP-GLV-T05-01,2026-08-01T06:14:00.000Z,35.72771,129.14773,61,1500,646.19,false,ok
GLV-T05,TRIP-GLV-T05-01,2026-08-01T06:16:00.000Z,35.73002,129.14900,61,1500,648.52,false,ok
GLV-T05,TRIP-GLV-T05-01,2026-08-01T06:18:00.000Z,35.73233,129.15028,63,1500,650.86,false,ok
GLV-T05,TRIP-GLV-T05-01,2026-08-01T06:20:00.000Z,35.73464,129.15156,64,1500,653.19,false,ok
GLV-T05,TRIP-GLV-T05-01,2026-08-01T06:22:00.000Z,35.73695,129.15284,65,1500,655.52,false,ok
GLV-T05,TRIP-GLV-T05-01,2026-08-01T06:24:00.000Z,35.73926,129.15412,67,1500,657.85,false,ok
GLV-T05,TRIP-GLV-T05-01,2026-08-01T06:26:00.000Z,35.74157,129.15539,68,1500,660.19,false,ok
GLV-T05,TRIP-GLV-T05-01,2026-08-01T06:28:00.000Z,35.74388,129.15667,70,1500,662.52,false,ok
GLV-T05,TRIP-GLV-T05-01,2026-08-01T06:30:00.000Z,35.74619,129.15795,71,1500,664.85,false,ok
GLV-T05,TRIP-GLV-T05-01,2026-08-01T06:32:00.000Z,35.74850,129.15923,73,1500,667.19,false,ok
GLV-T05,TRIP-GLV-T05-01,2026-08-01T06:34:00.000Z,35.75081,129.16051,74,1500,669.52,false,ok
GLV-T05,TRIP-GLV-T05-01,2026-08-01T06:36:00.000Z,35.75312,129.16178,75,1500,671.85,false,ok
GLV-T05,TRIP-GLV-T05-01,2026-08-01T06:38:00.000Z,35.75543,129.16306,76,1500,674.18,false,ok
GLV-T05,TRIP-GLV-T05-01,2026-08-01T06:40:00.000Z,35.75774,129.16434,76,1500,676.52,false,ok
GLV-T05,TRIP-GLV-T05-01,2026-08-01T06:42:00.000Z,35.76005,129.16562,76,1500,678.85,false,ok
GLV-T05,TRIP-GLV-T05-01,2026-08-01T06:44:00.000Z,35.76236,129.16690,76,1500,681.18,false,ok
GLV-T05,TRIP-GLV-T05-01,2026-08-01T06:46:00.000Z,35.76467,129.16817,75,1500,683.51,false,ok
GLV-T05,TRIP-GLV-T05-01,2026-08-01T06:48:00.000Z,35.76698,129.16945,74,1500,685.85,false,ok
GLV-T05,TRIP-GLV-T05-01,2026-08-01T06:50:00.000Z,35.76929,129.17073,73,1500,688.18,false,ok
GLV-T05,TRIP-GLV-T05-01,2026-08-01T06:52:00.000Z,35.77160,129.17201,72,1500,690.51,false,ok
GLV-T05,TRIP-GLV-T05-01,2026-08-01T06:54:00.000Z,35.77391,129.17329,70,1500,692.85,false,ok
GLV-T05,TRIP-GLV-T05-01,2026-08-01T06:56:00.000Z,35.77622,129.17457,69,1500,695.18,false,ok
GLV-T05,TRIP-GLV-T05-01,2026-08-01T06:58:00.000Z,35.77853,129.17584,67,1500,697.51,false,ok
GLV-T05,TRIP-GLV-T05-01,2026-08-01T07:00:00.000Z,35.78084,129.17712,66,1500,699.84,false,ok
GLV-T05,TRIP-GLV-T05-01,2026-08-01T07:02:00.000Z,35.78315,129.17840,64,1500,702.18,false,ok
GLV-T05,TRIP-GLV-T05-01,2026-08-01T07:04:00.000Z,35.78546,129.17968,63,1500,704.51,false,ok
GLV-T05,TRIP-GLV-T05-01,2026-08-01T07:06:00.000Z,35.78777,129.18096,62,1500,706.84,false,ok
GLV-T05,TRIP-GLV-T05-01,2026-08-01T07:08:00.000Z,35.79008,129.18223,61,1500,709.18,false,ok
GLV-T05,TRIP-GLV-T05-01,2026-08-01T07:10:00.000Z,35.79239,129.18351,60,1500,711.51,false,ok
GLV-T05,TRIP-GLV-T05-01,2026-08-01T07:12:00.000Z,35.79470,129.18479,60,1500,713.84,false,ok
GLV-T05,TRIP-GLV-T05-01,2026-08-01T07:14:00.000Z,35.79701,129.18607,60,1500,716.17,false,ok
GLV-T05,TRIP-GLV-T05-01,2026-08-01T07:16:00.000Z,35.79932,129.18735,60,1500,718.51,false,ok
GLV-T05,TRIP-GLV-T05-01,2026-08-01T07:18:00.000Z,35.80163,129.18862,61,1500,720.84,false,ok
GLV-T05,TRIP-GLV-T05-01,2026-08-01T07:20:00.000Z,35.80394,129.18990,62,1500,723.17,false,ok
GLV-T05,TRIP-GLV-T05-01,2026-08-01T07:22:00.000Z,35.80625,129.19118,63,1500,725.51,false,ok
GLV-T05,TRIP-GLV-T05-01,2026-08-01T07:24:00.000Z,35.80856,129.19246,65,1500,727.84,false,ok
GLV-T05,TRIP-GLV-T05-01,2026-08-01T07:26:00.000Z,35.81087,129.19374,66,1500,730.17,false,ok
GLV-T05,TRIP-GLV-T05-01,2026-08-01T07:28:00.000Z,35.81318,129.19501,68,1500,732.50,false,ok
GLV-T05,TRIP-GLV-T05-01,2026-08-01T07:30:00.000Z,35.81549,129.19629,69,1500,734.84,false,ok
GLV-T05,TRIP-GLV-T05-01,2026-08-01T07:32:00.000Z,35.81780,129.19757,71,1500,737.17,false,ok
GLV-T05,TRIP-GLV-T05-01,2026-08-01T07:34:00.000Z,35.82011,129.19885,72,1500,739.50,false,ok
GLV-T05,TRIP-GLV-T05-01,2026-08-01T07:36:00.000Z,35.82242,129.20013,74,1500,741.84,false,ok
GLV-T05,TRIP-GLV-T05-01,2026-08-01T07:38:00.000Z,35.82473,129.20140,75,1500,744.17,false,ok
GLV-T05,TRIP-GLV-T05-01,2026-08-01T07:40:00.000Z,35.82704,129.20268,75,1500,746.50,false,ok
GLV-T05,TRIP-GLV-T05-01,2026-08-01T07:42:00.000Z,35.82935,129.20396,76,1500,748.83,false,ok
GLV-T05,TRIP-GLV-T05-01,2026-08-01T01:00:00.000Z,35.83050,129.20460,68,1500,750.00,true,ok
GLV-T05,TRIP-GLV-T05-01,2026-08-01T01:02:00.000Z,35.82819,129.20332,70,1500,752.33,true,ok
GLV-T05,TRIP-GLV-T05-01,2026-08-01T01:04:00.000Z,35.82588,129.20204,71,1500,754.67,true,ok
GLV-T05,TRIP-GLV-T05-01,2026-08-01T01:06:00.000Z,35.82357,129.20077,73,1500,757.00,true,ok
GLV-T05,TRIP-GLV-T05-01,2026-08-01T01:08:00.000Z,35.82126,129.19949,74,1500,759.33,true,ok
GLV-T05,TRIP-GLV-T05-01,2026-08-01T01:10:00.000Z,35.81895,129.19821,75,1500,761.66,true,ok
GLV-T05,TRIP-GLV-T05-01,2026-08-01T01:12:00.000Z,35.81664,129.19693,75,1500,764.00,true,ok
GLV-T05,TRIP-GLV-T05-01,2026-08-01T01:14:00.000Z,35.81433,129.19565,76,1500,766.33,true,ok
GLV-T05,TRIP-GLV-T05-01,2026-08-01T01:16:00.000Z,35.81202,129.19438,76,1500,768.66,true,ok
GLV-T05,TRIP-GLV-T05-01,2026-08-01T01:18:00.000Z,35.80971,129.19310,76,1500,771.00,true,ok
GLV-T05,TRIP-GLV-T05-01,2026-08-01T01:20:00.000Z,35.80740,129.19182,75,1500,773.33,true,ok
GLV-T05,TRIP-GLV-T05-01,2026-08-01T01:22:00.000Z,35.80509,129.19054,74,1500,775.66,true,ok
GLV-T05,TRIP-GLV-T05-01,2026-08-01T01:24:00.000Z,35.80278,129.18926,73,1500,777.99,true,ok
GLV-T05,TRIP-GLV-T05-01,2026-08-01T01:26:00.000Z,35.80047,129.18799,72,1500,780.33,true,ok
GLV-T05,TRIP-GLV-T05-01,2026-08-01T01:28:00.000Z,35.79816,129.18671,71,1500,782.66,true,ok
GLV-T05,TRIP-GLV-T05-01,2026-08-01T01:30:00.000Z,35.79585,129.18543,69,1500,784.99,true,ok
GLV-T05,TRIP-GLV-T05-01,2026-08-01T01:32:00.000Z,35.79354,129.18415,68,1500,787.33,true,ok
GLV-T05,TRIP-GLV-T05-01,2026-08-01T01:34:00.000Z,35.79123,129.18287,66,1500,789.66,true,ok
GLV-T05,TRIP-GLV-T05-01,2026-08-01T01:36:00.000Z,35.78892,129.18159,64,1500,791.99,true,ok
GLV-T05,TRIP-GLV-T05-01,2026-08-01T01:38:00.000Z,35.78661,129.18032,63,1500,794.32,true,ok
GLV-T05,TRIP-GLV-T05-01,2026-08-01T01:40:00.000Z,35.78430,129.17904,62,1500,796.66,true,ok
GLV-T05,TRIP-GLV-T05-01,2026-08-01T01:42:00.000Z,35.78199,129.17776,61,1500,798.99,true,ok
GLV-T05,TRIP-GLV-T05-01,2026-08-01T01:44:00.000Z,35.77968,129.17648,60,1500,801.32,true,ok
GLV-T05,TRIP-GLV-T05-01,2026-08-01T01:46:00.000Z,35.77737,129.17520,60,1500,803.65,true,ok
GLV-T05,TRIP-GLV-T05-01,2026-08-01T01:48:00.000Z,35.77506,129.17393,60,1500,805.99,true,ok
GLV-T05,TRIP-GLV-T05-01,2026-08-01T01:50:00.000Z,35.77276,129.17265,60,1500,808.32,true,ok
GLV-T05,TRIP-GLV-T05-01,2026-08-01T01:52:00.000Z,35.77045,129.17137,61,1500,810.65,true,ok
GLV-T05,TRIP-GLV-T05-01,2026-08-01T01:54:00.000Z,35.76814,129.17009,62,1500,812.99,true,ok
GLV-T05,TRIP-GLV-T05-01,2026-08-01T01:56:00.000Z,35.76583,129.16881,63,1500,815.32,true,ok
GLV-T05,TRIP-GLV-T05-01,2026-08-01T01:58:00.000Z,35.76352,129.16754,64,1500,817.65,true,ok
GLV-T05,TRIP-GLV-T05-01,2026-08-01T02:00:00.000Z,35.76121,129.16626,66,1500,819.98,true,ok
GLV-T05,TRIP-GLV-T05-01,2026-08-01T02:02:00.000Z,35.75890,129.16498,67,1500,822.32,true,ok
GLV-T05,TRIP-GLV-T05-01,2026-08-01T02:04:00.000Z,35.75659,129.16370,69,1500,824.65,true,ok
GLV-T05,TRIP-GLV-T05-01,2026-08-01T02:06:00.000Z,35.75428,129.16242,70,1500,826.98,true,ok
GLV-T05,TRIP-GLV-T05-01,2026-08-01T02:08:00.000Z,35.75197,129.16115,72,1500,829.32,true,ok
GLV-T05,TRIP-GLV-T05-01,2026-08-01T02:10:00.000Z,35.74966,129.15987,73,1500,831.65,true,ok
GLV-T05,TRIP-GLV-T05-01,2026-08-01T02:12:00.000Z,35.74735,129.15859,74,1500,833.98,true,ok
GLV-T05,TRIP-GLV-T05-01,2026-08-01T02:14:00.000Z,35.74504,129.15731,75,1500,836.31,true,ok
GLV-T05,TRIP-GLV-T05-01,2026-08-01T02:16:00.000Z,35.74273,129.15603,76,1500,838.65,true,ok
GLV-T05,TRIP-GLV-T05-01,2026-08-01T02:18:00.000Z,35.74042,129.15476,76,1500,840.98,true,ok
GLV-T05,TRIP-GLV-T05-01,2026-08-01T02:20:00.000Z,35.73811,129.15348,76,1500,843.31,true,ok
GLV-T05,TRIP-GLV-T05-01,2026-08-01T02:22:00.000Z,35.73580,129.15220,76,1500,845.65,true,ok
GLV-T05,TRIP-GLV-T05-01,2026-08-01T02:24:00.000Z,35.73349,129.15092,75,1500,847.98,true,ok
GLV-T05,TRIP-GLV-T05-01,2026-08-01T02:26:00.000Z,35.73118,129.14964,74,1500,850.31,true,ok
GLV-T05,TRIP-GLV-T05-01,2026-08-01T02:28:00.000Z,35.72887,129.14836,73,1500,852.64,true,ok
GLV-T05,TRIP-GLV-T05-01,2026-08-01T02:30:00.000Z,35.72656,129.14709,71,1500,854.98,true,ok
GLV-T05,TRIP-GLV-T05-01,2026-08-01T02:32:00.000Z,35.72425,129.14581,70,1500,857.31,true,ok
GLV-T05,TRIP-GLV-T05-01,2026-08-01T02:34:00.000Z,35.72194,129.14453,68,1500,859.64,true,ok
GLV-T05,TRIP-GLV-T05-01,2026-08-01T02:36:00.000Z,35.71963,129.14325,67,1500,861.98,true,ok
GLV-T05,TRIP-GLV-T05-01,2026-08-01T02:38:00.000Z,35.71732,129.14197,65,1500,864.31,true,ok
GLV-T05,TRIP-GLV-T05-01,2026-08-01T02:40:00.000Z,35.71501,129.14070,64,1500,866.64,true,ok
GLV-T05,TRIP-GLV-T05-01,2026-08-01T02:42:00.000Z,35.71270,129.13942,62,1500,868.97,true,ok
GLV-T05,TRIP-GLV-T05-01,2026-08-01T02:44:00.000Z,35.71039,129.13814,61,1500,871.31,true,ok
GLV-T05,TRIP-GLV-T05-01,2026-08-01T02:46:00.000Z,35.70808,129.13686,61,1500,873.64,true,ok
GLV-T05,TRIP-GLV-T05-01,2026-08-01T02:48:00.000Z,35.70577,129.13558,60,1500,875.97,true,ok
GLV-T05,TRIP-GLV-T05-01,2026-08-01T02:50:00.000Z,35.70346,129.13431,60,1500,878.30,true,ok
GLV-T05,TRIP-GLV-T05-01,2026-08-01T02:52:00.000Z,35.70115,129.13303,60,1500,880.64,true,ok
GLV-T05,TRIP-GLV-T05-01,2026-08-01T02:54:00.000Z,35.69884,129.13175,61,1500,882.97,true,ok
GLV-T05,TRIP-GLV-T05-01,2026-08-01T02:56:00.000Z,35.69653,129.13047,61,1500,885.30,true,ok
GLV-T05,TRIP-GLV-T05-01,2026-08-01T02:58:00.000Z,35.69422,129.12919,62,1500,887.64,true,ok
GLV-T05,TRIP-GLV-T05-01,2026-08-01T03:00:00.000Z,35.69191,129.12792,64,1500,889.97,true,ok
GLV-T05,TRIP-GLV-T05-01,2026-08-01T03:02:00.000Z,35.68960,129.12664,65,1500,892.30,true,ok
GLV-T05,TRIP-GLV-T05-01,2026-08-01T03:04:00.000Z,35.68729,129.12536,67,1500,894.63,true,ok
GLV-T05,TRIP-GLV-T05-01,2026-08-01T03:06:00.000Z,35.68498,129.12408,68,1500,896.97,true,ok
GLV-T05,TRIP-GLV-T05-01,2026-08-01T03:08:00.000Z,35.68267,129.12280,70,1500,899.30,true,ok
GLV-T05,TRIP-GLV-T05-01,2026-08-01T03:10:00.000Z,35.68036,129.12153,71,1500,901.63,true,ok
GLV-T05,TRIP-GLV-T05-01,2026-08-01T03:12:00.000Z,35.67805,129.12025,73,1500,903.97,true,ok
GLV-T05,TRIP-GLV-T05-01,2026-08-01T03:14:00.000Z,35.67574,129.11897,74,1500,906.30,true,ok
GLV-T05,TRIP-GLV-T05-01,2026-08-01T03:16:00.000Z,35.67343,129.11769,75,1500,908.63,true,ok
GLV-T05,TRIP-GLV-T05-01,2026-08-01T03:18:00.000Z,35.67112,129.11641,76,1500,910.96,true,ok
GLV-T05,TRIP-GLV-T05-01,2026-08-01T03:20:00.000Z,35.66881,129.11513,76,1500,913.30,true,ok
GLV-T05,TRIP-GLV-T05-01,2026-08-01T03:22:00.000Z,35.66650,129.11386,76,1500,915.63,true,ok
GLV-T05,TRIP-GLV-T05-01,2026-08-01T03:24:00.000Z,35.66419,129.11258,76,1500,917.96,true,ok
GLV-T05,TRIP-GLV-T05-01,2026-08-01T03:26:00.000Z,35.66188,129.11130,75,1500,920.30,true,ok
GLV-T05,TRIP-GLV-T05-01,2026-08-01T03:28:00.000Z,35.65957,129.11002,74,1500,922.63,true,ok
GLV-T05,TRIP-GLV-T05-01,2026-08-01T03:30:00.000Z,35.65727,129.10874,73,1500,924.96,true,ok
GLV-T05,TRIP-GLV-T05-01,2026-08-01T03:32:00.000Z,35.65496,129.10747,72,1500,927.29,true,ok
GLV-T05,TRIP-GLV-T05-01,2026-08-01T03:34:00.000Z,35.65265,129.10619,70,1500,929.63,true,ok
GLV-T05,TRIP-GLV-T05-01,2026-08-01T03:36:00.000Z,35.65034,129.10491,69,1500,931.96,true,ok
GLV-T05,TRIP-GLV-T05-01,2026-08-01T03:38:00.000Z,35.64803,129.10363,67,1500,934.29,true,ok
GLV-T05,TRIP-GLV-T05-01,2026-08-01T03:40:00.000Z,35.64572,129.10235,66,1500,936.63,true,ok
GLV-T05,TRIP-GLV-T05-01,2026-08-01T03:42:00.000Z,35.64341,129.10108,64,1500,938.96,true,ok
GLV-T05,TRIP-GLV-T05-01,2026-08-01T03:44:00.000Z,35.64110,129.09980,63,1500,941.29,true,ok
GLV-T05,TRIP-GLV-T05-01,2026-08-01T03:46:00.000Z,35.63879,129.09852,62,1500,943.62,true,ok
GLV-T05,TRIP-GLV-T05-01,2026-08-01T03:48:00.000Z,35.63648,129.09724,61,1500,945.96,true,ok
GLV-T05,TRIP-GLV-T05-01,2026-08-01T03:50:00.000Z,35.63417,129.09596,60,1500,948.29,true,ok
GLV-T05,TRIP-GLV-T05-01,2026-08-01T03:52:00.000Z,35.63186,129.09469,60,1500,950.62,true,ok
GLV-T05,TRIP-GLV-T05-01,2026-08-01T03:54:00.000Z,35.62955,129.09341,60,1500,952.95,true,ok
GLV-T05,TRIP-GLV-T05-01,2026-08-01T03:56:00.000Z,35.62724,129.09213,60,1500,955.29,true,ok
GLV-T05,TRIP-GLV-T05-01,2026-08-01T03:58:00.000Z,35.62493,129.09085,61,1500,957.62,true,ok
GLV-T05,TRIP-GLV-T05-01,2026-08-01T04:00:00.000Z,35.62262,129.08957,62,1500,959.95,true,ok
GLV-T05,TRIP-GLV-T05-01,2026-08-01T04:02:00.000Z,35.62031,129.08830,63,1500,962.29,true,ok
GLV-T05,TRIP-GLV-T05-01,2026-08-01T04:04:00.000Z,35.61800,129.08702,65,1500,964.62,true,ok
GLV-T05,TRIP-GLV-T05-01,2026-08-01T04:06:00.000Z,35.61569,129.08574,66,1500,966.95,true,ok
GLV-T05,TRIP-GLV-T05-01,2026-08-01T04:08:00.000Z,35.61338,129.08446,68,1500,969.28,true,ok
GLV-T05,TRIP-GLV-T05-01,2026-08-01T04:10:00.000Z,35.61107,129.08318,69,1500,971.62,true,ok
GLV-T05,TRIP-GLV-T05-01,2026-08-01T04:12:00.000Z,35.60876,129.08191,71,1500,973.95,true,ok
GLV-T05,TRIP-GLV-T05-01,2026-08-01T04:14:00.000Z,35.60645,129.08063,72,1500,976.28,true,ok
GLV-T05,TRIP-GLV-T05-01,2026-08-01T04:16:00.000Z,35.60414,129.07935,73,1500,978.62,true,ok
GLV-T05,TRIP-GLV-T05-01,2026-08-01T04:18:00.000Z,35.60183,129.07807,75,1500,980.95,true,ok
GLV-T05,TRIP-GLV-T05-01,2026-08-01T04:20:00.000Z,35.59952,129.07679,75,1500,983.28,true,ok
GLV-T05,TRIP-GLV-T05-01,2026-08-01T04:22:00.000Z,35.59721,129.07551,76,1500,985.61,true,ok
GLV-T05,TRIP-GLV-T05-01,2026-08-01T04:24:00.000Z,35.59490,129.07424,76,1500,987.95,true,ok
GLV-T05,TRIP-GLV-T05-01,2026-08-01T04:26:00.000Z,35.59259,129.07296,76,1500,990.28,true,ok
GLV-T05,TRIP-GLV-T05-01,2026-08-01T04:28:00.000Z,35.59028,129.07168,75,1500,992.61,true,ok
GLV-T05,TRIP-GLV-T05-01,2026-08-01T04:30:00.000Z,35.58797,129.07040,75,1500,994.95,true,ok
GLV-T05,TRIP-GLV-T05-01,2026-08-01T04:32:00.000Z,35.58566,129.06912,74,1500,997.28,true,ok
GLV-T05,TRIP-GLV-T05-01,2026-08-01T04:34:00.000Z,35.58335,129.06785,72,1500,999.61,true,ok
GLV-T05,TRIP-GLV-T05-01,2026-08-01T04:36:00.000Z,35.58104,129.06657,71,1500,1001.94,true,ok
GLV-T05,TRIP-GLV-T05-01,2026-08-01T04:38:00.000Z,35.57873,129.06529,70,1500,1004.28,true,ok
GLV-T05,TRIP-GLV-T05-01,2026-08-01T04:40:00.000Z,35.57642,129.06401,68,1500,1006.61,true,ok
GLV-T05,TRIP-GLV-T05-01,2026-08-01T04:42:00.000Z,35.57411,129.06273,66,1500,1008.94,true,ok
GLV-T05,TRIP-GLV-T05-01,2026-08-01T04:44:00.000Z,35.57180,129.06146,65,1500,1011.28,true,ok
GLV-T05,TRIP-GLV-T05-01,2026-08-01T04:46:00.000Z,35.56949,129.06018,63,1500,1013.61,true,ok
GLV-T05,TRIP-GLV-T05-01,2026-08-01T04:48:00.000Z,35.56718,129.05890,62,1500,1015.94,true,ok
GLV-T05,TRIP-GLV-T05-01,2026-08-01T04:50:00.000Z,35.56487,129.05762,61,1500,1018.27,true,ok
GLV-T05,TRIP-GLV-T05-01,2026-08-01T04:52:00.000Z,35.56256,129.05634,61,1500,1020.61,true,ok
GLV-T05,TRIP-GLV-T05-01,2026-08-01T04:54:00.000Z,35.56025,129.05507,60,1500,1022.94,true,ok
GLV-T05,TRIP-GLV-T05-01,2026-08-01T04:56:00.000Z,35.55794,129.05379,60,1500,1025.27,true,ok
GLV-T05,TRIP-GLV-T05-01,2026-08-01T04:58:00.000Z,35.55563,129.05251,60,1500,1027.60,true,ok
GLV-T05,TRIP-GLV-T05-01,2026-08-01T05:00:00.000Z,35.55332,129.05123,61,1500,1029.94,true,ok
GLV-T05,TRIP-GLV-T05-01,2026-08-01T05:02:00.000Z,35.55101,129.04995,62,1500,1032.27,true,ok
GLV-T05,TRIP-GLV-T05-01,2026-08-01T05:04:00.000Z,35.54870,129.04868,63,1500,1034.60,true,ok
GLV-T05,TRIP-GLV-T05-01,2026-08-01T05:06:00.000Z,35.54639,129.04740,64,1500,1036.94,true,ok
GLV-T05,TRIP-GLV-T05-01,2026-08-01T05:08:00.000Z,35.54409,129.04612,65,1500,1039.27,true,ok
GLV-T05,TRIP-GLV-T05-01,2026-08-01T05:10:00.000Z,35.54178,129.04484,67,1500,1041.60,true,ok
GLV-T05,TRIP-GLV-T05-01,2026-08-01T05:12:00.000Z,35.53947,129.04356,69,1500,1043.93,true,ok
GLV-T05,TRIP-GLV-T05-01,2026-08-01T05:14:00.000Z,35.53716,129.04228,70,1500,1046.27,true,ok
GLV-T05,TRIP-GLV-T05-01,2026-08-01T05:16:00.000Z,35.53485,129.04101,72,1500,1048.60,true,ok
GLV-T05,TRIP-GLV-T05-01,2026-08-01T05:18:00.000Z,35.53254,129.03973,73,1500,1050.93,true,ok
GLV-T05,TRIP-GLV-T05-01,2026-08-01T05:20:00.000Z,35.53023,129.03845,74,1500,1053.27,true,ok
GLV-T05,TRIP-GLV-T05-01,2026-08-01T05:22:00.000Z,35.52792,129.03717,75,1500,1055.60,true,ok
GLV-T05,TRIP-GLV-T05-01,2026-08-01T05:24:00.000Z,35.52561,129.03589,76,1500,1057.93,true,ok
GLV-T05,TRIP-GLV-T05-01,2026-08-01T05:26:00.000Z,35.52330,129.03462,76,1500,1060.26,true,ok
GLV-T05,TRIP-GLV-T05-01,2026-08-01T05:28:00.000Z,35.52099,129.03334,76,1500,1062.60,true,ok
GLV-T05,TRIP-GLV-T05-01,2026-08-01T05:30:00.000Z,35.51868,129.03206,76,1500,1064.93,true,ok
GLV-T05,TRIP-GLV-T05-01,2026-08-01T05:32:00.000Z,35.51637,129.03078,75,1500,1067.26,true,ok
GLV-T05,TRIP-GLV-T05-01,2026-08-01T05:34:00.000Z,35.51406,129.02950,74,1500,1069.60,true,ok
GLV-T05,TRIP-GLV-T05-01,2026-08-01T05:36:00.000Z,35.51175,129.02823,73,1500,1071.93,true,ok
GLV-T05,TRIP-GLV-T05-01,2026-08-01T05:38:00.000Z,35.50944,129.02695,72,1500,1074.26,true,ok
GLV-T05,TRIP-GLV-T05-01,2026-08-01T05:40:00.000Z,35.50713,129.02567,70,1500,1076.59,true,ok
GLV-T05,TRIP-GLV-T05-01,2026-08-01T05:42:00.000Z,35.50482,129.02439,69,1500,1078.93,true,ok
GLV-T05,TRIP-GLV-T05-01,2026-08-01T05:44:00.000Z,35.50251,129.02311,67,1500,1081.26,true,ok
GLV-T05,TRIP-GLV-T05-01,2026-08-01T05:46:00.000Z,35.50020,129.02184,65,1500,1083.59,true,ok
GLV-T05,TRIP-GLV-T05-01,2026-08-01T05:48:00.000Z,35.49789,129.02056,64,1500,1085.93,true,ok
GLV-T05,TRIP-GLV-T05-01,2026-08-01T05:50:00.000Z,35.49558,129.01928,63,1500,1088.26,true,ok
GLV-T05,TRIP-GLV-T05-01,2026-08-01T05:52:00.000Z,35.49327,129.01800,62,1500,1090.59,true,ok
GLV-T05,TRIP-GLV-T05-01,2026-08-01T05:54:00.000Z,35.49096,129.01672,61,1500,1092.92,true,ok
GLV-T05,TRIP-GLV-T05-01,2026-08-01T05:56:00.000Z,35.48865,129.01545,60,1500,1095.26,true,ok
GLV-T05,TRIP-GLV-T05-01,2026-08-01T05:58:00.000Z,35.48634,129.01417,60,1500,1097.59,true,ok
GLV-T05,TRIP-GLV-T05-01,2026-08-01T06:00:00.000Z,35.48403,129.01289,60,1500,1099.92,true,ok
GLV-T05,TRIP-GLV-T05-01,2026-08-01T06:02:00.000Z,35.48172,129.01161,60,1500,1102.26,true,ok
GLV-T05,TRIP-GLV-T05-01,2026-08-01T06:04:00.000Z,35.47941,129.01033,61,1500,1104.59,true,ok
GLV-T05,TRIP-GLV-T05-01,2026-08-01T06:06:00.000Z,35.47710,129.00906,62,1500,1106.92,true,ok
GLV-T05,TRIP-GLV-T05-01,2026-08-01T06:08:00.000Z,35.47479,129.00778,63,1500,1109.25,true,ok
GLV-T05,TRIP-GLV-T05-01,2026-08-01T06:10:00.000Z,35.47248,129.00650,65,1500,1111.59,true,ok
GLV-T05,TRIP-GLV-T05-01,2026-08-01T06:12:00.000Z,35.47017,129.00522,66,1500,1113.92,true,ok
GLV-T05,TRIP-GLV-T05-01,2026-08-01T06:14:00.000Z,35.46786,129.00394,68,1500,1116.25,true,ok
GLV-T05,TRIP-GLV-T05-01,2026-08-01T06:16:00.000Z,35.46555,129.00266,69,1500,1118.58,true,ok
GLV-T05,TRIP-GLV-T05-01,2026-08-01T06:18:00.000Z,35.46324,129.00139,71,1500,1120.92,true,ok
GLV-T05,TRIP-GLV-T05-01,2026-08-01T06:20:00.000Z,35.46093,129.00011,72,1500,1123.25,true,ok
GLV-T05,TRIP-GLV-T05-01,2026-08-01T06:22:00.000Z,35.45862,128.99883,74,1500,1125.58,true,ok
GLV-T05,TRIP-GLV-T05-01,2026-08-01T06:24:00.000Z,35.45631,128.99755,75,1500,1127.92,true,ok
GLV-T05,TRIP-GLV-T05-01,2026-08-01T06:26:00.000Z,35.45400,128.99627,75,1500,1130.25,true,ok
GLV-T05,TRIP-GLV-T05-01,2026-08-01T06:28:00.000Z,35.45169,128.99500,76,1500,1132.58,true,ok
GLV-T05,TRIP-GLV-T05-01,2026-08-01T06:30:00.000Z,35.44938,128.99372,76,1500,1134.91,true,ok
GLV-T05,TRIP-GLV-T05-01,2026-08-01T06:32:00.000Z,35.44707,128.99244,76,1500,1137.25,true,ok
GLV-T05,TRIP-GLV-T05-01,2026-08-01T06:34:00.000Z,35.44476,128.99116,75,1500,1139.58,true,ok
GLV-T05,TRIP-GLV-T05-01,2026-08-01T06:36:00.000Z,35.44245,128.98988,75,1500,1141.91,true,ok
GLV-T05,TRIP-GLV-T05-01,2026-08-01T06:38:00.000Z,35.44014,128.98861,73,1500,1144.25,true,ok
GLV-T05,TRIP-GLV-T05-01,2026-08-01T06:40:00.000Z,35.43783,128.98733,72,1500,1146.58,true,ok
GLV-T05,TRIP-GLV-T05-01,2026-08-01T06:42:00.000Z,35.43552,128.98605,71,1500,1148.91,true,ok
GLV-T05,TRIP-GLV-T05-01,2026-08-01T06:44:00.000Z,35.43321,128.98477,69,1500,1151.24,true,ok
GLV-T05,TRIP-GLV-T05-01,2026-08-01T06:46:00.000Z,35.43090,128.98349,68,1500,1153.58,true,ok
GLV-T05,TRIP-GLV-T05-01,2026-08-01T06:48:00.000Z,35.42860,128.98222,66,1500,1155.91,true,ok
GLV-T05,TRIP-GLV-T05-01,2026-08-01T06:50:00.000Z,35.42629,128.98094,65,1500,1158.24,true,ok
GLV-T05,TRIP-GLV-T05-01,2026-08-01T06:52:00.000Z,35.42398,128.97966,63,1500,1160.58,true,ok
GLV-T05,TRIP-GLV-T05-01,2026-08-01T06:54:00.000Z,35.42167,128.97838,62,1500,1162.91,true,ok
GLV-T05,TRIP-GLV-T05-01,2026-08-01T06:56:00.000Z,35.41936,128.97710,61,1500,1165.24,true,ok
GLV-T05,TRIP-GLV-T05-01,2026-08-01T06:58:00.000Z,35.41705,128.97583,60,1500,1167.57,true,ok
GLV-T05,TRIP-GLV-T05-01,2026-08-01T07:00:00.000Z,35.41474,128.97455,60,1500,1169.91,true,ok
GLV-T05,TRIP-GLV-T05-01,2026-08-01T07:02:00.000Z,35.41243,128.97327,60,1500,1172.24,true,ok
GLV-T05,TRIP-GLV-T05-01,2026-08-01T07:04:00.000Z,35.41012,128.97199,60,1500,1174.57,true,ok
GLV-T05,TRIP-GLV-T05-01,2026-08-01T07:06:00.000Z,35.40781,128.97071,61,1500,1176.91,true,ok
GLV-T05,TRIP-GLV-T05-01,2026-08-01T07:08:00.000Z,35.40550,128.96943,62,1500,1179.24,true,ok
GLV-T05,TRIP-GLV-T05-01,2026-08-01T07:10:00.000Z,35.40319,128.96816,63,1500,1181.57,true,ok
GLV-T05,TRIP-GLV-T05-01,2026-08-01T07:12:00.000Z,35.40088,128.96688,64,1500,1183.90,true,ok
GLV-T05,TRIP-GLV-T05-01,2026-08-01T07:14:00.000Z,35.39857,128.96560,66,1500,1186.24,true,ok
GLV-T05,TRIP-GLV-T05-01,2026-08-01T07:16:00.000Z,35.39626,128.96432,67,1500,1188.57,true,ok
GLV-T05,TRIP-GLV-T05-01,2026-08-01T07:18:00.000Z,35.39395,128.96304,69,1500,1190.90,true,ok
GLV-T05,TRIP-GLV-T05-01,2026-08-01T07:20:00.000Z,35.39164,128.96177,70,1500,1193.23,true,ok
GLV-T05,TRIP-GLV-T05-01,2026-08-01T07:22:00.000Z,35.38933,128.96049,72,1500,1195.57,true,ok
GLV-T05,TRIP-GLV-T05-01,2026-08-01T07:24:00.000Z,35.38702,128.95921,73,1500,1197.90,true,ok
GLV-T05,TRIP-GLV-T05-01,2026-08-01T07:26:00.000Z,35.38471,128.95793,74,1500,1200.23,true,ok
GLV-T05,TRIP-GLV-T05-01,2026-08-01T07:28:00.000Z,35.38240,128.95665,75,1500,1202.57,true,ok
GLV-T05,TRIP-GLV-T05-01,2026-08-01T07:30:00.000Z,35.38009,128.95538,76,1500,1204.90,true,ok
GLV-T05,TRIP-GLV-T05-01,2026-08-01T07:32:00.000Z,35.37778,128.95410,76,1500,1207.23,true,ok
GLV-T05,TRIP-GLV-T05-01,2026-08-01T07:34:00.000Z,35.37547,128.95282,76,1500,1209.56,true,ok
GLV-T05,TRIP-GLV-T05-01,2026-08-01T07:36:00.000Z,35.37316,128.95154,76,1500,1211.90,true,ok
GLV-T05,TRIP-GLV-T05-01,2026-08-01T07:38:00.000Z,35.37085,128.95026,75,1500,1214.23,true,ok
GLV-T05,TRIP-GLV-T05-01,2026-08-01T07:40:00.000Z,35.36854,128.94899,74,1500,1216.56,true,ok
GLV-T05,TRIP-GLV-T05-01,2026-08-01T07:42:00.000Z,35.36623,128.94771,73,1500,1218.90,true,ok
GLV-T05,TRIP-GLV-T05-01,2026-08-01T07:44:00.000Z,35.36392,128.94643,71,1500,1221.23,true,ok
GLV-T05,TRIP-GLV-T05-01,2026-08-01T07:46:00.000Z,35.36161,128.94515,70,1500,1223.56,true,ok
GLV-T05,TRIP-GLV-T05-01,2026-08-01T07:48:00.000Z,35.35930,128.94387,68,1500,1225.89,true,ok
GLV-T05,TRIP-GLV-T05-01,2026-08-01T07:50:00.000Z,35.35699,128.94260,67,1500,1228.23,true,ok
GLV-T05,TRIP-GLV-T05-01,2026-08-01T07:52:00.000Z,35.35468,128.94132,65,1500,1230.56,true,ok
GLV-T05,TRIP-GLV-T05-01,2026-08-01T07:54:00.000Z,35.35237,128.94004,64,1500,1232.89,true,ok
GLV-T05,TRIP-GLV-T05-01,2026-08-01T07:56:00.000Z,35.35006,128.93876,62,1500,1235.23,true,ok
GLV-T05,TRIP-GLV-T05-01,2026-08-01T07:58:00.000Z,35.34775,128.93748,61,1500,1237.56,true,ok
GLV-T05,TRIP-GLV-T05-01,2026-08-01T08:00:00.000Z,35.34544,128.93620,61,1500,1239.89,true,ok
GLV-T05,TRIP-GLV-T05-01,2026-08-01T08:02:00.000Z,35.34313,128.93493,60,1500,1242.22,true,ok
GLV-T05,TRIP-GLV-T05-01,2026-08-01T08:04:00.000Z,35.34082,128.93365,60,1500,1244.56,true,ok
GLV-T05,TRIP-GLV-T05-01,2026-08-01T08:06:00.000Z,35.33851,128.93237,60,1500,1246.89,true,ok
GLV-T05,TRIP-GLV-T05-01,2026-08-01T08:08:00.000Z,35.33620,128.93109,61,1500,1249.22,true,ok
GLV-T05,TRIP-GLV-T05-01,2026-08-01T08:10:00.000Z,35.33389,128.92981,61,1500,1251.56,true,ok
GLV-T05,TRIP-GLV-T05-01,2026-08-01T08:12:00.000Z,35.33158,128.92854,62,1500,1253.89,true,ok
GLV-T05,TRIP-GLV-T05-01,2026-08-01T08:14:00.000Z,35.32927,128.92726,64,1500,1256.22,true,ok
GLV-T05,TRIP-GLV-T05-01,2026-08-01T08:16:00.000Z,35.32696,128.92598,65,1500,1258.55,true,ok
GLV-T05,TRIP-GLV-T05-01,2026-08-01T08:18:00.000Z,35.32465,128.92470,67,1500,1260.89,true,ok
GLV-T05,TRIP-GLV-T05-01,2026-08-01T08:20:00.000Z,35.32234,128.92342,68,1500,1263.22,true,ok
GLV-T05,TRIP-GLV-T05-01,2026-08-01T08:22:00.000Z,35.32003,128.92215,70,1500,1265.55,true,ok
GLV-T05,TRIP-GLV-T05-01,2026-08-01T08:24:00.000Z,35.31772,128.92087,71,1500,1267.88,true,ok
GLV-T05,TRIP-GLV-T05-01,2026-08-01T08:26:00.000Z,35.31542,128.91959,73,1500,1270.22,true,ok
GLV-T05,TRIP-GLV-T05-01,2026-08-01T08:28:00.000Z,35.31311,128.91831,74,1500,1272.55,true,ok
GLV-T05,TRIP-GLV-T05-01,2026-08-01T08:30:00.000Z,35.31080,128.91703,75,1500,1274.88,true,ok
GLV-T05,TRIP-GLV-T05-01,2026-08-01T08:32:00.000Z,35.30849,128.91576,76,1500,1277.22,true,ok
GLV-T05,TRIP-GLV-T05-01,2026-08-01T08:34:00.000Z,35.30618,128.91448,76,1500,1279.55,true,ok
GLV-T05,TRIP-GLV-T05-01,2026-08-01T08:36:00.000Z,35.30387,128.91320,76,1500,1281.88,true,ok
GLV-T05,TRIP-GLV-T05-01,2026-08-01T08:38:00.000Z,35.30156,128.91192,76,1500,1284.21,true,ok
GLV-T05,TRIP-GLV-T05-01,2026-08-01T08:40:00.000Z,35.29925,128.91064,75,1500,1286.55,true,ok
GLV-T05,TRIP-GLV-T05-01,2026-08-01T08:42:00.000Z,35.29694,128.90937,74,1500,1288.88,true,ok
GLV-T05,TRIP-GLV-T05-01,2026-08-01T08:44:00.000Z,35.29463,128.90809,73,1500,1291.21,true,ok
GLV-T05,TRIP-GLV-T05-01,2026-08-01T08:46:00.000Z,35.29232,128.90681,72,1500,1293.55,true,ok
GLV-T05,TRIP-GLV-T05-01,2026-08-01T08:48:00.000Z,35.29001,128.90553,71,1500,1295.88,true,ok
GLV-T05,TRIP-GLV-T05-01,2026-08-01T08:50:00.000Z,35.28770,128.90425,69,1500,1298.21,true,ok
GLV-T05,TRIP-GLV-T05-01,2026-08-01T08:52:00.000Z,35.28539,128.90298,67,1500,1300.54,true,ok
GLV-T05,TRIP-GLV-T05-01,2026-08-01T08:54:00.000Z,35.28308,128.90170,66,1500,1302.88,true,ok
GLV-T05,TRIP-GLV-T05-01,2026-08-01T08:56:00.000Z,35.28077,128.90042,64,1500,1305.21,true,ok
GLV-T05,TRIP-GLV-T05-01,2026-08-01T08:58:00.000Z,35.27846,128.89914,63,1500,1307.54,true,ok
GLV-T05,TRIP-GLV-T05-01,2026-08-01T09:00:00.000Z,35.27615,128.89786,62,1500,1309.88,true,ok
GLV-T05,TRIP-GLV-T05-01,2026-08-01T09:02:00.000Z,35.27384,128.89658,61,1500,1312.21,true,ok
GLV-T05,TRIP-GLV-T05-01,2026-08-01T09:04:00.000Z,35.27153,128.89531,60,1500,1314.54,true,ok
GLV-T05,TRIP-GLV-T05-01,2026-08-01T09:06:00.000Z,35.26922,128.89403,60,1500,1316.87,true,ok
GLV-T05,TRIP-GLV-T05-01,2026-08-01T09:08:00.000Z,35.26691,128.89275,60,1500,1319.21,true,ok
GLV-T05,TRIP-GLV-T05-01,2026-08-01T09:10:00.000Z,35.26460,128.89147,60,1500,1321.54,true,ok
GLV-T05,TRIP-GLV-T05-01,2026-08-01T09:12:00.000Z,35.26229,128.89019,61,1500,1323.87,true,ok
GLV-T05,TRIP-GLV-T05-01,2026-08-01T09:14:00.000Z,35.25998,128.88892,62,1500,1326.21,true,ok
GLV-T05,TRIP-GLV-T05-01,2026-08-01T09:16:00.000Z,35.25767,128.88764,63,1500,1328.54,true,ok
GLV-T05,TRIP-GLV-T05-01,2026-08-01T09:18:00.000Z,35.25536,128.88636,64,1500,1330.87,true,ok
GLV-T05,TRIP-GLV-T05-01,2026-08-01T09:20:00.000Z,35.25305,128.88508,66,1500,1333.20,true,ok
GLV-T05,TRIP-GLV-T05-01,2026-08-01T09:22:00.000Z,35.25074,128.88380,67,1500,1335.54,true,ok
GLV-T05,TRIP-GLV-T05-01,2026-08-01T09:24:00.000Z,35.24843,128.88253,69,1500,1337.87,true,ok
GLV-T05,TRIP-GLV-T05-01,2026-08-01T09:26:00.000Z,35.24612,128.88125,71,1500,1340.20,true,ok
GLV-T05,TRIP-GLV-T05-01,2026-08-01T09:28:00.000Z,35.24381,128.87997,72,1500,1342.53,true,ok
GLV-T05,TRIP-GLV-T05-01,2026-08-01T09:30:00.000Z,35.24150,128.87869,73,1500,1344.87,true,ok
GLV-T05,TRIP-GLV-T05-01,2026-08-01T09:32:00.000Z,35.23919,128.87741,74,1500,1347.20,true,ok
GLV-T05,TRIP-GLV-T05-01,2026-08-01T09:34:00.000Z,35.23688,128.87614,75,1500,1349.53,true,ok
GLV-T05,TRIP-GLV-T05-01,2026-08-01T09:36:00.000Z,35.23457,128.87486,76,1500,1351.87,true,ok
GLV-T05,TRIP-GLV-T05-01,2026-08-01T09:38:00.000Z,35.23226,128.87358,76,1500,1354.20,true,ok
GLV-T05,TRIP-GLV-T05-01,2026-08-01T09:40:00.000Z,35.22995,128.87230,76,1500,1356.53,true,ok
GLV-T05,TRIP-GLV-T05-01,2026-08-01T09:42:00.000Z,35.22764,128.87102,75,1500,1358.86,true,ok
GLV-T05,TRIP-GLV-T05-01,2026-08-01T09:44:00.000Z,35.22533,128.86975,75,1500,1361.20,true,ok
GLV-T05,TRIP-GLV-T05-01,2026-08-01T09:46:00.000Z,35.22302,128.86847,74,1500,1363.53,true,ok
GLV-T05,TRIP-GLV-T05-01,2026-08-01T09:48:00.000Z,35.22071,128.86719,73,1500,1365.86,true,ok
GLV-T05,TRIP-GLV-T05-01,2026-08-01T09:50:00.000Z,35.21840,128.86591,71,1500,1368.20,true,ok
GLV-T05,TRIP-GLV-T05-01,2026-08-01T09:52:00.000Z,35.21609,128.86463,70,1500,1370.53,true,ok
GLV-T05,TRIP-GLV-T05-01,2026-08-01T09:54:00.000Z,35.21378,128.86335,68,1500,1372.86,true,ok
GLV-T05,TRIP-GLV-T05-01,2026-08-01T09:56:00.000Z,35.21147,128.86208,66,1500,1375.19,true,ok
GLV-T05,TRIP-GLV-T05-01,2026-08-01T09:58:00.000Z,35.20916,128.86080,65,1500,1377.53,true,ok
GLV-T05,TRIP-GLV-T05-01,2026-08-01T10:00:00.000Z,35.20685,128.85952,64,1500,1379.86,true,ok
GLV-T05,TRIP-GLV-T05-01,2026-08-01T10:02:00.000Z,35.20454,128.85824,62,1500,1382.19,true,ok
GLV-T05,TRIP-GLV-T05-01,2026-08-01T10:04:00.000Z,35.20223,128.85696,61,1500,1384.53,true,ok
GLV-T05,TRIP-GLV-T05-01,2026-08-01T10:06:00.000Z,35.19993,128.85569,61,1500,1386.86,true,ok
GLV-T05,TRIP-GLV-T05-01,2026-08-01T10:08:00.000Z,35.19762,128.85441,60,1500,1389.19,true,ok
GLV-T05,TRIP-GLV-T05-01,2026-08-01T10:10:00.000Z,35.19531,128.85313,60,1500,1391.52,true,ok
GLV-T05,TRIP-GLV-T05-01,2026-08-01T10:12:00.000Z,35.19300,128.85185,60,1500,1393.86,true,ok
GLV-T05,TRIP-GLV-T05-01,2026-08-01T10:14:00.000Z,35.19069,128.85057,61,1500,1396.19,true,ok
GLV-T05,TRIP-GLV-T05-01,2026-08-01T10:16:00.000Z,35.18838,128.84930,61,1500,1398.52,true,ok
GLV-T05,TRIP-GLV-T05-01,2026-08-01T10:18:00.000Z,35.18607,128.84802,63,1500,1400.86,true,ok
GLV-T05,TRIP-GLV-T05-01,2026-08-01T10:20:00.000Z,35.18376,128.84674,64,1500,1403.19,true,ok
GLV-T05,TRIP-GLV-T05-01,2026-08-01T10:22:00.000Z,35.18145,128.84546,65,1500,1405.52,true,ok
GLV-T05,TRIP-GLV-T05-01,2026-08-01T10:24:00.000Z,35.17914,128.84418,67,1500,1407.85,true,ok
GLV-T05,TRIP-GLV-T05-01,2026-08-01T10:26:00.000Z,35.17683,128.84291,68,1500,1410.19,true,ok
GLV-T05,TRIP-GLV-T05-01,2026-08-01T10:28:00.000Z,35.17452,128.84163,70,1500,1412.52,true,ok
GLV-T05,TRIP-GLV-T05-01,2026-08-01T10:30:00.000Z,35.17221,128.84035,71,1500,1414.85,true,ok
GLV-T05,TRIP-GLV-T05-01,2026-08-01T10:32:00.000Z,35.16990,128.83907,73,1500,1417.19,true,ok
GLV-T05,TRIP-GLV-T05-01,2026-08-01T10:34:00.000Z,35.16759,128.83779,74,1500,1419.52,true,ok
GLV-T05,TRIP-GLV-T05-01,2026-08-01T10:36:00.000Z,35.16528,128.83652,75,1500,1421.85,true,ok
GLV-T05,TRIP-GLV-T05-01,2026-08-01T10:38:00.000Z,35.16297,128.83524,76,1500,1424.18,true,ok
GLV-T05,TRIP-GLV-T05-01,2026-08-01T10:40:00.000Z,35.16066,128.83396,76,1500,1426.52,true,ok
GLV-T05,TRIP-GLV-T05-01,2026-08-01T10:42:00.000Z,35.15835,128.83268,76,1500,1428.85,true,ok
GLV-T05,TRIP-GLV-T05-01,2026-08-01T10:44:00.000Z,35.15604,128.83140,76,1500,1431.18,true,ok
GLV-T05,TRIP-GLV-T05-01,2026-08-01T10:46:00.000Z,35.15373,128.83013,75,1500,1433.51,true,ok
GLV-T05,TRIP-GLV-T05-01,2026-08-01T10:48:00.000Z,35.15142,128.82885,74,1500,1435.85,true,ok
GLV-T05,TRIP-GLV-T05-01,2026-08-01T10:50:00.000Z,35.14911,128.82757,73,1500,1438.18,true,ok
GLV-T05,TRIP-GLV-T05-01,2026-08-01T10:52:00.000Z,35.14680,128.82629,72,1500,1440.51,true,ok
GLV-T05,TRIP-GLV-T05-01,2026-08-01T10:54:00.000Z,35.14449,128.82501,70,1500,1442.85,true,ok
GLV-T05,TRIP-GLV-T05-01,2026-08-01T10:56:00.000Z,35.14218,128.82373,69,1500,1445.18,true,ok
GLV-T05,TRIP-GLV-T05-01,2026-08-01T10:58:00.000Z,35.13987,128.82246,67,1500,1447.51,true,ok
GLV-T05,TRIP-GLV-T05-01,2026-08-01T11:00:00.000Z,35.13756,128.82118,66,1500,1449.84,true,ok
GLV-T05,TRIP-GLV-T05-01,2026-08-01T11:02:00.000Z,35.13525,128.81990,64,1500,1452.18,true,ok
GLV-T05,TRIP-GLV-T05-01,2026-08-01T11:04:00.000Z,35.13294,128.81862,63,1500,1454.51,true,ok
GLV-T05,TRIP-GLV-T05-01,2026-08-01T11:06:00.000Z,35.13063,128.81734,62,1500,1456.84,true,ok
GLV-T05,TRIP-GLV-T05-01,2026-08-01T11:08:00.000Z,35.12832,128.81607,61,1500,1459.18,true,ok
GLV-T05,TRIP-GLV-T05-01,2026-08-01T11:10:00.000Z,35.12601,128.81479,60,1500,1461.51,true,ok
GLV-T05,TRIP-GLV-T05-01,2026-08-01T11:12:00.000Z,35.12370,128.81351,60,1500,1463.84,true,ok
GLV-T05,TRIP-GLV-T05-01,2026-08-01T11:14:00.000Z,35.12139,128.81223,60,1500,1466.17,true,ok
GLV-T05,TRIP-GLV-T05-01,2026-08-01T11:16:00.000Z,35.11908,128.81095,60,1500,1468.51,true,ok
GLV-T05,TRIP-GLV-T05-01,2026-08-01T11:18:00.000Z,35.11677,128.80968,61,1500,1470.84,true,ok
GLV-T05,TRIP-GLV-T05-01,2026-08-01T11:20:00.000Z,35.11446,128.80840,62,1500,1473.17,true,ok
GLV-T05,TRIP-GLV-T05-01,2026-08-01T11:22:00.000Z,35.11215,128.80712,63,1500,1475.51,true,ok
GLV-T05,TRIP-GLV-T05-01,2026-08-01T11:24:00.000Z,35.10984,128.80584,65,1500,1477.84,true,ok
GLV-T05,TRIP-GLV-T05-01,2026-08-01T11:26:00.000Z,35.10753,128.80456,66,1500,1480.17,true,ok
GLV-T05,TRIP-GLV-T05-01,2026-08-01T11:28:00.000Z,35.10522,128.80329,68,1500,1482.50,true,ok
GLV-T05,TRIP-GLV-T05-01,2026-08-01T11:30:00.000Z,35.10291,128.80201,69,1500,1484.84,true,ok
GLV-T05,TRIP-GLV-T05-01,2026-08-01T11:32:00.000Z,35.10060,128.80073,71,1500,1487.17,true,ok
GLV-T05,TRIP-GLV-T05-01,2026-08-01T11:34:00.000Z,35.09829,128.79945,72,1500,1489.50,true,ok
GLV-T05,TRIP-GLV-T05-01,2026-08-01T11:36:00.000Z,35.09598,128.79817,74,1500,1491.84,true,ok
GLV-T05,TRIP-GLV-T05-01,2026-08-01T11:38:00.000Z,35.09367,128.79690,75,1500,1494.17,true,ok
GLV-T05,TRIP-GLV-T05-01,2026-08-01T11:40:00.000Z,35.09136,128.79562,75,1500,1496.50,true,ok
GLV-T05,TRIP-GLV-T05-01,2026-08-01T11:42:00.000Z,35.08905,128.79434,76,1500,1498.83,true,ok
GLV-T06,TRIP-GLV-T06-01,2026-07-31T21:00:00.000Z,35.08790,128.79370,68,1500,0.00,false,ok
GLV-T06,TRIP-GLV-T06-01,2026-07-31T21:02:00.000Z,35.08963,128.79466,70,1500,2.33,false,ok
GLV-T06,TRIP-GLV-T06-01,2026-07-31T21:04:00.000Z,35.09137,128.79562,71,1500,4.67,false,ok
GLV-T06,TRIP-GLV-T06-01,2026-07-31T21:06:00.000Z,35.09310,128.79658,73,1500,7.00,false,ok
GLV-T06,TRIP-GLV-T06-01,2026-07-31T21:08:00.000Z,35.09483,128.79754,74,1500,9.33,false,ok
GLV-T06,TRIP-GLV-T06-01,2026-07-31T21:10:00.000Z,35.09657,128.79849,75,1500,11.67,false,ok
GLV-T06,TRIP-GLV-T06-01,2026-07-31T21:12:00.000Z,35.09830,128.79945,75,1500,14.00,false,ok
GLV-T06,TRIP-GLV-T06-01,2026-07-31T21:14:00.000Z,35.10003,128.80041,76,1500,16.34,false,ok
GLV-T06,TRIP-GLV-T06-01,2026-07-31T21:16:00.000Z,35.10176,128.80137,76,1500,18.67,false,ok
GLV-T06,TRIP-GLV-T06-01,2026-07-31T21:18:00.000Z,35.10350,128.80233,76,1500,21.00,false,ok
GLV-T06,TRIP-GLV-T06-01,2026-07-31T21:20:00.000Z,35.10523,128.80329,75,1500,23.34,false,ok
GLV-T06,TRIP-GLV-T06-01,2026-07-31T21:22:00.000Z,35.10696,128.80425,74,1500,25.67,false,ok
GLV-T06,TRIP-GLV-T06-01,2026-07-31T21:24:00.000Z,35.10870,128.80521,73,1500,28.00,false,ok
GLV-T06,TRIP-GLV-T06-01,2026-07-31T21:26:00.000Z,35.11043,128.80617,72,1500,30.34,false,ok
GLV-T06,TRIP-GLV-T06-01,2026-07-31T21:28:00.000Z,35.11216,128.80712,71,1500,32.67,false,ok
GLV-T06,TRIP-GLV-T06-01,2026-07-31T21:30:00.000Z,35.11390,128.80808,69,1500,35.01,false,ok
GLV-T06,TRIP-GLV-T06-01,2026-07-31T21:32:00.000Z,35.11563,128.80904,68,1500,37.34,false,ok
GLV-T06,TRIP-GLV-T06-01,2026-07-31T21:34:00.000Z,35.11736,128.81000,66,1500,39.67,false,ok
GLV-T06,TRIP-GLV-T06-01,2026-07-31T21:36:00.000Z,35.11909,128.81096,64,1500,42.01,false,ok
GLV-T06,TRIP-GLV-T06-01,2026-07-31T21:38:00.000Z,35.12083,128.81192,63,1500,44.34,false,ok
GLV-T06,TRIP-GLV-T06-01,2026-07-31T21:40:00.000Z,35.12256,128.81288,62,1500,46.67,false,ok
GLV-T06,TRIP-GLV-T06-01,2026-07-31T21:42:00.000Z,35.12429,128.81384,61,1500,49.01,false,ok
GLV-T06,TRIP-GLV-T06-01,2026-07-31T21:44:00.000Z,35.12603,128.81480,60,1500,51.34,false,ok
GLV-T06,TRIP-GLV-T06-01,2026-07-31T21:46:00.000Z,35.12776,128.81576,60,1500,53.68,false,ok
GLV-T06,TRIP-GLV-T06-01,2026-07-31T21:48:00.000Z,35.12949,128.81671,60,1500,56.01,false,ok
GLV-T06,TRIP-GLV-T06-01,2026-07-31T21:50:00.000Z,35.13123,128.81767,60,1500,58.34,false,ok
GLV-T06,TRIP-GLV-T06-01,2026-07-31T21:52:00.000Z,35.13296,128.81863,61,1500,60.68,false,ok
GLV-T06,TRIP-GLV-T06-01,2026-07-31T21:54:00.000Z,35.13469,128.81959,62,1500,63.01,false,ok
GLV-T06,TRIP-GLV-T06-01,2026-07-31T21:56:00.000Z,35.13642,128.82055,63,1500,65.34,false,ok
GLV-T06,TRIP-GLV-T06-01,2026-07-31T21:58:00.000Z,35.13816,128.82151,64,1500,67.68,false,ok
GLV-T06,TRIP-GLV-T06-01,2026-07-31T22:00:00.000Z,35.13989,128.82247,66,1500,70.01,false,ok
GLV-T06,TRIP-GLV-T06-01,2026-07-31T22:02:00.000Z,35.14162,128.82343,67,1500,72.35,false,ok
GLV-T06,TRIP-GLV-T06-01,2026-07-31T22:04:00.000Z,35.14336,128.82439,69,1500,74.68,false,ok
GLV-T06,TRIP-GLV-T06-01,2026-07-31T22:06:00.000Z,35.14509,128.82534,70,1500,77.01,false,ok
GLV-T06,TRIP-GLV-T06-01,2026-07-31T22:08:00.000Z,35.14682,128.82630,72,1500,79.35,false,ok
GLV-T06,TRIP-GLV-T06-01,2026-07-31T22:10:00.000Z,35.14856,128.82726,73,1500,81.68,false,ok
GLV-T06,TRIP-GLV-T06-01,2026-07-31T22:12:00.000Z,35.15029,128.82822,74,1500,84.01,false,ok
GLV-T06,TRIP-GLV-T06-01,2026-07-31T22:14:00.000Z,35.15202,128.82918,75,1500,86.35,false,ok
GLV-T06,TRIP-GLV-T06-01,2026-07-31T22:16:00.000Z,35.15375,128.83014,76,1500,88.68,false,ok
GLV-T06,TRIP-GLV-T06-01,2026-07-31T22:18:00.000Z,35.15549,128.83110,76,1500,91.02,false,ok
GLV-T06,TRIP-GLV-T06-01,2026-07-31T22:20:00.000Z,35.15722,128.83206,76,1500,93.35,false,ok
GLV-T06,TRIP-GLV-T06-01,2026-07-31T22:22:00.000Z,35.15895,128.83302,76,1500,95.68,false,ok
GLV-T06,TRIP-GLV-T06-01,2026-07-31T22:24:00.000Z,35.16069,128.83397,75,1500,98.02,false,ok
GLV-T06,TRIP-GLV-T06-01,2026-07-31T22:26:00.000Z,35.16242,128.83493,74,1500,100.35,false,ok
GLV-T06,TRIP-GLV-T06-01,2026-07-31T22:28:00.000Z,35.16415,128.83589,73,1500,102.68,false,ok
GLV-T06,TRIP-GLV-T06-01,2026-07-31T22:30:00.000Z,35.16589,128.83685,71,1500,105.02,false,ok
GLV-T06,TRIP-GLV-T06-01,2026-07-31T22:32:00.000Z,35.16762,128.83781,70,1500,107.35,false,ok
GLV-T06,TRIP-GLV-T06-01,2026-07-31T22:34:00.000Z,35.16935,128.83877,68,1500,109.68,false,ok
GLV-T06,TRIP-GLV-T06-01,2026-07-31T22:36:00.000Z,35.17109,128.83973,67,1500,112.02,false,ok
GLV-T06,TRIP-GLV-T06-01,2026-07-31T22:38:00.000Z,35.17282,128.84069,65,1500,114.35,false,ok
GLV-T06,TRIP-GLV-T06-01,2026-07-31T22:40:00.000Z,35.17455,128.84165,64,1500,116.69,false,ok
GLV-T06,TRIP-GLV-T06-01,2026-07-31T22:42:00.000Z,35.17628,128.84261,62,1500,119.02,false,ok
GLV-T06,TRIP-GLV-T06-01,2026-07-31T22:44:00.000Z,35.17802,128.84356,61,1500,121.35,false,ok
GLV-T06,TRIP-GLV-T06-01,2026-07-31T22:46:00.000Z,35.17975,128.84452,61,1500,123.69,false,ok
GLV-T06,TRIP-GLV-T06-01,2026-07-31T22:48:00.000Z,35.18148,128.84548,60,1500,126.02,false,ok
GLV-T06,TRIP-GLV-T06-01,2026-07-31T22:50:00.000Z,35.18322,128.84644,60,1500,128.35,false,ok
GLV-T06,TRIP-GLV-T06-01,2026-07-31T22:52:00.000Z,35.18495,128.84740,60,1500,130.69,false,ok
GLV-T06,TRIP-GLV-T06-01,2026-07-31T22:54:00.000Z,35.18668,128.84836,61,1500,133.02,false,ok
GLV-T06,TRIP-GLV-T06-01,2026-07-31T22:56:00.000Z,35.18842,128.84932,61,1500,135.36,false,ok
GLV-T06,TRIP-GLV-T06-01,2026-07-31T22:58:00.000Z,35.19015,128.85028,62,1500,137.69,false,ok
GLV-T06,TRIP-GLV-T06-01,2026-07-31T23:00:00.000Z,35.19188,128.85124,64,1500,140.02,false,ok
GLV-T06,TRIP-GLV-T06-01,2026-07-31T23:02:00.000Z,35.19361,128.85219,65,1500,142.36,false,ok
GLV-T06,TRIP-GLV-T06-01,2026-07-31T23:04:00.000Z,35.19535,128.85315,67,1500,144.69,false,ok
GLV-T06,TRIP-GLV-T06-01,2026-07-31T23:06:00.000Z,35.19708,128.85411,68,1500,147.02,false,ok
GLV-T06,TRIP-GLV-T06-01,2026-07-31T23:08:00.000Z,35.19881,128.85507,70,1500,149.36,false,ok
GLV-T06,TRIP-GLV-T06-01,2026-07-31T23:10:00.000Z,35.20055,128.85603,71,1500,151.69,false,ok
GLV-T06,TRIP-GLV-T06-01,2026-07-31T23:12:00.000Z,35.20228,128.85699,73,1500,154.03,false,ok
GLV-T06,TRIP-GLV-T06-01,2026-07-31T23:14:00.000Z,35.20401,128.85795,74,1500,156.36,false,ok
GLV-T06,TRIP-GLV-T06-01,2026-07-31T23:16:00.000Z,35.20575,128.85891,75,1500,158.69,false,ok
GLV-T06,TRIP-GLV-T06-01,2026-07-31T23:18:00.000Z,35.20748,128.85987,76,1500,161.03,false,ok
GLV-T06,TRIP-GLV-T06-01,2026-07-31T23:20:00.000Z,35.20921,128.86082,76,1500,163.36,false,ok
GLV-T06,TRIP-GLV-T06-01,2026-07-31T23:22:00.000Z,35.21094,128.86178,76,1500,165.69,false,ok
GLV-T06,TRIP-GLV-T06-01,2026-07-31T23:24:00.000Z,35.21268,128.86274,76,1500,168.03,false,ok
GLV-T06,TRIP-GLV-T06-01,2026-07-31T23:26:00.000Z,35.21441,128.86370,75,1500,170.36,false,ok
GLV-T06,TRIP-GLV-T06-01,2026-07-31T23:28:00.000Z,35.21614,128.86466,74,1500,172.70,false,ok
GLV-T06,TRIP-GLV-T06-01,2026-07-31T23:30:00.000Z,35.21788,128.86562,73,1500,175.03,false,ok
GLV-T06,TRIP-GLV-T06-01,2026-07-31T23:32:00.000Z,35.21961,128.86658,72,1500,177.36,false,ok
GLV-T06,TRIP-GLV-T06-01,2026-07-31T23:34:00.000Z,35.22134,128.86754,70,1500,179.70,false,ok
GLV-T06,TRIP-GLV-T06-01,2026-07-31T23:36:00.000Z,35.22308,128.86850,69,1500,182.03,false,ok
GLV-T06,TRIP-GLV-T06-01,2026-07-31T23:38:00.000Z,35.22481,128.86946,67,1500,184.36,false,ok
GLV-T06,TRIP-GLV-T06-01,2026-07-31T23:40:00.000Z,35.22654,128.87041,66,1500,186.70,false,ok
GLV-T06,TRIP-GLV-T06-01,2026-07-31T23:42:00.000Z,35.22827,128.87137,64,1500,189.03,false,ok
GLV-T06,TRIP-GLV-T06-01,2026-07-31T23:44:00.000Z,35.23001,128.87233,63,1500,191.37,false,ok
GLV-T06,TRIP-GLV-T06-01,2026-07-31T23:46:00.000Z,35.23174,128.87329,62,1500,193.70,false,ok
GLV-T06,TRIP-GLV-T06-01,2026-07-31T23:48:00.000Z,35.23347,128.87425,61,1500,196.03,false,ok
GLV-T06,TRIP-GLV-T06-01,2026-07-31T23:50:00.000Z,35.23521,128.87521,60,1500,198.37,false,ok
GLV-T06,TRIP-GLV-T06-01,2026-07-31T23:52:00.000Z,35.23694,128.87617,60,1500,200.70,false,ok
GLV-T06,TRIP-GLV-T06-01,2026-07-31T23:54:00.000Z,35.23867,128.87713,60,1500,203.03,false,ok
GLV-T06,TRIP-GLV-T06-01,2026-07-31T23:56:00.000Z,35.24041,128.87809,60,1500,205.37,false,ok
GLV-T06,TRIP-GLV-T06-01,2026-07-31T23:58:00.000Z,35.24214,128.87904,61,1500,207.70,false,ok
GLV-T06,TRIP-GLV-T06-01,2026-08-01T00:00:00.000Z,35.24387,128.88000,62,1500,210.04,false,ok
GLV-T06,TRIP-GLV-T06-01,2026-08-01T00:02:00.000Z,35.24561,128.88096,63,1500,212.37,false,ok
GLV-T06,TRIP-GLV-T06-01,2026-08-01T00:04:00.000Z,35.24734,128.88192,65,1500,214.70,false,ok
GLV-T06,TRIP-GLV-T06-01,2026-08-01T00:06:00.000Z,35.24907,128.88288,66,1500,217.04,false,ok
GLV-T06,TRIP-GLV-T06-01,2026-08-01T00:08:00.000Z,35.25080,128.88384,68,1500,219.37,false,ok
GLV-T06,TRIP-GLV-T06-01,2026-08-01T00:10:00.000Z,35.25254,128.88480,69,1500,221.70,false,ok
GLV-T06,TRIP-GLV-T06-01,2026-08-01T00:12:00.000Z,35.25427,128.88576,71,1500,224.04,false,ok
GLV-T06,TRIP-GLV-T06-01,2026-08-01T00:14:00.000Z,35.25600,128.88672,72,1500,226.37,false,ok
GLV-T06,TRIP-GLV-T06-01,2026-08-01T00:16:00.000Z,35.25774,128.88767,73,1500,228.70,false,ok
GLV-T06,TRIP-GLV-T06-01,2026-08-01T00:18:00.000Z,35.25947,128.88863,75,1500,231.04,false,ok
GLV-T06,TRIP-GLV-T06-01,2026-08-01T00:20:00.000Z,35.26120,128.88959,75,1500,233.37,false,ok
GLV-T06,TRIP-GLV-T06-01,2026-08-01T00:22:00.000Z,35.26294,128.89055,76,1500,235.71,false,ok
GLV-T06,TRIP-GLV-T06-01,2026-08-01T00:24:00.000Z,35.26467,128.89151,76,1500,238.04,false,ok
GLV-T06,TRIP-GLV-T06-01,2026-08-01T00:26:00.000Z,35.26640,128.89247,76,1500,240.37,false,ok
GLV-T06,TRIP-GLV-T06-01,2026-08-01T00:28:00.000Z,35.26813,128.89343,75,1500,242.71,false,ok
GLV-T06,TRIP-GLV-T06-01,2026-08-01T00:30:00.000Z,35.26987,128.89439,75,1500,245.04,false,ok
GLV-T06,TRIP-GLV-T06-01,2026-08-01T00:32:00.000Z,35.27160,128.89535,74,1500,247.37,false,ok
GLV-T06,TRIP-GLV-T06-01,2026-08-01T00:34:00.000Z,35.27333,128.89631,72,1500,249.71,false,ok
GLV-T06,TRIP-GLV-T06-01,2026-08-01T00:36:00.000Z,35.27507,128.89726,71,1500,252.04,false,ok
GLV-T06,TRIP-GLV-T06-01,2026-08-01T00:38:00.000Z,35.27680,128.89822,70,1500,254.38,false,ok
GLV-T06,TRIP-GLV-T06-01,2026-08-01T00:40:00.000Z,35.27853,128.89918,68,1500,256.71,false,ok
GLV-T06,TRIP-GLV-T06-01,2026-08-01T00:42:00.000Z,35.28027,128.90014,66,1500,259.04,false,ok
GLV-T06,TRIP-GLV-T06-01,2026-08-01T00:44:00.000Z,35.28200,128.90110,65,1500,261.38,false,ok
GLV-T06,TRIP-GLV-T06-01,2026-08-01T00:46:00.000Z,35.28373,128.90206,63,1500,263.71,false,ok
GLV-T06,TRIP-GLV-T06-01,2026-08-01T00:48:00.000Z,35.28546,128.90302,62,1500,266.04,false,ok
GLV-T06,TRIP-GLV-T06-01,2026-08-01T00:50:00.000Z,35.28720,128.90398,61,1500,268.38,false,ok
GLV-T06,TRIP-GLV-T06-01,2026-08-01T00:52:00.000Z,35.28893,128.90494,61,1500,270.71,false,ok
GLV-T06,TRIP-GLV-T06-01,2026-08-01T00:54:00.000Z,35.29066,128.90589,60,1500,273.05,false,ok
GLV-T06,TRIP-GLV-T06-01,2026-08-01T00:56:00.000Z,35.29240,128.90685,60,1500,275.38,false,ok
GLV-T06,TRIP-GLV-T06-01,2026-08-01T00:58:00.000Z,35.29413,128.90781,60,1500,277.71,false,ok
GLV-T06,TRIP-GLV-T06-01,2026-08-01T01:00:00.000Z,35.29586,128.90877,61,1500,280.05,false,ok
GLV-T06,TRIP-GLV-T06-01,2026-08-01T01:02:00.000Z,35.29760,128.90973,62,1500,282.38,false,ok
GLV-T06,TRIP-GLV-T06-01,2026-08-01T01:04:00.000Z,35.29933,128.91069,63,1500,284.71,false,ok
GLV-T06,TRIP-GLV-T06-01,2026-08-01T01:06:00.000Z,35.30106,128.91165,64,1500,287.05,false,ok
GLV-T06,TRIP-GLV-T06-01,2026-08-01T01:08:00.000Z,35.30279,128.91261,65,1500,289.38,false,ok
GLV-T06,TRIP-GLV-T06-01,2026-08-01T01:10:00.000Z,35.30453,128.91357,67,1500,291.72,false,ok
GLV-T06,TRIP-GLV-T06-01,2026-08-01T01:12:00.000Z,35.30626,128.91452,69,1500,294.05,false,ok
GLV-T06,TRIP-GLV-T06-01,2026-08-01T01:14:00.000Z,35.30799,128.91548,70,1500,296.38,false,ok
GLV-T06,TRIP-GLV-T06-01,2026-08-01T01:16:00.000Z,35.30973,128.91644,72,1500,298.72,false,ok
GLV-T06,TRIP-GLV-T06-01,2026-08-01T01:18:00.000Z,35.31146,128.91740,73,1500,301.05,false,ok
GLV-T06,TRIP-GLV-T06-01,2026-08-01T01:20:00.000Z,35.31319,128.91836,74,1500,303.38,false,ok
GLV-T06,TRIP-GLV-T06-01,2026-08-01T01:22:00.000Z,35.31493,128.91932,75,1500,305.72,false,ok
GLV-T06,TRIP-GLV-T06-01,2026-08-01T01:24:00.000Z,35.31666,128.92028,76,1500,308.05,false,ok
GLV-T06,TRIP-GLV-T06-01,2026-08-01T01:26:00.000Z,35.31839,128.92124,76,1500,310.39,false,ok
GLV-T06,TRIP-GLV-T06-01,2026-08-01T01:28:00.000Z,35.32012,128.92220,76,1500,312.72,false,ok
GLV-T06,TRIP-GLV-T06-01,2026-08-01T01:30:00.000Z,35.32186,128.92316,76,1500,315.05,false,ok
GLV-T06,TRIP-GLV-T06-01,2026-08-01T01:32:00.000Z,35.32359,128.92411,75,1500,317.39,false,ok
GLV-T06,TRIP-GLV-T06-01,2026-08-01T01:34:00.000Z,35.32532,128.92507,74,1500,319.72,false,ok
GLV-T06,TRIP-GLV-T06-01,2026-08-01T01:36:00.000Z,35.32706,128.92603,73,1500,322.05,false,ok
GLV-T06,TRIP-GLV-T06-01,2026-08-01T01:38:00.000Z,35.32879,128.92699,72,1500,324.39,false,ok
GLV-T06,TRIP-GLV-T06-01,2026-08-01T01:40:00.000Z,35.33052,128.92795,70,1500,326.72,false,ok
GLV-T06,TRIP-GLV-T06-01,2026-08-01T01:42:00.000Z,35.33226,128.92891,69,1500,329.05,false,ok
GLV-T06,TRIP-GLV-T06-01,2026-08-01T01:44:00.000Z,35.33399,128.92987,67,1500,331.39,false,ok
GLV-T06,TRIP-GLV-T06-01,2026-08-01T01:46:00.000Z,35.33572,128.93083,65,1500,333.72,false,ok
GLV-T06,TRIP-GLV-T06-01,2026-08-01T01:48:00.000Z,35.33746,128.93179,64,1500,336.06,false,ok
GLV-T06,TRIP-GLV-T06-01,2026-08-01T01:50:00.000Z,35.33919,128.93274,63,1500,338.39,false,ok
GLV-T06,TRIP-GLV-T06-01,2026-08-01T01:52:00.000Z,35.34092,128.93370,62,1500,340.72,false,ok
GLV-T06,TRIP-GLV-T06-01,2026-08-01T01:54:00.000Z,35.34265,128.93466,61,1500,343.06,false,ok
GLV-T06,TRIP-GLV-T06-01,2026-08-01T01:56:00.000Z,35.34439,128.93562,60,1500,345.39,false,ok
GLV-T06,TRIP-GLV-T06-01,2026-08-01T01:58:00.000Z,35.34612,128.93658,60,1500,347.72,false,ok
GLV-T06,TRIP-GLV-T06-01,2026-08-01T02:00:00.000Z,35.34785,128.93754,60,1500,350.06,false,ok
GLV-T06,TRIP-GLV-T06-01,2026-08-01T02:02:00.000Z,35.34959,128.93850,60,1500,352.39,false,ok
GLV-T06,TRIP-GLV-T06-01,2026-08-01T02:04:00.000Z,35.35132,128.93946,61,1500,354.73,false,ok
GLV-T06,TRIP-GLV-T06-01,2026-08-01T02:06:00.000Z,35.35305,128.94042,62,1500,357.06,false,ok
GLV-T06,TRIP-GLV-T06-01,2026-08-01T02:08:00.000Z,35.35479,128.94137,63,1500,359.39,false,ok
GLV-T06,TRIP-GLV-T06-01,2026-08-01T02:10:00.000Z,35.35652,128.94233,65,1500,361.73,false,ok
GLV-T06,TRIP-GLV-T06-01,2026-08-01T02:12:00.000Z,35.35825,128.94329,66,1500,364.06,false,ok
GLV-T06,TRIP-GLV-T06-01,2026-08-01T02:14:00.000Z,35.35998,128.94425,68,1500,366.39,false,ok
GLV-T06,TRIP-GLV-T06-01,2026-08-01T02:16:00.000Z,35.36172,128.94521,69,1500,368.73,false,ok
GLV-T06,TRIP-GLV-T06-01,2026-08-01T02:18:00.000Z,35.36345,128.94617,71,1500,371.06,false,ok
GLV-T06,TRIP-GLV-T06-01,2026-08-01T02:20:00.000Z,35.36518,128.94713,72,1500,373.40,false,ok
GLV-T06,TRIP-GLV-T06-01,2026-08-01T02:22:00.000Z,35.36692,128.94809,74,1500,375.73,false,ok
GLV-T06,TRIP-GLV-T06-01,2026-08-01T02:24:00.000Z,35.36865,128.94905,75,1500,378.06,false,ok
GLV-T06,TRIP-GLV-T06-01,2026-08-01T02:26:00.000Z,35.37038,128.95001,75,1500,380.40,false,ok
GLV-T06,TRIP-GLV-T06-01,2026-08-01T02:28:00.000Z,35.37212,128.95096,76,1500,382.73,false,ok
GLV-T06,TRIP-GLV-T06-01,2026-08-01T02:30:00.000Z,35.37385,128.95192,76,1500,385.06,false,ok
GLV-T06,TRIP-GLV-T06-01,2026-08-01T02:32:00.000Z,35.37558,128.95288,76,1500,387.40,false,ok
GLV-T06,TRIP-GLV-T06-01,2026-08-01T02:34:00.000Z,35.37731,128.95384,75,1500,389.73,false,ok
GLV-T06,TRIP-GLV-T06-01,2026-08-01T02:36:00.000Z,35.37905,128.95480,75,1500,392.07,false,ok
GLV-T06,TRIP-GLV-T06-01,2026-08-01T02:38:00.000Z,35.38078,128.95576,73,1500,394.40,false,ok
GLV-T06,TRIP-GLV-T06-01,2026-08-01T02:40:00.000Z,35.38251,128.95672,72,1500,396.73,false,ok
GLV-T06,TRIP-GLV-T06-01,2026-08-01T02:42:00.000Z,35.38425,128.95768,71,1500,399.07,false,ok
GLV-T06,TRIP-GLV-T06-01,2026-08-01T02:44:00.000Z,35.38598,128.95864,69,1500,401.40,false,ok
GLV-T06,TRIP-GLV-T06-01,2026-08-01T02:46:00.000Z,35.38771,128.95959,68,1500,403.73,false,ok
GLV-T06,TRIP-GLV-T06-01,2026-08-01T02:48:00.000Z,35.38945,128.96055,66,1500,406.07,false,ok
GLV-T06,TRIP-GLV-T06-01,2026-08-01T02:50:00.000Z,35.39118,128.96151,65,1500,408.40,false,ok
GLV-T06,TRIP-GLV-T06-01,2026-08-01T02:52:00.000Z,35.39291,128.96247,63,1500,410.74,false,ok
GLV-T06,TRIP-GLV-T06-01,2026-08-01T02:54:00.000Z,35.39464,128.96343,62,1500,413.07,false,ok
GLV-T06,TRIP-GLV-T06-01,2026-08-01T02:56:00.000Z,35.39638,128.96439,61,1500,415.40,false,ok
GLV-T06,TRIP-GLV-T06-01,2026-08-01T02:58:00.000Z,35.39811,128.96535,60,1500,417.74,false,ok
GLV-T06,TRIP-GLV-T06-01,2026-08-01T03:00:00.000Z,35.39984,128.96631,60,1500,420.07,false,ok
GLV-T06,TRIP-GLV-T06-01,2026-08-01T03:02:00.000Z,35.40158,128.96727,60,1500,422.40,false,ok
GLV-T06,TRIP-GLV-T06-01,2026-08-01T03:04:00.000Z,35.40331,128.96822,60,1500,424.74,false,ok
GLV-T06,TRIP-GLV-T06-01,2026-08-01T03:06:00.000Z,35.40504,128.96918,61,1500,427.07,false,ok
GLV-T06,TRIP-GLV-T06-01,2026-08-01T03:08:00.000Z,35.40678,128.97014,62,1500,429.40,false,ok
GLV-T06,TRIP-GLV-T06-01,2026-08-01T03:10:00.000Z,35.40851,128.97110,63,1500,431.74,false,ok
GLV-T06,TRIP-GLV-T06-01,2026-08-01T03:12:00.000Z,35.41024,128.97206,64,1500,434.07,false,ok
GLV-T06,TRIP-GLV-T06-01,2026-08-01T03:14:00.000Z,35.41198,128.97302,66,1500,436.41,false,ok
GLV-T06,TRIP-GLV-T06-01,2026-08-01T03:16:00.000Z,35.41371,128.97398,67,1500,438.74,false,ok
GLV-T06,TRIP-GLV-T06-01,2026-08-01T03:18:00.000Z,35.41544,128.97494,69,1500,441.07,false,ok
GLV-T06,TRIP-GLV-T06-01,2026-08-01T03:20:00.000Z,35.41717,128.97590,70,1500,443.41,false,ok
GLV-T06,TRIP-GLV-T06-01,2026-08-01T03:22:00.000Z,35.41891,128.97685,72,1500,445.74,false,ok
GLV-T06,TRIP-GLV-T06-01,2026-08-01T03:24:00.000Z,35.42064,128.97781,73,1500,448.07,false,ok
GLV-T06,TRIP-GLV-T06-01,2026-08-01T03:26:00.000Z,35.42237,128.97877,74,1500,450.41,false,ok
GLV-T06,TRIP-GLV-T06-01,2026-08-01T03:28:00.000Z,35.42411,128.97973,75,1500,452.74,false,ok
GLV-T06,TRIP-GLV-T06-01,2026-08-01T03:30:00.000Z,35.42584,128.98069,76,1500,455.08,false,ok
GLV-T06,TRIP-GLV-T06-01,2026-08-01T03:32:00.000Z,35.42757,128.98165,76,1500,457.41,false,ok
GLV-T06,TRIP-GLV-T06-01,2026-08-01T03:34:00.000Z,35.42931,128.98261,76,1500,459.74,false,ok
GLV-T06,TRIP-GLV-T06-01,2026-08-01T03:36:00.000Z,35.43104,128.98357,76,1500,462.08,false,ok
GLV-T06,TRIP-GLV-T06-01,2026-08-01T03:38:00.000Z,35.43277,128.98453,75,1500,464.41,false,ok
GLV-T06,TRIP-GLV-T06-01,2026-08-01T03:40:00.000Z,35.43450,128.98549,74,1500,466.74,false,ok
GLV-T06,TRIP-GLV-T06-01,2026-08-01T03:42:00.000Z,35.43624,128.98644,73,1500,469.08,false,ok
GLV-T06,TRIP-GLV-T06-01,2026-08-01T03:44:00.000Z,35.43797,128.98740,71,1500,471.41,false,ok
GLV-T06,TRIP-GLV-T06-01,2026-08-01T03:46:00.000Z,35.43970,128.98836,70,1500,473.75,false,ok
GLV-T06,TRIP-GLV-T06-01,2026-08-01T03:48:00.000Z,35.44144,128.98932,68,1500,476.08,false,ok
GLV-T06,TRIP-GLV-T06-01,2026-08-01T03:50:00.000Z,35.44317,128.99028,67,1500,478.41,false,ok
GLV-T06,TRIP-GLV-T06-01,2026-08-01T03:52:00.000Z,35.44490,128.99124,65,1500,480.75,false,ok
GLV-T06,TRIP-GLV-T06-01,2026-08-01T03:54:00.000Z,35.44664,128.99220,64,1500,483.08,false,ok
GLV-T06,TRIP-GLV-T06-01,2026-08-01T03:56:00.000Z,35.44837,128.99316,62,1500,485.41,false,ok
GLV-T06,TRIP-GLV-T06-01,2026-08-01T03:58:00.000Z,35.45010,128.99412,61,1500,487.75,false,ok
GLV-T06,TRIP-GLV-T06-01,2026-08-01T04:00:00.000Z,35.45183,128.99507,61,1500,490.08,false,ok
GLV-T06,TRIP-GLV-T06-01,2026-08-01T04:02:00.000Z,35.45357,128.99603,60,1500,492.42,false,ok
GLV-T06,TRIP-GLV-T06-01,2026-08-01T04:04:00.000Z,35.45530,128.99699,60,1500,494.75,false,ok
GLV-T06,TRIP-GLV-T06-01,2026-08-01T04:06:00.000Z,35.45703,128.99795,60,1500,497.08,false,ok
GLV-T06,TRIP-GLV-T06-01,2026-08-01T04:08:00.000Z,35.45877,128.99891,61,1500,499.42,false,ok
GLV-T06,TRIP-GLV-T06-01,2026-08-01T04:10:00.000Z,35.46050,128.99987,61,1500,501.75,false,ok
GLV-T06,TRIP-GLV-T06-01,2026-08-01T04:12:00.000Z,35.46223,129.00083,62,1500,504.08,false,ok
GLV-T06,TRIP-GLV-T06-01,2026-08-01T04:14:00.000Z,35.46397,129.00179,64,1500,506.42,false,ok
GLV-T06,TRIP-GLV-T06-01,2026-08-01T04:16:00.000Z,35.46570,129.00275,65,1500,508.75,false,ok
GLV-T06,TRIP-GLV-T06-01,2026-08-01T04:18:00.000Z,35.46743,129.00370,67,1500,511.09,false,ok
GLV-T06,TRIP-GLV-T06-01,2026-08-01T04:20:00.000Z,35.46916,129.00466,68,1500,513.42,false,ok
GLV-T06,TRIP-GLV-T06-01,2026-08-01T04:22:00.000Z,35.47090,129.00562,70,1500,515.75,false,ok
GLV-T06,TRIP-GLV-T06-01,2026-08-01T04:24:00.000Z,35.47263,129.00658,71,1500,518.09,false,ok
GLV-T06,TRIP-GLV-T06-01,2026-08-01T04:26:00.000Z,35.47436,129.00754,73,1500,520.42,false,ok
GLV-T06,TRIP-GLV-T06-01,2026-08-01T04:28:00.000Z,35.47610,129.00850,74,1500,522.75,false,ok
GLV-T06,TRIP-GLV-T06-01,2026-08-01T04:30:00.000Z,35.47783,129.00946,75,1500,525.09,false,ok
GLV-T06,TRIP-GLV-T06-01,2026-08-01T04:32:00.000Z,35.47956,129.01042,76,1500,527.42,false,ok
GLV-T06,TRIP-GLV-T06-01,2026-08-01T04:34:00.000Z,35.48130,129.01138,76,1500,529.75,false,ok
GLV-T06,TRIP-GLV-T06-01,2026-08-01T04:36:00.000Z,35.48303,129.01234,76,1500,532.09,false,ok
GLV-T06,TRIP-GLV-T06-01,2026-08-01T04:38:00.000Z,35.48476,129.01329,76,1500,534.42,false,ok
GLV-T06,TRIP-GLV-T06-01,2026-08-01T04:40:00.000Z,35.48650,129.01425,75,1500,536.76,false,ok
GLV-T06,TRIP-GLV-T06-01,2026-08-01T04:42:00.000Z,35.48823,129.01521,74,1500,539.09,false,ok
GLV-T06,TRIP-GLV-T06-01,2026-08-01T04:44:00.000Z,35.48996,129.01617,73,1500,541.42,false,ok
GLV-T06,TRIP-GLV-T06-01,2026-08-01T04:46:00.000Z,35.49169,129.01713,72,1500,543.76,false,ok
GLV-T06,TRIP-GLV-T06-01,2026-08-01T04:48:00.000Z,35.49343,129.01809,71,1500,546.09,false,ok
GLV-T06,TRIP-GLV-T06-01,2026-08-01T04:50:00.000Z,35.49516,129.01905,69,1500,548.42,false,ok
GLV-T06,TRIP-GLV-T06-01,2026-08-01T04:52:00.000Z,35.49689,129.02001,67,1500,550.76,false,ok
GLV-T06,TRIP-GLV-T06-01,2026-08-01T04:54:00.000Z,35.49863,129.02097,66,1500,553.09,false,ok
GLV-T06,TRIP-GLV-T06-01,2026-08-01T04:56:00.000Z,35.50036,129.02192,64,1500,555.43,false,ok
GLV-T06,TRIP-GLV-T06-01,2026-08-01T04:58:00.000Z,35.50209,129.02288,63,1500,557.76,false,ok
GLV-T06,TRIP-GLV-T06-01,2026-08-01T05:00:00.000Z,35.50383,129.02384,62,1500,560.09,false,ok
GLV-T06,TRIP-GLV-T06-01,2026-08-01T05:02:00.000Z,35.50556,129.02480,61,1500,562.43,false,ok
GLV-T06,TRIP-GLV-T06-01,2026-08-01T05:04:00.000Z,35.50729,129.02576,60,1500,564.76,false,ok
GLV-T06,TRIP-GLV-T06-01,2026-08-01T05:06:00.000Z,35.50902,129.02672,60,1500,567.09,false,ok
GLV-T06,TRIP-GLV-T06-01,2026-08-01T05:08:00.000Z,35.51076,129.02768,60,1500,569.43,false,ok
GLV-T06,TRIP-GLV-T06-01,2026-08-01T05:10:00.000Z,35.51249,129.02864,60,1500,571.76,false,ok
GLV-T06,TRIP-GLV-T06-01,2026-08-01T05:12:00.000Z,35.51422,129.02960,61,1500,574.10,false,ok
GLV-T06,TRIP-GLV-T06-01,2026-08-01T05:14:00.000Z,35.51596,129.03055,62,1500,576.43,false,ok
GLV-T06,TRIP-GLV-T06-01,2026-08-01T05:16:00.000Z,35.51769,129.03151,63,1500,578.76,false,ok
GLV-T06,TRIP-GLV-T06-01,2026-08-01T05:18:00.000Z,35.51942,129.03247,64,1500,581.10,false,ok
GLV-T06,TRIP-GLV-T06-01,2026-08-01T05:20:00.000Z,35.52116,129.03343,66,1500,583.43,false,ok
GLV-T06,TRIP-GLV-T06-01,2026-08-01T05:22:00.000Z,35.52289,129.03439,67,1500,585.76,false,ok
GLV-T06,TRIP-GLV-T06-01,2026-08-01T05:24:00.000Z,35.52462,129.03535,69,1500,588.10,false,ok
GLV-T06,TRIP-GLV-T06-01,2026-08-01T05:26:00.000Z,35.52635,129.03631,71,1500,590.43,false,ok
GLV-T06,TRIP-GLV-T06-01,2026-08-01T05:28:00.000Z,35.52809,129.03727,72,1500,592.77,false,ok
GLV-T06,TRIP-GLV-T06-01,2026-08-01T05:30:00.000Z,35.52982,129.03823,73,1500,595.10,false,ok
GLV-T06,TRIP-GLV-T06-01,2026-08-01T05:32:00.000Z,35.53155,129.03919,74,1500,597.43,false,ok
GLV-T06,TRIP-GLV-T06-01,2026-08-01T05:34:00.000Z,35.53329,129.04014,75,1500,599.77,false,ok
GLV-T06,TRIP-GLV-T06-01,2026-08-01T05:36:00.000Z,35.53502,129.04110,76,1500,602.10,false,ok
GLV-T06,TRIP-GLV-T06-01,2026-08-01T05:38:00.000Z,35.53675,129.04206,76,1500,604.43,false,ok
GLV-T06,TRIP-GLV-T06-01,2026-08-01T05:40:00.000Z,35.53849,129.04302,76,1500,606.77,false,ok
GLV-T06,TRIP-GLV-T06-01,2026-08-01T05:42:00.000Z,35.54022,129.04398,75,1500,609.10,false,ok
GLV-T06,TRIP-GLV-T06-01,2026-08-01T05:44:00.000Z,35.54195,129.04494,75,1500,611.44,false,ok
GLV-T06,TRIP-GLV-T06-01,2026-08-01T05:46:00.000Z,35.54368,129.04590,74,1500,613.77,false,ok
GLV-T06,TRIP-GLV-T06-01,2026-08-01T05:48:00.000Z,35.54542,129.04686,73,1500,616.10,false,ok
GLV-T06,TRIP-GLV-T06-01,2026-08-01T05:50:00.000Z,35.54715,129.04782,71,1500,618.44,false,ok
GLV-T06,TRIP-GLV-T06-01,2026-08-01T05:52:00.000Z,35.54888,129.04877,70,1500,620.77,false,ok
GLV-T06,TRIP-GLV-T06-01,2026-08-01T05:54:00.000Z,35.55062,129.04973,68,1500,623.10,false,ok
GLV-T06,TRIP-GLV-T06-01,2026-08-01T05:56:00.000Z,35.55235,129.05069,66,1500,625.44,false,ok
GLV-T06,TRIP-GLV-T06-01,2026-08-01T05:58:00.000Z,35.55408,129.05165,65,1500,627.77,false,ok
GLV-T06,TRIP-GLV-T06-01,2026-08-01T06:00:00.000Z,35.55582,129.05261,64,1500,630.11,false,ok
GLV-T06,TRIP-GLV-T06-01,2026-08-01T06:02:00.000Z,35.55755,129.05357,62,1500,632.44,false,ok
GLV-T06,TRIP-GLV-T06-01,2026-08-01T06:04:00.000Z,35.55928,129.05453,61,1500,634.77,false,ok
GLV-T06,TRIP-GLV-T06-01,2026-08-01T06:06:00.000Z,35.56102,129.05549,61,1500,637.11,false,ok
GLV-T06,TRIP-GLV-T06-01,2026-08-01T06:08:00.000Z,35.56275,129.05645,60,1500,639.44,false,ok
GLV-T06,TRIP-GLV-T06-01,2026-08-01T06:10:00.000Z,35.56448,129.05740,60,1500,641.77,false,ok
GLV-T06,TRIP-GLV-T06-01,2026-08-01T06:12:00.000Z,35.56621,129.05836,60,1500,644.11,false,ok
GLV-T06,TRIP-GLV-T06-01,2026-08-01T06:14:00.000Z,35.56795,129.05932,61,1500,646.44,false,ok
GLV-T06,TRIP-GLV-T06-01,2026-08-01T06:16:00.000Z,35.56968,129.06028,61,1500,648.77,false,ok
GLV-T06,TRIP-GLV-T06-01,2026-08-01T06:18:00.000Z,35.57141,129.06124,63,1500,651.11,false,ok
GLV-T06,TRIP-GLV-T06-01,2026-08-01T06:20:00.000Z,35.57315,129.06220,64,1500,653.44,false,ok
GLV-T06,TRIP-GLV-T06-01,2026-08-01T06:22:00.000Z,35.57488,129.06316,65,1500,655.78,false,ok
GLV-T06,TRIP-GLV-T06-01,2026-08-01T06:24:00.000Z,35.57661,129.06412,67,1500,658.11,false,ok
GLV-T06,TRIP-GLV-T06-01,2026-08-01T06:26:00.000Z,35.57835,129.06508,68,1500,660.44,false,ok
GLV-T06,TRIP-GLV-T06-01,2026-08-01T06:28:00.000Z,35.58008,129.06604,70,1500,662.78,false,ok
GLV-T06,TRIP-GLV-T06-01,2026-08-01T06:30:00.000Z,35.58181,129.06699,71,1500,665.11,false,ok
GLV-T06,TRIP-GLV-T06-01,2026-08-01T06:32:00.000Z,35.58354,129.06795,73,1500,667.44,false,ok
GLV-T06,TRIP-GLV-T06-01,2026-08-01T06:34:00.000Z,35.58528,129.06891,74,1500,669.78,false,ok
GLV-T06,TRIP-GLV-T06-01,2026-08-01T06:36:00.000Z,35.58701,129.06987,75,1500,672.11,false,ok
GLV-T06,TRIP-GLV-T06-01,2026-08-01T06:38:00.000Z,35.58874,129.07083,76,1500,674.45,false,ok
GLV-T06,TRIP-GLV-T06-01,2026-08-01T06:40:00.000Z,35.59048,129.07179,76,1500,676.78,false,ok
GLV-T06,TRIP-GLV-T06-01,2026-08-01T06:42:00.000Z,35.59221,129.07275,76,1500,679.11,false,ok
GLV-T06,TRIP-GLV-T06-01,2026-08-01T06:44:00.000Z,35.59394,129.07371,76,1500,681.45,false,ok
GLV-T06,TRIP-GLV-T06-01,2026-08-01T06:46:00.000Z,35.59568,129.07467,75,1500,683.78,false,ok
GLV-T06,TRIP-GLV-T06-01,2026-08-01T06:48:00.000Z,35.59741,129.07562,74,1500,686.11,false,ok
GLV-T06,TRIP-GLV-T06-01,2026-08-01T06:50:00.000Z,35.59914,129.07658,73,1500,688.45,false,ok
GLV-T06,TRIP-GLV-T06-01,2026-08-01T06:52:00.000Z,35.60087,129.07754,72,1500,690.78,false,ok
GLV-T06,TRIP-GLV-T06-01,2026-08-01T06:54:00.000Z,35.60261,129.07850,70,1500,693.12,false,ok
GLV-T06,TRIP-GLV-T06-01,2026-08-01T06:56:00.000Z,35.60434,129.07946,69,1500,695.45,false,ok
GLV-T06,TRIP-GLV-T06-01,2026-08-01T06:58:00.000Z,35.60607,129.08042,67,1500,697.78,false,ok
GLV-T06,TRIP-GLV-T06-01,2026-08-01T07:00:00.000Z,35.60781,129.08138,66,1500,700.12,false,ok
GLV-T06,TRIP-GLV-T06-01,2026-08-01T07:02:00.000Z,35.60954,129.08234,64,1500,702.45,false,ok
GLV-T06,TRIP-GLV-T06-01,2026-08-01T07:04:00.000Z,35.61127,129.08330,63,1500,704.78,false,ok
GLV-T06,TRIP-GLV-T06-01,2026-08-01T07:06:00.000Z,35.61301,129.08425,62,1500,707.12,false,ok
GLV-T06,TRIP-GLV-T06-01,2026-08-01T07:08:00.000Z,35.61474,129.08521,61,1500,709.45,false,ok
GLV-T06,TRIP-GLV-T06-01,2026-08-01T07:10:00.000Z,35.61647,129.08617,60,1500,711.79,false,ok
GLV-T06,TRIP-GLV-T06-01,2026-08-01T07:12:00.000Z,35.61820,129.08713,60,1500,714.12,false,ok
GLV-T06,TRIP-GLV-T06-01,2026-08-01T07:14:00.000Z,35.61994,129.08809,60,1500,716.45,false,ok
GLV-T06,TRIP-GLV-T06-01,2026-08-01T07:16:00.000Z,35.62167,129.08905,60,1500,718.79,false,ok
GLV-T06,TRIP-GLV-T06-01,2026-08-01T07:18:00.000Z,35.62340,129.09001,61,1500,721.12,false,ok
GLV-T06,TRIP-GLV-T06-01,2026-08-01T07:20:00.000Z,35.62514,129.09097,62,1500,723.45,false,ok
GLV-T06,TRIP-GLV-T06-01,2026-08-01T07:22:00.000Z,35.62687,129.09193,63,1500,725.79,false,ok
GLV-T06,TRIP-GLV-T06-01,2026-08-01T07:24:00.000Z,35.62860,129.09289,65,1500,728.12,false,ok
GLV-T06,TRIP-GLV-T06-01,2026-08-01T07:26:00.000Z,35.63034,129.09384,66,1500,730.46,false,ok
GLV-T06,TRIP-GLV-T06-01,2026-08-01T07:28:00.000Z,35.63207,129.09480,68,1500,732.79,false,ok
GLV-T06,TRIP-GLV-T06-01,2026-08-01T07:30:00.000Z,35.63380,129.09576,69,1500,735.12,false,ok
GLV-T06,TRIP-GLV-T06-01,2026-08-01T07:32:00.000Z,35.63554,129.09672,71,1500,737.46,false,ok
GLV-T06,TRIP-GLV-T06-01,2026-08-01T07:34:00.000Z,35.63727,129.09768,72,1500,739.79,false,ok
GLV-T06,TRIP-GLV-T06-01,2026-08-01T07:36:00.000Z,35.63900,129.09864,74,1500,742.12,false,ok
GLV-T06,TRIP-GLV-T06-01,2026-08-01T07:38:00.000Z,35.64073,129.09960,75,1500,744.46,false,ok
GLV-T06,TRIP-GLV-T06-01,2026-08-01T07:40:00.000Z,35.64247,129.10056,75,1500,746.79,false,ok
GLV-T06,TRIP-GLV-T06-01,2026-08-01T07:42:00.000Z,35.64420,129.10152,76,1500,749.12,false,ok
GLV-T06,TRIP-GLV-T06-01,2026-08-01T07:44:00.000Z,35.64593,129.10247,76,1500,751.46,false,ok
GLV-T06,TRIP-GLV-T06-01,2026-08-01T07:46:00.000Z,35.64767,129.10343,76,1500,753.79,false,ok
GLV-T06,TRIP-GLV-T06-01,2026-08-01T07:48:00.000Z,35.64940,129.10439,75,1500,756.13,false,ok
GLV-T06,TRIP-GLV-T06-01,2026-08-01T07:50:00.000Z,35.65113,129.10535,75,1500,758.46,false,ok
GLV-T06,TRIP-GLV-T06-01,2026-08-01T07:52:00.000Z,35.65287,129.10631,74,1500,760.79,false,ok
GLV-T06,TRIP-GLV-T06-01,2026-08-01T07:54:00.000Z,35.65460,129.10727,72,1500,763.13,false,ok
GLV-T06,TRIP-GLV-T06-01,2026-08-01T07:56:00.000Z,35.65633,129.10823,71,1500,765.46,false,ok
GLV-T06,TRIP-GLV-T06-01,2026-08-01T07:58:00.000Z,35.65806,129.10919,69,1500,767.79,false,ok
GLV-T06,TRIP-GLV-T06-01,2026-08-01T08:00:00.000Z,35.65980,129.11015,68,1500,770.13,false,ok
GLV-T06,TRIP-GLV-T06-01,2026-08-01T08:02:00.000Z,35.66153,129.11110,66,1500,772.46,false,ok
GLV-T06,TRIP-GLV-T06-01,2026-08-01T08:04:00.000Z,35.66326,129.11206,65,1500,774.80,false,ok
GLV-T06,TRIP-GLV-T06-01,2026-08-01T08:06:00.000Z,35.66500,129.11302,63,1500,777.13,false,ok
GLV-T06,TRIP-GLV-T06-01,2026-08-01T08:08:00.000Z,35.66673,129.11398,62,1500,779.46,false,ok
GLV-T06,TRIP-GLV-T06-01,2026-08-01T08:10:00.000Z,35.66846,129.11494,61,1500,781.80,false,ok
GLV-T06,TRIP-GLV-T06-01,2026-08-01T08:12:00.000Z,35.67020,129.11590,60,1500,784.13,false,ok
GLV-T06,TRIP-GLV-T06-01,2026-08-01T08:14:00.000Z,35.67193,129.11686,60,1500,786.46,false,ok
GLV-T06,TRIP-GLV-T06-01,2026-08-01T08:16:00.000Z,35.67366,129.11782,60,1500,788.80,false,ok
GLV-T06,TRIP-GLV-T06-01,2026-08-01T08:18:00.000Z,35.67539,129.11878,60,1500,791.13,false,ok
GLV-T06,TRIP-GLV-T06-01,2026-08-01T08:20:00.000Z,35.67713,129.11974,61,1500,793.47,false,ok
GLV-T06,TRIP-GLV-T06-01,2026-08-01T08:22:00.000Z,35.67886,129.12069,62,1500,795.80,false,ok
GLV-T06,TRIP-GLV-T06-01,2026-08-01T08:24:00.000Z,35.68059,129.12165,63,1500,798.13,false,ok
GLV-T06,TRIP-GLV-T06-01,2026-08-01T08:26:00.000Z,35.68233,129.12261,64,1500,800.47,false,ok
GLV-T06,TRIP-GLV-T06-01,2026-08-01T08:28:00.000Z,35.68406,129.12357,66,1500,802.80,false,ok
GLV-T06,TRIP-GLV-T06-01,2026-08-01T08:30:00.000Z,35.68579,129.12453,67,1500,805.13,false,ok
GLV-T06,TRIP-GLV-T06-01,2026-08-01T08:32:00.000Z,35.68753,129.12549,69,1500,807.47,false,ok
GLV-T06,TRIP-GLV-T06-01,2026-08-01T08:34:00.000Z,35.68926,129.12645,70,1500,809.80,false,ok
GLV-T06,TRIP-GLV-T06-01,2026-08-01T08:36:00.000Z,35.69099,129.12741,72,1500,812.14,false,ok
GLV-T06,TRIP-GLV-T06-01,2026-08-01T08:38:00.000Z,35.69272,129.12837,73,1500,814.47,false,ok
GLV-T06,TRIP-GLV-T06-01,2026-08-01T08:40:00.000Z,35.69446,129.12932,74,1500,816.80,false,ok
GLV-T06,TRIP-GLV-T06-01,2026-08-01T08:42:00.000Z,35.69619,129.13028,75,1500,819.14,false,ok
GLV-T06,TRIP-GLV-T06-01,2026-08-01T08:44:00.000Z,35.69792,129.13124,76,1500,821.47,false,ok
GLV-T06,TRIP-GLV-T06-01,2026-08-01T08:46:00.000Z,35.69966,129.13220,76,1500,823.80,false,ok
GLV-T06,TRIP-GLV-T06-01,2026-08-01T08:48:00.000Z,35.70139,129.13316,76,1500,826.14,false,ok
GLV-T06,TRIP-GLV-T06-01,2026-08-01T08:50:00.000Z,35.70312,129.13412,76,1500,828.47,false,ok
GLV-T06,TRIP-GLV-T06-01,2026-08-01T08:52:00.000Z,35.70486,129.13508,75,1500,830.81,false,ok
GLV-T06,TRIP-GLV-T06-01,2026-08-01T08:54:00.000Z,35.70659,129.13604,74,1500,833.14,false,ok
GLV-T06,TRIP-GLV-T06-01,2026-08-01T08:56:00.000Z,35.70832,129.13700,73,1500,835.47,false,ok
GLV-T06,TRIP-GLV-T06-01,2026-08-01T08:58:00.000Z,35.71005,129.13795,72,1500,837.81,false,ok
GLV-T06,TRIP-GLV-T06-01,2026-08-01T09:00:00.000Z,35.71179,129.13891,70,1500,840.14,false,ok
GLV-T06,TRIP-GLV-T06-01,2026-08-01T09:02:00.000Z,35.71352,129.13987,68,1500,842.47,false,ok
GLV-T06,TRIP-GLV-T06-01,2026-08-01T09:04:00.000Z,35.71525,129.14083,67,1500,844.81,false,ok
GLV-T06,TRIP-GLV-T06-01,2026-08-01T09:06:00.000Z,35.71699,129.14179,65,1500,847.14,false,ok
GLV-T06,TRIP-GLV-T06-01,2026-08-01T09:08:00.000Z,35.71872,129.14275,64,1500,849.47,false,ok
GLV-T06,TRIP-GLV-T06-01,2026-08-01T09:10:00.000Z,35.72045,129.14371,63,1500,851.81,false,ok
GLV-T06,TRIP-GLV-T06-01,2026-08-01T09:12:00.000Z,35.72219,129.14467,62,1500,854.14,false,ok
GLV-T06,TRIP-GLV-T06-01,2026-08-01T09:14:00.000Z,35.72392,129.14563,61,1500,856.48,false,ok
GLV-T06,TRIP-GLV-T06-01,2026-08-01T09:16:00.000Z,35.72565,129.14658,60,1500,858.81,false,ok
GLV-T06,TRIP-GLV-T06-01,2026-08-01T09:18:00.000Z,35.72739,129.14754,60,1500,861.14,false,ok
GLV-T06,TRIP-GLV-T06-01,2026-08-01T09:20:00.000Z,35.72912,129.14850,60,1500,863.48,false,ok
GLV-T06,TRIP-GLV-T06-01,2026-08-01T09:22:00.000Z,35.73085,129.14946,61,1500,865.81,false,ok
GLV-T06,TRIP-GLV-T06-01,2026-08-01T09:24:00.000Z,35.73258,129.15042,61,1500,868.14,false,ok
GLV-T06,TRIP-GLV-T06-01,2026-08-01T09:26:00.000Z,35.73432,129.15138,62,1500,870.48,false,ok
GLV-T06,TRIP-GLV-T06-01,2026-08-01T09:28:00.000Z,35.73605,129.15234,63,1500,872.81,false,ok
GLV-T06,TRIP-GLV-T06-01,2026-08-01T09:30:00.000Z,35.73778,129.15330,65,1500,875.15,false,ok
GLV-T06,TRIP-GLV-T06-01,2026-08-01T09:32:00.000Z,35.73952,129.15426,66,1500,877.48,false,ok
GLV-T06,TRIP-GLV-T06-01,2026-08-01T09:34:00.000Z,35.74125,129.15522,68,1500,879.81,false,ok
GLV-T06,TRIP-GLV-T06-01,2026-08-01T09:36:00.000Z,35.74298,129.15617,70,1500,882.15,false,ok
GLV-T06,TRIP-GLV-T06-01,2026-08-01T09:38:00.000Z,35.74472,129.15713,71,1500,884.48,false,ok
GLV-T06,TRIP-GLV-T06-01,2026-08-01T09:40:00.000Z,35.74645,129.15809,73,1500,886.81,false,ok
GLV-T06,TRIP-GLV-T06-01,2026-08-01T09:42:00.000Z,35.74818,129.15905,74,1500,889.15,false,ok
GLV-T06,TRIP-GLV-T06-01,2026-08-01T09:44:00.000Z,35.74991,129.16001,75,1500,891.48,false,ok
GLV-T06,TRIP-GLV-T06-01,2026-08-01T09:46:00.000Z,35.75165,129.16097,75,1500,893.82,false,ok
GLV-T06,TRIP-GLV-T06-01,2026-08-01T09:48:00.000Z,35.75338,129.16193,76,1500,896.15,false,ok
GLV-T06,TRIP-GLV-T06-01,2026-08-01T09:50:00.000Z,35.75511,129.16289,76,1500,898.48,false,ok
GLV-T06,TRIP-GLV-T06-01,2026-08-01T09:52:00.000Z,35.75685,129.16385,76,1500,900.82,false,ok
GLV-T06,TRIP-GLV-T06-01,2026-08-01T09:54:00.000Z,35.75858,129.16480,75,1500,903.15,false,ok
GLV-T06,TRIP-GLV-T06-01,2026-08-01T09:56:00.000Z,35.76031,129.16576,74,1500,905.48,false,ok
GLV-T06,TRIP-GLV-T06-01,2026-08-01T09:58:00.000Z,35.76205,129.16672,73,1500,907.82,false,ok
GLV-T06,TRIP-GLV-T06-01,2026-08-01T10:00:00.000Z,35.76378,129.16768,72,1500,910.15,false,ok
GLV-T06,TRIP-GLV-T06-01,2026-08-01T10:02:00.000Z,35.76551,129.16864,71,1500,912.49,false,ok
GLV-T06,TRIP-GLV-T06-01,2026-08-01T10:04:00.000Z,35.76724,129.16960,69,1500,914.82,false,ok
GLV-T06,TRIP-GLV-T06-01,2026-08-01T10:06:00.000Z,35.76898,129.17056,68,1500,917.15,false,ok
GLV-T06,TRIP-GLV-T06-01,2026-08-01T10:08:00.000Z,35.77071,129.17152,66,1500,919.49,false,ok
GLV-T06,TRIP-GLV-T06-01,2026-08-01T10:10:00.000Z,35.77244,129.17248,64,1500,921.82,false,ok
GLV-T06,TRIP-GLV-T06-01,2026-08-01T10:12:00.000Z,35.77418,129.17343,63,1500,924.15,false,ok
GLV-T06,TRIP-GLV-T06-01,2026-08-01T10:14:00.000Z,35.77591,129.17439,62,1500,926.49,false,ok
GLV-T06,TRIP-GLV-T06-01,2026-08-01T10:16:00.000Z,35.77764,129.17535,61,1500,928.82,false,ok
GLV-T06,TRIP-GLV-T06-01,2026-08-01T10:18:00.000Z,35.77938,129.17631,60,1500,931.16,false,ok
GLV-T06,TRIP-GLV-T06-01,2026-08-01T10:20:00.000Z,35.78111,129.17727,60,1500,933.49,false,ok
GLV-T06,TRIP-GLV-T06-01,2026-08-01T10:22:00.000Z,35.78284,129.17823,60,1500,935.82,false,ok
GLV-T06,TRIP-GLV-T06-01,2026-08-01T10:24:00.000Z,35.78457,129.17919,60,1500,938.16,false,ok
GLV-T06,TRIP-GLV-T06-01,2026-08-01T10:26:00.000Z,35.78631,129.18015,61,1500,940.49,false,ok
GLV-T06,TRIP-GLV-T06-01,2026-08-01T10:28:00.000Z,35.78804,129.18111,62,1500,942.82,false,ok
GLV-T06,TRIP-GLV-T06-01,2026-08-01T10:30:00.000Z,35.78977,129.18207,63,1500,945.16,false,ok
GLV-T06,TRIP-GLV-T06-01,2026-08-01T10:32:00.000Z,35.79151,129.18302,64,1500,947.49,false,ok
GLV-T06,TRIP-GLV-T06-01,2026-08-01T10:34:00.000Z,35.79324,129.18398,66,1500,949.82,false,ok
GLV-T06,TRIP-GLV-T06-01,2026-08-01T10:36:00.000Z,35.79497,129.18494,67,1500,952.16,false,ok
GLV-T06,TRIP-GLV-T06-01,2026-08-01T10:38:00.000Z,35.79671,129.18590,69,1500,954.49,false,ok
GLV-T06,TRIP-GLV-T06-01,2026-08-01T10:40:00.000Z,35.79844,129.18686,71,1500,956.83,false,ok
GLV-T06,TRIP-GLV-T06-01,2026-08-01T10:42:00.000Z,35.80017,129.18782,72,1500,959.16,false,ok
GLV-T06,TRIP-GLV-T06-01,2026-08-01T10:44:00.000Z,35.80191,129.18878,73,1500,961.49,false,ok
GLV-T06,TRIP-GLV-T06-01,2026-08-01T10:46:00.000Z,35.80364,129.18974,74,1500,963.83,false,ok
GLV-T06,TRIP-GLV-T06-01,2026-08-01T10:48:00.000Z,35.80537,129.19070,75,1500,966.16,false,ok
GLV-T06,TRIP-GLV-T06-01,2026-08-01T10:50:00.000Z,35.80710,129.19165,76,1500,968.49,false,ok
GLV-T06,TRIP-GLV-T06-01,2026-08-01T10:52:00.000Z,35.80884,129.19261,76,1500,970.83,false,ok
GLV-T06,TRIP-GLV-T06-01,2026-08-01T10:54:00.000Z,35.81057,129.19357,76,1500,973.16,false,ok
GLV-T06,TRIP-GLV-T06-01,2026-08-01T10:56:00.000Z,35.81230,129.19453,76,1500,975.50,false,ok
GLV-T06,TRIP-GLV-T06-01,2026-08-01T10:58:00.000Z,35.81404,129.19549,75,1500,977.83,false,ok
GLV-T06,TRIP-GLV-T06-01,2026-08-01T11:00:00.000Z,35.81577,129.19645,74,1500,980.16,false,ok
GLV-T06,TRIP-GLV-T06-01,2026-08-01T11:02:00.000Z,35.81750,129.19741,73,1500,982.50,false,ok
GLV-T06,TRIP-GLV-T06-01,2026-08-01T11:04:00.000Z,35.81924,129.19837,71,1500,984.83,false,ok
GLV-T06,TRIP-GLV-T06-01,2026-08-01T11:06:00.000Z,35.82097,129.19933,70,1500,987.16,false,ok
GLV-T06,TRIP-GLV-T06-01,2026-08-01T11:08:00.000Z,35.82270,129.20028,68,1500,989.50,false,ok
GLV-T06,TRIP-GLV-T06-01,2026-08-01T11:10:00.000Z,35.82443,129.20124,67,1500,991.83,false,ok
GLV-T06,TRIP-GLV-T06-01,2026-08-01T11:12:00.000Z,35.82617,129.20220,65,1500,994.17,false,ok
GLV-T06,TRIP-GLV-T06-01,2026-08-01T11:14:00.000Z,35.82790,129.20316,64,1500,996.50,false,ok
GLV-T06,TRIP-GLV-T06-01,2026-08-01T11:16:00.000Z,35.82963,129.20412,62,1500,998.83,false,ok
GLV-T06,TRIP-GLV-T06-01,2026-08-01T01:00:00.000Z,35.83050,129.20460,68,1500,1000.00,true,ok
GLV-T06,TRIP-GLV-T06-01,2026-08-01T01:02:00.000Z,35.82877,129.20364,70,1500,1002.33,true,ok
GLV-T06,TRIP-GLV-T06-01,2026-08-01T01:04:00.000Z,35.82703,129.20268,71,1500,1004.67,true,ok
GLV-T06,TRIP-GLV-T06-01,2026-08-01T01:06:00.000Z,35.82530,129.20172,73,1500,1007.00,true,ok
GLV-T06,TRIP-GLV-T06-01,2026-08-01T01:08:00.000Z,35.82357,129.20076,74,1500,1009.33,true,ok
GLV-T06,TRIP-GLV-T06-01,2026-08-01T01:10:00.000Z,35.82183,129.19981,75,1500,1011.67,true,ok
GLV-T06,TRIP-GLV-T06-01,2026-08-01T01:12:00.000Z,35.82010,129.19885,75,1500,1014.00,true,ok
GLV-T06,TRIP-GLV-T06-01,2026-08-01T01:14:00.000Z,35.81837,129.19789,76,1500,1016.34,true,ok
GLV-T06,TRIP-GLV-T06-01,2026-08-01T01:16:00.000Z,35.81664,129.19693,76,1500,1018.67,true,ok
GLV-T06,TRIP-GLV-T06-01,2026-08-01T01:18:00.000Z,35.81490,129.19597,76,1500,1021.00,true,ok
GLV-T06,TRIP-GLV-T06-01,2026-08-01T01:20:00.000Z,35.81317,129.19501,75,1500,1023.34,true,ok
GLV-T06,TRIP-GLV-T06-01,2026-08-01T01:22:00.000Z,35.81144,129.19405,74,1500,1025.67,true,ok
GLV-T06,TRIP-GLV-T06-01,2026-08-01T01:24:00.000Z,35.80970,129.19309,73,1500,1028.00,true,ok
GLV-T06,TRIP-GLV-T06-01,2026-08-01T01:26:00.000Z,35.80797,129.19213,72,1500,1030.34,true,ok
GLV-T06,TRIP-GLV-T06-01,2026-08-01T01:28:00.000Z,35.80624,129.19118,71,1500,1032.67,true,ok
GLV-T06,TRIP-GLV-T06-01,2026-08-01T01:30:00.000Z,35.80450,129.19022,69,1500,1035.01,true,ok
GLV-T06,TRIP-GLV-T06-01,2026-08-01T01:32:00.000Z,35.80277,129.18926,68,1500,1037.34,true,ok
GLV-T06,TRIP-GLV-T06-01,2026-08-01T01:34:00.000Z,35.80104,129.18830,66,1500,1039.67,true,ok
GLV-T06,TRIP-GLV-T06-01,2026-08-01T01:36:00.000Z,35.79931,129.18734,64,1500,1042.01,true,ok
GLV-T06,TRIP-GLV-T06-01,2026-08-01T01:38:00.000Z,35.79757,129.18638,63,1500,1044.34,true,ok
GLV-T06,TRIP-GLV-T06-01,2026-08-01T01:40:00.000Z,35.79584,129.18542,62,1500,1046.67,true,ok
GLV-T06,TRIP-GLV-T06-01,2026-08-01T01:42:00.000Z,35.79411,129.18446,61,1500,1049.01,true,ok
GLV-T06,TRIP-GLV-T06-01,2026-08-01T01:44:00.000Z,35.79237,129.18350,60,1500,1051.34,true,ok
GLV-T06,TRIP-GLV-T06-01,2026-08-01T01:46:00.000Z,35.79064,129.18254,60,1500,1053.68,true,ok
GLV-T06,TRIP-GLV-T06-01,2026-08-01T01:48:00.000Z,35.78891,129.18159,60,1500,1056.01,true,ok
GLV-T06,TRIP-GLV-T06-01,2026-08-01T01:50:00.000Z,35.78717,129.18063,60,1500,1058.34,true,ok
GLV-T06,TRIP-GLV-T06-01,2026-08-01T01:52:00.000Z,35.78544,129.17967,61,1500,1060.68,true,ok
GLV-T06,TRIP-GLV-T06-01,2026-08-01T01:54:00.000Z,35.78371,129.17871,62,1500,1063.01,true,ok
GLV-T06,TRIP-GLV-T06-01,2026-08-01T01:56:00.000Z,35.78198,129.17775,63,1500,1065.34,true,ok
GLV-T06,TRIP-GLV-T06-01,2026-08-01T01:58:00.000Z,35.78024,129.17679,64,1500,1067.68,true,ok
GLV-T06,TRIP-GLV-T06-01,2026-08-01T02:00:00.000Z,35.77851,129.17583,66,1500,1070.01,true,ok
GLV-T06,TRIP-GLV-T06-01,2026-08-01T02:02:00.000Z,35.77678,129.17487,67,1500,1072.35,true,ok
GLV-T06,TRIP-GLV-T06-01,2026-08-01T02:04:00.000Z,35.77504,129.17391,69,1500,1074.68,true,ok
GLV-T06,TRIP-GLV-T06-01,2026-08-01T02:06:00.000Z,35.77331,129.17296,70,1500,1077.01,true,ok
GLV-T06,TRIP-GLV-T06-01,2026-08-01T02:08:00.000Z,35.77158,129.17200,72,1500,1079.35,true,ok
GLV-T06,TRIP-GLV-T06-01,2026-08-01T02:10:00.000Z,35.76984,129.17104,73,1500,1081.68,true,ok
GLV-T06,TRIP-GLV-T06-01,2026-08-01T02:12:00.000Z,35.76811,129.17008,74,1500,1084.01,true,ok
GLV-T06,TRIP-GLV-T06-01,2026-08-01T02:14:00.000Z,35.76638,129.16912,75,1500,1086.35,true,ok
GLV-T06,TRIP-GLV-T06-01,2026-08-01T02:16:00.000Z,35.76465,129.16816,76,1500,1088.68,true,ok
GLV-T06,TRIP-GLV-T06-01,2026-08-01T02:18:00.000Z,35.76291,129.16720,76,1500,1091.02,true,ok
GLV-T06,TRIP-GLV-T06-01,2026-08-01T02:20:00.000Z,35.76118,129.16624,76,1500,1093.35,true,ok
GLV-T06,TRIP-GLV-T06-01,2026-08-01T02:22:00.000Z,35.75945,129.16528,76,1500,1095.68,true,ok
GLV-T06,TRIP-GLV-T06-01,2026-08-01T02:24:00.000Z,35.75771,129.16433,75,1500,1098.02,true,ok
GLV-T06,TRIP-GLV-T06-01,2026-08-01T02:26:00.000Z,35.75598,129.16337,74,1500,1100.35,true,ok
GLV-T06,TRIP-GLV-T06-01,2026-08-01T02:28:00.000Z,35.75425,129.16241,73,1500,1102.68,true,ok
GLV-T06,TRIP-GLV-T06-01,2026-08-01T02:30:00.000Z,35.75251,129.16145,71,1500,1105.02,true,ok
GLV-T06,TRIP-GLV-T06-01,2026-08-01T02:32:00.000Z,35.75078,129.16049,70,1500,1107.35,true,ok
GLV-T06,TRIP-GLV-T06-01,2026-08-01T02:34:00.000Z,35.74905,129.15953,68,1500,1109.68,true,ok
GLV-T06,TRIP-GLV-T06-01,2026-08-01T02:36:00.000Z,35.74731,129.15857,67,1500,1112.02,true,ok
GLV-T06,TRIP-GLV-T06-01,2026-08-01T02:38:00.000Z,35.74558,129.15761,65,1500,1114.35,true,ok
GLV-T06,TRIP-GLV-T06-01,2026-08-01T02:40:00.000Z,35.74385,129.15665,64,1500,1116.69,true,ok
GLV-T06,TRIP-GLV-T06-01,2026-08-01T02:42:00.000Z,35.74212,129.15569,62,1500,1119.02,true,ok
GLV-T06,TRIP-GLV-T06-01,2026-08-01T02:44:00.000Z,35.74038,129.15474,61,1500,1121.35,true,ok
GLV-T06,TRIP-GLV-T06-01,2026-08-01T02:46:00.000Z,35.73865,129.15378,61,1500,1123.69,true,ok
GLV-T06,TRIP-GLV-T06-01,2026-08-01T02:48:00.000Z,35.73692,129.15282,60,1500,1126.02,true,ok
GLV-T06,TRIP-GLV-T06-01,2026-08-01T02:50:00.000Z,35.73518,129.15186,60,1500,1128.35,true,ok
GLV-T06,TRIP-GLV-T06-01,2026-08-01T02:52:00.000Z,35.73345,129.15090,60,1500,1130.69,true,ok
GLV-T06,TRIP-GLV-T06-01,2026-08-01T02:54:00.000Z,35.73172,129.14994,61,1500,1133.02,true,ok
GLV-T06,TRIP-GLV-T06-01,2026-08-01T02:56:00.000Z,35.72998,129.14898,61,1500,1135.36,true,ok
GLV-T06,TRIP-GLV-T06-01,2026-08-01T02:58:00.000Z,35.72825,129.14802,62,1500,1137.69,true,ok
GLV-T06,TRIP-GLV-T06-01,2026-08-01T03:00:00.000Z,35.72652,129.14706,64,1500,1140.02,true,ok
GLV-T06,TRIP-GLV-T06-01,2026-08-01T03:02:00.000Z,35.72479,129.14611,65,1500,1142.36,true,ok
GLV-T06,TRIP-GLV-T06-01,2026-08-01T03:04:00.000Z,35.72305,129.14515,67,1500,1144.69,true,ok
GLV-T06,TRIP-GLV-T06-01,2026-08-01T03:06:00.000Z,35.72132,129.14419,68,1500,1147.02,true,ok
GLV-T06,TRIP-GLV-T06-01,2026-08-01T03:08:00.000Z,35.71959,129.14323,70,1500,1149.36,true,ok
GLV-T06,TRIP-GLV-T06-01,2026-08-01T03:10:00.000Z,35.71785,129.14227,71,1500,1151.69,true,ok
GLV-T06,TRIP-GLV-T06-01,2026-08-01T03:12:00.000Z,35.71612,129.14131,73,1500,1154.03,true,ok
GLV-T06,TRIP-GLV-T06-01,2026-08-01T03:14:00.000Z,35.71439,129.14035,74,1500,1156.36,true,ok
GLV-T06,TRIP-GLV-T06-01,2026-08-01T03:16:00.000Z,35.71265,129.13939,75,1500,1158.69,true,ok
GLV-T06,TRIP-GLV-T06-01,2026-08-01T03:18:00.000Z,35.71092,129.13843,76,1500,1161.03,true,ok
GLV-T06,TRIP-GLV-T06-01,2026-08-01T03:20:00.000Z,35.70919,129.13748,76,1500,1163.36,true,ok
GLV-T06,TRIP-GLV-T06-01,2026-08-01T03:22:00.000Z,35.70746,129.13652,76,1500,1165.69,true,ok
GLV-T06,TRIP-GLV-T06-01,2026-08-01T03:24:00.000Z,35.70572,129.13556,76,1500,1168.03,true,ok
GLV-T06,TRIP-GLV-T06-01,2026-08-01T03:26:00.000Z,35.70399,129.13460,75,1500,1170.36,true,ok
GLV-T06,TRIP-GLV-T06-01,2026-08-01T03:28:00.000Z,35.70226,129.13364,74,1500,1172.70,true,ok
GLV-T06,TRIP-GLV-T06-01,2026-08-01T03:30:00.000Z,35.70052,129.13268,73,1500,1175.03,true,ok
GLV-T06,TRIP-GLV-T06-01,2026-08-01T03:32:00.000Z,35.69879,129.13172,72,1500,1177.36,true,ok
GLV-T06,TRIP-GLV-T06-01,2026-08-01T03:34:00.000Z,35.69706,129.13076,70,1500,1179.70,true,ok
GLV-T06,TRIP-GLV-T06-01,2026-08-01T03:36:00.000Z,35.69532,129.12980,69,1500,1182.03,true,ok
GLV-T06,TRIP-GLV-T06-01,2026-08-01T03:38:00.000Z,35.69359,129.12884,67,1500,1184.36,true,ok
GLV-T06,TRIP-GLV-T06-01,2026-08-01T03:40:00.000Z,35.69186,129.12789,66,1500,1186.70,true,ok
GLV-T06,TRIP-GLV-T06-01,2026-08-01T03:42:00.000Z,35.69013,129.12693,64,1500,1189.03,true,ok
GLV-T06,TRIP-GLV-T06-01,2026-08-01T03:44:00.000Z,35.68839,129.12597,63,1500,1191.37,true,ok
GLV-T06,TRIP-GLV-T06-01,2026-08-01T03:46:00.000Z,35.68666,129.12501,62,1500,1193.70,true,ok
GLV-T06,TRIP-GLV-T06-01,2026-08-01T03:48:00.000Z,35.68493,129.12405,61,1500,1196.03,true,ok
GLV-T06,TRIP-GLV-T06-01,2026-08-01T03:50:00.000Z,35.68319,129.12309,60,1500,1198.37,true,ok
GLV-T06,TRIP-GLV-T06-01,2026-08-01T03:52:00.000Z,35.68146,129.12213,60,1500,1200.70,true,ok
GLV-T06,TRIP-GLV-T06-01,2026-08-01T03:54:00.000Z,35.67973,129.12117,60,1500,1203.03,true,ok
GLV-T06,TRIP-GLV-T06-01,2026-08-01T03:56:00.000Z,35.67799,129.12021,60,1500,1205.37,true,ok
GLV-T06,TRIP-GLV-T06-01,2026-08-01T03:58:00.000Z,35.67626,129.11926,61,1500,1207.70,true,ok
GLV-T06,TRIP-GLV-T06-01,2026-08-01T04:00:00.000Z,35.67453,129.11830,62,1500,1210.04,true,ok
GLV-T06,TRIP-GLV-T06-01,2026-08-01T04:02:00.000Z,35.67279,129.11734,63,1500,1212.37,true,ok
GLV-T06,TRIP-GLV-T06-01,2026-08-01T04:04:00.000Z,35.67106,129.11638,65,1500,1214.70,true,ok
GLV-T06,TRIP-GLV-T06-01,2026-08-01T04:06:00.000Z,35.66933,129.11542,66,1500,1217.04,true,ok
GLV-T06,TRIP-GLV-T06-01,2026-08-01T04:08:00.000Z,35.66760,129.11446,68,1500,1219.37,true,ok
GLV-T06,TRIP-GLV-T06-01,2026-08-01T04:10:00.000Z,35.66586,129.11350,69,1500,1221.70,true,ok
GLV-T06,TRIP-GLV-T06-01,2026-08-01T04:12:00.000Z,35.66413,129.11254,71,1500,1224.04,true,ok
GLV-T06,TRIP-GLV-T06-01,2026-08-01T04:14:00.000Z,35.66240,129.11158,72,1500,1226.37,true,ok
GLV-T06,TRIP-GLV-T06-01,2026-08-01T04:16:00.000Z,35.66066,129.11063,73,1500,1228.70,true,ok
GLV-T06,TRIP-GLV-T06-01,2026-08-01T04:18:00.000Z,35.65893,129.10967,75,1500,1231.04,true,ok
GLV-T06,TRIP-GLV-T06-01,2026-08-01T04:20:00.000Z,35.65720,129.10871,75,1500,1233.37,true,ok
GLV-T06,TRIP-GLV-T06-01,2026-08-01T04:22:00.000Z,35.65546,129.10775,76,1500,1235.71,true,ok
GLV-T06,TRIP-GLV-T06-01,2026-08-01T04:24:00.000Z,35.65373,129.10679,76,1500,1238.04,true,ok
GLV-T06,TRIP-GLV-T06-01,2026-08-01T04:26:00.000Z,35.65200,129.10583,76,1500,1240.37,true,ok
GLV-T06,TRIP-GLV-T06-01,2026-08-01T04:28:00.000Z,35.65027,129.10487,75,1500,1242.71,true,ok
GLV-T06,TRIP-GLV-T06-01,2026-08-01T04:30:00.000Z,35.64853,129.10391,75,1500,1245.04,true,ok
GLV-T06,TRIP-GLV-T06-01,2026-08-01T04:32:00.000Z,35.64680,129.10295,74,1500,1247.37,true,ok
GLV-T06,TRIP-GLV-T06-01,2026-08-01T04:34:00.000Z,35.64507,129.10199,72,1500,1249.71,true,ok
GLV-T06,TRIP-GLV-T06-01,2026-08-01T04:36:00.000Z,35.64333,129.10104,71,1500,1252.04,true,ok
GLV-T06,TRIP-GLV-T06-01,2026-08-01T04:38:00.000Z,35.64160,129.10008,70,1500,1254.38,true,ok
GLV-T06,TRIP-GLV-T06-01,2026-08-01T04:40:00.000Z,35.63987,129.09912,68,1500,1256.71,true,ok
GLV-T06,TRIP-GLV-T06-01,2026-08-01T04:42:00.000Z,35.63813,129.09816,66,1500,1259.04,true,ok
GLV-T06,TRIP-GLV-T06-01,2026-08-01T04:44:00.000Z,35.63640,129.09720,65,1500,1261.38,true,ok
GLV-T06,TRIP-GLV-T06-01,2026-08-01T04:46:00.000Z,35.63467,129.09624,63,1500,1263.71,true,ok
GLV-T06,TRIP-GLV-T06-01,2026-08-01T04:48:00.000Z,35.63294,129.09528,62,1500,1266.04,true,ok
GLV-T06,TRIP-GLV-T06-01,2026-08-01T04:50:00.000Z,35.63120,129.09432,61,1500,1268.38,true,ok
GLV-T06,TRIP-GLV-T06-01,2026-08-01T04:52:00.000Z,35.62947,129.09336,61,1500,1270.71,true,ok
GLV-T06,TRIP-GLV-T06-01,2026-08-01T04:54:00.000Z,35.62774,129.09241,60,1500,1273.05,true,ok
GLV-T06,TRIP-GLV-T06-01,2026-08-01T04:56:00.000Z,35.62600,129.09145,60,1500,1275.38,true,ok
GLV-T06,TRIP-GLV-T06-01,2026-08-01T04:58:00.000Z,35.62427,129.09049,60,1500,1277.71,true,ok
GLV-T06,TRIP-GLV-T06-01,2026-08-01T05:00:00.000Z,35.62254,129.08953,61,1500,1280.05,true,ok
GLV-T06,TRIP-GLV-T06-01,2026-08-01T05:02:00.000Z,35.62080,129.08857,62,1500,1282.38,true,ok
GLV-T06,TRIP-GLV-T06-01,2026-08-01T05:04:00.000Z,35.61907,129.08761,63,1500,1284.71,true,ok
GLV-T06,TRIP-GLV-T06-01,2026-08-01T05:06:00.000Z,35.61734,129.08665,64,1500,1287.05,true,ok
GLV-T06,TRIP-GLV-T06-01,2026-08-01T05:08:00.000Z,35.61561,129.08569,65,1500,1289.38,true,ok
GLV-T06,TRIP-GLV-T06-01,2026-08-01T05:10:00.000Z,35.61387,129.08473,67,1500,1291.72,true,ok
GLV-T06,TRIP-GLV-T06-01,2026-08-01T05:12:00.000Z,35.61214,129.08378,69,1500,1294.05,true,ok
GLV-T06,TRIP-GLV-T06-01,2026-08-01T05:14:00.000Z,35.61041,129.08282,70,1500,1296.38,true,ok
GLV-T06,TRIP-GLV-T06-01,2026-08-01T05:16:00.000Z,35.60867,129.08186,72,1500,1298.72,true,ok
GLV-T06,TRIP-GLV-T06-01,2026-08-01T05:18:00.000Z,35.60694,129.08090,73,1500,1301.05,true,ok
GLV-T06,TRIP-GLV-T06-01,2026-08-01T05:20:00.000Z,35.60521,129.07994,74,1500,1303.38,true,ok
GLV-T06,TRIP-GLV-T06-01,2026-08-01T05:22:00.000Z,35.60347,129.07898,75,1500,1305.72,true,ok
GLV-T06,TRIP-GLV-T06-01,2026-08-01T05:24:00.000Z,35.60174,129.07802,76,1500,1308.05,true,ok
GLV-T06,TRIP-GLV-T06-01,2026-08-01T05:26:00.000Z,35.60001,129.07706,76,1500,1310.39,true,ok
GLV-T06,TRIP-GLV-T06-01,2026-08-01T05:28:00.000Z,35.59828,129.07610,76,1500,1312.72,true,ok
GLV-T06,TRIP-GLV-T06-01,2026-08-01T05:30:00.000Z,35.59654,129.07514,76,1500,1315.05,true,ok
GLV-T06,TRIP-GLV-T06-01,2026-08-01T05:32:00.000Z,35.59481,129.07419,75,1500,1317.39,true,ok
GLV-T06,TRIP-GLV-T06-01,2026-08-01T05:34:00.000Z,35.59308,129.07323,74,1500,1319.72,true,ok
GLV-T06,TRIP-GLV-T06-01,2026-08-01T05:36:00.000Z,35.59134,129.07227,73,1500,1322.05,true,ok
GLV-T06,TRIP-GLV-T06-01,2026-08-01T05:38:00.000Z,35.58961,129.07131,72,1500,1324.39,true,ok
GLV-T06,TRIP-GLV-T06-01,2026-08-01T05:40:00.000Z,35.58788,129.07035,70,1500,1326.72,true,ok
GLV-T06,TRIP-GLV-T06-01,2026-08-01T05:42:00.000Z,35.58614,129.06939,69,1500,1329.05,true,ok
GLV-T06,TRIP-GLV-T06-01,2026-08-01T05:44:00.000Z,35.58441,129.06843,67,1500,1331.39,true,ok
GLV-T06,TRIP-GLV-T06-01,2026-08-01T05:46:00.000Z,35.58268,129.06747,65,1500,1333.72,true,ok
GLV-T06,TRIP-GLV-T06-01,2026-08-01T05:48:00.000Z,35.58094,129.06651,64,1500,1336.06,true,ok
GLV-T06,TRIP-GLV-T06-01,2026-08-01T05:50:00.000Z,35.57921,129.06556,63,1500,1338.39,true,ok
GLV-T06,TRIP-GLV-T06-01,2026-08-01T05:52:00.000Z,35.57748,129.06460,62,1500,1340.72,true,ok
GLV-T06,TRIP-GLV-T06-01,2026-08-01T05:54:00.000Z,35.57575,129.06364,61,1500,1343.06,true,ok
GLV-T06,TRIP-GLV-T06-01,2026-08-01T05:56:00.000Z,35.57401,129.06268,60,1500,1345.39,true,ok
GLV-T06,TRIP-GLV-T06-01,2026-08-01T05:58:00.000Z,35.57228,129.06172,60,1500,1347.72,true,ok
GLV-T06,TRIP-GLV-T06-01,2026-08-01T06:00:00.000Z,35.57055,129.06076,60,1500,1350.06,true,ok
GLV-T06,TRIP-GLV-T06-01,2026-08-01T06:02:00.000Z,35.56881,129.05980,60,1500,1352.39,true,ok
GLV-T06,TRIP-GLV-T06-01,2026-08-01T06:04:00.000Z,35.56708,129.05884,61,1500,1354.73,true,ok
GLV-T06,TRIP-GLV-T06-01,2026-08-01T06:06:00.000Z,35.56535,129.05788,62,1500,1357.06,true,ok
GLV-T06,TRIP-GLV-T06-01,2026-08-01T06:08:00.000Z,35.56361,129.05693,63,1500,1359.39,true,ok
GLV-T06,TRIP-GLV-T06-01,2026-08-01T06:10:00.000Z,35.56188,129.05597,65,1500,1361.73,true,ok
GLV-T06,TRIP-GLV-T06-01,2026-08-01T06:12:00.000Z,35.56015,129.05501,66,1500,1364.06,true,ok
GLV-T06,TRIP-GLV-T06-01,2026-08-01T06:14:00.000Z,35.55842,129.05405,68,1500,1366.39,true,ok
GLV-T06,TRIP-GLV-T06-01,2026-08-01T06:16:00.000Z,35.55668,129.05309,69,1500,1368.73,true,ok
GLV-T06,TRIP-GLV-T06-01,2026-08-01T06:18:00.000Z,35.55495,129.05213,71,1500,1371.06,true,ok
GLV-T06,TRIP-GLV-T06-01,2026-08-01T06:20:00.000Z,35.55322,129.05117,72,1500,1373.40,true,ok
GLV-T06,TRIP-GLV-T06-01,2026-08-01T06:22:00.000Z,35.55148,129.05021,74,1500,1375.73,true,ok
GLV-T06,TRIP-GLV-T06-01,2026-08-01T06:24:00.000Z,35.54975,129.04925,75,1500,1378.06,true,ok
GLV-T06,TRIP-GLV-T06-01,2026-08-01T06:26:00.000Z,35.54802,129.04829,75,1500,1380.40,true,ok
GLV-T06,TRIP-GLV-T06-01,2026-08-01T06:28:00.000Z,35.54628,129.04734,76,1500,1382.73,true,ok
GLV-T06,TRIP-GLV-T06-01,2026-08-01T06:30:00.000Z,35.54455,129.04638,76,1500,1385.06,true,ok
GLV-T06,TRIP-GLV-T06-01,2026-08-01T06:32:00.000Z,35.54282,129.04542,76,1500,1387.40,true,ok
GLV-T06,TRIP-GLV-T06-01,2026-08-01T06:34:00.000Z,35.54109,129.04446,75,1500,1389.73,true,ok
GLV-T06,TRIP-GLV-T06-01,2026-08-01T06:36:00.000Z,35.53935,129.04350,75,1500,1392.07,true,ok
GLV-T06,TRIP-GLV-T06-01,2026-08-01T06:38:00.000Z,35.53762,129.04254,73,1500,1394.40,true,ok
GLV-T06,TRIP-GLV-T06-01,2026-08-01T06:40:00.000Z,35.53589,129.04158,72,1500,1396.73,true,ok
GLV-T06,TRIP-GLV-T06-01,2026-08-01T06:42:00.000Z,35.53415,129.04062,71,1500,1399.07,true,ok
GLV-T06,TRIP-GLV-T06-01,2026-08-01T06:44:00.000Z,35.53242,129.03966,69,1500,1401.40,true,ok
GLV-T06,TRIP-GLV-T06-01,2026-08-01T06:46:00.000Z,35.53069,129.03871,68,1500,1403.73,true,ok
GLV-T06,TRIP-GLV-T06-01,2026-08-01T06:48:00.000Z,35.52895,129.03775,66,1500,1406.07,true,ok
GLV-T06,TRIP-GLV-T06-01,2026-08-01T06:50:00.000Z,35.52722,129.03679,65,1500,1408.40,true,ok
GLV-T06,TRIP-GLV-T06-01,2026-08-01T06:52:00.000Z,35.52549,129.03583,63,1500,1410.74,true,ok
GLV-T06,TRIP-GLV-T06-01,2026-08-01T06:54:00.000Z,35.52376,129.03487,62,1500,1413.07,true,ok
GLV-T06,TRIP-GLV-T06-01,2026-08-01T06:56:00.000Z,35.52202,129.03391,61,1500,1415.40,true,ok
GLV-T06,TRIP-GLV-T06-01,2026-08-01T06:58:00.000Z,35.52029,129.03295,60,1500,1417.74,true,ok
GLV-T06,TRIP-GLV-T06-01,2026-08-01T07:00:00.000Z,35.51856,129.03199,60,1500,1420.07,true,ok
GLV-T06,TRIP-GLV-T06-01,2026-08-01T07:02:00.000Z,35.51682,129.03103,60,1500,1422.40,true,ok
GLV-T06,TRIP-GLV-T06-01,2026-08-01T07:04:00.000Z,35.51509,129.03008,60,1500,1424.74,true,ok
GLV-T06,TRIP-GLV-T06-01,2026-08-01T07:06:00.000Z,35.51336,129.02912,61,1500,1427.07,true,ok
GLV-T06,TRIP-GLV-T06-01,2026-08-01T07:08:00.000Z,35.51162,129.02816,62,1500,1429.40,true,ok
GLV-T06,TRIP-GLV-T06-01,2026-08-01T07:10:00.000Z,35.50989,129.02720,63,1500,1431.74,true,ok
GLV-T06,TRIP-GLV-T06-01,2026-08-01T07:12:00.000Z,35.50816,129.02624,64,1500,1434.07,true,ok
GLV-T06,TRIP-GLV-T06-01,2026-08-01T07:14:00.000Z,35.50642,129.02528,66,1500,1436.41,true,ok
GLV-T06,TRIP-GLV-T06-01,2026-08-01T07:16:00.000Z,35.50469,129.02432,67,1500,1438.74,true,ok
GLV-T06,TRIP-GLV-T06-01,2026-08-01T07:18:00.000Z,35.50296,129.02336,69,1500,1441.07,true,ok
GLV-T06,TRIP-GLV-T06-01,2026-08-01T07:20:00.000Z,35.50123,129.02240,70,1500,1443.41,true,ok
GLV-T06,TRIP-GLV-T06-01,2026-08-01T07:22:00.000Z,35.49949,129.02145,72,1500,1445.74,true,ok
GLV-T06,TRIP-GLV-T06-01,2026-08-01T07:24:00.000Z,35.49776,129.02049,73,1500,1448.07,true,ok
GLV-T06,TRIP-GLV-T06-01,2026-08-01T07:26:00.000Z,35.49603,129.01953,74,1500,1450.41,true,ok
GLV-T06,TRIP-GLV-T06-01,2026-08-01T07:28:00.000Z,35.49429,129.01857,75,1500,1452.74,true,ok
GLV-T06,TRIP-GLV-T06-01,2026-08-01T07:30:00.000Z,35.49256,129.01761,76,1500,1455.08,true,ok
GLV-T06,TRIP-GLV-T06-01,2026-08-01T07:32:00.000Z,35.49083,129.01665,76,1500,1457.41,true,ok
GLV-T06,TRIP-GLV-T06-01,2026-08-01T07:34:00.000Z,35.48909,129.01569,76,1500,1459.74,true,ok
GLV-T06,TRIP-GLV-T06-01,2026-08-01T07:36:00.000Z,35.48736,129.01473,76,1500,1462.08,true,ok
GLV-T06,TRIP-GLV-T06-01,2026-08-01T07:38:00.000Z,35.48563,129.01377,75,1500,1464.41,true,ok
GLV-T06,TRIP-GLV-T06-01,2026-08-01T07:40:00.000Z,35.48390,129.01281,74,1500,1466.74,true,ok
GLV-T06,TRIP-GLV-T06-01,2026-08-01T07:42:00.000Z,35.48216,129.01186,73,1500,1469.08,true,ok
GLV-T06,TRIP-GLV-T06-01,2026-08-01T07:44:00.000Z,35.48043,129.01090,71,1500,1471.41,true,ok
GLV-T06,TRIP-GLV-T06-01,2026-08-01T07:46:00.000Z,35.47870,129.00994,70,1500,1473.75,true,ok
GLV-T06,TRIP-GLV-T06-01,2026-08-01T07:48:00.000Z,35.47696,129.00898,68,1500,1476.08,true,ok
GLV-T06,TRIP-GLV-T06-01,2026-08-01T07:50:00.000Z,35.47523,129.00802,67,1500,1478.41,true,ok
GLV-T06,TRIP-GLV-T06-01,2026-08-01T07:52:00.000Z,35.47350,129.00706,65,1500,1480.75,true,ok
GLV-T06,TRIP-GLV-T06-01,2026-08-01T07:54:00.000Z,35.47176,129.00610,64,1500,1483.08,true,ok
GLV-T06,TRIP-GLV-T06-01,2026-08-01T07:56:00.000Z,35.47003,129.00514,62,1500,1485.41,true,ok
GLV-T06,TRIP-GLV-T06-01,2026-08-01T07:58:00.000Z,35.46830,129.00418,61,1500,1487.75,true,ok
GLV-T06,TRIP-GLV-T06-01,2026-08-01T08:00:00.000Z,35.46657,129.00323,61,1500,1490.08,true,ok
GLV-T06,TRIP-GLV-T06-01,2026-08-01T08:02:00.000Z,35.46483,129.00227,60,1500,1492.42,true,ok
GLV-T06,TRIP-GLV-T06-01,2026-08-01T08:04:00.000Z,35.46310,129.00131,60,1500,1494.75,true,ok
GLV-T06,TRIP-GLV-T06-01,2026-08-01T08:06:00.000Z,35.46137,129.00035,60,1500,1497.08,true,ok
GLV-T06,TRIP-GLV-T06-01,2026-08-01T08:08:00.000Z,35.45963,128.99939,61,1500,1499.42,true,ok
GLV-T06,TRIP-GLV-T06-01,2026-08-01T08:10:00.000Z,35.45790,128.99843,61,1500,1501.75,true,ok
GLV-T06,TRIP-GLV-T06-01,2026-08-01T08:12:00.000Z,35.45617,128.99747,62,1500,1504.08,true,ok
GLV-T06,TRIP-GLV-T06-01,2026-08-01T08:14:00.000Z,35.45443,128.99651,64,1500,1506.42,true,ok
GLV-T06,TRIP-GLV-T06-01,2026-08-01T08:16:00.000Z,35.45270,128.99555,65,1500,1508.75,true,ok
GLV-T06,TRIP-GLV-T06-01,2026-08-01T08:18:00.000Z,35.45097,128.99460,67,1500,1511.09,true,ok
GLV-T06,TRIP-GLV-T06-01,2026-08-01T08:20:00.000Z,35.44924,128.99364,68,1500,1513.42,true,ok
GLV-T06,TRIP-GLV-T06-01,2026-08-01T08:22:00.000Z,35.44750,128.99268,70,1500,1515.75,true,ok
GLV-T06,TRIP-GLV-T06-01,2026-08-01T08:24:00.000Z,35.44577,128.99172,71,1500,1518.09,true,ok
GLV-T06,TRIP-GLV-T06-01,2026-08-01T08:26:00.000Z,35.44404,128.99076,73,1500,1520.42,true,ok
GLV-T06,TRIP-GLV-T06-01,2026-08-01T08:28:00.000Z,35.44230,128.98980,74,1500,1522.75,true,ok
GLV-T06,TRIP-GLV-T06-01,2026-08-01T08:30:00.000Z,35.44057,128.98884,75,1500,1525.09,true,ok
GLV-T06,TRIP-GLV-T06-01,2026-08-01T08:32:00.000Z,35.43884,128.98788,76,1500,1527.42,true,ok
GLV-T06,TRIP-GLV-T06-01,2026-08-01T08:34:00.000Z,35.43710,128.98692,76,1500,1529.75,true,ok
GLV-T06,TRIP-GLV-T06-01,2026-08-01T08:36:00.000Z,35.43537,128.98596,76,1500,1532.09,true,ok
GLV-T06,TRIP-GLV-T06-01,2026-08-01T08:38:00.000Z,35.43364,128.98501,76,1500,1534.42,true,ok
GLV-T06,TRIP-GLV-T06-01,2026-08-01T08:40:00.000Z,35.43190,128.98405,75,1500,1536.76,true,ok
GLV-T06,TRIP-GLV-T06-01,2026-08-01T08:42:00.000Z,35.43017,128.98309,74,1500,1539.09,true,ok
GLV-T06,TRIP-GLV-T06-01,2026-08-01T08:44:00.000Z,35.42844,128.98213,73,1500,1541.42,true,ok
GLV-T06,TRIP-GLV-T06-01,2026-08-01T08:46:00.000Z,35.42671,128.98117,72,1500,1543.76,true,ok
GLV-T06,TRIP-GLV-T06-01,2026-08-01T08:48:00.000Z,35.42497,128.98021,71,1500,1546.09,true,ok
GLV-T06,TRIP-GLV-T06-01,2026-08-01T08:50:00.000Z,35.42324,128.97925,69,1500,1548.42,true,ok
GLV-T06,TRIP-GLV-T06-01,2026-08-01T08:52:00.000Z,35.42151,128.97829,67,1500,1550.76,true,ok
GLV-T06,TRIP-GLV-T06-01,2026-08-01T08:54:00.000Z,35.41977,128.97733,66,1500,1553.09,true,ok
GLV-T06,TRIP-GLV-T06-01,2026-08-01T08:56:00.000Z,35.41804,128.97638,64,1500,1555.43,true,ok
GLV-T06,TRIP-GLV-T06-01,2026-08-01T08:58:00.000Z,35.41631,128.97542,63,1500,1557.76,true,ok
GLV-T06,TRIP-GLV-T06-01,2026-08-01T09:00:00.000Z,35.41457,128.97446,62,1500,1560.09,true,ok
GLV-T06,TRIP-GLV-T06-01,2026-08-01T09:02:00.000Z,35.41284,128.97350,61,1500,1562.43,true,ok
GLV-T06,TRIP-GLV-T06-01,2026-08-01T09:04:00.000Z,35.41111,128.97254,60,1500,1564.76,true,ok
GLV-T06,TRIP-GLV-T06-01,2026-08-01T09:06:00.000Z,35.40938,128.97158,60,1500,1567.09,true,ok
GLV-T06,TRIP-GLV-T06-01,2026-08-01T09:08:00.000Z,35.40764,128.97062,60,1500,1569.43,true,ok
GLV-T06,TRIP-GLV-T06-01,2026-08-01T09:10:00.000Z,35.40591,128.96966,60,1500,1571.76,true,ok
GLV-T06,TRIP-GLV-T06-01,2026-08-01T09:12:00.000Z,35.40418,128.96870,61,1500,1574.10,true,ok
GLV-T06,TRIP-GLV-T06-01,2026-08-01T09:14:00.000Z,35.40244,128.96775,62,1500,1576.43,true,ok
GLV-T06,TRIP-GLV-T06-01,2026-08-01T09:16:00.000Z,35.40071,128.96679,63,1500,1578.76,true,ok
GLV-T06,TRIP-GLV-T06-01,2026-08-01T09:18:00.000Z,35.39898,128.96583,64,1500,1581.10,true,ok
GLV-T06,TRIP-GLV-T06-01,2026-08-01T09:20:00.000Z,35.39724,128.96487,66,1500,1583.43,true,ok
GLV-T06,TRIP-GLV-T06-01,2026-08-01T09:22:00.000Z,35.39551,128.96391,67,1500,1585.76,true,ok
GLV-T06,TRIP-GLV-T06-01,2026-08-01T09:24:00.000Z,35.39378,128.96295,69,1500,1588.10,true,ok
GLV-T06,TRIP-GLV-T06-01,2026-08-01T09:26:00.000Z,35.39205,128.96199,71,1500,1590.43,true,ok
GLV-T06,TRIP-GLV-T06-01,2026-08-01T09:28:00.000Z,35.39031,128.96103,72,1500,1592.77,true,ok
GLV-T06,TRIP-GLV-T06-01,2026-08-01T09:30:00.000Z,35.38858,128.96007,73,1500,1595.10,true,ok
GLV-T06,TRIP-GLV-T06-01,2026-08-01T09:32:00.000Z,35.38685,128.95911,74,1500,1597.43,true,ok
GLV-T06,TRIP-GLV-T06-01,2026-08-01T09:34:00.000Z,35.38511,128.95816,75,1500,1599.77,true,ok
GLV-T06,TRIP-GLV-T06-01,2026-08-01T09:36:00.000Z,35.38338,128.95720,76,1500,1602.10,true,ok
GLV-T06,TRIP-GLV-T06-01,2026-08-01T09:38:00.000Z,35.38165,128.95624,76,1500,1604.43,true,ok
GLV-T06,TRIP-GLV-T06-01,2026-08-01T09:40:00.000Z,35.37991,128.95528,76,1500,1606.77,true,ok
GLV-T06,TRIP-GLV-T06-01,2026-08-01T09:42:00.000Z,35.37818,128.95432,75,1500,1609.10,true,ok
GLV-T06,TRIP-GLV-T06-01,2026-08-01T09:44:00.000Z,35.37645,128.95336,75,1500,1611.44,true,ok
GLV-T06,TRIP-GLV-T06-01,2026-08-01T09:46:00.000Z,35.37472,128.95240,74,1500,1613.77,true,ok
GLV-T06,TRIP-GLV-T06-01,2026-08-01T09:48:00.000Z,35.37298,128.95144,73,1500,1616.10,true,ok
GLV-T06,TRIP-GLV-T06-01,2026-08-01T09:50:00.000Z,35.37125,128.95048,71,1500,1618.44,true,ok
GLV-T06,TRIP-GLV-T06-01,2026-08-01T09:52:00.000Z,35.36952,128.94953,70,1500,1620.77,true,ok
GLV-T06,TRIP-GLV-T06-01,2026-08-01T09:54:00.000Z,35.36778,128.94857,68,1500,1623.10,true,ok
GLV-T06,TRIP-GLV-T06-01,2026-08-01T09:56:00.000Z,35.36605,128.94761,66,1500,1625.44,true,ok
GLV-T06,TRIP-GLV-T06-01,2026-08-01T09:58:00.000Z,35.36432,128.94665,65,1500,1627.77,true,ok
GLV-T06,TRIP-GLV-T06-01,2026-08-01T10:00:00.000Z,35.36258,128.94569,64,1500,1630.11,true,ok
GLV-T06,TRIP-GLV-T06-01,2026-08-01T10:02:00.000Z,35.36085,128.94473,62,1500,1632.44,true,ok
GLV-T06,TRIP-GLV-T06-01,2026-08-01T10:04:00.000Z,35.35912,128.94377,61,1500,1634.77,true,ok
GLV-T06,TRIP-GLV-T06-01,2026-08-01T10:06:00.000Z,35.35738,128.94281,61,1500,1637.11,true,ok
GLV-T06,TRIP-GLV-T06-01,2026-08-01T10:08:00.000Z,35.35565,128.94185,60,1500,1639.44,true,ok
GLV-T06,TRIP-GLV-T06-01,2026-08-01T10:10:00.000Z,35.35392,128.94090,60,1500,1641.77,true,ok
GLV-T06,TRIP-GLV-T06-01,2026-08-01T10:12:00.000Z,35.35219,128.93994,60,1500,1644.11,true,ok
GLV-T06,TRIP-GLV-T06-01,2026-08-01T10:14:00.000Z,35.35045,128.93898,61,1500,1646.44,true,ok
GLV-T06,TRIP-GLV-T06-01,2026-08-01T10:16:00.000Z,35.34872,128.93802,61,1500,1648.77,true,ok
GLV-T06,TRIP-GLV-T06-01,2026-08-01T10:18:00.000Z,35.34699,128.93706,63,1500,1651.11,true,ok
GLV-T06,TRIP-GLV-T06-01,2026-08-01T10:20:00.000Z,35.34525,128.93610,64,1500,1653.44,true,ok
GLV-T06,TRIP-GLV-T06-01,2026-08-01T10:22:00.000Z,35.34352,128.93514,65,1500,1655.78,true,ok
GLV-T06,TRIP-GLV-T06-01,2026-08-01T10:24:00.000Z,35.34179,128.93418,67,1500,1658.11,true,ok
GLV-T06,TRIP-GLV-T06-01,2026-08-01T10:26:00.000Z,35.34005,128.93322,68,1500,1660.44,true,ok
GLV-T06,TRIP-GLV-T06-01,2026-08-01T10:28:00.000Z,35.33832,128.93226,70,1500,1662.78,true,ok
GLV-T06,TRIP-GLV-T06-01,2026-08-01T10:30:00.000Z,35.33659,128.93131,71,1500,1665.11,true,ok
GLV-T06,TRIP-GLV-T06-01,2026-08-01T10:32:00.000Z,35.33486,128.93035,73,1500,1667.44,true,ok
GLV-T06,TRIP-GLV-T06-01,2026-08-01T10:34:00.000Z,35.33312,128.92939,74,1500,1669.78,true,ok
GLV-T06,TRIP-GLV-T06-01,2026-08-01T10:36:00.000Z,35.33139,128.92843,75,1500,1672.11,true,ok
GLV-T06,TRIP-GLV-T06-01,2026-08-01T10:38:00.000Z,35.32966,128.92747,76,1500,1674.45,true,ok
GLV-T06,TRIP-GLV-T06-01,2026-08-01T10:40:00.000Z,35.32792,128.92651,76,1500,1676.78,true,ok
GLV-T06,TRIP-GLV-T06-01,2026-08-01T10:42:00.000Z,35.32619,128.92555,76,1500,1679.11,true,ok
GLV-T06,TRIP-GLV-T06-01,2026-08-01T10:44:00.000Z,35.32446,128.92459,76,1500,1681.45,true,ok
GLV-T06,TRIP-GLV-T06-01,2026-08-01T10:46:00.000Z,35.32272,128.92363,75,1500,1683.78,true,ok
GLV-T06,TRIP-GLV-T06-01,2026-08-01T10:48:00.000Z,35.32099,128.92268,74,1500,1686.11,true,ok
GLV-T06,TRIP-GLV-T06-01,2026-08-01T10:50:00.000Z,35.31926,128.92172,73,1500,1688.45,true,ok
GLV-T06,TRIP-GLV-T06-01,2026-08-01T10:52:00.000Z,35.31753,128.92076,72,1500,1690.78,true,ok
GLV-T06,TRIP-GLV-T06-01,2026-08-01T10:54:00.000Z,35.31579,128.91980,70,1500,1693.12,true,ok
GLV-T06,TRIP-GLV-T06-01,2026-08-01T10:56:00.000Z,35.31406,128.91884,69,1500,1695.45,true,ok
GLV-T06,TRIP-GLV-T06-01,2026-08-01T10:58:00.000Z,35.31233,128.91788,67,1500,1697.78,true,ok
GLV-T06,TRIP-GLV-T06-01,2026-08-01T11:00:00.000Z,35.31059,128.91692,66,1500,1700.12,true,ok
GLV-T06,TRIP-GLV-T06-01,2026-08-01T11:02:00.000Z,35.30886,128.91596,64,1500,1702.45,true,ok
GLV-T06,TRIP-GLV-T06-01,2026-08-01T11:04:00.000Z,35.30713,128.91500,63,1500,1704.78,true,ok
GLV-T06,TRIP-GLV-T06-01,2026-08-01T11:06:00.000Z,35.30539,128.91405,62,1500,1707.12,true,ok
GLV-T06,TRIP-GLV-T06-01,2026-08-01T11:08:00.000Z,35.30366,128.91309,61,1500,1709.45,true,ok
GLV-T06,TRIP-GLV-T06-01,2026-08-01T11:10:00.000Z,35.30193,128.91213,60,1500,1711.79,true,ok
GLV-T06,TRIP-GLV-T06-01,2026-08-01T11:12:00.000Z,35.30020,128.91117,60,1500,1714.12,true,ok
GLV-T06,TRIP-GLV-T06-01,2026-08-01T11:14:00.000Z,35.29846,128.91021,60,1500,1716.45,true,ok
GLV-T06,TRIP-GLV-T06-01,2026-08-01T11:16:00.000Z,35.29673,128.90925,60,1500,1718.79,true,ok
GLV-T06,TRIP-GLV-T06-01,2026-08-01T11:18:00.000Z,35.29500,128.90829,61,1500,1721.12,true,ok
GLV-T06,TRIP-GLV-T06-01,2026-08-01T11:20:00.000Z,35.29326,128.90733,62,1500,1723.45,true,ok
GLV-T06,TRIP-GLV-T06-01,2026-08-01T11:22:00.000Z,35.29153,128.90637,63,1500,1725.79,true,ok
GLV-T06,TRIP-GLV-T06-01,2026-08-01T11:24:00.000Z,35.28980,128.90541,65,1500,1728.12,true,ok
GLV-T06,TRIP-GLV-T06-01,2026-08-01T11:26:00.000Z,35.28806,128.90446,66,1500,1730.46,true,ok
GLV-T06,TRIP-GLV-T06-01,2026-08-01T11:28:00.000Z,35.28633,128.90350,68,1500,1732.79,true,ok
GLV-T06,TRIP-GLV-T06-01,2026-08-01T11:30:00.000Z,35.28460,128.90254,69,1500,1735.12,true,ok
GLV-T06,TRIP-GLV-T06-01,2026-08-01T11:32:00.000Z,35.28286,128.90158,71,1500,1737.46,true,ok
GLV-T06,TRIP-GLV-T06-01,2026-08-01T11:34:00.000Z,35.28113,128.90062,72,1500,1739.79,true,ok
GLV-T06,TRIP-GLV-T06-01,2026-08-01T11:36:00.000Z,35.27940,128.89966,74,1500,1742.12,true,ok
GLV-T06,TRIP-GLV-T06-01,2026-08-01T11:38:00.000Z,35.27767,128.89870,75,1500,1744.46,true,ok
GLV-T06,TRIP-GLV-T06-01,2026-08-01T11:40:00.000Z,35.27593,128.89774,75,1500,1746.79,true,ok
GLV-T06,TRIP-GLV-T06-01,2026-08-01T11:42:00.000Z,35.27420,128.89678,76,1500,1749.12,true,ok
GLV-T06,TRIP-GLV-T06-01,2026-08-01T11:44:00.000Z,35.27247,128.89583,76,1500,1751.46,true,ok
GLV-T06,TRIP-GLV-T06-01,2026-08-01T11:46:00.000Z,35.27073,128.89487,76,1500,1753.79,true,ok
GLV-T06,TRIP-GLV-T06-01,2026-08-01T11:48:00.000Z,35.26900,128.89391,75,1500,1756.13,true,ok
GLV-T06,TRIP-GLV-T06-01,2026-08-01T11:50:00.000Z,35.26727,128.89295,75,1500,1758.46,true,ok
GLV-T06,TRIP-GLV-T06-01,2026-08-01T11:52:00.000Z,35.26553,128.89199,74,1500,1760.79,true,ok
GLV-T06,TRIP-GLV-T06-01,2026-08-01T11:54:00.000Z,35.26380,128.89103,72,1500,1763.13,true,ok
GLV-T06,TRIP-GLV-T06-01,2026-08-01T11:56:00.000Z,35.26207,128.89007,71,1500,1765.46,true,ok
GLV-T06,TRIP-GLV-T06-01,2026-08-01T11:58:00.000Z,35.26034,128.88911,69,1500,1767.79,true,ok
GLV-T06,TRIP-GLV-T06-01,2026-08-01T12:00:00.000Z,35.25860,128.88815,68,1500,1770.13,true,ok
GLV-T06,TRIP-GLV-T06-01,2026-08-01T12:02:00.000Z,35.25687,128.88720,66,1500,1772.46,true,ok
GLV-T06,TRIP-GLV-T06-01,2026-08-01T12:04:00.000Z,35.25514,128.88624,65,1500,1774.80,true,ok
GLV-T06,TRIP-GLV-T06-01,2026-08-01T12:06:00.000Z,35.25340,128.88528,63,1500,1777.13,true,ok
GLV-T06,TRIP-GLV-T06-01,2026-08-01T12:08:00.000Z,35.25167,128.88432,62,1500,1779.46,true,ok
GLV-T06,TRIP-GLV-T06-01,2026-08-01T12:10:00.000Z,35.24994,128.88336,61,1500,1781.80,true,ok
GLV-T06,TRIP-GLV-T06-01,2026-08-01T12:12:00.000Z,35.24820,128.88240,60,1500,1784.13,true,ok
GLV-T06,TRIP-GLV-T06-01,2026-08-01T12:14:00.000Z,35.24647,128.88144,60,1500,1786.46,true,ok
GLV-T06,TRIP-GLV-T06-01,2026-08-01T12:16:00.000Z,35.24474,128.88048,60,1500,1788.80,true,ok
GLV-T06,TRIP-GLV-T06-01,2026-08-01T12:18:00.000Z,35.24301,128.87952,60,1500,1791.13,true,ok
GLV-T06,TRIP-GLV-T06-01,2026-08-01T12:20:00.000Z,35.24127,128.87856,61,1500,1793.47,true,ok
GLV-T06,TRIP-GLV-T06-01,2026-08-01T12:22:00.000Z,35.23954,128.87761,62,1500,1795.80,true,ok
GLV-T06,TRIP-GLV-T06-01,2026-08-01T12:24:00.000Z,35.23781,128.87665,63,1500,1798.13,true,ok
GLV-T06,TRIP-GLV-T06-01,2026-08-01T12:26:00.000Z,35.23607,128.87569,64,1500,1800.47,true,ok
GLV-T06,TRIP-GLV-T06-01,2026-08-01T12:28:00.000Z,35.23434,128.87473,66,1500,1802.80,true,ok
GLV-T06,TRIP-GLV-T06-01,2026-08-01T12:30:00.000Z,35.23261,128.87377,67,1500,1805.13,true,ok
GLV-T06,TRIP-GLV-T06-01,2026-08-01T12:32:00.000Z,35.23087,128.87281,69,1500,1807.47,true,ok
GLV-T06,TRIP-GLV-T06-01,2026-08-01T12:34:00.000Z,35.22914,128.87185,70,1500,1809.80,true,ok
GLV-T06,TRIP-GLV-T06-01,2026-08-01T12:36:00.000Z,35.22741,128.87089,72,1500,1812.14,true,ok
GLV-T06,TRIP-GLV-T06-01,2026-08-01T12:38:00.000Z,35.22568,128.86993,73,1500,1814.47,true,ok
GLV-T06,TRIP-GLV-T06-01,2026-08-01T12:40:00.000Z,35.22394,128.86898,74,1500,1816.80,true,ok
GLV-T06,TRIP-GLV-T06-01,2026-08-01T12:42:00.000Z,35.22221,128.86802,75,1500,1819.14,true,ok
GLV-T06,TRIP-GLV-T06-01,2026-08-01T12:44:00.000Z,35.22048,128.86706,76,1500,1821.47,true,ok
GLV-T06,TRIP-GLV-T06-01,2026-08-01T12:46:00.000Z,35.21874,128.86610,76,1500,1823.80,true,ok
GLV-T06,TRIP-GLV-T06-01,2026-08-01T12:48:00.000Z,35.21701,128.86514,76,1500,1826.14,true,ok
GLV-T06,TRIP-GLV-T06-01,2026-08-01T12:50:00.000Z,35.21528,128.86418,76,1500,1828.47,true,ok
GLV-T06,TRIP-GLV-T06-01,2026-08-01T12:52:00.000Z,35.21354,128.86322,75,1500,1830.81,true,ok
GLV-T06,TRIP-GLV-T06-01,2026-08-01T12:54:00.000Z,35.21181,128.86226,74,1500,1833.14,true,ok
GLV-T06,TRIP-GLV-T06-01,2026-08-01T12:56:00.000Z,35.21008,128.86130,73,1500,1835.47,true,ok
GLV-T06,TRIP-GLV-T06-01,2026-08-01T12:58:00.000Z,35.20835,128.86035,72,1500,1837.81,true,ok
GLV-T06,TRIP-GLV-T06-01,2026-08-01T13:00:00.000Z,35.20661,128.85939,70,1500,1840.14,true,ok
GLV-T06,TRIP-GLV-T06-01,2026-08-01T13:02:00.000Z,35.20488,128.85843,68,1500,1842.47,true,ok
GLV-T06,TRIP-GLV-T06-01,2026-08-01T13:04:00.000Z,35.20315,128.85747,67,1500,1844.81,true,ok
GLV-T06,TRIP-GLV-T06-01,2026-08-01T13:06:00.000Z,35.20141,128.85651,65,1500,1847.14,true,ok
GLV-T06,TRIP-GLV-T06-01,2026-08-01T13:08:00.000Z,35.19968,128.85555,64,1500,1849.47,true,ok
GLV-T06,TRIP-GLV-T06-01,2026-08-01T13:10:00.000Z,35.19795,128.85459,63,1500,1851.81,true,ok
GLV-T06,TRIP-GLV-T06-01,2026-08-01T13:12:00.000Z,35.19621,128.85363,62,1500,1854.14,true,ok
GLV-T06,TRIP-GLV-T06-01,2026-08-01T13:14:00.000Z,35.19448,128.85267,61,1500,1856.48,true,ok
GLV-T06,TRIP-GLV-T06-01,2026-08-01T13:16:00.000Z,35.19275,128.85172,60,1500,1858.81,true,ok
GLV-T06,TRIP-GLV-T06-01,2026-08-01T13:18:00.000Z,35.19101,128.85076,60,1500,1861.14,true,ok
GLV-T06,TRIP-GLV-T06-01,2026-08-01T13:20:00.000Z,35.18928,128.84980,60,1500,1863.48,true,ok
GLV-T06,TRIP-GLV-T06-01,2026-08-01T13:22:00.000Z,35.18755,128.84884,61,1500,1865.81,true,ok
GLV-T06,TRIP-GLV-T06-01,2026-08-01T13:24:00.000Z,35.18582,128.84788,61,1500,1868.14,true,ok
GLV-T06,TRIP-GLV-T06-01,2026-08-01T13:26:00.000Z,35.18408,128.84692,62,1500,1870.48,true,ok
GLV-T06,TRIP-GLV-T06-01,2026-08-01T13:28:00.000Z,35.18235,128.84596,63,1500,1872.81,true,ok
GLV-T06,TRIP-GLV-T06-01,2026-08-01T13:30:00.000Z,35.18062,128.84500,65,1500,1875.15,true,ok
GLV-T06,TRIP-GLV-T06-01,2026-08-01T13:32:00.000Z,35.17888,128.84404,66,1500,1877.48,true,ok
GLV-T06,TRIP-GLV-T06-01,2026-08-01T13:34:00.000Z,35.17715,128.84308,68,1500,1879.81,true,ok
GLV-T06,TRIP-GLV-T06-01,2026-08-01T13:36:00.000Z,35.17542,128.84213,70,1500,1882.15,true,ok
GLV-T06,TRIP-GLV-T06-01,2026-08-01T13:38:00.000Z,35.17368,128.84117,71,1500,1884.48,true,ok
GLV-T06,TRIP-GLV-T06-01,2026-08-01T13:40:00.000Z,35.17195,128.84021,73,1500,1886.81,true,ok
GLV-T06,TRIP-GLV-T06-01,2026-08-01T13:42:00.000Z,35.17022,128.83925,74,1500,1889.15,true,ok
GLV-T06,TRIP-GLV-T06-01,2026-08-01T13:44:00.000Z,35.16849,128.83829,75,1500,1891.48,true,ok
GLV-T06,TRIP-GLV-T06-01,2026-08-01T13:46:00.000Z,35.16675,128.83733,75,1500,1893.82,true,ok
GLV-T06,TRIP-GLV-T06-01,2026-08-01T13:48:00.000Z,35.16502,128.83637,76,1500,1896.15,true,ok
GLV-T06,TRIP-GLV-T06-01,2026-08-01T13:50:00.000Z,35.16329,128.83541,76,1500,1898.48,true,ok
GLV-T06,TRIP-GLV-T06-01,2026-08-01T13:52:00.000Z,35.16155,128.83445,76,1500,1900.82,true,ok
GLV-T06,TRIP-GLV-T06-01,2026-08-01T13:54:00.000Z,35.15982,128.83350,75,1500,1903.15,true,ok
GLV-T06,TRIP-GLV-T06-01,2026-08-01T13:56:00.000Z,35.15809,128.83254,74,1500,1905.48,true,ok
GLV-T06,TRIP-GLV-T06-01,2026-08-01T13:58:00.000Z,35.15635,128.83158,73,1500,1907.82,true,ok
GLV-T06,TRIP-GLV-T06-01,2026-08-01T14:00:00.000Z,35.15462,128.83062,72,1500,1910.15,true,ok
GLV-T06,TRIP-GLV-T06-01,2026-08-01T14:02:00.000Z,35.15289,128.82966,71,1500,1912.49,true,ok
GLV-T06,TRIP-GLV-T06-01,2026-08-01T14:04:00.000Z,35.15116,128.82870,69,1500,1914.82,true,ok
GLV-T06,TRIP-GLV-T06-01,2026-08-01T14:06:00.000Z,35.14942,128.82774,68,1500,1917.15,true,ok
GLV-T06,TRIP-GLV-T06-01,2026-08-01T14:08:00.000Z,35.14769,128.82678,66,1500,1919.49,true,ok
GLV-T06,TRIP-GLV-T06-01,2026-08-01T14:10:00.000Z,35.14596,128.82582,64,1500,1921.82,true,ok
GLV-T06,TRIP-GLV-T06-01,2026-08-01T14:12:00.000Z,35.14422,128.82487,63,1500,1924.15,true,ok
GLV-T06,TRIP-GLV-T06-01,2026-08-01T14:14:00.000Z,35.14249,128.82391,62,1500,1926.49,true,ok
GLV-T06,TRIP-GLV-T06-01,2026-08-01T14:16:00.000Z,35.14076,128.82295,61,1500,1928.82,true,ok
GLV-T06,TRIP-GLV-T06-01,2026-08-01T14:18:00.000Z,35.13902,128.82199,60,1500,1931.16,true,ok
GLV-T06,TRIP-GLV-T06-01,2026-08-01T14:20:00.000Z,35.13729,128.82103,60,1500,1933.49,true,ok
GLV-T06,TRIP-GLV-T06-01,2026-08-01T14:22:00.000Z,35.13556,128.82007,60,1500,1935.82,true,ok
GLV-T06,TRIP-GLV-T06-01,2026-08-01T14:24:00.000Z,35.13383,128.81911,60,1500,1938.16,true,ok
GLV-T06,TRIP-GLV-T06-01,2026-08-01T14:26:00.000Z,35.13209,128.81815,61,1500,1940.49,true,ok
GLV-T06,TRIP-GLV-T06-01,2026-08-01T14:28:00.000Z,35.13036,128.81719,62,1500,1942.82,true,ok
GLV-T06,TRIP-GLV-T06-01,2026-08-01T14:30:00.000Z,35.12863,128.81623,63,1500,1945.16,true,ok
GLV-T06,TRIP-GLV-T06-01,2026-08-01T14:32:00.000Z,35.12689,128.81528,64,1500,1947.49,true,ok
GLV-T06,TRIP-GLV-T06-01,2026-08-01T14:34:00.000Z,35.12516,128.81432,66,1500,1949.82,true,ok
GLV-T06,TRIP-GLV-T06-01,2026-08-01T14:36:00.000Z,35.12343,128.81336,67,1500,1952.16,true,ok
GLV-T06,TRIP-GLV-T06-01,2026-08-01T14:38:00.000Z,35.12169,128.81240,69,1500,1954.49,true,ok
GLV-T06,TRIP-GLV-T06-01,2026-08-01T14:40:00.000Z,35.11996,128.81144,71,1500,1956.83,true,ok
GLV-T06,TRIP-GLV-T06-01,2026-08-01T14:42:00.000Z,35.11823,128.81048,72,1500,1959.16,true,ok
GLV-T06,TRIP-GLV-T06-01,2026-08-01T14:44:00.000Z,35.11649,128.80952,73,1500,1961.49,true,ok
GLV-T06,TRIP-GLV-T06-01,2026-08-01T14:46:00.000Z,35.11476,128.80856,74,1500,1963.83,true,ok
GLV-T06,TRIP-GLV-T06-01,2026-08-01T14:48:00.000Z,35.11303,128.80760,75,1500,1966.16,true,ok
GLV-T06,TRIP-GLV-T06-01,2026-08-01T14:50:00.000Z,35.11130,128.80665,76,1500,1968.49,true,ok
GLV-T06,TRIP-GLV-T06-01,2026-08-01T14:52:00.000Z,35.10956,128.80569,76,1500,1970.83,true,ok
GLV-T06,TRIP-GLV-T06-01,2026-08-01T14:54:00.000Z,35.10783,128.80473,76,1500,1973.16,true,ok
GLV-T06,TRIP-GLV-T06-01,2026-08-01T14:56:00.000Z,35.10610,128.80377,76,1500,1975.50,true,ok
GLV-T06,TRIP-GLV-T06-01,2026-08-01T14:58:00.000Z,35.10436,128.80281,75,1500,1977.83,true,ok
GLV-T06,TRIP-GLV-T06-01,2026-08-01T15:00:00.000Z,35.10263,128.80185,74,1500,1980.16,true,ok
GLV-T06,TRIP-GLV-T06-01,2026-08-01T15:02:00.000Z,35.10090,128.80089,73,1500,1982.50,true,ok
GLV-T06,TRIP-GLV-T06-01,2026-08-01T15:04:00.000Z,35.09916,128.79993,71,1500,1984.83,true,ok
GLV-T06,TRIP-GLV-T06-01,2026-08-01T15:06:00.000Z,35.09743,128.79897,70,1500,1987.16,true,ok
GLV-T06,TRIP-GLV-T06-01,2026-08-01T15:08:00.000Z,35.09570,128.79802,68,1500,1989.50,true,ok
GLV-T06,TRIP-GLV-T06-01,2026-08-01T15:10:00.000Z,35.09397,128.79706,67,1500,1991.83,true,ok
GLV-T06,TRIP-GLV-T06-01,2026-08-01T15:12:00.000Z,35.09223,128.79610,65,1500,1994.17,true,ok
GLV-T06,TRIP-GLV-T06-01,2026-08-01T15:14:00.000Z,35.09050,128.79514,64,1500,1996.50,true,ok
GLV-T06,TRIP-GLV-T06-01,2026-08-01T15:16:00.000Z,35.08877,128.79418,62,1500,1998.83,true,ok
GLV-T07,TRIP-GLV-T07-01,2026-07-31T21:00:00.000Z,35.08790,128.79370,68,1500,0.00,false,ok
GLV-T07,TRIP-GLV-T07-01,2026-07-31T21:02:00.000Z,35.08994,128.79483,70,1500,2.33,false,ok
GLV-T07,TRIP-GLV-T07-01,2026-07-31T21:04:00.000Z,35.09197,128.79595,71,1500,4.66,false,ok
GLV-T07,TRIP-GLV-T07-01,2026-07-31T21:06:00.000Z,35.09401,128.79708,73,1500,7.00,false,ok
GLV-T07,TRIP-GLV-T07-01,2026-07-31T21:08:00.000Z,35.09605,128.79821,74,1500,9.33,false,ok
GLV-T07,TRIP-GLV-T07-01,2026-07-31T21:10:00.000Z,35.09809,128.79934,75,1500,11.66,false,ok
GLV-T07,TRIP-GLV-T07-01,2026-07-31T21:12:00.000Z,35.10012,128.80046,75,1500,13.99,false,ok
GLV-T07,TRIP-GLV-T07-01,2026-07-31T21:14:00.000Z,35.10216,128.80159,76,1500,16.32,false,ok
GLV-T07,TRIP-GLV-T07-01,2026-07-31T21:16:00.000Z,35.10420,128.80272,76,1500,18.66,false,ok
GLV-T07,TRIP-GLV-T07-01,2026-07-31T21:18:00.000Z,35.10624,128.80385,76,1500,20.99,false,ok
GLV-T07,TRIP-GLV-T07-01,2026-07-31T21:20:00.000Z,35.10827,128.80497,75,1500,23.32,false,ok
GLV-T07,TRIP-GLV-T07-01,2026-07-31T21:22:00.000Z,35.11031,128.80610,74,1500,25.65,false,ok
GLV-T07,TRIP-GLV-T07-01,2026-07-31T21:24:00.000Z,35.11235,128.80723,73,1500,27.98,false,ok
GLV-T07,TRIP-GLV-T07-01,2026-07-31T21:26:00.000Z,35.11439,128.80835,72,1500,30.32,false,ok
GLV-T07,TRIP-GLV-T07-01,2026-07-31T21:28:00.000Z,35.11642,128.80948,71,1500,32.65,false,ok
GLV-T07,TRIP-GLV-T07-01,2026-07-31T21:30:00.000Z,35.11846,128.81061,69,1500,34.98,false,ok
GLV-T07,TRIP-GLV-T07-01,2026-07-31T21:32:00.000Z,35.12050,128.81174,68,1500,37.31,false,ok
GLV-T07,TRIP-GLV-T07-01,2026-07-31T21:34:00.000Z,35.12253,128.81286,66,1500,39.64,false,ok
GLV-T07,TRIP-GLV-T07-01,2026-07-31T21:36:00.000Z,35.12457,128.81399,64,1500,41.98,false,ok
GLV-T07,TRIP-GLV-T07-01,2026-07-31T21:38:00.000Z,35.12661,128.81512,63,1500,44.31,false,ok
GLV-T07,TRIP-GLV-T07-01,2026-07-31T21:40:00.000Z,35.12865,128.81625,62,1500,46.64,false,ok
GLV-T07,TRIP-GLV-T07-01,2026-07-31T21:42:00.000Z,35.13068,128.81737,61,1500,48.97,false,ok
GLV-T07,TRIP-GLV-T07-01,2026-07-31T21:44:00.000Z,35.13272,128.81850,60,1500,51.30,false,ok
GLV-T07,TRIP-GLV-T07-01,2026-07-31T21:46:00.000Z,35.13476,128.81963,60,1500,53.64,false,ok
GLV-T07,TRIP-GLV-T07-01,2026-07-31T21:48:00.000Z,35.13680,128.82076,60,1500,55.97,false,ok
GLV-T07,TRIP-GLV-T07-01,2026-07-31T21:50:00.000Z,35.13883,128.82188,60,1500,58.30,false,ok
GLV-T07,TRIP-GLV-T07-01,2026-07-31T21:52:00.000Z,35.14087,128.82301,61,1500,60.63,false,ok
GLV-T07,TRIP-GLV-T07-01,2026-07-31T21:54:00.000Z,35.14291,128.82414,62,1500,62.96,false,ok
GLV-T07,TRIP-GLV-T07-01,2026-07-31T21:56:00.000Z,35.14494,128.82526,63,1500,65.29,false,ok
GLV-T07,TRIP-GLV-T07-01,2026-07-31T21:58:00.000Z,35.14698,128.82639,64,1500,67.63,false,ok
GLV-T07,TRIP-GLV-T07-01,2026-07-31T22:00:00.000Z,35.14902,128.82752,66,1500,69.96,false,ok
GLV-T07,TRIP-GLV-T07-01,2026-07-31T22:02:00.000Z,35.15106,128.82865,67,1500,72.29,false,ok
GLV-T07,TRIP-GLV-T07-01,2026-07-31T22:04:00.000Z,35.15309,128.82977,69,1500,74.62,false,ok
GLV-T07,TRIP-GLV-T07-01,2026-07-31T22:06:00.000Z,35.15513,128.83090,70,1500,76.95,false,ok
GLV-T07,TRIP-GLV-T07-01,2026-07-31T22:08:00.000Z,35.15717,128.83203,72,1500,79.29,false,ok
GLV-T07,TRIP-GLV-T07-01,2026-07-31T22:10:00.000Z,35.15921,128.83316,73,1500,81.62,false,ok
GLV-T07,TRIP-GLV-T07-01,2026-07-31T22:12:00.000Z,35.16124,128.83428,74,1500,83.95,false,ok
GLV-T07,TRIP-GLV-T07-01,2026-07-31T22:14:00.000Z,35.16328,128.83541,75,1500,86.28,false,ok
GLV-T07,TRIP-GLV-T07-01,2026-07-31T22:16:00.000Z,35.16532,128.83654,76,1500,88.61,false,ok
GLV-T07,TRIP-GLV-T07-01,2026-07-31T22:18:00.000Z,35.16736,128.83766,76,1500,90.95,false,ok
GLV-T07,TRIP-GLV-T07-01,2026-07-31T22:20:00.000Z,35.16939,128.83879,76,1500,93.28,false,ok
GLV-T07,TRIP-GLV-T07-01,2026-07-31T22:22:00.000Z,35.17143,128.83992,76,1500,95.61,false,ok
GLV-T07,TRIP-GLV-T07-01,2026-07-31T22:24:00.000Z,35.17347,128.84105,75,1500,97.94,false,ok
GLV-T07,TRIP-GLV-T07-01,2026-07-31T22:26:00.000Z,35.17550,128.84217,74,1500,100.27,false,ok
GLV-T07,TRIP-GLV-T07-01,2026-07-31T22:28:00.000Z,35.17754,128.84330,73,1500,102.61,false,ok
GLV-T07,TRIP-GLV-T07-01,2026-07-31T22:30:00.000Z,35.17958,128.84443,71,1500,104.94,false,ok
GLV-T07,TRIP-GLV-T07-01,2026-07-31T22:32:00.000Z,35.18162,128.84556,70,1500,107.27,false,ok
GLV-T07,TRIP-GLV-T07-01,2026-07-31T22:34:00.000Z,35.18365,128.84668,68,1500,109.60,false,ok
GLV-T07,TRIP-GLV-T07-01,2026-07-31T22:36:00.000Z,35.18569,128.84781,67,1500,111.93,false,ok
GLV-T07,TRIP-GLV-T07-01,2026-07-31T22:38:00.000Z,35.18773,128.84894,65,1500,114.27,false,ok
GLV-T07,TRIP-GLV-T07-01,2026-07-31T22:40:00.000Z,35.18977,128.85006,64,1500,116.60,false,ok
GLV-T07,TRIP-GLV-T07-01,2026-07-31T22:42:00.000Z,35.19180,128.85119,62,1500,118.93,false,ok
GLV-T07,TRIP-GLV-T07-01,2026-07-31T22:44:00.000Z,35.19384,128.85232,61,1500,121.26,false,ok
GLV-T07,TRIP-GLV-T07-01,2026-07-31T22:46:00.000Z,35.19588,128.85345,61,1500,123.59,false,ok
GLV-T07,TRIP-GLV-T07-01,2026-07-31T22:48:00.000Z,35.19791,128.85457,60,1500,125.93,false,ok
GLV-T07,TRIP-GLV-T07-01,2026-07-31T22:50:00.000Z,35.19995,128.85570,60,1500,128.26,false,ok
GLV-T07,TRIP-GLV-T07-01,2026-07-31T22:52:00.000Z,35.20199,128.85683,60,1500,130.59,false,ok
GLV-T07,TRIP-GLV-T07-01,2026-07-31T22:54:00.000Z,35.20403,128.85796,61,1500,132.92,false,ok
GLV-T07,TRIP-GLV-T07-01,2026-07-31T22:56:00.000Z,35.20606,128.85908,61,1500,135.25,false,ok
GLV-T07,TRIP-GLV-T07-01,2026-07-31T22:58:00.000Z,35.20810,128.86021,62,1500,137.59,false,ok
GLV-T07,TRIP-GLV-T07-01,2026-07-31T23:00:00.000Z,35.21014,128.86134,64,1500,139.92,false,ok
GLV-T07,TRIP-GLV-T07-01,2026-07-31T23:02:00.000Z,35.21218,128.86247,65,1500,142.25,false,ok
GLV-T07,TRIP-GLV-T07-01,2026-07-31T23:04:00.000Z,35.21421,128.86359,67,1500,144.58,false,ok
GLV-T07,TRIP-GLV-T07-01,2026-07-31T23:06:00.000Z,35.21625,128.86472,68,1500,146.91,false,ok
GLV-T07,TRIP-GLV-T07-01,2026-07-31T23:08:00.000Z,35.21829,128.86585,70,1500,149.25,false,ok
GLV-T07,TRIP-GLV-T07-01,2026-07-31T23:10:00.000Z,35.22033,128.86697,71,1500,151.58,false,ok
GLV-T07,TRIP-GLV-T07-01,2026-07-31T23:12:00.000Z,35.22236,128.86810,73,1500,153.91,false,ok
GLV-T07,TRIP-GLV-T07-01,2026-07-31T23:14:00.000Z,35.22440,128.86923,74,1500,156.24,false,ok
GLV-T07,TRIP-GLV-T07-01,2026-07-31T23:16:00.000Z,35.22644,128.87036,75,1500,158.57,false,ok
GLV-T07,TRIP-GLV-T07-01,2026-07-31T23:18:00.000Z,35.22847,128.87148,76,1500,160.91,false,ok
GLV-T07,TRIP-GLV-T07-01,2026-07-31T23:20:00.000Z,35.23051,128.87261,76,1500,163.24,false,ok
GLV-T07,TRIP-GLV-T07-01,2026-07-31T23:22:00.000Z,35.23255,128.87374,76,1500,165.57,false,ok
GLV-T07,TRIP-GLV-T07-01,2026-07-31T23:24:00.000Z,35.23459,128.87487,76,1500,167.90,false,ok
GLV-T07,TRIP-GLV-T07-01,2026-07-31T23:26:00.000Z,35.23662,128.87599,75,1500,170.23,false,ok
GLV-T07,TRIP-GLV-T07-01,2026-07-31T23:28:00.000Z,35.23866,128.87712,74,1500,172.57,false,ok
GLV-T07,TRIP-GLV-T07-01,2026-07-31T23:30:00.000Z,35.24070,128.87825,73,1500,174.90,false,ok
GLV-T07,TRIP-GLV-T07-01,2026-07-31T23:32:00.000Z,35.24274,128.87937,72,1500,177.23,false,ok
GLV-T07,TRIP-GLV-T07-01,2026-07-31T23:34:00.000Z,35.24477,128.88050,70,1500,179.56,false,ok
GLV-T07,TRIP-GLV-T07-01,2026-07-31T23:36:00.000Z,35.24681,128.88163,69,1500,181.89,false,ok
GLV-T07,TRIP-GLV-T07-01,2026-07-31T23:38:00.000Z,35.24885,128.88276,67,1500,184.22,false,ok
GLV-T07,TRIP-GLV-T07-01,2026-07-31T23:40:00.000Z,35.25088,128.88388,66,1500,186.56,false,ok
GLV-T07,TRIP-GLV-T07-01,2026-07-31T23:42:00.000Z,35.25292,128.88501,64,1500,188.89,false,ok
GLV-T07,TRIP-GLV-T07-01,2026-07-31T23:44:00.000Z,35.25496,128.88614,63,1500,191.22,false,ok
GLV-T07,TRIP-GLV-T07-01,2026-07-31T23:46:00.000Z,35.25700,128.88727,62,1500,193.55,false,ok
GLV-T07,TRIP-GLV-T07-01,2026-07-31T23:48:00.000Z,35.25903,128.88839,61,1500,195.88,false,ok
GLV-T07,TRIP-GLV-T07-01,2026-07-31T23:50:00.000Z,35.26107,128.88952,60,1500,198.22,false,ok
GLV-T07,TRIP-GLV-T07-01,2026-07-31T23:52:00.000Z,35.26311,128.89065,60,1500,200.55,false,ok
GLV-T07,TRIP-GLV-T07-01,2026-07-31T23:54:00.000Z,35.26515,128.89177,60,1500,202.88,false,ok
GLV-T07,TRIP-GLV-T07-01,2026-07-31T23:56:00.000Z,35.26718,128.89290,60,1500,205.21,false,ok
GLV-T07,TRIP-GLV-T07-01,2026-07-31T23:58:00.000Z,35.26922,128.89403,61,1500,207.54,false,ok
GLV-T07,TRIP-GLV-T07-01,2026-08-01T00:00:00.000Z,35.27126,128.89516,62,1500,209.88,false,ok
GLV-T07,TRIP-GLV-T07-01,2026-08-01T00:02:00.000Z,35.27330,128.89628,63,1500,212.21,false,ok
GLV-T07,TRIP-GLV-T07-01,2026-08-01T00:04:00.000Z,35.27533,128.89741,65,1500,214.54,false,ok
GLV-T07,TRIP-GLV-T07-01,2026-08-01T00:06:00.000Z,35.27737,128.89854,66,1500,216.87,false,ok
GLV-T07,TRIP-GLV-T07-01,2026-08-01T00:08:00.000Z,35.27941,128.89967,68,1500,219.20,false,ok
GLV-T07,TRIP-GLV-T07-01,2026-08-01T00:10:00.000Z,35.28144,128.90079,69,1500,221.54,false,ok
GLV-T07,TRIP-GLV-T07-01,2026-08-01T00:12:00.000Z,35.28348,128.90192,71,1500,223.87,false,ok
GLV-T07,TRIP-GLV-T07-01,2026-08-01T00:14:00.000Z,35.28552,128.90305,72,1500,226.20,false,ok
GLV-T07,TRIP-GLV-T07-01,2026-08-01T00:16:00.000Z,35.28756,128.90418,73,1500,228.53,false,ok
GLV-T07,TRIP-GLV-T07-01,2026-08-01T00:18:00.000Z,35.28959,128.90530,75,1500,230.86,false,ok
GLV-T07,TRIP-GLV-T07-01,2026-08-01T00:20:00.000Z,35.29163,128.90643,75,1500,233.20,false,ok
GLV-T07,TRIP-GLV-T07-01,2026-08-01T00:22:00.000Z,35.29367,128.90756,76,1500,235.53,false,ok
GLV-T07,TRIP-GLV-T07-01,2026-08-01T00:24:00.000Z,35.29571,128.90868,76,1500,237.86,false,ok
GLV-T07,TRIP-GLV-T07-01,2026-08-01T00:26:00.000Z,35.29774,128.90981,76,1500,240.19,false,ok
GLV-T07,TRIP-GLV-T07-01,2026-08-01T00:28:00.000Z,35.29978,128.91094,75,1500,242.52,false,ok
GLV-T07,TRIP-GLV-T07-01,2026-08-01T00:30:00.000Z,35.30182,128.91207,75,1500,244.86,false,ok
GLV-T07,TRIP-GLV-T07-01,2026-08-01T00:32:00.000Z,35.30386,128.91319,74,1500,247.19,false,ok
GLV-T07,TRIP-GLV-T07-01,2026-08-01T00:34:00.000Z,35.30589,128.91432,72,1500,249.52,false,ok
GLV-T07,TRIP-GLV-T07-01,2026-08-01T00:36:00.000Z,35.30793,128.91545,71,1500,251.85,false,ok
GLV-T07,TRIP-GLV-T07-01,2026-08-01T00:38:00.000Z,35.30997,128.91658,70,1500,254.18,false,ok
GLV-T07,TRIP-GLV-T07-01,2026-08-01T00:40:00.000Z,35.31200,128.91770,68,1500,256.52,false,ok
GLV-T07,TRIP-GLV-T07-01,2026-08-01T00:42:00.000Z,35.31404,128.91883,66,1500,258.85,false,ok
GLV-T07,TRIP-GLV-T07-01,2026-08-01T00:44:00.000Z,35.31608,128.91996,65,1500,261.18,false,ok
GLV-T07,TRIP-GLV-T07-01,2026-08-01T00:46:00.000Z,35.31812,128.92108,63,1500,263.51,false,ok
GLV-T07,TRIP-GLV-T07-01,2026-08-01T00:48:00.000Z,35.32015,128.92221,62,1500,265.84,false,ok
GLV-T07,TRIP-GLV-T07-01,2026-08-01T00:50:00.000Z,35.32219,128.92334,61,1500,268.18,false,ok
GLV-T07,TRIP-GLV-T07-01,2026-08-01T00:52:00.000Z,35.32423,128.92447,61,1500,270.51,false,ok
GLV-T07,TRIP-GLV-T07-01,2026-08-01T00:54:00.000Z,35.32627,128.92559,60,1500,272.84,false,ok
GLV-T07,TRIP-GLV-T07-01,2026-08-01T00:56:00.000Z,35.32830,128.92672,60,1500,275.17,false,ok
GLV-T07,TRIP-GLV-T07-01,2026-08-01T00:58:00.000Z,35.33034,128.92785,60,1500,277.50,false,ok
GLV-T07,TRIP-GLV-T07-01,2026-08-01T01:00:00.000Z,35.33238,128.92898,61,1500,279.84,false,ok
GLV-T07,TRIP-GLV-T07-01,2026-08-01T01:02:00.000Z,35.33441,128.93010,62,1500,282.17,false,ok
GLV-T07,TRIP-GLV-T07-01,2026-08-01T01:04:00.000Z,35.33645,128.93123,63,1500,284.50,false,ok
GLV-T07,TRIP-GLV-T07-01,2026-08-01T01:06:00.000Z,35.33849,128.93236,64,1500,286.83,false,ok
GLV-T07,TRIP-GLV-T07-01,2026-08-01T01:08:00.000Z,35.34053,128.93348,65,1500,289.16,false,ok
GLV-T07,TRIP-GLV-T07-01,2026-08-01T01:10:00.000Z,35.34256,128.93461,67,1500,291.50,false,ok
GLV-T07,TRIP-GLV-T07-01,2026-08-01T01:12:00.000Z,35.34460,128.93574,69,1500,293.83,false,ok
GLV-T07,TRIP-GLV-T07-01,2026-08-01T01:14:00.000Z,35.34664,128.93687,70,1500,296.16,false,ok
GLV-T07,TRIP-GLV-T07-01,2026-08-01T01:16:00.000Z,35.34868,128.93799,72,1500,298.49,false,ok
GLV-T07,TRIP-GLV-T07-01,2026-08-01T01:18:00.000Z,35.35071,128.93912,73,1500,300.82,false,ok
GLV-T07,TRIP-GLV-T07-01,2026-08-01T01:20:00.000Z,35.35275,128.94025,74,1500,303.16,false,ok
GLV-T07,TRIP-GLV-T07-01,2026-08-01T01:22:00.000Z,35.35479,128.94138,75,1500,305.49,false,ok
GLV-T07,TRIP-GLV-T07-01,2026-08-01T01:24:00.000Z,35.35683,128.94250,76,1500,307.82,false,ok
GLV-T07,TRIP-GLV-T07-01,2026-08-01T01:26:00.000Z,35.35886,128.94363,76,1500,310.15,false,ok
GLV-T07,TRIP-GLV-T07-01,2026-08-01T01:28:00.000Z,35.36090,128.94476,76,1500,312.48,false,ok
GLV-T07,TRIP-GLV-T07-01,2026-08-01T01:30:00.000Z,35.36294,128.94589,76,1500,314.81,false,ok
GLV-T07,TRIP-GLV-T07-01,2026-08-01T01:32:00.000Z,35.36497,128.94701,75,1500,317.15,false,ok
GLV-T07,TRIP-GLV-T07-01,2026-08-01T01:34:00.000Z,35.36701,128.94814,74,1500,319.48,false,ok
GLV-T07,TRIP-GLV-T07-01,2026-08-01T01:36:00.000Z,35.36905,128.94927,73,1500,321.81,false,ok
GLV-T07,TRIP-GLV-T07-01,2026-08-01T01:38:00.000Z,35.37109,128.95039,72,1500,324.14,false,ok
GLV-T07,TRIP-GLV-T07-01,2026-08-01T01:40:00.000Z,35.37312,128.95152,70,1500,326.47,false,ok
GLV-T07,TRIP-GLV-T07-01,2026-08-01T01:42:00.000Z,35.37516,128.95265,69,1500,328.81,false,ok
GLV-T07,TRIP-GLV-T07-01,2026-08-01T01:44:00.000Z,35.37720,128.95378,67,1500,331.14,false,ok
GLV-T07,TRIP-GLV-T07-01,2026-08-01T01:46:00.000Z,35.37924,128.95490,65,1500,333.47,false,ok
GLV-T07,TRIP-GLV-T07-01,2026-08-01T01:48:00.000Z,35.38127,128.95603,64,1500,335.80,false,ok
GLV-T07,TRIP-GLV-T07-01,2026-08-01T01:50:00.000Z,35.38331,128.95716,63,1500,338.13,false,ok
GLV-T07,TRIP-GLV-T07-01,2026-08-01T01:52:00.000Z,35.38535,128.95829,62,1500,340.47,false,ok
GLV-T07,TRIP-GLV-T07-01,2026-08-01T01:54:00.000Z,35.38738,128.95941,61,1500,342.80,false,ok
GLV-T07,TRIP-GLV-T07-01,2026-08-01T01:56:00.000Z,35.38942,128.96054,60,1500,345.13,false,ok
GLV-T07,TRIP-GLV-T07-01,2026-08-01T01:58:00.000Z,35.39146,128.96167,60,1500,347.46,false,ok
GLV-T07,TRIP-GLV-T07-01,2026-08-01T02:00:00.000Z,35.39350,128.96279,60,1500,349.79,false,ok
GLV-T07,TRIP-GLV-T07-01,2026-08-01T02:02:00.000Z,35.39553,128.96392,60,1500,352.13,false,ok
GLV-T07,TRIP-GLV-T07-01,2026-08-01T02:04:00.000Z,35.39757,128.96505,61,1500,354.46,false,ok
GLV-T07,TRIP-GLV-T07-01,2026-08-01T02:06:00.000Z,35.39961,128.96618,62,1500,356.79,false,ok
GLV-T07,TRIP-GLV-T07-01,2026-08-01T02:08:00.000Z,35.40165,128.96730,63,1500,359.12,false,ok
GLV-T07,TRIP-GLV-T07-01,2026-08-01T02:10:00.000Z,35.40368,128.96843,65,1500,361.45,false,ok
GLV-T07,TRIP-GLV-T07-01,2026-08-01T02:12:00.000Z,35.40572,128.96956,66,1500,363.79,false,ok
GLV-T07,TRIP-GLV-T07-01,2026-08-01T02:14:00.000Z,35.40776,128.97069,68,1500,366.12,false,ok
GLV-T07,TRIP-GLV-T07-01,2026-08-01T02:16:00.000Z,35.40980,128.97181,69,1500,368.45,false,ok
GLV-T07,TRIP-GLV-T07-01,2026-08-01T02:18:00.000Z,35.41183,128.97294,71,1500,370.78,false,ok
GLV-T07,TRIP-GLV-T07-01,2026-08-01T02:20:00.000Z,35.41387,128.97407,72,1500,373.11,false,ok
GLV-T07,TRIP-GLV-T07-01,2026-08-01T02:22:00.000Z,35.41591,128.97519,74,1500,375.45,false,ok
GLV-T07,TRIP-GLV-T07-01,2026-08-01T02:24:00.000Z,35.41794,128.97632,75,1500,377.78,false,ok
GLV-T07,TRIP-GLV-T07-01,2026-08-01T02:26:00.000Z,35.41998,128.97745,75,1500,380.11,false,ok
GLV-T07,TRIP-GLV-T07-01,2026-08-01T02:28:00.000Z,35.42202,128.97858,76,1500,382.44,false,ok
GLV-T07,TRIP-GLV-T07-01,2026-08-01T02:30:00.000Z,35.42406,128.97970,76,1500,384.77,false,ok
GLV-T07,TRIP-GLV-T07-01,2026-08-01T02:32:00.000Z,35.42609,128.98083,76,1500,387.11,false,ok
GLV-T07,TRIP-GLV-T07-01,2026-08-01T02:34:00.000Z,35.42813,128.98196,75,1500,389.44,false,ok
GLV-T07,TRIP-GLV-T07-01,2026-08-01T02:36:00.000Z,35.43017,128.98309,75,1500,391.77,false,ok
GLV-T07,TRIP-GLV-T07-01,2026-08-01T02:38:00.000Z,35.43221,128.98421,73,1500,394.10,false,ok
GLV-T07,TRIP-GLV-T07-01,2026-08-01T02:40:00.000Z,35.43424,128.98534,72,1500,396.43,false,ok
GLV-T07,TRIP-GLV-T07-01,2026-08-01T02:42:00.000Z,35.43628,128.98647,71,1500,398.77,false,ok
GLV-T07,TRIP-GLV-T07-01,2026-08-01T02:44:00.000Z,35.43832,128.98760,69,1500,401.10,false,ok
GLV-T07,TRIP-GLV-T07-01,2026-08-01T02:46:00.000Z,35.44035,128.98872,68,1500,403.43,false,ok
GLV-T07,TRIP-GLV-T07-01,2026-08-01T02:48:00.000Z,35.44239,128.98985,66,1500,405.76,false,ok
GLV-T07,TRIP-GLV-T07-01,2026-08-01T02:50:00.000Z,35.44443,128.99098,65,1500,408.09,false,ok
GLV-T07,TRIP-GLV-T07-01,2026-08-01T02:52:00.000Z,35.44647,128.99210,63,1500,410.43,false,ok
GLV-T07,TRIP-GLV-T07-01,2026-08-01T02:54:00.000Z,35.44850,128.99323,62,1500,412.76,false,ok
GLV-T07,TRIP-GLV-T07-01,2026-08-01T02:56:00.000Z,35.45054,128.99436,61,1500,415.09,false,ok
GLV-T07,TRIP-GLV-T07-01,2026-08-01T02:58:00.000Z,35.45258,128.99549,60,1500,417.42,false,ok
GLV-T07,TRIP-GLV-T07-01,2026-08-01T03:00:00.000Z,35.45462,128.99661,60,1500,419.75,false,ok
GLV-T07,TRIP-GLV-T07-01,2026-08-01T03:02:00.000Z,35.45665,128.99774,60,1500,422.09,false,ok
GLV-T07,TRIP-GLV-T07-01,2026-08-01T03:04:00.000Z,35.45869,128.99887,60,1500,424.42,false,ok
GLV-T07,TRIP-GLV-T07-01,2026-08-01T03:06:00.000Z,35.46073,129.00000,61,1500,426.75,false,ok
GLV-T07,TRIP-GLV-T07-01,2026-08-01T03:08:00.000Z,35.46277,129.00112,62,1500,429.08,false,ok
GLV-T07,TRIP-GLV-T07-01,2026-08-01T03:10:00.000Z,35.46480,129.00225,63,1500,431.41,false,ok
GLV-T07,TRIP-GLV-T07-01,2026-08-01T03:12:00.000Z,35.46684,129.00338,64,1500,433.74,false,ok
GLV-T07,TRIP-GLV-T07-01,2026-08-01T03:14:00.000Z,35.46888,129.00450,66,1500,436.08,false,ok
GLV-T07,TRIP-GLV-T07-01,2026-08-01T03:16:00.000Z,35.47091,129.00563,67,1500,438.41,false,ok
GLV-T07,TRIP-GLV-T07-01,2026-08-01T03:18:00.000Z,35.47295,129.00676,69,1500,440.74,false,ok
GLV-T07,TRIP-GLV-T07-01,2026-08-01T03:20:00.000Z,35.47499,129.00789,70,1500,443.07,false,ok
GLV-T07,TRIP-GLV-T07-01,2026-08-01T03:22:00.000Z,35.47703,129.00901,72,1500,445.40,false,ok
GLV-T07,TRIP-GLV-T07-01,2026-08-01T03:24:00.000Z,35.47906,129.01014,73,1500,447.74,false,ok
GLV-T07,TRIP-GLV-T07-01,2026-08-01T03:26:00.000Z,35.48110,129.01127,74,1500,450.07,false,ok
GLV-T07,TRIP-GLV-T07-01,2026-08-01T03:28:00.000Z,35.48314,129.01240,75,1500,452.40,false,ok
GLV-T07,TRIP-GLV-T07-01,2026-08-01T03:30:00.000Z,35.48518,129.01352,76,1500,454.73,false,ok
GLV-T07,TRIP-GLV-T07-01,2026-08-01T03:32:00.000Z,35.48721,129.01465,76,1500,457.06,false,ok
GLV-T07,TRIP-GLV-T07-01,2026-08-01T03:34:00.000Z,35.48925,129.01578,76,1500,459.40,false,ok
GLV-T07,TRIP-GLV-T07-01,2026-08-01T03:36:00.000Z,35.49129,129.01690,76,1500,461.73,false,ok
GLV-T07,TRIP-GLV-T07-01,2026-08-01T03:38:00.000Z,35.49332,129.01803,75,1500,464.06,false,ok
GLV-T07,TRIP-GLV-T07-01,2026-08-01T03:40:00.000Z,35.49536,129.01916,74,1500,466.39,false,ok
GLV-T07,TRIP-GLV-T07-01,2026-08-01T03:42:00.000Z,35.49740,129.02029,73,1500,468.72,false,ok
GLV-T07,TRIP-GLV-T07-01,2026-08-01T03:44:00.000Z,35.49944,129.02141,71,1500,471.06,false,ok
GLV-T07,TRIP-GLV-T07-01,2026-08-01T03:46:00.000Z,35.50147,129.02254,70,1500,473.39,false,ok
GLV-T07,TRIP-GLV-T07-01,2026-08-01T03:48:00.000Z,35.50351,129.02367,68,1500,475.72,false,ok
GLV-T07,TRIP-GLV-T07-01,2026-08-01T03:50:00.000Z,35.50555,129.02480,67,1500,478.05,false,ok
GLV-T07,TRIP-GLV-T07-01,2026-08-01T03:52:00.000Z,35.50759,129.02592,65,1500,480.38,false,ok
GLV-T07,TRIP-GLV-T07-01,2026-08-01T03:54:00.000Z,35.50962,129.02705,64,1500,482.72,false,ok
GLV-T07,TRIP-GLV-T07-01,2026-08-01T03:56:00.000Z,35.51166,129.02818,62,1500,485.05,false,ok
GLV-T07,TRIP-GLV-T07-01,2026-08-01T03:58:00.000Z,35.51370,129.02931,61,1500,487.38,false,ok
GLV-T07,TRIP-GLV-T07-01,2026-08-01T04:00:00.000Z,35.51574,129.03043,61,1500,489.71,false,ok
GLV-T07,TRIP-GLV-T07-01,2026-08-01T04:02:00.000Z,35.51777,129.03156,60,1500,492.04,false,ok
GLV-T07,TRIP-GLV-T07-01,2026-08-01T04:04:00.000Z,35.51981,129.03269,60,1500,494.38,false,ok
GLV-T07,TRIP-GLV-T07-01,2026-08-01T04:06:00.000Z,35.52185,129.03381,60,1500,496.71,false,ok
GLV-T07,TRIP-GLV-T07-01,2026-08-01T04:08:00.000Z,35.52388,129.03494,61,1500,499.04,false,ok
GLV-T07,TRIP-GLV-T07-01,2026-08-01T04:10:00.000Z,35.52592,129.03607,61,1500,501.37,false,ok
GLV-T07,TRIP-GLV-T07-01,2026-08-01T04:12:00.000Z,35.52796,129.03720,62,1500,503.70,false,ok
GLV-T07,TRIP-GLV-T07-01,2026-08-01T04:14:00.000Z,35.53000,129.03832,64,1500,506.04,false,ok
GLV-T07,TRIP-GLV-T07-01,2026-08-01T04:16:00.000Z,35.53203,129.03945,65,1500,508.37,false,ok
GLV-T07,TRIP-GLV-T07-01,2026-08-01T04:18:00.000Z,35.53407,129.04058,67,1500,510.70,false,ok
GLV-T07,TRIP-GLV-T07-01,2026-08-01T04:20:00.000Z,35.53611,129.04171,68,1500,513.03,false,ok
GLV-T07,TRIP-GLV-T07-01,2026-08-01T04:22:00.000Z,35.53815,129.04283,70,1500,515.36,false,ok
GLV-T07,TRIP-GLV-T07-01,2026-08-01T04:24:00.000Z,35.54018,129.04396,71,1500,517.70,false,ok
GLV-T07,TRIP-GLV-T07-01,2026-08-01T04:26:00.000Z,35.54222,129.04509,73,1500,520.03,false,ok
GLV-T07,TRIP-GLV-T07-01,2026-08-01T04:28:00.000Z,35.54426,129.04621,74,1500,522.36,false,ok
GLV-T07,TRIP-GLV-T07-01,2026-08-01T04:30:00.000Z,35.54630,129.04734,75,1500,524.69,false,ok
GLV-T07,TRIP-GLV-T07-01,2026-08-01T04:32:00.000Z,35.54833,129.04847,76,1500,527.02,false,ok
GLV-T07,TRIP-GLV-T07-01,2026-08-01T04:34:00.000Z,35.55037,129.04960,76,1500,529.36,false,ok
GLV-T07,TRIP-GLV-T07-01,2026-08-01T04:36:00.000Z,35.55241,129.05072,76,1500,531.69,false,ok
GLV-T07,TRIP-GLV-T07-01,2026-08-01T04:38:00.000Z,35.55444,129.05185,76,1500,534.02,false,ok
GLV-T07,TRIP-GLV-T07-01,2026-08-01T04:40:00.000Z,35.55648,129.05298,75,1500,536.35,false,ok
GLV-T07,TRIP-GLV-T07-01,2026-08-01T04:42:00.000Z,35.55852,129.05411,74,1500,538.68,false,ok
GLV-T07,TRIP-GLV-T07-01,2026-08-01T04:44:00.000Z,35.56056,129.05523,73,1500,541.02,false,ok
GLV-T07,TRIP-GLV-T07-01,2026-08-01T04:46:00.000Z,35.56259,129.05636,72,1500,543.35,false,ok
GLV-T07,TRIP-GLV-T07-01,2026-08-01T04:48:00.000Z,35.56463,129.05749,71,1500,545.68,false,ok
GLV-T07,TRIP-GLV-T07-01,2026-08-01T04:50:00.000Z,35.56667,129.05861,69,1500,548.01,false,ok
GLV-T07,TRIP-GLV-T07-01,2026-08-01T04:52:00.000Z,35.56871,129.05974,67,1500,550.34,false,ok
GLV-T07,TRIP-GLV-T07-01,2026-08-01T04:54:00.000Z,35.57074,129.06087,66,1500,552.67,false,ok
GLV-T07,TRIP-GLV-T07-01,2026-08-01T04:56:00.000Z,35.57278,129.06200,64,1500,555.01,false,ok
GLV-T07,TRIP-GLV-T07-01,2026-08-01T04:58:00.000Z,35.57482,129.06312,63,1500,557.34,false,ok
GLV-T07,TRIP-GLV-T07-01,2026-08-01T05:00:00.000Z,35.57685,129.06425,62,1500,559.67,false,ok
GLV-T07,TRIP-GLV-T07-01,2026-08-01T05:02:00.000Z,35.57889,129.06538,61,1500,562.00,false,ok
GLV-T07,TRIP-GLV-T07-01,2026-08-01T05:04:00.000Z,35.58093,129.06651,60,1500,564.33,false,ok
GLV-T07,TRIP-GLV-T07-01,2026-08-01T05:06:00.000Z,35.58297,129.06763,60,1500,566.67,false,ok
GLV-T07,TRIP-GLV-T07-01,2026-08-01T05:08:00.000Z,35.58500,129.06876,60,1500,569.00,false,ok
GLV-T07,TRIP-GLV-T07-01,2026-08-01T05:10:00.000Z,35.58704,129.06989,60,1500,571.33,false,ok
GLV-T07,TRIP-GLV-T07-01,2026-08-01T05:12:00.000Z,35.58908,129.07102,61,1500,573.66,false,ok
GLV-T07,TRIP-GLV-T07-01,2026-08-01T05:14:00.000Z,35.59112,129.07214,62,1500,575.99,false,ok
GLV-T07,TRIP-GLV-T07-01,2026-08-01T05:16:00.000Z,35.59315,129.07327,63,1500,578.33,false,ok
GLV-T07,TRIP-GLV-T07-01,2026-08-01T05:18:00.000Z,35.59519,129.07440,64,1500,580.66,false,ok
GLV-T07,TRIP-GLV-T07-01,2026-08-01T05:20:00.000Z,35.59723,129.07552,66,1500,582.99,false,ok
GLV-T07,TRIP-GLV-T07-01,2026-08-01T05:22:00.000Z,35.59927,129.07665,67,1500,585.32,false,ok
GLV-T07,TRIP-GLV-T07-01,2026-08-01T05:24:00.000Z,35.60130,129.07778,69,1500,587.65,false,ok
GLV-T07,TRIP-GLV-T07-01,2026-08-01T05:26:00.000Z,35.60334,129.07891,71,1500,589.99,false,ok
GLV-T07,TRIP-GLV-T07-01,2026-08-01T05:28:00.000Z,35.60538,129.08003,72,1500,592.32,false,ok
GLV-T07,TRIP-GLV-T07-01,2026-08-01T05:30:00.000Z,35.60741,129.08116,73,1500,594.65,false,ok
GLV-T07,TRIP-GLV-T07-01,2026-08-01T05:32:00.000Z,35.60945,129.08229,74,1500,596.98,false,ok
GLV-T07,TRIP-GLV-T07-01,2026-08-01T05:34:00.000Z,35.61149,129.08342,75,1500,599.31,false,ok
GLV-T07,TRIP-GLV-T07-01,2026-08-01T05:36:00.000Z,35.61353,129.08454,76,1500,601.65,false,ok
GLV-T07,TRIP-GLV-T07-01,2026-08-01T05:38:00.000Z,35.61556,129.08567,76,1500,603.98,false,ok
GLV-T07,TRIP-GLV-T07-01,2026-08-01T05:40:00.000Z,35.61760,129.08680,76,1500,606.31,false,ok
GLV-T07,TRIP-GLV-T07-01,2026-08-01T05:42:00.000Z,35.61964,129.08792,75,1500,608.64,false,ok
GLV-T07,TRIP-GLV-T07-01,2026-08-01T05:44:00.000Z,35.62168,129.08905,75,1500,610.97,false,ok
GLV-T07,TRIP-GLV-T07-01,2026-08-01T05:46:00.000Z,35.62371,129.09018,74,1500,613.31,false,ok
GLV-T07,TRIP-GLV-T07-01,2026-08-01T05:48:00.000Z,35.62575,129.09131,73,1500,615.64,false,ok
GLV-T07,TRIP-GLV-T07-01,2026-08-01T05:50:00.000Z,35.62779,129.09243,71,1500,617.97,false,ok
GLV-T07,TRIP-GLV-T07-01,2026-08-01T05:52:00.000Z,35.62982,129.09356,70,1500,620.30,false,ok
GLV-T07,TRIP-GLV-T07-01,2026-08-01T05:54:00.000Z,35.63186,129.09469,68,1500,622.63,false,ok
GLV-T07,TRIP-GLV-T07-01,2026-08-01T05:56:00.000Z,35.63390,129.09582,66,1500,624.97,false,ok
GLV-T07,TRIP-GLV-T07-01,2026-08-01T05:58:00.000Z,35.63594,129.09694,65,1500,627.30,false,ok
GLV-T07,TRIP-GLV-T07-01,2026-08-01T06:00:00.000Z,35.63797,129.09807,64,1500,629.63,false,ok
GLV-T07,TRIP-GLV-T07-01,2026-08-01T06:02:00.000Z,35.64001,129.09920,62,1500,631.96,false,ok
GLV-T07,TRIP-GLV-T07-01,2026-08-01T06:04:00.000Z,35.64205,129.10032,61,1500,634.29,false,ok
GLV-T07,TRIP-GLV-T07-01,2026-08-01T06:06:00.000Z,35.64409,129.10145,61,1500,636.63,false,ok
GLV-T07,TRIP-GLV-T07-01,2026-08-01T06:08:00.000Z,35.64612,129.10258,60,1500,638.96,false,ok
GLV-T07,TRIP-GLV-T07-01,2026-08-01T06:10:00.000Z,35.64816,129.10371,60,1500,641.29,false,ok
GLV-T07,TRIP-GLV-T07-01,2026-08-01T06:12:00.000Z,35.65020,129.10483,60,1500,643.62,false,ok
GLV-T07,TRIP-GLV-T07-01,2026-08-01T06:14:00.000Z,35.65224,129.10596,61,1500,645.95,false,ok
GLV-T07,TRIP-GLV-T07-01,2026-08-01T06:16:00.000Z,35.65427,129.10709,61,1500,648.29,false,ok
GLV-T07,TRIP-GLV-T07-01,2026-08-01T06:18:00.000Z,35.65631,129.10822,63,1500,650.62,false,ok
GLV-T07,TRIP-GLV-T07-01,2026-08-01T06:20:00.000Z,35.65835,129.10934,64,1500,652.95,false,ok
GLV-T07,TRIP-GLV-T07-01,2026-08-01T06:22:00.000Z,35.66038,129.11047,65,1500,655.28,false,ok
GLV-T07,TRIP-GLV-T07-01,2026-08-01T06:24:00.000Z,35.66242,129.11160,67,1500,657.61,false,ok
GLV-T07,TRIP-GLV-T07-01,2026-08-01T06:26:00.000Z,35.66446,129.11273,68,1500,659.95,false,ok
GLV-T07,TRIP-GLV-T07-01,2026-08-01T06:28:00.000Z,35.66650,129.11385,70,1500,662.28,false,ok
GLV-T07,TRIP-GLV-T07-01,2026-08-01T06:30:00.000Z,35.66853,129.11498,71,1500,664.61,false,ok
GLV-T07,TRIP-GLV-T07-01,2026-08-01T06:32:00.000Z,35.67057,129.11611,73,1500,666.94,false,ok
GLV-T07,TRIP-GLV-T07-01,2026-08-01T06:34:00.000Z,35.67261,129.11723,74,1500,669.27,false,ok
GLV-T07,TRIP-GLV-T07-01,2026-08-01T06:36:00.000Z,35.67465,129.11836,75,1500,671.60,false,ok
GLV-T07,TRIP-GLV-T07-01,2026-08-01T06:38:00.000Z,35.67668,129.11949,76,1500,673.94,false,ok
GLV-T07,TRIP-GLV-T07-01,2026-08-01T06:40:00.000Z,35.67872,129.12062,76,1500,676.27,false,ok
GLV-T07,TRIP-GLV-T07-01,2026-08-01T06:42:00.000Z,35.68076,129.12174,76,1500,678.60,false,ok
GLV-T07,TRIP-GLV-T07-01,2026-08-01T06:44:00.000Z,35.68279,129.12287,76,1500,680.93,false,ok
GLV-T07,TRIP-GLV-T07-01,2026-08-01T06:46:00.000Z,35.68483,129.12400,75,1500,683.26,false,ok
GLV-T07,TRIP-GLV-T07-01,2026-08-01T06:48:00.000Z,35.68687,129.12513,74,1500,685.60,false,ok
GLV-T07,TRIP-GLV-T07-01,2026-08-01T06:50:00.000Z,35.68891,129.12625,73,1500,687.93,false,ok
GLV-T07,TRIP-GLV-T07-01,2026-08-01T06:52:00.000Z,35.69094,129.12738,72,1500,690.26,false,ok
GLV-T07,TRIP-GLV-T07-01,2026-08-01T06:54:00.000Z,35.69298,129.12851,70,1500,692.59,false,ok
GLV-T07,TRIP-GLV-T07-01,2026-08-01T06:56:00.000Z,35.69502,129.12963,69,1500,694.92,false,ok
GLV-T07,TRIP-GLV-T07-01,2026-08-01T06:58:00.000Z,35.69706,129.13076,67,1500,697.26,false,ok
GLV-T07,TRIP-GLV-T07-01,2026-08-01T07:00:00.000Z,35.69909,129.13189,66,1500,699.59,false,ok
GLV-T07,TRIP-GLV-T07-01,2026-08-01T07:02:00.000Z,35.70113,129.13302,64,1500,701.92,false,ok
GLV-T07,TRIP-GLV-T07-01,2026-08-01T07:04:00.000Z,35.70317,129.13414,63,1500,704.25,false,ok
GLV-T07,TRIP-GLV-T07-01,2026-08-01T07:06:00.000Z,35.70521,129.13527,62,1500,706.58,false,ok
GLV-T07,TRIP-GLV-T07-01,2026-08-01T07:08:00.000Z,35.70724,129.13640,61,1500,708.92,false,ok
GLV-T07,TRIP-GLV-T07-01,2026-08-01T07:10:00.000Z,35.70928,129.13753,60,1500,711.25,false,ok
GLV-T07,TRIP-GLV-T07-01,2026-08-01T07:12:00.000Z,35.71132,129.13865,60,1500,713.58,false,ok
GLV-T07,TRIP-GLV-T07-01,2026-08-01T07:14:00.000Z,35.71335,129.13978,60,1500,715.91,false,ok
GLV-T07,TRIP-GLV-T07-01,2026-08-01T07:16:00.000Z,35.71539,129.14091,60,1500,718.24,false,ok
GLV-T07,TRIP-GLV-T07-01,2026-08-01T07:18:00.000Z,35.71743,129.14203,61,1500,720.58,false,ok
GLV-T07,TRIP-GLV-T07-01,2026-08-01T07:20:00.000Z,35.71947,129.14316,62,1500,722.91,false,ok
GLV-T07,TRIP-GLV-T07-01,2026-08-01T07:22:00.000Z,35.72150,129.14429,63,1500,725.24,false,ok
GLV-T07,TRIP-GLV-T07-01,2026-08-01T07:24:00.000Z,35.72354,129.14542,65,1500,727.57,false,ok
GLV-T07,TRIP-GLV-T07-01,2026-08-01T07:26:00.000Z,35.72558,129.14654,66,1500,729.90,false,ok
GLV-T07,TRIP-GLV-T07-01,2026-08-01T07:28:00.000Z,35.72762,129.14767,68,1500,732.24,false,ok
GLV-T07,TRIP-GLV-T07-01,2026-08-01T07:30:00.000Z,35.72965,129.14880,69,1500,734.57,false,ok
GLV-T07,TRIP-GLV-T07-01,2026-08-01T07:32:00.000Z,35.73169,129.14993,71,1500,736.90,false,ok
GLV-T07,TRIP-GLV-T07-01,2026-08-01T07:34:00.000Z,35.73373,129.15105,72,1500,739.23,false,ok
GLV-T07,TRIP-GLV-T07-01,2026-08-01T07:36:00.000Z,35.73577,129.15218,74,1500,741.56,false,ok
GLV-T07,TRIP-GLV-T07-01,2026-08-01T07:38:00.000Z,35.73780,129.15331,75,1500,743.90,false,ok
GLV-T07,TRIP-GLV-T07-01,2026-08-01T07:40:00.000Z,35.73984,129.15444,75,1500,746.23,false,ok
GLV-T07,TRIP-GLV-T07-01,2026-08-01T07:42:00.000Z,35.74188,129.15556,76,1500,748.56,false,ok
GLV-T07,TRIP-GLV-T07-01,2026-08-01T07:44:00.000Z,35.74391,129.15669,76,1500,750.89,false,ok
GLV-T07,TRIP-GLV-T07-01,2026-08-01T07:46:00.000Z,35.74595,129.15782,76,1500,753.22,false,ok
GLV-T07,TRIP-GLV-T07-01,2026-08-01T07:48:00.000Z,35.74799,129.15894,75,1500,755.56,false,ok
GLV-T07,TRIP-GLV-T07-01,2026-08-01T07:50:00.000Z,35.75003,129.16007,75,1500,757.89,false,ok
GLV-T07,TRIP-GLV-T07-01,2026-08-01T07:52:00.000Z,35.75206,129.16120,74,1500,760.22,false,ok
GLV-T07,TRIP-GLV-T07-01,2026-08-01T07:54:00.000Z,35.75410,129.16233,72,1500,762.55,false,ok
GLV-T07,TRIP-GLV-T07-01,2026-08-01T07:56:00.000Z,35.75614,129.16345,71,1500,764.88,false,ok
GLV-T07,TRIP-GLV-T07-01,2026-08-01T07:58:00.000Z,35.75818,129.16458,69,1500,767.22,false,ok
GLV-T07,TRIP-GLV-T07-01,2026-08-01T08:00:00.000Z,35.76021,129.16571,68,1500,769.55,false,ok
GLV-T07,TRIP-GLV-T07-01,2026-08-01T08:02:00.000Z,35.76225,129.16684,66,1500,771.88,false,ok
GLV-T07,TRIP-GLV-T07-01,2026-08-01T08:04:00.000Z,35.76429,129.16796,65,1500,774.21,false,ok
GLV-T07,TRIP-GLV-T07-01,2026-08-01T08:06:00.000Z,35.76632,129.16909,63,1500,776.54,false,ok
GLV-T07,TRIP-GLV-T07-01,2026-08-01T08:08:00.000Z,35.76836,129.17022,62,1500,778.88,false,ok
GLV-T07,TRIP-GLV-T07-01,2026-08-01T08:10:00.000Z,35.77040,129.17134,61,1500,781.21,false,ok
GLV-T07,TRIP-GLV-T07-01,2026-08-01T08:12:00.000Z,35.77244,129.17247,60,1500,783.54,false,ok
GLV-T07,TRIP-GLV-T07-01,2026-08-01T08:14:00.000Z,35.77447,129.17360,60,1500,785.87,false,ok
GLV-T07,TRIP-GLV-T07-01,2026-08-01T08:16:00.000Z,35.77651,129.17473,60,1500,788.20,false,ok
GLV-T07,TRIP-GLV-T07-01,2026-08-01T08:18:00.000Z,35.77855,129.17585,60,1500,790.53,false,ok
GLV-T07,TRIP-GLV-T07-01,2026-08-01T08:20:00.000Z,35.78059,129.17698,61,1500,792.87,false,ok
GLV-T07,TRIP-GLV-T07-01,2026-08-01T08:22:00.000Z,35.78262,129.17811,62,1500,795.20,false,ok
GLV-T07,TRIP-GLV-T07-01,2026-08-01T08:24:00.000Z,35.78466,129.17924,63,1500,797.53,false,ok
GLV-T07,TRIP-GLV-T07-01,2026-08-01T08:26:00.000Z,35.78670,129.18036,64,1500,799.86,false,ok
GLV-T07,TRIP-GLV-T07-01,2026-08-01T08:28:00.000Z,35.78874,129.18149,66,1500,802.19,false,ok
GLV-T07,TRIP-GLV-T07-01,2026-08-01T08:30:00.000Z,35.79077,129.18262,67,1500,804.53,false,ok
GLV-T07,TRIP-GLV-T07-01,2026-08-01T08:32:00.000Z,35.79281,129.18374,69,1500,806.86,false,ok
GLV-T07,TRIP-GLV-T07-01,2026-08-01T08:34:00.000Z,35.79485,129.18487,70,1500,809.19,false,ok
GLV-T07,TRIP-GLV-T07-01,2026-08-01T08:36:00.000Z,35.79688,129.18600,72,1500,811.52,false,ok
GLV-T07,TRIP-GLV-T07-01,2026-08-01T08:38:00.000Z,35.79892,129.18713,73,1500,813.85,false,ok
GLV-T07,TRIP-GLV-T07-01,2026-08-01T08:40:00.000Z,35.80096,129.18825,74,1500,816.19,false,ok
GLV-T07,TRIP-GLV-T07-01,2026-08-01T08:42:00.000Z,35.80300,129.18938,75,1500,818.52,false,ok
GLV-T07,TRIP-GLV-T07-01,2026-08-01T08:44:00.000Z,35.80503,129.19051,76,1500,820.85,false,ok
GLV-T07,TRIP-GLV-T07-01,2026-08-01T08:46:00.000Z,35.80707,129.19164,76,1500,823.18,false,ok
GLV-T07,TRIP-GLV-T07-01,2026-08-01T08:48:00.000Z,35.80911,129.19276,76,1500,825.51,false,ok
GLV-T07,TRIP-GLV-T07-01,2026-08-01T08:50:00.000Z,35.81115,129.19389,76,1500,827.85,false,ok
GLV-T07,TRIP-GLV-T07-01,2026-08-01T08:52:00.000Z,35.81318,129.19502,75,1500,830.18,false,ok
GLV-T07,TRIP-GLV-T07-01,2026-08-01T08:54:00.000Z,35.81522,129.19615,74,1500,832.51,false,ok
GLV-T07,TRIP-GLV-T07-01,2026-08-01T08:56:00.000Z,35.81726,129.19727,73,1500,834.84,false,ok
GLV-T07,TRIP-GLV-T07-01,2026-08-01T08:58:00.000Z,35.81929,129.19840,72,1500,837.17,false,ok
GLV-T07,TRIP-GLV-T07-01,2026-08-01T09:00:00.000Z,35.82133,129.19953,70,1500,839.51,false,ok
GLV-T07,TRIP-GLV-T07-01,2026-08-01T09:02:00.000Z,35.82337,129.20065,68,1500,841.84,false,ok
GLV-T07,TRIP-GLV-T07-01,2026-08-01T09:04:00.000Z,35.82541,129.20178,67,1500,844.17,false,ok
GLV-T07,TRIP-GLV-T07-01,2026-08-01T09:06:00.000Z,35.82744,129.20291,65,1500,846.50,false,ok
GLV-T07,TRIP-GLV-T07-01,2026-08-01T09:08:00.000Z,35.82948,129.20404,64,1500,848.83,false,ok
GLV-T07,TRIP-GLV-T07-01,2026-08-01T01:00:00.000Z,35.83050,129.20460,68,1500,850.00,true,ok
GLV-T07,TRIP-GLV-T07-01,2026-08-01T01:02:00.000Z,35.82846,129.20347,70,1500,852.33,true,ok
GLV-T07,TRIP-GLV-T07-01,2026-08-01T01:04:00.000Z,35.82643,129.20235,71,1500,854.66,true,ok
GLV-T07,TRIP-GLV-T07-01,2026-08-01T01:06:00.000Z,35.82439,129.20122,73,1500,857.00,true,ok
GLV-T07,TRIP-GLV-T07-01,2026-08-01T01:08:00.000Z,35.82235,129.20009,74,1500,859.33,true,ok
GLV-T07,TRIP-GLV-T07-01,2026-08-01T01:10:00.000Z,35.82031,129.19896,75,1500,861.66,true,ok
GLV-T07,TRIP-GLV-T07-01,2026-08-01T01:12:00.000Z,35.81828,129.19784,75,1500,863.99,true,ok
GLV-T07,TRIP-GLV-T07-01,2026-08-01T01:14:00.000Z,35.81624,129.19671,76,1500,866.32,true,ok
GLV-T07,TRIP-GLV-T07-01,2026-08-01T01:16:00.000Z,35.81420,129.19558,76,1500,868.66,true,ok
GLV-T07,TRIP-GLV-T07-01,2026-08-01T01:18:00.000Z,35.81216,129.19445,76,1500,870.99,true,ok
GLV-T07,TRIP-GLV-T07-01,2026-08-01T01:20:00.000Z,35.81013,129.19333,75,1500,873.32,true,ok
GLV-T07,TRIP-GLV-T07-01,2026-08-01T01:22:00.000Z,35.80809,129.19220,74,1500,875.65,true,ok
GLV-T07,TRIP-GLV-T07-01,2026-08-01T01:24:00.000Z,35.80605,129.19107,73,1500,877.98,true,ok
GLV-T07,TRIP-GLV-T07-01,2026-08-01T01:26:00.000Z,35.80401,129.18995,72,1500,880.32,true,ok
GLV-T07,TRIP-GLV-T07-01,2026-08-01T01:28:00.000Z,35.80198,129.18882,71,1500,882.65,true,ok
GLV-T07,TRIP-GLV-T07-01,2026-08-01T01:30:00.000Z,35.79994,129.18769,69,1500,884.98,true,ok
GLV-T07,TRIP-GLV-T07-01,2026-08-01T01:32:00.000Z,35.79790,129.18656,68,1500,887.31,true,ok
GLV-T07,TRIP-GLV-T07-01,2026-08-01T01:34:00.000Z,35.79587,129.18544,66,1500,889.64,true,ok
GLV-T07,TRIP-GLV-T07-01,2026-08-01T01:36:00.000Z,35.79383,129.18431,64,1500,891.98,true,ok
GLV-T07,TRIP-GLV-T07-01,2026-08-01T01:38:00.000Z,35.79179,129.18318,63,1500,894.31,true,ok
GLV-T07,TRIP-GLV-T07-01,2026-08-01T01:40:00.000Z,35.78975,129.18205,62,1500,896.64,true,ok
GLV-T07,TRIP-GLV-T07-01,2026-08-01T01:42:00.000Z,35.78772,129.18093,61,1500,898.97,true,ok
GLV-T07,TRIP-GLV-T07-01,2026-08-01T01:44:00.000Z,35.78568,129.17980,60,1500,901.30,true,ok
GLV-T07,TRIP-GLV-T07-01,2026-08-01T01:46:00.000Z,35.78364,129.17867,60,1500,903.64,true,ok
GLV-T07,TRIP-GLV-T07-01,2026-08-01T01:48:00.000Z,35.78160,129.17754,60,1500,905.97,true,ok
GLV-T07,TRIP-GLV-T07-01,2026-08-01T01:50:00.000Z,35.77957,129.17642,60,1500,908.30,true,ok
GLV-T07,TRIP-GLV-T07-01,2026-08-01T01:52:00.000Z,35.77753,129.17529,61,1500,910.63,true,ok
GLV-T07,TRIP-GLV-T07-01,2026-08-01T01:54:00.000Z,35.77549,129.17416,62,1500,912.96,true,ok
GLV-T07,TRIP-GLV-T07-01,2026-08-01T01:56:00.000Z,35.77346,129.17304,63,1500,915.29,true,ok
GLV-T07,TRIP-GLV-T07-01,2026-08-01T01:58:00.000Z,35.77142,129.17191,64,1500,917.63,true,ok
GLV-T07,TRIP-GLV-T07-01,2026-08-01T02:00:00.000Z,35.76938,129.17078,66,1500,919.96,true,ok
GLV-T07,TRIP-GLV-T07-01,2026-08-01T02:02:00.000Z,35.76734,129.16965,67,1500,922.29,true,ok
GLV-T07,TRIP-GLV-T07-01,2026-08-01T02:04:00.000Z,35.76531,129.16853,69,1500,924.62,true,ok
GLV-T07,TRIP-GLV-T07-01,2026-08-01T02:06:00.000Z,35.76327,129.16740,70,1500,926.95,true,ok
GLV-T07,TRIP-GLV-T07-01,2026-08-01T02:08:00.000Z,35.76123,129.16627,72,1500,929.29,true,ok
GLV-T07,TRIP-GLV-T07-01,2026-08-01T02:10:00.000Z,35.75919,129.16514,73,1500,931.62,true,ok
GLV-T07,TRIP-GLV-T07-01,2026-08-01T02:12:00.000Z,35.75716,129.16402,74,1500,933.95,true,ok
GLV-T07,TRIP-GLV-T07-01,2026-08-01T02:14:00.000Z,35.75512,129.16289,75,1500,936.28,true,ok
GLV-T07,TRIP-GLV-T07-01,2026-08-01T02:16:00.000Z,35.75308,129.16176,76,1500,938.61,true,ok
GLV-T07,TRIP-GLV-T07-01,2026-08-01T02:18:00.000Z,35.75104,129.16064,76,1500,940.95,true,ok
GLV-T07,TRIP-GLV-T07-01,2026-08-01T02:20:00.000Z,35.74901,129.15951,76,1500,943.28,true,ok
GLV-T07,TRIP-GLV-T07-01,2026-08-01T02:22:00.000Z,35.74697,129.15838,76,1500,945.61,true,ok
GLV-T07,TRIP-GLV-T07-01,2026-08-01T02:24:00.000Z,35.74493,129.15725,75,1500,947.94,true,ok
GLV-T07,TRIP-GLV-T07-01,2026-08-01T02:26:00.000Z,35.74290,129.15613,74,1500,950.27,true,ok
GLV-T07,TRIP-GLV-T07-01,2026-08-01T02:28:00.000Z,35.74086,129.15500,73,1500,952.61,true,ok
GLV-T07,TRIP-GLV-T07-01,2026-08-01T02:30:00.000Z,35.73882,129.15387,71,1500,954.94,true,ok
GLV-T07,TRIP-GLV-T07-01,2026-08-01T02:32:00.000Z,35.73678,129.15274,70,1500,957.27,true,ok
GLV-T07,TRIP-GLV-T07-01,2026-08-01T02:34:00.000Z,35.73475,129.15162,68,1500,959.60,true,ok
GLV-T07,TRIP-GLV-T07-01,2026-08-01T02:36:00.000Z,35.73271,129.15049,67,1500,961.93,true,ok
GLV-T07,TRIP-GLV-T07-01,2026-08-01T02:38:00.000Z,35.73067,129.14936,65,1500,964.27,true,ok
GLV-T07,TRIP-GLV-T07-01,2026-08-01T02:40:00.000Z,35.72863,129.14824,64,1500,966.60,true,ok
GLV-T07,TRIP-GLV-T07-01,2026-08-01T02:42:00.000Z,35.72660,129.14711,62,1500,968.93,true,ok
GLV-T07,TRIP-GLV-T07-01,2026-08-01T02:44:00.000Z,35.72456,129.14598,61,1500,971.26,true,ok
GLV-T07,TRIP-GLV-T07-01,2026-08-01T02:46:00.000Z,35.72252,129.14485,61,1500,973.59,true,ok
GLV-T07,TRIP-GLV-T07-01,2026-08-01T02:48:00.000Z,35.72049,129.14373,60,1500,975.93,true,ok
GLV-T07,TRIP-GLV-T07-01,2026-08-01T02:50:00.000Z,35.71845,129.14260,60,1500,978.26,true,ok
GLV-T07,TRIP-GLV-T07-01,2026-08-01T02:52:00.000Z,35.71641,129.14147,60,1500,980.59,true,ok
GLV-T07,TRIP-GLV-T07-01,2026-08-01T02:54:00.000Z,35.71437,129.14034,61,1500,982.92,true,ok
GLV-T07,TRIP-GLV-T07-01,2026-08-01T02:56:00.000Z,35.71234,129.13922,61,1500,985.25,true,ok
GLV-T07,TRIP-GLV-T07-01,2026-08-01T02:58:00.000Z,35.71030,129.13809,62,1500,987.59,true,ok
GLV-T07,TRIP-GLV-T07-01,2026-08-01T03:00:00.000Z,35.70826,129.13696,64,1500,989.92,true,ok
GLV-T07,TRIP-GLV-T07-01,2026-08-01T03:02:00.000Z,35.70622,129.13583,65,1500,992.25,true,ok
GLV-T07,TRIP-GLV-T07-01,2026-08-01T03:04:00.000Z,35.70419,129.13471,67,1500,994.58,true,ok
GLV-T07,TRIP-GLV-T07-01,2026-08-01T03:06:00.000Z,35.70215,129.13358,68,1500,996.91,true,ok
GLV-T07,TRIP-GLV-T07-01,2026-08-01T03:08:00.000Z,35.70011,129.13245,70,1500,999.25,true,ok
GLV-T07,TRIP-GLV-T07-01,2026-08-01T03:10:00.000Z,35.69807,129.13133,71,1500,1001.58,true,ok
GLV-T07,TRIP-GLV-T07-01,2026-08-01T03:12:00.000Z,35.69604,129.13020,73,1500,1003.91,true,ok
GLV-T07,TRIP-GLV-T07-01,2026-08-01T03:14:00.000Z,35.69400,129.12907,74,1500,1006.24,true,ok
GLV-T07,TRIP-GLV-T07-01,2026-08-01T03:16:00.000Z,35.69196,129.12794,75,1500,1008.57,true,ok
GLV-T07,TRIP-GLV-T07-01,2026-08-01T03:18:00.000Z,35.68993,129.12682,76,1500,1010.91,true,ok
GLV-T07,TRIP-GLV-T07-01,2026-08-01T03:20:00.000Z,35.68789,129.12569,76,1500,1013.24,true,ok
GLV-T07,TRIP-GLV-T07-01,2026-08-01T03:22:00.000Z,35.68585,129.12456,76,1500,1015.57,true,ok
GLV-T07,TRIP-GLV-T07-01,2026-08-01T03:24:00.000Z,35.68381,129.12343,76,1500,1017.90,true,ok
GLV-T07,TRIP-GLV-T07-01,2026-08-01T03:26:00.000Z,35.68178,129.12231,75,1500,1020.23,true,ok
GLV-T07,TRIP-GLV-T07-01,2026-08-01T03:28:00.000Z,35.67974,129.12118,74,1500,1022.57,true,ok
GLV-T07,TRIP-GLV-T07-01,2026-08-01T03:30:00.000Z,35.67770,129.12005,73,1500,1024.90,true,ok
GLV-T07,TRIP-GLV-T07-01,2026-08-01T03:32:00.000Z,35.67566,129.11893,72,1500,1027.23,true,ok
GLV-T07,TRIP-GLV-T07-01,2026-08-01T03:34:00.000Z,35.67363,129.11780,70,1500,1029.56,true,ok
GLV-T07,TRIP-GLV-T07-01,2026-08-01T03:36:00.000Z,35.67159,129.11667,69,1500,1031.89,true,ok
GLV-T07,TRIP-GLV-T07-01,2026-08-01T03:38:00.000Z,35.66955,129.11554,67,1500,1034.22,true,ok
GLV-T07,TRIP-GLV-T07-01,2026-08-01T03:40:00.000Z,35.66752,129.11442,66,1500,1036.56,true,ok
GLV-T07,TRIP-GLV-T07-01,2026-08-01T03:42:00.000Z,35.66548,129.11329,64,1500,1038.89,true,ok
GLV-T07,TRIP-GLV-T07-01,2026-08-01T03:44:00.000Z,35.66344,129.11216,63,1500,1041.22,true,ok
GLV-T07,TRIP-GLV-T07-01,2026-08-01T03:46:00.000Z,35.66140,129.11103,62,1500,1043.55,true,ok
GLV-T07,TRIP-GLV-T07-01,2026-08-01T03:48:00.000Z,35.65937,129.10991,61,1500,1045.88,true,ok
GLV-T07,TRIP-GLV-T07-01,2026-08-01T03:50:00.000Z,35.65733,129.10878,60,1500,1048.22,true,ok
GLV-T07,TRIP-GLV-T07-01,2026-08-01T03:52:00.000Z,35.65529,129.10765,60,1500,1050.55,true,ok
GLV-T07,TRIP-GLV-T07-01,2026-08-01T03:54:00.000Z,35.65325,129.10653,60,1500,1052.88,true,ok
GLV-T07,TRIP-GLV-T07-01,2026-08-01T03:56:00.000Z,35.65122,129.10540,60,1500,1055.21,true,ok
GLV-T07,TRIP-GLV-T07-01,2026-08-01T03:58:00.000Z,35.64918,129.10427,61,1500,1057.54,true,ok
GLV-T07,TRIP-GLV-T07-01,2026-08-01T04:00:00.000Z,35.64714,129.10314,62,1500,1059.88,true,ok
GLV-T07,TRIP-GLV-T07-01,2026-08-01T04:02:00.000Z,35.64510,129.10202,63,1500,1062.21,true,ok
GLV-T07,TRIP-GLV-T07-01,2026-08-01T04:04:00.000Z,35.64307,129.10089,65,1500,1064.54,true,ok
GLV-T07,TRIP-GLV-T07-01,2026-08-01T04:06:00.000Z,35.64103,129.09976,66,1500,1066.87,true,ok
GLV-T07,TRIP-GLV-T07-01,2026-08-01T04:08:00.000Z,35.63899,129.09863,68,1500,1069.20,true,ok
GLV-T07,TRIP-GLV-T07-01,2026-08-01T04:10:00.000Z,35.63696,129.09751,69,1500,1071.54,true,ok
GLV-T07,TRIP-GLV-T07-01,2026-08-01T04:12:00.000Z,35.63492,129.09638,71,1500,1073.87,true,ok
GLV-T07,TRIP-GLV-T07-01,2026-08-01T04:14:00.000Z,35.63288,129.09525,72,1500,1076.20,true,ok
GLV-T07,TRIP-GLV-T07-01,2026-08-01T04:16:00.000Z,35.63084,129.09412,73,1500,1078.53,true,ok
GLV-T07,TRIP-GLV-T07-01,2026-08-01T04:18:00.000Z,35.62881,129.09300,75,1500,1080.86,true,ok
GLV-T07,TRIP-GLV-T07-01,2026-08-01T04:20:00.000Z,35.62677,129.09187,75,1500,1083.20,true,ok
GLV-T07,TRIP-GLV-T07-01,2026-08-01T04:22:00.000Z,35.62473,129.09074,76,1500,1085.53,true,ok
GLV-T07,TRIP-GLV-T07-01,2026-08-01T04:24:00.000Z,35.62269,129.08962,76,1500,1087.86,true,ok
GLV-T07,TRIP-GLV-T07-01,2026-08-01T04:26:00.000Z,35.62066,129.08849,76,1500,1090.19,true,ok
GLV-T07,TRIP-GLV-T07-01,2026-08-01T04:28:00.000Z,35.61862,129.08736,75,1500,1092.52,true,ok
GLV-T07,TRIP-GLV-T07-01,2026-08-01T04:30:00.000Z,35.61658,129.08623,75,1500,1094.86,true,ok
GLV-T07,TRIP-GLV-T07-01,2026-08-01T04:32:00.000Z,35.61454,129.08511,74,1500,1097.19,true,ok
GLV-T07,TRIP-GLV-T07-01,2026-08-01T04:34:00.000Z,35.61251,129.08398,72,1500,1099.52,true,ok
GLV-T07,TRIP-GLV-T07-01,2026-08-01T04:36:00.000Z,35.61047,129.08285,71,1500,1101.85,true,ok
GLV-T07,TRIP-GLV-T07-01,2026-08-01T04:38:00.000Z,35.60843,129.08172,70,1500,1104.18,true,ok
GLV-T07,TRIP-GLV-T07-01,2026-08-01T04:40:00.000Z,35.60640,129.08060,68,1500,1106.52,true,ok
GLV-T07,TRIP-GLV-T07-01,2026-08-01T04:42:00.000Z,35.60436,129.07947,66,1500,1108.85,true,ok
GLV-T07,TRIP-GLV-T07-01,2026-08-01T04:44:00.000Z,35.60232,129.07834,65,1500,1111.18,true,ok
GLV-T07,TRIP-GLV-T07-01,2026-08-01T04:46:00.000Z,35.60028,129.07722,63,1500,1113.51,true,ok
GLV-T07,TRIP-GLV-T07-01,2026-08-01T04:48:00.000Z,35.59825,129.07609,62,1500,1115.84,true,ok
GLV-T07,TRIP-GLV-T07-01,2026-08-01T04:50:00.000Z,35.59621,129.07496,61,1500,1118.18,true,ok
GLV-T07,TRIP-GLV-T07-01,2026-08-01T04:52:00.000Z,35.59417,129.07383,61,1500,1120.51,true,ok
GLV-T07,TRIP-GLV-T07-01,2026-08-01T04:54:00.000Z,35.59213,129.07271,60,1500,1122.84,true,ok
GLV-T07,TRIP-GLV-T07-01,2026-08-01T04:56:00.000Z,35.59010,129.07158,60,1500,1125.17,true,ok
GLV-T07,TRIP-GLV-T07-01,2026-08-01T04:58:00.000Z,35.58806,129.07045,60,1500,1127.50,true,ok
GLV-T07,TRIP-GLV-T07-01,2026-08-01T05:00:00.000Z,35.58602,129.06932,61,1500,1129.84,true,ok
GLV-T07,TRIP-GLV-T07-01,2026-08-01T05:02:00.000Z,35.58399,129.06820,62,1500,1132.17,true,ok
GLV-T07,TRIP-GLV-T07-01,2026-08-01T05:04:00.000Z,35.58195,129.06707,63,1500,1134.50,true,ok
GLV-T07,TRIP-GLV-T07-01,2026-08-01T05:06:00.000Z,35.57991,129.06594,64,1500,1136.83,true,ok
GLV-T07,TRIP-GLV-T07-01,2026-08-01T05:08:00.000Z,35.57787,129.06482,65,1500,1139.16,true,ok
GLV-T07,TRIP-GLV-T07-01,2026-08-01T05:10:00.000Z,35.57584,129.06369,67,1500,1141.50,true,ok
GLV-T07,TRIP-GLV-T07-01,2026-08-01T05:12:00.000Z,35.57380,129.06256,69,1500,1143.83,true,ok
GLV-T07,TRIP-GLV-T07-01,2026-08-01T05:14:00.000Z,35.57176,129.06143,70,1500,1146.16,true,ok
GLV-T07,TRIP-GLV-T07-01,2026-08-01T05:16:00.000Z,35.56972,129.06031,72,1500,1148.49,true,ok
GLV-T07,TRIP-GLV-T07-01,2026-08-01T05:18:00.000Z,35.56769,129.05918,73,1500,1150.82,true,ok
GLV-T07,TRIP-GLV-T07-01,2026-08-01T05:20:00.000Z,35.56565,129.05805,74,1500,1153.16,true,ok
GLV-T07,TRIP-GLV-T07-01,2026-08-01T05:22:00.000Z,35.56361,129.05692,75,1500,1155.49,true,ok
GLV-T07,TRIP-GLV-T07-01,2026-08-01T05:24:00.000Z,35.56157,129.05580,76,1500,1157.82,true,ok
GLV-T07,TRIP-GLV-T07-01,2026-08-01T05:26:00.000Z,35.55954,129.05467,76,1500,1160.15,true,ok
GLV-T07,TRIP-GLV-T07-01,2026-08-01T05:28:00.000Z,35.55750,129.05354,76,1500,1162.48,true,ok
GLV-T07,TRIP-GLV-T07-01,2026-08-01T05:30:00.000Z,35.55546,129.05241,76,1500,1164.81,true,ok
GLV-T07,TRIP-GLV-T07-01,2026-08-01T05:32:00.000Z,35.55343,129.05129,75,1500,1167.15,true,ok
GLV-T07,TRIP-GLV-T07-01,2026-08-01T05:34:00.000Z,35.55139,129.05016,74,1500,1169.48,true,ok
GLV-T07,TRIP-GLV-T07-01,2026-08-01T05:36:00.000Z,35.54935,129.04903,73,1500,1171.81,true,ok
GLV-T07,TRIP-GLV-T07-01,2026-08-01T05:38:00.000Z,35.54731,129.04791,72,1500,1174.14,true,ok
GLV-T07,TRIP-GLV-T07-01,2026-08-01T05:40:00.000Z,35.54528,129.04678,70,1500,1176.47,true,ok
GLV-T07,TRIP-GLV-T07-01,2026-08-01T05:42:00.000Z,35.54324,129.04565,69,1500,1178.81,true,ok
GLV-T07,TRIP-GLV-T07-01,2026-08-01T05:44:00.000Z,35.54120,129.04452,67,1500,1181.14,true,ok
GLV-T07,TRIP-GLV-T07-01,2026-08-01T05:46:00.000Z,35.53916,129.04340,65,1500,1183.47,true,ok
GLV-T07,TRIP-GLV-T07-01,2026-08-01T05:48:00.000Z,35.53713,129.04227,64,1500,1185.80,true,ok
GLV-T07,TRIP-GLV-T07-01,2026-08-01T05:50:00.000Z,35.53509,129.04114,63,1500,1188.13,true,ok
GLV-T07,TRIP-GLV-T07-01,2026-08-01T05:52:00.000Z,35.53305,129.04001,62,1500,1190.47,true,ok
GLV-T07,TRIP-GLV-T07-01,2026-08-01T05:54:00.000Z,35.53102,129.03889,61,1500,1192.80,true,ok
GLV-T07,TRIP-GLV-T07-01,2026-08-01T05:56:00.000Z,35.52898,129.03776,60,1500,1195.13,true,ok
GLV-T07,TRIP-GLV-T07-01,2026-08-01T05:58:00.000Z,35.52694,129.03663,60,1500,1197.46,true,ok
GLV-T07,TRIP-GLV-T07-01,2026-08-01T06:00:00.000Z,35.52490,129.03551,60,1500,1199.79,true,ok
GLV-T07,TRIP-GLV-T07-01,2026-08-01T06:02:00.000Z,35.52287,129.03438,60,1500,1202.13,true,ok
GLV-T07,TRIP-GLV-T07-01,2026-08-01T06:04:00.000Z,35.52083,129.03325,61,1500,1204.46,true,ok
GLV-T07,TRIP-GLV-T07-01,2026-08-01T06:06:00.000Z,35.51879,129.03212,62,1500,1206.79,true,ok
GLV-T07,TRIP-GLV-T07-01,2026-08-01T06:08:00.000Z,35.51675,129.03100,63,1500,1209.12,true,ok
GLV-T07,TRIP-GLV-T07-01,2026-08-01T06:10:00.000Z,35.51472,129.02987,65,1500,1211.45,true,ok
GLV-T07,TRIP-GLV-T07-01,2026-08-01T06:12:00.000Z,35.51268,129.02874,66,1500,1213.79,true,ok
GLV-T07,TRIP-GLV-T07-01,2026-08-01T06:14:00.000Z,35.51064,129.02761,68,1500,1216.12,true,ok
GLV-T07,TRIP-GLV-T07-01,2026-08-01T06:16:00.000Z,35.50860,129.02649,69,1500,1218.45,true,ok
GLV-T07,TRIP-GLV-T07-01,2026-08-01T06:18:00.000Z,35.50657,129.02536,71,1500,1220.78,true,ok
GLV-T07,TRIP-GLV-T07-01,2026-08-01T06:20:00.000Z,35.50453,129.02423,72,1500,1223.11,true,ok
GLV-T07,TRIP-GLV-T07-01,2026-08-01T06:22:00.000Z,35.50249,129.02311,74,1500,1225.45,true,ok
GLV-T07,TRIP-GLV-T07-01,2026-08-01T06:24:00.000Z,35.50046,129.02198,75,1500,1227.78,true,ok
GLV-T07,TRIP-GLV-T07-01,2026-08-01T06:26:00.000Z,35.49842,129.02085,75,1500,1230.11,true,ok
GLV-T07,TRIP-GLV-T07-01,2026-08-01T06:28:00.000Z,35.49638,129.01972,76,1500,1232.44,true,ok
GLV-T07,TRIP-GLV-T07-01,2026-08-01T06:30:00.000Z,35.49434,129.01860,76,1500,1234.77,true,ok
GLV-T07,TRIP-GLV-T07-01,2026-08-01T06:32:00.000Z,35.49231,129.01747,76,1500,1237.11,true,ok
GLV-T07,TRIP-GLV-T07-01,2026-08-01T06:34:00.000Z,35.49027,129.01634,75,1500,1239.44,true,ok
GLV-T07,TRIP-GLV-T07-01,2026-08-01T06:36:00.000Z,35.48823,129.01521,75,1500,1241.77,true,ok
GLV-T07,TRIP-GLV-T07-01,2026-08-01T06:38:00.000Z,35.48619,129.01409,73,1500,1244.10,true,ok
GLV-T07,TRIP-GLV-T07-01,2026-08-01T06:40:00.000Z,35.48416,129.01296,72,1500,1246.43,true,ok
GLV-T07,TRIP-GLV-T07-01,2026-08-01T06:42:00.000Z,35.48212,129.01183,71,1500,1248.77,true,ok
GLV-T07,TRIP-GLV-T07-01,2026-08-01T06:44:00.000Z,35.48008,129.01070,69,1500,1251.10,true,ok
GLV-T07,TRIP-GLV-T07-01,2026-08-01T06:46:00.000Z,35.47805,129.00958,68,1500,1253.43,true,ok
GLV-T07,TRIP-GLV-T07-01,2026-08-01T06:48:00.000Z,35.47601,129.00845,66,1500,1255.76,true,ok
GLV-T07,TRIP-GLV-T07-01,2026-08-01T06:50:00.000Z,35.47397,129.00732,65,1500,1258.09,true,ok
GLV-T07,TRIP-GLV-T07-01,2026-08-01T06:52:00.000Z,35.47193,129.00620,63,1500,1260.43,true,ok
GLV-T07,TRIP-GLV-T07-01,2026-08-01T06:54:00.000Z,35.46990,129.00507,62,1500,1262.76,true,ok
GLV-T07,TRIP-GLV-T07-01,2026-08-01T06:56:00.000Z,35.46786,129.00394,61,1500,1265.09,true,ok
GLV-T07,TRIP-GLV-T07-01,2026-08-01T06:58:00.000Z,35.46582,129.00281,60,1500,1267.42,true,ok
GLV-T07,TRIP-GLV-T07-01,2026-08-01T07:00:00.000Z,35.46378,129.00169,60,1500,1269.75,true,ok
GLV-T07,TRIP-GLV-T07-01,2026-08-01T07:02:00.000Z,35.46175,129.00056,60,1500,1272.09,true,ok
GLV-T07,TRIP-GLV-T07-01,2026-08-01T07:04:00.000Z,35.45971,128.99943,60,1500,1274.42,true,ok
GLV-T07,TRIP-GLV-T07-01,2026-08-01T07:06:00.000Z,35.45767,128.99830,61,1500,1276.75,true,ok
GLV-T07,TRIP-GLV-T07-01,2026-08-01T07:08:00.000Z,35.45563,128.99718,62,1500,1279.08,true,ok
GLV-T07,TRIP-GLV-T07-01,2026-08-01T07:10:00.000Z,35.45360,128.99605,63,1500,1281.41,true,ok
GLV-T07,TRIP-GLV-T07-01,2026-08-01T07:12:00.000Z,35.45156,128.99492,64,1500,1283.74,true,ok
GLV-T07,TRIP-GLV-T07-01,2026-08-01T07:14:00.000Z,35.44952,128.99380,66,1500,1286.08,true,ok
GLV-T07,TRIP-GLV-T07-01,2026-08-01T07:16:00.000Z,35.44749,128.99267,67,1500,1288.41,true,ok
GLV-T07,TRIP-GLV-T07-01,2026-08-01T07:18:00.000Z,35.44545,128.99154,69,1500,1290.74,true,ok
GLV-T07,TRIP-GLV-T07-01,2026-08-01T07:20:00.000Z,35.44341,128.99041,70,1500,1293.07,true,ok
GLV-T07,TRIP-GLV-T07-01,2026-08-01T07:22:00.000Z,35.44137,128.98929,72,1500,1295.40,true,ok
GLV-T07,TRIP-GLV-T07-01,2026-08-01T07:24:00.000Z,35.43934,128.98816,73,1500,1297.74,true,ok
GLV-T07,TRIP-GLV-T07-01,2026-08-01T07:26:00.000Z,35.43730,128.98703,74,1500,1300.07,true,ok
GLV-T07,TRIP-GLV-T07-01,2026-08-01T07:28:00.000Z,35.43526,128.98590,75,1500,1302.40,true,ok
GLV-T07,TRIP-GLV-T07-01,2026-08-01T07:30:00.000Z,35.43322,128.98478,76,1500,1304.73,true,ok
GLV-T07,TRIP-GLV-T07-01,2026-08-01T07:32:00.000Z,35.43119,128.98365,76,1500,1307.06,true,ok
GLV-T07,TRIP-GLV-T07-01,2026-08-01T07:34:00.000Z,35.42915,128.98252,76,1500,1309.40,true,ok
GLV-T07,TRIP-GLV-T07-01,2026-08-01T07:36:00.000Z,35.42711,128.98140,76,1500,1311.73,true,ok
GLV-T07,TRIP-GLV-T07-01,2026-08-01T07:38:00.000Z,35.42508,128.98027,75,1500,1314.06,true,ok
GLV-T07,TRIP-GLV-T07-01,2026-08-01T07:40:00.000Z,35.42304,128.97914,74,1500,1316.39,true,ok
GLV-T07,TRIP-GLV-T07-01,2026-08-01T07:42:00.000Z,35.42100,128.97801,73,1500,1318.72,true,ok
GLV-T07,TRIP-GLV-T07-01,2026-08-01T07:44:00.000Z,35.41896,128.97689,71,1500,1321.06,true,ok
GLV-T07,TRIP-GLV-T07-01,2026-08-01T07:46:00.000Z,35.41693,128.97576,70,1500,1323.39,true,ok
GLV-T07,TRIP-GLV-T07-01,2026-08-01T07:48:00.000Z,35.41489,128.97463,68,1500,1325.72,true,ok
GLV-T07,TRIP-GLV-T07-01,2026-08-01T07:50:00.000Z,35.41285,128.97350,67,1500,1328.05,true,ok
GLV-T07,TRIP-GLV-T07-01,2026-08-01T07:52:00.000Z,35.41081,128.97238,65,1500,1330.38,true,ok
GLV-T07,TRIP-GLV-T07-01,2026-08-01T07:54:00.000Z,35.40878,128.97125,64,1500,1332.72,true,ok
GLV-T07,TRIP-GLV-T07-01,2026-08-01T07:56:00.000Z,35.40674,128.97012,62,1500,1335.05,true,ok
GLV-T07,TRIP-GLV-T07-01,2026-08-01T07:58:00.000Z,35.40470,128.96899,61,1500,1337.38,true,ok
GLV-T07,TRIP-GLV-T07-01,2026-08-01T08:00:00.000Z,35.40266,128.96787,61,1500,1339.71,true,ok
GLV-T07,TRIP-GLV-T07-01,2026-08-01T08:02:00.000Z,35.40063,128.96674,60,1500,1342.04,true,ok
GLV-T07,TRIP-GLV-T07-01,2026-08-01T08:04:00.000Z,35.39859,128.96561,60,1500,1344.38,true,ok
GLV-T07,TRIP-GLV-T07-01,2026-08-01T08:06:00.000Z,35.39655,128.96449,60,1500,1346.71,true,ok
GLV-T07,TRIP-GLV-T07-01,2026-08-01T08:08:00.000Z,35.39452,128.96336,61,1500,1349.04,true,ok
GLV-T07,TRIP-GLV-T07-01,2026-08-01T08:10:00.000Z,35.39248,128.96223,61,1500,1351.37,true,ok
GLV-T07,TRIP-GLV-T07-01,2026-08-01T08:12:00.000Z,35.39044,128.96110,62,1500,1353.70,true,ok
GLV-T07,TRIP-GLV-T07-01,2026-08-01T08:14:00.000Z,35.38840,128.95998,64,1500,1356.04,true,ok
GLV-T07,TRIP-GLV-T07-01,2026-08-01T08:16:00.000Z,35.38637,128.95885,65,1500,1358.37,true,ok
GLV-T07,TRIP-GLV-T07-01,2026-08-01T08:18:00.000Z,35.38433,128.95772,67,1500,1360.70,true,ok
GLV-T07,TRIP-GLV-T07-01,2026-08-01T08:20:00.000Z,35.38229,128.95659,68,1500,1363.03,true,ok
GLV-T07,TRIP-GLV-T07-01,2026-08-01T08:22:00.000Z,35.38025,128.95547,70,1500,1365.36,true,ok
GLV-T07,TRIP-GLV-T07-01,2026-08-01T08:24:00.000Z,35.37822,128.95434,71,1500,1367.70,true,ok
GLV-T07,TRIP-GLV-T07-01,2026-08-01T08:26:00.000Z,35.37618,128.95321,73,1500,1370.03,true,ok
GLV-T07,TRIP-GLV-T07-01,2026-08-01T08:28:00.000Z,35.37414,128.95209,74,1500,1372.36,true,ok
GLV-T07,TRIP-GLV-T07-01,2026-08-01T08:30:00.000Z,35.37210,128.95096,75,1500,1374.69,true,ok
GLV-T07,TRIP-GLV-T07-01,2026-08-01T08:32:00.000Z,35.37007,128.94983,76,1500,1377.02,true,ok
GLV-T07,TRIP-GLV-T07-01,2026-08-01T08:34:00.000Z,35.36803,128.94870,76,1500,1379.36,true,ok
GLV-T07,TRIP-GLV-T07-01,2026-08-01T08:36:00.000Z,35.36599,128.94758,76,1500,1381.69,true,ok
GLV-T07,TRIP-GLV-T07-01,2026-08-01T08:38:00.000Z,35.36396,128.94645,76,1500,1384.02,true,ok
GLV-T07,TRIP-GLV-T07-01,2026-08-01T08:40:00.000Z,35.36192,128.94532,75,1500,1386.35,true,ok
GLV-T07,TRIP-GLV-T07-01,2026-08-01T08:42:00.000Z,35.35988,128.94419,74,1500,1388.68,true,ok
GLV-T07,TRIP-GLV-T07-01,2026-08-01T08:44:00.000Z,35.35784,128.94307,73,1500,1391.02,true,ok
GLV-T07,TRIP-GLV-T07-01,2026-08-01T08:46:00.000Z,35.35581,128.94194,72,1500,1393.35,true,ok
GLV-T07,TRIP-GLV-T07-01,2026-08-01T08:48:00.000Z,35.35377,128.94081,71,1500,1395.68,true,ok
GLV-T07,TRIP-GLV-T07-01,2026-08-01T08:50:00.000Z,35.35173,128.93969,69,1500,1398.01,true,ok
GLV-T07,TRIP-GLV-T07-01,2026-08-01T08:52:00.000Z,35.34969,128.93856,67,1500,1400.34,true,ok
GLV-T07,TRIP-GLV-T07-01,2026-08-01T08:54:00.000Z,35.34766,128.93743,66,1500,1402.67,true,ok
GLV-T07,TRIP-GLV-T07-01,2026-08-01T08:56:00.000Z,35.34562,128.93630,64,1500,1405.01,true,ok
GLV-T07,TRIP-GLV-T07-01,2026-08-01T08:58:00.000Z,35.34358,128.93518,63,1500,1407.34,true,ok
GLV-T07,TRIP-GLV-T07-01,2026-08-01T09:00:00.000Z,35.34155,128.93405,62,1500,1409.67,true,ok
GLV-T07,TRIP-GLV-T07-01,2026-08-01T09:02:00.000Z,35.33951,128.93292,61,1500,1412.00,true,ok
GLV-T07,TRIP-GLV-T07-01,2026-08-01T09:04:00.000Z,35.33747,128.93179,60,1500,1414.33,true,ok
GLV-T07,TRIP-GLV-T07-01,2026-08-01T09:06:00.000Z,35.33543,128.93067,60,1500,1416.67,true,ok
GLV-T07,TRIP-GLV-T07-01,2026-08-01T09:08:00.000Z,35.33340,128.92954,60,1500,1419.00,true,ok
GLV-T07,TRIP-GLV-T07-01,2026-08-01T09:10:00.000Z,35.33136,128.92841,60,1500,1421.33,true,ok
GLV-T07,TRIP-GLV-T07-01,2026-08-01T09:12:00.000Z,35.32932,128.92728,61,1500,1423.66,true,ok
GLV-T07,TRIP-GLV-T07-01,2026-08-01T09:14:00.000Z,35.32728,128.92616,62,1500,1425.99,true,ok
GLV-T07,TRIP-GLV-T07-01,2026-08-01T09:16:00.000Z,35.32525,128.92503,63,1500,1428.33,true,ok
GLV-T07,TRIP-GLV-T07-01,2026-08-01T09:18:00.000Z,35.32321,128.92390,64,1500,1430.66,true,ok
GLV-T07,TRIP-GLV-T07-01,2026-08-01T09:20:00.000Z,35.32117,128.92278,66,1500,1432.99,true,ok
GLV-T07,TRIP-GLV-T07-01,2026-08-01T09:22:00.000Z,35.31913,128.92165,67,1500,1435.32,true,ok
GLV-T07,TRIP-GLV-T07-01,2026-08-01T09:24:00.000Z,35.31710,128.92052,69,1500,1437.65,true,ok
GLV-T07,TRIP-GLV-T07-01,2026-08-01T09:26:00.000Z,35.31506,128.91939,71,1500,1439.99,true,ok
GLV-T07,TRIP-GLV-T07-01,2026-08-01T09:28:00.000Z,35.31302,128.91827,72,1500,1442.32,true,ok
GLV-T07,TRIP-GLV-T07-01,2026-08-01T09:30:00.000Z,35.31099,128.91714,73,1500,1444.65,true,ok
GLV-T07,TRIP-GLV-T07-01,2026-08-01T09:32:00.000Z,35.30895,128.91601,74,1500,1446.98,true,ok
GLV-T07,TRIP-GLV-T07-01,2026-08-01T09:34:00.000Z,35.30691,128.91488,75,1500,1449.31,true,ok
GLV-T07,TRIP-GLV-T07-01,2026-08-01T09:36:00.000Z,35.30487,128.91376,76,1500,1451.65,true,ok
GLV-T07,TRIP-GLV-T07-01,2026-08-01T09:38:00.000Z,35.30284,128.91263,76,1500,1453.98,true,ok
GLV-T07,TRIP-GLV-T07-01,2026-08-01T09:40:00.000Z,35.30080,128.91150,76,1500,1456.31,true,ok
GLV-T07,TRIP-GLV-T07-01,2026-08-01T09:42:00.000Z,35.29876,128.91038,75,1500,1458.64,true,ok
GLV-T07,TRIP-GLV-T07-01,2026-08-01T09:44:00.000Z,35.29672,128.90925,75,1500,1460.97,true,ok
GLV-T07,TRIP-GLV-T07-01,2026-08-01T09:46:00.000Z,35.29469,128.90812,74,1500,1463.31,true,ok
GLV-T07,TRIP-GLV-T07-01,2026-08-01T09:48:00.000Z,35.29265,128.90699,73,1500,1465.64,true,ok
GLV-T07,TRIP-GLV-T07-01,2026-08-01T09:50:00.000Z,35.29061,128.90587,71,1500,1467.97,true,ok
GLV-T07,TRIP-GLV-T07-01,2026-08-01T09:52:00.000Z,35.28858,128.90474,70,1500,1470.30,true,ok
GLV-T07,TRIP-GLV-T07-01,2026-08-01T09:54:00.000Z,35.28654,128.90361,68,1500,1472.63,true,ok
GLV-T07,TRIP-GLV-T07-01,2026-08-01T09:56:00.000Z,35.28450,128.90248,66,1500,1474.97,true,ok
GLV-T07,TRIP-GLV-T07-01,2026-08-01T09:58:00.000Z,35.28246,128.90136,65,1500,1477.30,true,ok
GLV-T07,TRIP-GLV-T07-01,2026-08-01T10:00:00.000Z,35.28043,128.90023,64,1500,1479.63,true,ok
GLV-T07,TRIP-GLV-T07-01,2026-08-01T10:02:00.000Z,35.27839,128.89910,62,1500,1481.96,true,ok
GLV-T07,TRIP-GLV-T07-01,2026-08-01T10:04:00.000Z,35.27635,128.89798,61,1500,1484.29,true,ok
GLV-T07,TRIP-GLV-T07-01,2026-08-01T10:06:00.000Z,35.27431,128.89685,61,1500,1486.63,true,ok
GLV-T07,TRIP-GLV-T07-01,2026-08-01T10:08:00.000Z,35.27228,128.89572,60,1500,1488.96,true,ok
GLV-T07,TRIP-GLV-T07-01,2026-08-01T10:10:00.000Z,35.27024,128.89459,60,1500,1491.29,true,ok
GLV-T07,TRIP-GLV-T07-01,2026-08-01T10:12:00.000Z,35.26820,128.89347,60,1500,1493.62,true,ok
GLV-T07,TRIP-GLV-T07-01,2026-08-01T10:14:00.000Z,35.26616,128.89234,61,1500,1495.95,true,ok
GLV-T07,TRIP-GLV-T07-01,2026-08-01T10:16:00.000Z,35.26413,128.89121,61,1500,1498.29,true,ok
GLV-T07,TRIP-GLV-T07-01,2026-08-01T10:18:00.000Z,35.26209,128.89008,63,1500,1500.62,true,ok
GLV-T07,TRIP-GLV-T07-01,2026-08-01T10:20:00.000Z,35.26005,128.88896,64,1500,1502.95,true,ok
GLV-T07,TRIP-GLV-T07-01,2026-08-01T10:22:00.000Z,35.25802,128.88783,65,1500,1505.28,true,ok
GLV-T07,TRIP-GLV-T07-01,2026-08-01T10:24:00.000Z,35.25598,128.88670,67,1500,1507.61,true,ok
GLV-T07,TRIP-GLV-T07-01,2026-08-01T10:26:00.000Z,35.25394,128.88557,68,1500,1509.95,true,ok
GLV-T07,TRIP-GLV-T07-01,2026-08-01T10:28:00.000Z,35.25190,128.88445,70,1500,1512.28,true,ok
GLV-T07,TRIP-GLV-T07-01,2026-08-01T10:30:00.000Z,35.24987,128.88332,71,1500,1514.61,true,ok
GLV-T07,TRIP-GLV-T07-01,2026-08-01T10:32:00.000Z,35.24783,128.88219,73,1500,1516.94,true,ok
GLV-T07,TRIP-GLV-T07-01,2026-08-01T10:34:00.000Z,35.24579,128.88107,74,1500,1519.27,true,ok
GLV-T07,TRIP-GLV-T07-01,2026-08-01T10:36:00.000Z,35.24375,128.87994,75,1500,1521.60,true,ok
GLV-T07,TRIP-GLV-T07-01,2026-08-01T10:38:00.000Z,35.24172,128.87881,76,1500,1523.94,true,ok
GLV-T07,TRIP-GLV-T07-01,2026-08-01T10:40:00.000Z,35.23968,128.87768,76,1500,1526.27,true,ok
GLV-T07,TRIP-GLV-T07-01,2026-08-01T10:42:00.000Z,35.23764,128.87656,76,1500,1528.60,true,ok
GLV-T07,TRIP-GLV-T07-01,2026-08-01T10:44:00.000Z,35.23561,128.87543,76,1500,1530.93,true,ok
GLV-T07,TRIP-GLV-T07-01,2026-08-01T10:46:00.000Z,35.23357,128.87430,75,1500,1533.26,true,ok
GLV-T07,TRIP-GLV-T07-01,2026-08-01T10:48:00.000Z,35.23153,128.87317,74,1500,1535.60,true,ok
GLV-T07,TRIP-GLV-T07-01,2026-08-01T10:50:00.000Z,35.22949,128.87205,73,1500,1537.93,true,ok
GLV-T07,TRIP-GLV-T07-01,2026-08-01T10:52:00.000Z,35.22746,128.87092,72,1500,1540.26,true,ok
GLV-T07,TRIP-GLV-T07-01,2026-08-01T10:54:00.000Z,35.22542,128.86979,70,1500,1542.59,true,ok
GLV-T07,TRIP-GLV-T07-01,2026-08-01T10:56:00.000Z,35.22338,128.86867,69,1500,1544.92,true,ok
GLV-T07,TRIP-GLV-T07-01,2026-08-01T10:58:00.000Z,35.22134,128.86754,67,1500,1547.26,true,ok
GLV-T07,TRIP-GLV-T07-01,2026-08-01T11:00:00.000Z,35.21931,128.86641,66,1500,1549.59,true,ok
GLV-T07,TRIP-GLV-T07-01,2026-08-01T11:02:00.000Z,35.21727,128.86528,64,1500,1551.92,true,ok
GLV-T07,TRIP-GLV-T07-01,2026-08-01T11:04:00.000Z,35.21523,128.86416,63,1500,1554.25,true,ok
GLV-T07,TRIP-GLV-T07-01,2026-08-01T11:06:00.000Z,35.21319,128.86303,62,1500,1556.58,true,ok
GLV-T07,TRIP-GLV-T07-01,2026-08-01T11:08:00.000Z,35.21116,128.86190,61,1500,1558.92,true,ok
GLV-T07,TRIP-GLV-T07-01,2026-08-01T11:10:00.000Z,35.20912,128.86077,60,1500,1561.25,true,ok
GLV-T07,TRIP-GLV-T07-01,2026-08-01T11:12:00.000Z,35.20708,128.85965,60,1500,1563.58,true,ok
GLV-T07,TRIP-GLV-T07-01,2026-08-01T11:14:00.000Z,35.20505,128.85852,60,1500,1565.91,true,ok
GLV-T07,TRIP-GLV-T07-01,2026-08-01T11:16:00.000Z,35.20301,128.85739,60,1500,1568.24,true,ok
GLV-T07,TRIP-GLV-T07-01,2026-08-01T11:18:00.000Z,35.20097,128.85627,61,1500,1570.58,true,ok
GLV-T07,TRIP-GLV-T07-01,2026-08-01T11:20:00.000Z,35.19893,128.85514,62,1500,1572.91,true,ok
GLV-T07,TRIP-GLV-T07-01,2026-08-01T11:22:00.000Z,35.19690,128.85401,63,1500,1575.24,true,ok
GLV-T07,TRIP-GLV-T07-01,2026-08-01T11:24:00.000Z,35.19486,128.85288,65,1500,1577.57,true,ok
GLV-T07,TRIP-GLV-T07-01,2026-08-01T11:26:00.000Z,35.19282,128.85176,66,1500,1579.90,true,ok
GLV-T07,TRIP-GLV-T07-01,2026-08-01T11:28:00.000Z,35.19078,128.85063,68,1500,1582.24,true,ok
GLV-T07,TRIP-GLV-T07-01,2026-08-01T11:30:00.000Z,35.18875,128.84950,69,1500,1584.57,true,ok
GLV-T07,TRIP-GLV-T07-01,2026-08-01T11:32:00.000Z,35.18671,128.84837,71,1500,1586.90,true,ok
GLV-T07,TRIP-GLV-T07-01,2026-08-01T11:34:00.000Z,35.18467,128.84725,72,1500,1589.23,true,ok
GLV-T07,TRIP-GLV-T07-01,2026-08-01T11:36:00.000Z,35.18263,128.84612,74,1500,1591.56,true,ok
GLV-T07,TRIP-GLV-T07-01,2026-08-01T11:38:00.000Z,35.18060,128.84499,75,1500,1593.90,true,ok
GLV-T07,TRIP-GLV-T07-01,2026-08-01T11:40:00.000Z,35.17856,128.84386,75,1500,1596.23,true,ok
GLV-T07,TRIP-GLV-T07-01,2026-08-01T11:42:00.000Z,35.17652,128.84274,76,1500,1598.56,true,ok
GLV-T07,TRIP-GLV-T07-01,2026-08-01T11:44:00.000Z,35.17449,128.84161,76,1500,1600.89,true,ok
GLV-T07,TRIP-GLV-T07-01,2026-08-01T11:46:00.000Z,35.17245,128.84048,76,1500,1603.22,true,ok
GLV-T07,TRIP-GLV-T07-01,2026-08-01T11:48:00.000Z,35.17041,128.83936,75,1500,1605.56,true,ok
GLV-T07,TRIP-GLV-T07-01,2026-08-01T11:50:00.000Z,35.16837,128.83823,75,1500,1607.89,true,ok
GLV-T07,TRIP-GLV-T07-01,2026-08-01T11:52:00.000Z,35.16634,128.83710,74,1500,1610.22,true,ok
GLV-T07,TRIP-GLV-T07-01,2026-08-01T11:54:00.000Z,35.16430,128.83597,72,1500,1612.55,true,ok
GLV-T07,TRIP-GLV-T07-01,2026-08-01T11:56:00.000Z,35.16226,128.83485,71,1500,1614.88,true,ok
GLV-T07,TRIP-GLV-T07-01,2026-08-01T11:58:00.000Z,35.16022,128.83372,69,1500,1617.22,true,ok
GLV-T07,TRIP-GLV-T07-01,2026-08-01T12:00:00.000Z,35.15819,128.83259,68,1500,1619.55,true,ok
GLV-T07,TRIP-GLV-T07-01,2026-08-01T12:02:00.000Z,35.15615,128.83146,66,1500,1621.88,true,ok
GLV-T07,TRIP-GLV-T07-01,2026-08-01T12:04:00.000Z,35.15411,128.83034,65,1500,1624.21,true,ok
GLV-T07,TRIP-GLV-T07-01,2026-08-01T12:06:00.000Z,35.15208,128.82921,63,1500,1626.54,true,ok
GLV-T07,TRIP-GLV-T07-01,2026-08-01T12:08:00.000Z,35.15004,128.82808,62,1500,1628.88,true,ok
GLV-T07,TRIP-GLV-T07-01,2026-08-01T12:10:00.000Z,35.14800,128.82696,61,1500,1631.21,true,ok
GLV-T07,TRIP-GLV-T07-01,2026-08-01T12:12:00.000Z,35.14596,128.82583,60,1500,1633.54,true,ok
GLV-T07,TRIP-GLV-T07-01,2026-08-01T12:14:00.000Z,35.14393,128.82470,60,1500,1635.87,true,ok
GLV-T07,TRIP-GLV-T07-01,2026-08-01T12:16:00.000Z,35.14189,128.82357,60,1500,1638.20,true,ok
GLV-T07,TRIP-GLV-T07-01,2026-08-01T12:18:00.000Z,35.13985,128.82245,60,1500,1640.53,true,ok
GLV-T07,TRIP-GLV-T07-01,2026-08-01T12:20:00.000Z,35.13781,128.82132,61,1500,1642.87,true,ok
GLV-T07,TRIP-GLV-T07-01,2026-08-01T12:22:00.000Z,35.13578,128.82019,62,1500,1645.20,true,ok
GLV-T07,TRIP-GLV-T07-01,2026-08-01T12:24:00.000Z,35.13374,128.81906,63,1500,1647.53,true,ok
GLV-T07,TRIP-GLV-T07-01,2026-08-01T12:26:00.000Z,35.13170,128.81794,64,1500,1649.86,true,ok
GLV-T07,TRIP-GLV-T07-01,2026-08-01T12:28:00.000Z,35.12966,128.81681,66,1500,1652.19,true,ok
GLV-T07,TRIP-GLV-T07-01,2026-08-01T12:30:00.000Z,35.12763,128.81568,67,1500,1654.53,true,ok
GLV-T07,TRIP-GLV-T07-01,2026-08-01T12:32:00.000Z,35.12559,128.81456,69,1500,1656.86,true,ok
GLV-T07,TRIP-GLV-T07-01,2026-08-01T12:34:00.000Z,35.12355,128.81343,70,1500,1659.19,true,ok
GLV-T07,TRIP-GLV-T07-01,2026-08-01T12:36:00.000Z,35.12152,128.81230,72,1500,1661.52,true,ok
GLV-T07,TRIP-GLV-T07-01,2026-08-01T12:38:00.000Z,35.11948,128.81117,73,1500,1663.85,true,ok
GLV-T07,TRIP-GLV-T07-01,2026-08-01T12:40:00.000Z,35.11744,128.81005,74,1500,1666.19,true,ok
GLV-T07,TRIP-GLV-T07-01,2026-08-01T12:42:00.000Z,35.11540,128.80892,75,1500,1668.52,true,ok
GLV-T07,TRIP-GLV-T07-01,2026-08-01T12:44:00.000Z,35.11337,128.80779,76,1500,1670.85,true,ok
GLV-T07,TRIP-GLV-T07-01,2026-08-01T12:46:00.000Z,35.11133,128.80666,76,1500,1673.18,true,ok
GLV-T07,TRIP-GLV-T07-01,2026-08-01T12:48:00.000Z,35.10929,128.80554,76,1500,1675.51,true,ok
GLV-T07,TRIP-GLV-T07-01,2026-08-01T12:50:00.000Z,35.10725,128.80441,76,1500,1677.85,true,ok
GLV-T07,TRIP-GLV-T07-01,2026-08-01T12:52:00.000Z,35.10522,128.80328,75,1500,1680.18,true,ok
GLV-T07,TRIP-GLV-T07-01,2026-08-01T12:54:00.000Z,35.10318,128.80215,74,1500,1682.51,true,ok
GLV-T07,TRIP-GLV-T07-01,2026-08-01T12:56:00.000Z,35.10114,128.80103,73,1500,1684.84,true,ok
GLV-T07,TRIP-GLV-T07-01,2026-08-01T12:58:00.000Z,35.09911,128.79990,72,1500,1687.17,true,ok
GLV-T07,TRIP-GLV-T07-01,2026-08-01T13:00:00.000Z,35.09707,128.79877,70,1500,1689.51,true,ok
GLV-T07,TRIP-GLV-T07-01,2026-08-01T13:02:00.000Z,35.09503,128.79765,68,1500,1691.84,true,ok
GLV-T07,TRIP-GLV-T07-01,2026-08-01T13:04:00.000Z,35.09299,128.79652,67,1500,1694.17,true,ok
GLV-T07,TRIP-GLV-T07-01,2026-08-01T13:06:00.000Z,35.09096,128.79539,65,1500,1696.50,true,ok
GLV-T07,TRIP-GLV-T07-01,2026-08-01T13:08:00.000Z,35.08892,128.79426,64,1500,1698.83,true,ok
GLV-T08,TRIP-GLV-T08-01,2026-07-31T21:00:00.000Z,35.08790,128.79370,68,1500,0.00,false,ok
GLV-T08,TRIP-GLV-T08-01,2026-07-31T21:02:00.000Z,35.08934,128.79450,70,1500,2.33,false,ok
GLV-T08,TRIP-GLV-T08-01,2026-07-31T21:04:00.000Z,35.09079,128.79530,71,1500,4.66,false,ok
GLV-T08,TRIP-GLV-T08-01,2026-07-31T21:06:00.000Z,35.09223,128.79610,73,1500,7.00,false,ok
GLV-T08,TRIP-GLV-T08-01,2026-07-31T21:08:00.000Z,35.09367,128.79689,74,1500,9.33,false,ok
GLV-T08,TRIP-GLV-T08-01,2026-07-31T21:10:00.000Z,35.09512,128.79769,75,1500,11.66,false,ok
GLV-T08,TRIP-GLV-T08-01,2026-07-31T21:12:00.000Z,35.09656,128.79849,75,1500,13.99,false,ok
GLV-T08,TRIP-GLV-T08-01,2026-07-31T21:14:00.000Z,35.09800,128.79929,76,1500,16.33,false,ok
GLV-T08,TRIP-GLV-T08-01,2026-07-31T21:16:00.000Z,35.09945,128.80009,76,1500,18.66,false,ok
GLV-T08,TRIP-GLV-T08-01,2026-07-31T21:18:00.000Z,35.10089,128.80089,76,1500,20.99,false,ok
GLV-T08,TRIP-GLV-T08-01,2026-07-31T21:20:00.000Z,35.10233,128.80169,75,1500,23.32,false,ok
GLV-T08,TRIP-GLV-T08-01,2026-07-31T21:22:00.000Z,35.10378,128.80249,74,1500,25.66,false,ok
GLV-T08,TRIP-GLV-T08-01,2026-07-31T21:24:00.000Z,35.10522,128.80328,73,1500,27.99,false,ok
GLV-T08,TRIP-GLV-T08-01,2026-07-31T21:26:00.000Z,35.10666,128.80408,72,1500,30.32,false,ok
GLV-T08,TRIP-GLV-T08-01,2026-07-31T21:28:00.000Z,35.10811,128.80488,71,1500,32.65,false,ok
GLV-T08,TRIP-GLV-T08-01,2026-07-31T21:30:00.000Z,35.10955,128.80568,69,1500,34.99,false,ok
GLV-T08,TRIP-GLV-T08-01,2026-07-31T21:32:00.000Z,35.11099,128.80648,68,1500,37.32,false,ok
GLV-T08,TRIP-GLV-T08-01,2026-07-31T21:34:00.000Z,35.11244,128.80728,66,1500,39.65,false,ok
GLV-T08,TRIP-GLV-T08-01,2026-07-31T21:36:00.000Z,35.11388,128.80808,64,1500,41.98,false,ok
GLV-T08,TRIP-GLV-T08-01,2026-07-31T21:38:00.000Z,35.11532,128.80887,63,1500,44.31,false,ok
GLV-T08,TRIP-GLV-T08-01,2026-07-31T21:40:00.000Z,35.11677,128.80967,62,1500,46.65,false,ok
GLV-T08,TRIP-GLV-T08-01,2026-07-31T21:42:00.000Z,35.11821,128.81047,61,1500,48.98,false,ok
GLV-T08,TRIP-GLV-T08-01,2026-07-31T21:44:00.000Z,35.11965,128.81127,60,1500,51.31,false,ok
GLV-T08,TRIP-GLV-T08-01,2026-07-31T21:46:00.000Z,35.12110,128.81207,60,1500,53.64,false,ok
GLV-T08,TRIP-GLV-T08-01,2026-07-31T21:48:00.000Z,35.12254,128.81287,60,1500,55.98,false,ok
GLV-T08,TRIP-GLV-T08-01,2026-07-31T21:50:00.000Z,35.12398,128.81367,60,1500,58.31,false,ok
GLV-T08,TRIP-GLV-T08-01,2026-07-31T21:52:00.000Z,35.12543,128.81446,61,1500,60.64,false,ok
GLV-T08,TRIP-GLV-T08-01,2026-07-31T21:54:00.000Z,35.12687,128.81526,62,1500,62.97,false,ok
GLV-T08,TRIP-GLV-T08-01,2026-07-31T21:56:00.000Z,35.12831,128.81606,63,1500,65.31,false,ok
GLV-T08,TRIP-GLV-T08-01,2026-07-31T21:58:00.000Z,35.12976,128.81686,64,1500,67.64,false,ok
GLV-T08,TRIP-GLV-T08-01,2026-07-31T22:00:00.000Z,35.13120,128.81766,66,1500,69.97,false,ok
GLV-T08,TRIP-GLV-T08-01,2026-07-31T22:02:00.000Z,35.13264,128.81846,67,1500,72.30,false,ok
GLV-T08,TRIP-GLV-T08-01,2026-07-31T22:04:00.000Z,35.13409,128.81926,69,1500,74.64,false,ok
GLV-T08,TRIP-GLV-T08-01,2026-07-31T22:06:00.000Z,35.13553,128.82006,70,1500,76.97,false,ok
GLV-T08,TRIP-GLV-T08-01,2026-07-31T22:08:00.000Z,35.13697,128.82085,72,1500,79.30,false,ok
GLV-T08,TRIP-GLV-T08-01,2026-07-31T22:10:00.000Z,35.13842,128.82165,73,1500,81.63,false,ok
GLV-T08,TRIP-GLV-T08-01,2026-07-31T22:12:00.000Z,35.13986,128.82245,74,1500,83.97,false,ok
GLV-T08,TRIP-GLV-T08-01,2026-07-31T22:14:00.000Z,35.14130,128.82325,75,1500,86.30,false,ok
GLV-T08,TRIP-GLV-T08-01,2026-07-31T22:16:00.000Z,35.14275,128.82405,76,1500,88.63,false,ok
GLV-T08,TRIP-GLV-T08-01,2026-07-31T22:18:00.000Z,35.14419,128.82485,76,1500,90.96,false,ok
GLV-T08,TRIP-GLV-T08-01,2026-07-31T22:20:00.000Z,35.14563,128.82565,76,1500,93.29,false,ok
GLV-T08,TRIP-GLV-T08-01,2026-07-31T22:22:00.000Z,35.14708,128.82644,76,1500,95.63,false,ok
GLV-T08,TRIP-GLV-T08-01,2026-07-31T22:24:00.000Z,35.14852,128.82724,75,1500,97.96,false,ok
GLV-T08,TRIP-GLV-T08-01,2026-07-31T22:26:00.000Z,35.14996,128.82804,74,1500,100.29,false,ok
GLV-T08,TRIP-GLV-T08-01,2026-07-31T22:28:00.000Z,35.15141,128.82884,73,1500,102.62,false,ok
GLV-T08,TRIP-GLV-T08-01,2026-07-31T22:30:00.000Z,35.15285,128.82964,71,1500,104.96,false,ok
GLV-T08,TRIP-GLV-T08-01,2026-07-31T22:32:00.000Z,35.15429,128.83044,70,1500,107.29,false,ok
GLV-T08,TRIP-GLV-T08-01,2026-07-31T22:34:00.000Z,35.15574,128.83124,68,1500,109.62,false,ok
GLV-T08,TRIP-GLV-T08-01,2026-07-31T22:36:00.000Z,35.15718,128.83203,67,1500,111.95,false,ok
GLV-T08,TRIP-GLV-T08-01,2026-07-31T22:38:00.000Z,35.15862,128.83283,65,1500,114.29,false,ok
GLV-T08,TRIP-GLV-T08-01,2026-07-31T22:40:00.000Z,35.16007,128.83363,64,1500,116.62,false,ok
GLV-T08,TRIP-GLV-T08-01,2026-07-31T22:42:00.000Z,35.16151,128.83443,62,1500,118.95,false,ok
GLV-T08,TRIP-GLV-T08-01,2026-07-31T22:44:00.000Z,35.16295,128.83523,61,1500,121.28,false,ok
GLV-T08,TRIP-GLV-T08-01,2026-07-31T22:46:00.000Z,35.16440,128.83603,61,1500,123.62,false,ok
GLV-T08,TRIP-GLV-T08-01,2026-07-31T22:48:00.000Z,35.16584,128.83683,60,1500,125.95,false,ok
GLV-T08,TRIP-GLV-T08-01,2026-07-31T22:50:00.000Z,35.16728,128.83763,60,1500,128.28,false,ok
GLV-T08,TRIP-GLV-T08-01,2026-07-31T22:52:00.000Z,35.16873,128.83842,60,1500,130.61,false,ok
GLV-T08,TRIP-GLV-T08-01,2026-07-31T22:54:00.000Z,35.17017,128.83922,61,1500,132.94,false,ok
GLV-T08,TRIP-GLV-T08-01,2026-07-31T22:56:00.000Z,35.17161,128.84002,61,1500,135.28,false,ok
GLV-T08,TRIP-GLV-T08-01,2026-07-31T22:58:00.000Z,35.17306,128.84082,62,1500,137.61,false,ok
GLV-T08,TRIP-GLV-T08-01,2026-07-31T23:00:00.000Z,35.17450,128.84162,64,1500,139.94,false,ok
GLV-T08,TRIP-GLV-T08-01,2026-07-31T23:02:00.000Z,35.17594,128.84242,65,1500,142.27,false,ok
GLV-T08,TRIP-GLV-T08-01,2026-07-31T23:04:00.000Z,35.17739,128.84322,67,1500,144.61,false,ok
GLV-T08,TRIP-GLV-T08-01,2026-07-31T23:06:00.000Z,35.17883,128.84401,68,1500,146.94,false,ok
GLV-T08,TRIP-GLV-T08-01,2026-07-31T23:08:00.000Z,35.18027,128.84481,70,1500,149.27,false,ok
GLV-T08,TRIP-GLV-T08-01,2026-07-31T23:10:00.000Z,35.18172,128.84561,71,1500,151.60,false,ok
GLV-T08,TRIP-GLV-T08-01,2026-07-31T23:12:00.000Z,35.18316,128.84641,73,1500,153.94,false,ok
GLV-T08,TRIP-GLV-T08-01,2026-07-31T23:14:00.000Z,35.18460,128.84721,74,1500,156.27,false,ok
GLV-T08,TRIP-GLV-T08-01,2026-07-31T23:16:00.000Z,35.18605,128.84801,75,1500,158.60,false,ok
GLV-T08,TRIP-GLV-T08-01,2026-07-31T23:18:00.000Z,35.18749,128.84881,76,1500,160.93,false,ok
GLV-T08,TRIP-GLV-T08-01,2026-07-31T23:20:00.000Z,35.18893,128.84960,76,1500,163.27,false,ok
GLV-T08,TRIP-GLV-T08-01,2026-07-31T23:22:00.000Z,35.19038,128.85040,76,1500,165.60,false,ok
GLV-T08,TRIP-GLV-T08-01,2026-07-31T23:24:00.000Z,35.19182,128.85120,76,1500,167.93,false,ok
GLV-T08,TRIP-GLV-T08-01,2026-07-31T23:26:00.000Z,35.19326,128.85200,75,1500,170.26,false,ok
GLV-T08,TRIP-GLV-T08-01,2026-07-31T23:28:00.000Z,35.19471,128.85280,74,1500,172.59,false,ok
GLV-T08,TRIP-GLV-T08-01,2026-07-31T23:30:00.000Z,35.19615,128.85360,73,1500,174.93,false,ok
GLV-T08,TRIP-GLV-T08-01,2026-07-31T23:32:00.000Z,35.19759,128.85440,72,1500,177.26,false,ok
GLV-T08,TRIP-GLV-T08-01,2026-07-31T23:34:00.000Z,35.19904,128.85520,70,1500,179.59,false,ok
GLV-T08,TRIP-GLV-T08-01,2026-07-31T23:36:00.000Z,35.20048,128.85599,69,1500,181.92,false,ok
GLV-T08,TRIP-GLV-T08-01,2026-07-31T23:38:00.000Z,35.20192,128.85679,67,1500,184.26,false,ok
GLV-T08,TRIP-GLV-T08-01,2026-07-31T23:40:00.000Z,35.20337,128.85759,66,1500,186.59,false,ok
GLV-T08,TRIP-GLV-T08-01,2026-07-31T23:42:00.000Z,35.20481,128.85839,64,1500,188.92,false,ok
GLV-T08,TRIP-GLV-T08-01,2026-07-31T23:44:00.000Z,35.20625,128.85919,63,1500,191.25,false,ok
GLV-T08,TRIP-GLV-T08-01,2026-07-31T23:46:00.000Z,35.20770,128.85999,62,1500,193.59,false,ok
GLV-T08,TRIP-GLV-T08-01,2026-07-31T23:48:00.000Z,35.20914,128.86079,61,1500,195.92,false,ok
GLV-T08,TRIP-GLV-T08-01,2026-07-31T23:50:00.000Z,35.21058,128.86158,60,1500,198.25,false,ok
GLV-T08,TRIP-GLV-T08-01,2026-07-31T23:52:00.000Z,35.21203,128.86238,60,1500,200.58,false,ok
GLV-T08,TRIP-GLV-T08-01,2026-07-31T23:54:00.000Z,35.21347,128.86318,60,1500,202.92,false,ok
GLV-T08,TRIP-GLV-T08-01,2026-07-31T23:56:00.000Z,35.21491,128.86398,60,1500,205.25,false,ok
GLV-T08,TRIP-GLV-T08-01,2026-07-31T23:58:00.000Z,35.21636,128.86478,61,1500,207.58,false,ok
GLV-T08,TRIP-GLV-T08-01,2026-08-01T00:00:00.000Z,35.21780,128.86558,62,1500,209.91,false,ok
GLV-T08,TRIP-GLV-T08-01,2026-08-01T00:02:00.000Z,35.21924,128.86638,63,1500,212.24,false,ok
GLV-T08,TRIP-GLV-T08-01,2026-08-01T00:04:00.000Z,35.22069,128.86717,65,1500,214.58,false,ok
GLV-T08,TRIP-GLV-T08-01,2026-08-01T00:06:00.000Z,35.22213,128.86797,66,1500,216.91,false,ok
GLV-T08,TRIP-GLV-T08-01,2026-08-01T00:08:00.000Z,35.22357,128.86877,68,1500,219.24,false,ok
GLV-T08,TRIP-GLV-T08-01,2026-08-01T00:10:00.000Z,35.22502,128.86957,69,1500,221.57,false,ok
GLV-T08,TRIP-GLV-T08-01,2026-08-01T00:12:00.000Z,35.22646,128.87037,71,1500,223.91,false,ok
GLV-T08,TRIP-GLV-T08-01,2026-08-01T00:14:00.000Z,35.22790,128.87117,72,1500,226.24,false,ok
GLV-T08,TRIP-GLV-T08-01,2026-08-01T00:16:00.000Z,35.22935,128.87197,73,1500,228.57,false,ok
GLV-T08,TRIP-GLV-T08-01,2026-08-01T00:18:00.000Z,35.23079,128.87277,75,1500,230.90,false,ok
GLV-T08,TRIP-GLV-T08-01,2026-08-01T00:20:00.000Z,35.23223,128.87356,75,1500,233.24,false,ok
GLV-T08,TRIP-GLV-T08-01,2026-08-01T00:22:00.000Z,35.23368,128.87436,76,1500,235.57,false,ok
GLV-T08,TRIP-GLV-T08-01,2026-08-01T00:24:00.000Z,35.23512,128.87516,76,1500,237.90,false,ok
GLV-T08,TRIP-GLV-T08-01,2026-08-01T00:26:00.000Z,35.23656,128.87596,76,1500,240.23,false,ok
GLV-T08,TRIP-GLV-T08-01,2026-08-01T00:28:00.000Z,35.23801,128.87676,75,1500,242.57,false,ok
GLV-T08,TRIP-GLV-T08-01,2026-08-01T00:30:00.000Z,35.23945,128.87756,75,1500,244.90,false,ok
GLV-T08,TRIP-GLV-T08-01,2026-08-01T00:32:00.000Z,35.24089,128.87836,74,1500,247.23,false,ok
GLV-T08,TRIP-GLV-T08-01,2026-08-01T00:34:00.000Z,35.24234,128.87915,72,1500,249.56,false,ok
GLV-T08,TRIP-GLV-T08-01,2026-08-01T00:36:00.000Z,35.24378,128.87995,71,1500,251.90,false,ok
GLV-T08,TRIP-GLV-T08-01,2026-08-01T00:38:00.000Z,35.24522,128.88075,70,1500,254.23,false,ok
GLV-T08,TRIP-GLV-T08-01,2026-08-01T00:40:00.000Z,35.24667,128.88155,68,1500,256.56,false,ok
GLV-T08,TRIP-GLV-T08-01,2026-08-01T00:42:00.000Z,35.24811,128.88235,66,1500,258.89,false,ok
GLV-T08,TRIP-GLV-T08-01,2026-08-01T00:44:00.000Z,35.24955,128.88315,65,1500,261.22,false,ok
GLV-T08,TRIP-GLV-T08-01,2026-08-01T00:46:00.000Z,35.25100,128.88395,63,1500,263.56,false,ok
GLV-T08,TRIP-GLV-T08-01,2026-08-01T00:48:00.000Z,35.25244,128.88474,62,1500,265.89,false,ok
GLV-T08,TRIP-GLV-T08-01,2026-08-01T00:50:00.000Z,35.25388,128.88554,61,1500,268.22,false,ok
GLV-T08,TRIP-GLV-T08-01,2026-08-01T00:52:00.000Z,35.25533,128.88634,61,1500,270.55,false,ok
GLV-T08,TRIP-GLV-T08-01,2026-08-01T00:54:00.000Z,35.25677,128.88714,60,1500,272.89,false,ok
GLV-T08,TRIP-GLV-T08-01,2026-08-01T00:56:00.000Z,35.25821,128.88794,60,1500,275.22,false,ok
GLV-T08,TRIP-GLV-T08-01,2026-08-01T00:58:00.000Z,35.25966,128.88874,60,1500,277.55,false,ok
GLV-T08,TRIP-GLV-T08-01,2026-08-01T01:00:00.000Z,35.26110,128.88954,61,1500,279.88,false,ok
GLV-T08,TRIP-GLV-T08-01,2026-08-01T01:02:00.000Z,35.26254,128.89034,62,1500,282.22,false,ok
GLV-T08,TRIP-GLV-T08-01,2026-08-01T01:04:00.000Z,35.26399,128.89113,63,1500,284.55,false,ok
GLV-T08,TRIP-GLV-T08-01,2026-08-01T01:06:00.000Z,35.26543,128.89193,64,1500,286.88,false,ok
GLV-T08,TRIP-GLV-T08-01,2026-08-01T01:08:00.000Z,35.26687,128.89273,65,1500,289.21,false,ok
GLV-T08,TRIP-GLV-T08-01,2026-08-01T01:10:00.000Z,35.26832,128.89353,67,1500,291.55,false,ok
GLV-T08,TRIP-GLV-T08-01,2026-08-01T01:12:00.000Z,35.26976,128.89433,69,1500,293.88,false,ok
GLV-T08,TRIP-GLV-T08-01,2026-08-01T01:14:00.000Z,35.27120,128.89513,70,1500,296.21,false,ok
GLV-T08,TRIP-GLV-T08-01,2026-08-01T01:16:00.000Z,35.27265,128.89593,72,1500,298.54,false,ok
GLV-T08,TRIP-GLV-T08-01,2026-08-01T01:18:00.000Z,35.27409,128.89672,73,1500,300.87,false,ok
GLV-T08,TRIP-GLV-T08-01,2026-08-01T01:20:00.000Z,35.27553,128.89752,74,1500,303.21,false,ok
GLV-T08,TRIP-GLV-T08-01,2026-08-01T01:22:00.000Z,35.27698,128.89832,75,1500,305.54,false,ok
GLV-T08,TRIP-GLV-T08-01,2026-08-01T01:24:00.000Z,35.27842,128.89912,76,1500,307.87,false,ok
GLV-T08,TRIP-GLV-T08-01,2026-08-01T01:26:00.000Z,35.27986,128.89992,76,1500,310.20,false,ok
GLV-T08,TRIP-GLV-T08-01,2026-08-01T01:28:00.000Z,35.28131,128.90072,76,1500,312.54,false,ok
GLV-T08,TRIP-GLV-T08-01,2026-08-01T01:30:00.000Z,35.28275,128.90152,76,1500,314.87,false,ok
GLV-T08,TRIP-GLV-T08-01,2026-08-01T01:32:00.000Z,35.28419,128.90231,75,1500,317.20,false,ok
GLV-T08,TRIP-GLV-T08-01,2026-08-01T01:34:00.000Z,35.28564,128.90311,74,1500,319.53,false,ok
GLV-T08,TRIP-GLV-T08-01,2026-08-01T01:36:00.000Z,35.28708,128.90391,73,1500,321.87,false,ok
GLV-T08,TRIP-GLV-T08-01,2026-08-01T01:38:00.000Z,35.28852,128.90471,72,1500,324.20,false,ok
GLV-T08,TRIP-GLV-T08-01,2026-08-01T01:40:00.000Z,35.28997,128.90551,70,1500,326.53,false,ok
GLV-T08,TRIP-GLV-T08-01,2026-08-01T01:42:00.000Z,35.29141,128.90631,69,1500,328.86,false,ok
GLV-T08,TRIP-GLV-T08-01,2026-08-01T01:44:00.000Z,35.29285,128.90711,67,1500,331.20,false,ok
GLV-T08,TRIP-GLV-T08-01,2026-08-01T01:46:00.000Z,35.29430,128.90791,65,1500,333.53,false,ok
GLV-T08,TRIP-GLV-T08-01,2026-08-01T01:48:00.000Z,35.29574,128.90870,64,1500,335.86,false,ok
GLV-T08,TRIP-GLV-T08-01,2026-08-01T01:50:00.000Z,35.29718,128.90950,63,1500,338.19,false,ok
GLV-T08,TRIP-GLV-T08-01,2026-08-01T01:52:00.000Z,35.29863,128.91030,62,1500,340.52,false,ok
GLV-T08,TRIP-GLV-T08-01,2026-08-01T01:54:00.000Z,35.30007,128.91110,61,1500,342.86,false,ok
GLV-T08,TRIP-GLV-T08-01,2026-08-01T01:56:00.000Z,35.30151,128.91190,60,1500,345.19,false,ok
GLV-T08,TRIP-GLV-T08-01,2026-08-01T01:58:00.000Z,35.30296,128.91270,60,1500,347.52,false,ok
GLV-T08,TRIP-GLV-T08-01,2026-08-01T02:00:00.000Z,35.30440,128.91350,60,1500,349.85,false,ok
GLV-T08,TRIP-GLV-T08-01,2026-08-01T02:02:00.000Z,35.30584,128.91429,60,1500,352.19,false,ok
GLV-T08,TRIP-GLV-T08-01,2026-08-01T02:04:00.000Z,35.30729,128.91509,61,1500,354.52,false,ok
GLV-T08,TRIP-GLV-T08-01,2026-08-01T02:06:00.000Z,35.30873,128.91589,62,1500,356.85,false,ok
GLV-T08,TRIP-GLV-T08-01,2026-08-01T02:08:00.000Z,35.31017,128.91669,63,1500,359.18,false,ok
GLV-T08,TRIP-GLV-T08-01,2026-08-01T02:10:00.000Z,35.31162,128.91749,65,1500,361.52,false,ok
GLV-T08,TRIP-GLV-T08-01,2026-08-01T02:12:00.000Z,35.31306,128.91829,66,1500,363.85,false,ok
GLV-T08,TRIP-GLV-T08-01,2026-08-01T02:14:00.000Z,35.31450,128.91909,68,1500,366.18,false,ok
GLV-T08,TRIP-GLV-T08-01,2026-08-01T02:16:00.000Z,35.31595,128.91989,69,1500,368.51,false,ok
GLV-T08,TRIP-GLV-T08-01,2026-08-01T02:18:00.000Z,35.31739,128.92068,71,1500,370.85,false,ok
GLV-T08,TRIP-GLV-T08-01,2026-08-01T02:20:00.000Z,35.31883,128.92148,72,1500,373.18,false,ok
GLV-T08,TRIP-GLV-T08-01,2026-08-01T02:22:00.000Z,35.32028,128.92228,74,1500,375.51,false,ok
GLV-T08,TRIP-GLV-T08-01,2026-08-01T02:24:00.000Z,35.32172,128.92308,75,1500,377.84,false,ok
GLV-T08,TRIP-GLV-T08-01,2026-08-01T02:26:00.000Z,35.32316,128.92388,75,1500,380.17,false,ok
GLV-T08,TRIP-GLV-T08-01,2026-08-01T02:28:00.000Z,35.32461,128.92468,76,1500,382.51,false,ok
GLV-T08,TRIP-GLV-T08-01,2026-08-01T02:30:00.000Z,35.32605,128.92548,76,1500,384.84,false,ok
GLV-T08,TRIP-GLV-T08-01,2026-08-01T02:32:00.000Z,35.32749,128.92627,76,1500,387.17,false,ok
GLV-T08,TRIP-GLV-T08-01,2026-08-01T02:34:00.000Z,35.32894,128.92707,75,1500,389.50,false,ok
GLV-T08,TRIP-GLV-T08-01,2026-08-01T02:36:00.000Z,35.33038,128.92787,75,1500,391.84,false,ok
GLV-T08,TRIP-GLV-T08-01,2026-08-01T02:38:00.000Z,35.33182,128.92867,73,1500,394.17,false,ok
GLV-T08,TRIP-GLV-T08-01,2026-08-01T02:40:00.000Z,35.33327,128.92947,72,1500,396.50,false,ok
GLV-T08,TRIP-GLV-T08-01,2026-08-01T02:42:00.000Z,35.33471,128.93027,71,1500,398.83,false,ok
GLV-T08,TRIP-GLV-T08-01,2026-08-01T02:44:00.000Z,35.33616,128.93107,69,1500,401.17,false,ok
GLV-T08,TRIP-GLV-T08-01,2026-08-01T02:46:00.000Z,35.33760,128.93186,68,1500,403.50,false,ok
GLV-T08,TRIP-GLV-T08-01,2026-08-01T02:48:00.000Z,35.33904,128.93266,66,1500,405.83,false,ok
GLV-T08,TRIP-GLV-T08-01,2026-08-01T02:50:00.000Z,35.34049,128.93346,65,1500,408.16,false,ok
GLV-T08,TRIP-GLV-T08-01,2026-08-01T02:52:00.000Z,35.34193,128.93426,63,1500,410.50,false,ok
GLV-T08,TRIP-GLV-T08-01,2026-08-01T02:54:00.000Z,35.34337,128.93506,62,1500,412.83,false,ok
GLV-T08,TRIP-GLV-T08-01,2026-08-01T02:56:00.000Z,35.34482,128.93586,61,1500,415.16,false,ok
GLV-T08,TRIP-GLV-T08-01,2026-08-01T02:58:00.000Z,35.34626,128.93666,60,1500,417.49,false,ok
GLV-T08,TRIP-GLV-T08-01,2026-08-01T03:00:00.000Z,35.34770,128.93746,60,1500,419.83,false,ok
GLV-T08,TRIP-GLV-T08-01,2026-08-01T03:02:00.000Z,35.34915,128.93825,60,1500,422.16,false,ok
GLV-T08,TRIP-GLV-T08-01,2026-08-01T03:04:00.000Z,35.35059,128.93905,60,1500,424.49,false,ok
GLV-T08,TRIP-GLV-T08-01,2026-08-01T03:06:00.000Z,35.35203,128.93985,61,1500,426.82,false,ok
GLV-T08,TRIP-GLV-T08-01,2026-08-01T03:08:00.000Z,35.35348,128.94065,62,1500,429.15,false,ok
GLV-T08,TRIP-GLV-T08-01,2026-08-01T03:10:00.000Z,35.35492,128.94145,63,1500,431.49,false,ok
GLV-T08,TRIP-GLV-T08-01,2026-08-01T03:12:00.000Z,35.35636,128.94225,64,1500,433.82,false,ok
GLV-T08,TRIP-GLV-T08-01,2026-08-01T03:14:00.000Z,35.35781,128.94305,66,1500,436.15,false,ok
GLV-T08,TRIP-GLV-T08-01,2026-08-01T03:16:00.000Z,35.35925,128.94384,67,1500,438.48,false,ok
GLV-T08,TRIP-GLV-T08-01,2026-08-01T03:18:00.000Z,35.36069,128.94464,69,1500,440.82,false,ok
GLV-T08,TRIP-GLV-T08-01,2026-08-01T03:20:00.000Z,35.36214,128.94544,70,1500,443.15,false,ok
GLV-T08,TRIP-GLV-T08-01,2026-08-01T03:22:00.000Z,35.36358,128.94624,72,1500,445.48,false,ok
GLV-T08,TRIP-GLV-T08-01,2026-08-01T03:24:00.000Z,35.36502,128.94704,73,1500,447.81,false,ok
GLV-T08,TRIP-GLV-T08-01,2026-08-01T03:26:00.000Z,35.36647,128.94784,74,1500,450.15,false,ok
GLV-T08,TRIP-GLV-T08-01,2026-08-01T03:28:00.000Z,35.36791,128.94864,75,1500,452.48,false,ok
GLV-T08,TRIP-GLV-T08-01,2026-08-01T03:30:00.000Z,35.36935,128.94943,76,1500,454.81,false,ok
GLV-T08,TRIP-GLV-T08-01,2026-08-01T03:32:00.000Z,35.37080,128.95023,76,1500,457.14,false,ok
GLV-T08,TRIP-GLV-T08-01,2026-08-01T03:34:00.000Z,35.37224,128.95103,76,1500,459.48,false,ok
GLV-T08,TRIP-GLV-T08-01,2026-08-01T03:36:00.000Z,35.37368,128.95183,76,1500,461.81,false,ok
GLV-T08,TRIP-GLV-T08-01,2026-08-01T03:38:00.000Z,35.37513,128.95263,75,1500,464.14,false,ok
GLV-T08,TRIP-GLV-T08-01,2026-08-01T03:40:00.000Z,35.37657,128.95343,74,1500,466.47,false,ok
GLV-T08,TRIP-GLV-T08-01,2026-08-01T03:42:00.000Z,35.37801,128.95423,73,1500,468.80,false,ok
GLV-T08,TRIP-GLV-T08-01,2026-08-01T03:44:00.000Z,35.37946,128.95503,71,1500,471.14,false,ok
GLV-T08,TRIP-GLV-T08-01,2026-08-01T03:46:00.000Z,35.38090,128.95582,70,1500,473.47,false,ok
GLV-T08,TRIP-GLV-T08-01,2026-08-01T03:48:00.000Z,35.38234,128.95662,68,1500,475.80,false,ok
GLV-T08,TRIP-GLV-T08-01,2026-08-01T03:50:00.000Z,35.38379,128.95742,67,1500,478.13,false,ok
GLV-T08,TRIP-GLV-T08-01,2026-08-01T03:52:00.000Z,35.38523,128.95822,65,1500,480.47,false,ok
GLV-T08,TRIP-GLV-T08-01,2026-08-01T03:54:00.000Z,35.38667,128.95902,64,1500,482.80,false,ok
GLV-T08,TRIP-GLV-T08-01,2026-08-01T03:56:00.000Z,35.38812,128.95982,62,1500,485.13,false,ok
GLV-T08,TRIP-GLV-T08-01,2026-08-01T03:58:00.000Z,35.38956,128.96062,61,1500,487.46,false,ok
GLV-T08,TRIP-GLV-T08-01,2026-08-01T04:00:00.000Z,35.39100,128.96141,61,1500,489.80,false,ok
GLV-T08,TRIP-GLV-T08-01,2026-08-01T04:02:00.000Z,35.39245,128.96221,60,1500,492.13,false,ok
GLV-T08,TRIP-GLV-T08-01,2026-08-01T04:04:00.000Z,35.39389,128.96301,60,1500,494.46,false,ok
GLV-T08,TRIP-GLV-T08-01,2026-08-01T04:06:00.000Z,35.39533,128.96381,60,1500,496.79,false,ok
GLV-T08,TRIP-GLV-T08-01,2026-08-01T04:08:00.000Z,35.39678,128.96461,61,1500,499.13,false,ok
GLV-T08,TRIP-GLV-T08-01,2026-08-01T04:10:00.000Z,35.39822,128.96541,61,1500,501.46,false,ok
GLV-T08,TRIP-GLV-T08-01,2026-08-01T04:12:00.000Z,35.39966,128.96621,62,1500,503.79,false,ok
GLV-T08,TRIP-GLV-T08-01,2026-08-01T04:14:00.000Z,35.40111,128.96700,64,1500,506.12,false,ok
GLV-T08,TRIP-GLV-T08-01,2026-08-01T04:16:00.000Z,35.40255,128.96780,65,1500,508.45,false,ok
GLV-T08,TRIP-GLV-T08-01,2026-08-01T04:18:00.000Z,35.40399,128.96860,67,1500,510.79,false,ok
GLV-T08,TRIP-GLV-T08-01,2026-08-01T04:20:00.000Z,35.40544,128.96940,68,1500,513.12,false,ok
GLV-T08,TRIP-GLV-T08-01,2026-08-01T04:22:00.000Z,35.40688,128.97020,70,1500,515.45,false,ok
GLV-T08,TRIP-GLV-T08-01,2026-08-01T04:24:00.000Z,35.40832,128.97100,71,1500,517.78,false,ok
GLV-T08,TRIP-GLV-T08-01,2026-08-01T04:26:00.000Z,35.40977,128.97180,73,1500,520.12,false,ok
GLV-T08,TRIP-GLV-T08-01,2026-08-01T04:28:00.000Z,35.41121,128.97260,74,1500,522.45,false,ok
GLV-T08,TRIP-GLV-T08-01,2026-08-01T04:30:00.000Z,35.41265,128.97339,75,1500,524.78,false,ok
GLV-T08,TRIP-GLV-T08-01,2026-08-01T04:32:00.000Z,35.41410,128.97419,76,1500,527.11,false,ok
GLV-T08,TRIP-GLV-T08-01,2026-08-01T04:34:00.000Z,35.41554,128.97499,76,1500,529.45,false,ok
GLV-T08,TRIP-GLV-T08-01,2026-08-01T04:36:00.000Z,35.41698,128.97579,76,1500,531.78,false,ok
GLV-T08,TRIP-GLV-T08-01,2026-08-01T04:38:00.000Z,35.41843,128.97659,76,1500,534.11,false,ok
GLV-T08,TRIP-GLV-T08-01,2026-08-01T04:40:00.000Z,35.41987,128.97739,75,1500,536.44,false,ok
GLV-T08,TRIP-GLV-T08-01,2026-08-01T04:42:00.000Z,35.42131,128.97819,74,1500,538.78,false,ok
GLV-T08,TRIP-GLV-T08-01,2026-08-01T04:44:00.000Z,35.42276,128.97898,73,1500,541.11,false,ok
GLV-T08,TRIP-GLV-T08-01,2026-08-01T04:46:00.000Z,35.42420,128.97978,72,1500,543.44,false,ok
GLV-T08,TRIP-GLV-T08-01,2026-08-01T04:48:00.000Z,35.42564,128.98058,71,1500,545.77,false,ok
GLV-T08,TRIP-GLV-T08-01,2026-08-01T04:50:00.000Z,35.42709,128.98138,69,1500,548.10,false,ok
GLV-T08,TRIP-GLV-T08-01,2026-08-01T04:52:00.000Z,35.42853,128.98218,67,1500,550.44,false,ok
GLV-T08,TRIP-GLV-T08-01,2026-08-01T04:54:00.000Z,35.42997,128.98298,66,1500,552.77,false,ok
GLV-T08,TRIP-GLV-T08-01,2026-08-01T04:56:00.000Z,35.43142,128.98378,64,1500,555.10,false,ok
GLV-T08,TRIP-GLV-T08-01,2026-08-01T04:58:00.000Z,35.43286,128.98457,63,1500,557.43,false,ok
GLV-T08,TRIP-GLV-T08-01,2026-08-01T05:00:00.000Z,35.43430,128.98537,62,1500,559.77,false,ok
GLV-T08,TRIP-GLV-T08-01,2026-08-01T05:02:00.000Z,35.43575,128.98617,61,1500,562.10,false,ok
GLV-T08,TRIP-GLV-T08-01,2026-08-01T05:04:00.000Z,35.43719,128.98697,60,1500,564.43,false,ok
GLV-T08,TRIP-GLV-T08-01,2026-08-01T05:06:00.000Z,35.43863,128.98777,60,1500,566.76,false,ok
GLV-T08,TRIP-GLV-T08-01,2026-08-01T05:08:00.000Z,35.44008,128.98857,60,1500,569.10,false,ok
GLV-T08,TRIP-GLV-T08-01,2026-08-01T05:10:00.000Z,35.44152,128.98937,60,1500,571.43,false,ok
GLV-T08,TRIP-GLV-T08-01,2026-08-01T05:12:00.000Z,35.44296,128.99017,61,1500,573.76,false,ok
GLV-T08,TRIP-GLV-T08-01,2026-08-01T05:14:00.000Z,35.44441,128.99096,62,1500,576.09,false,ok
GLV-T08,TRIP-GLV-T08-01,2026-08-01T05:16:00.000Z,35.44585,128.99176,63,1500,578.43,false,ok
GLV-T08,TRIP-GLV-T08-01,2026-08-01T05:18:00.000Z,35.44729,128.99256,64,1500,580.76,false,ok
GLV-T08,TRIP-GLV-T08-01,2026-08-01T05:20:00.000Z,35.44874,128.99336,66,1500,583.09,false,ok
GLV-T08,TRIP-GLV-T08-01,2026-08-01T05:22:00.000Z,35.45018,128.99416,67,1500,585.42,false,ok
GLV-T08,TRIP-GLV-T08-01,2026-08-01T05:24:00.000Z,35.45162,128.99496,69,1500,587.76,false,ok
GLV-T08,TRIP-GLV-T08-01,2026-08-01T05:26:00.000Z,35.45307,128.99576,71,1500,590.09,false,ok
GLV-T08,TRIP-GLV-T08-01,2026-08-01T05:28:00.000Z,35.45451,128.99655,72,1500,592.42,false,ok
GLV-T08,TRIP-GLV-T08-01,2026-08-01T05:30:00.000Z,35.45595,128.99735,73,1500,594.75,false,ok
GLV-T08,TRIP-GLV-T08-01,2026-08-01T05:32:00.000Z,35.45740,128.99815,74,1500,597.08,false,ok
GLV-T08,TRIP-GLV-T08-01,2026-08-01T05:34:00.000Z,35.45884,128.99895,75,1500,599.42,false,ok
GLV-T08,TRIP-GLV-T08-01,2026-08-01T05:36:00.000Z,35.46028,128.99975,76,1500,601.75,false,ok
GLV-T08,TRIP-GLV-T08-01,2026-08-01T05:38:00.000Z,35.46173,129.00055,76,1500,604.08,false,ok
GLV-T08,TRIP-GLV-T08-01,2026-08-01T05:40:00.000Z,35.46317,129.00135,76,1500,606.41,false,ok
GLV-T08,TRIP-GLV-T08-01,2026-08-01T05:42:00.000Z,35.46461,129.00214,75,1500,608.75,false,ok
GLV-T08,TRIP-GLV-T08-01,2026-08-01T05:44:00.000Z,35.46606,129.00294,75,1500,611.08,false,ok
GLV-T08,TRIP-GLV-T08-01,2026-08-01T05:46:00.000Z,35.46750,129.00374,74,1500,613.41,false,ok
GLV-T08,TRIP-GLV-T08-01,2026-08-01T05:48:00.000Z,35.46894,129.00454,73,1500,615.74,false,ok
GLV-T08,TRIP-GLV-T08-01,2026-08-01T05:50:00.000Z,35.47039,129.00534,71,1500,618.08,false,ok
GLV-T08,TRIP-GLV-T08-01,2026-08-01T05:52:00.000Z,35.47183,129.00614,70,1500,620.41,false,ok
GLV-T08,TRIP-GLV-T08-01,2026-08-01T05:54:00.000Z,35.47327,129.00694,68,1500,622.74,false,ok
GLV-T08,TRIP-GLV-T08-01,2026-08-01T05:56:00.000Z,35.47472,129.00774,66,1500,625.07,false,ok
GLV-T08,TRIP-GLV-T08-01,2026-08-01T05:58:00.000Z,35.47616,129.00853,65,1500,627.41,false,ok
GLV-T08,TRIP-GLV-T08-01,2026-08-01T06:00:00.000Z,35.47760,129.00933,64,1500,629.74,false,ok
GLV-T08,TRIP-GLV-T08-01,2026-08-01T06:02:00.000Z,35.47905,129.01013,62,1500,632.07,false,ok
GLV-T08,TRIP-GLV-T08-01,2026-08-01T06:04:00.000Z,35.48049,129.01093,61,1500,634.40,false,ok
GLV-T08,TRIP-GLV-T08-01,2026-08-01T06:06:00.000Z,35.48193,129.01173,61,1500,636.73,false,ok
GLV-T08,TRIP-GLV-T08-01,2026-08-01T06:08:00.000Z,35.48338,129.01253,60,1500,639.07,false,ok
GLV-T08,TRIP-GLV-T08-01,2026-08-01T06:10:00.000Z,35.48482,129.01333,60,1500,641.40,false,ok
GLV-T08,TRIP-GLV-T08-01,2026-08-01T06:12:00.000Z,35.48626,129.01412,60,1500,643.73,false,ok
GLV-T08,TRIP-GLV-T08-01,2026-08-01T06:14:00.000Z,35.48771,129.01492,61,1500,646.06,false,ok
GLV-T08,TRIP-GLV-T08-01,2026-08-01T06:16:00.000Z,35.48915,129.01572,61,1500,648.40,false,ok
GLV-T08,TRIP-GLV-T08-01,2026-08-01T06:18:00.000Z,35.49059,129.01652,63,1500,650.73,false,ok
GLV-T08,TRIP-GLV-T08-01,2026-08-01T06:20:00.000Z,35.49204,129.01732,64,1500,653.06,false,ok
GLV-T08,TRIP-GLV-T08-01,2026-08-01T06:22:00.000Z,35.49348,129.01812,65,1500,655.39,false,ok
GLV-T08,TRIP-GLV-T08-01,2026-08-01T06:24:00.000Z,35.49492,129.01892,67,1500,657.73,false,ok
GLV-T08,TRIP-GLV-T08-01,2026-08-01T06:26:00.000Z,35.49637,129.01971,68,1500,660.06,false,ok
GLV-T08,TRIP-GLV-T08-01,2026-08-01T06:28:00.000Z,35.49781,129.02051,70,1500,662.39,false,ok
GLV-T08,TRIP-GLV-T08-01,2026-08-01T06:30:00.000Z,35.49925,129.02131,71,1500,664.72,false,ok
GLV-T08,TRIP-GLV-T08-01,2026-08-01T06:32:00.000Z,35.50070,129.02211,73,1500,667.06,false,ok
GLV-T08,TRIP-GLV-T08-01,2026-08-01T06:34:00.000Z,35.50214,129.02291,74,1500,669.39,false,ok
GLV-T08,TRIP-GLV-T08-01,2026-08-01T06:36:00.000Z,35.50358,129.02371,75,1500,671.72,false,ok
GLV-T08,TRIP-GLV-T08-01,2026-08-01T06:38:00.000Z,35.50503,129.02451,76,1500,674.05,false,ok
GLV-T08,TRIP-GLV-T08-01,2026-08-01T06:40:00.000Z,35.50647,129.02531,76,1500,676.38,false,ok
GLV-T08,TRIP-GLV-T08-01,2026-08-01T06:42:00.000Z,35.50791,129.02610,76,1500,678.72,false,ok
GLV-T08,TRIP-GLV-T08-01,2026-08-01T06:44:00.000Z,35.50936,129.02690,76,1500,681.05,false,ok
GLV-T08,TRIP-GLV-T08-01,2026-08-01T06:46:00.000Z,35.51080,129.02770,75,1500,683.38,false,ok
GLV-T08,TRIP-GLV-T08-01,2026-08-01T06:48:00.000Z,35.51224,129.02850,74,1500,685.71,false,ok
GLV-T08,TRIP-GLV-T08-01,2026-08-01T06:50:00.000Z,35.51369,129.02930,73,1500,688.05,false,ok
GLV-T08,TRIP-GLV-T08-01,2026-08-01T06:52:00.000Z,35.51513,129.03010,72,1500,690.38,false,ok
GLV-T08,TRIP-GLV-T08-01,2026-08-01T06:54:00.000Z,35.51657,129.03090,70,1500,692.71,false,ok
GLV-T08,TRIP-GLV-T08-01,2026-08-01T06:56:00.000Z,35.51802,129.03169,69,1500,695.04,false,ok
GLV-T08,TRIP-GLV-T08-01,2026-08-01T06:58:00.000Z,35.51946,129.03249,67,1500,697.38,false,ok
GLV-T08,TRIP-GLV-T08-01,2026-08-01T07:00:00.000Z,35.52090,129.03329,66,1500,699.71,false,ok
GLV-T08,TRIP-GLV-T08-01,2026-08-01T07:02:00.000Z,35.52235,129.03409,64,1500,702.04,false,ok
GLV-T08,TRIP-GLV-T08-01,2026-08-01T07:04:00.000Z,35.52379,129.03489,63,1500,704.37,false,ok
GLV-T08,TRIP-GLV-T08-01,2026-08-01T07:06:00.000Z,35.52523,129.03569,62,1500,706.71,false,ok
GLV-T08,TRIP-GLV-T08-01,2026-08-01T07:08:00.000Z,35.52668,129.03649,61,1500,709.04,false,ok
GLV-T08,TRIP-GLV-T08-01,2026-08-01T07:10:00.000Z,35.52812,129.03729,60,1500,711.37,false,ok
GLV-T08,TRIP-GLV-T08-01,2026-08-01T07:12:00.000Z,35.52956,129.03808,60,1500,713.70,false,ok
GLV-T08,TRIP-GLV-T08-01,2026-08-01T07:14:00.000Z,35.53101,129.03888,60,1500,716.03,false,ok
GLV-T08,TRIP-GLV-T08-01,2026-08-01T07:16:00.000Z,35.53245,129.03968,60,1500,718.37,false,ok
GLV-T08,TRIP-GLV-T08-01,2026-08-01T07:18:00.000Z,35.53389,129.04048,61,1500,720.70,false,ok
GLV-T08,TRIP-GLV-T08-01,2026-08-01T07:20:00.000Z,35.53534,129.04128,62,1500,723.03,false,ok
GLV-T08,TRIP-GLV-T08-01,2026-08-01T07:22:00.000Z,35.53678,129.04208,63,1500,725.36,false,ok
GLV-T08,TRIP-GLV-T08-01,2026-08-01T07:24:00.000Z,35.53822,129.04288,65,1500,727.70,false,ok
GLV-T08,TRIP-GLV-T08-01,2026-08-01T07:26:00.000Z,35.53967,129.04367,66,1500,730.03,false,ok
GLV-T08,TRIP-GLV-T08-01,2026-08-01T07:28:00.000Z,35.54111,129.04447,68,1500,732.36,false,ok
GLV-T08,TRIP-GLV-T08-01,2026-08-01T07:30:00.000Z,35.54255,129.04527,69,1500,734.69,false,ok
GLV-T08,TRIP-GLV-T08-01,2026-08-01T07:32:00.000Z,35.54400,129.04607,71,1500,737.03,false,ok
GLV-T08,TRIP-GLV-T08-01,2026-08-01T07:34:00.000Z,35.54544,129.04687,72,1500,739.36,false,ok
GLV-T08,TRIP-GLV-T08-01,2026-08-01T07:36:00.000Z,35.54688,129.04767,74,1500,741.69,false,ok
GLV-T08,TRIP-GLV-T08-01,2026-08-01T07:38:00.000Z,35.54833,129.04847,75,1500,744.02,false,ok
GLV-T08,TRIP-GLV-T08-01,2026-08-01T07:40:00.000Z,35.54977,129.04926,75,1500,746.36,false,ok
GLV-T08,TRIP-GLV-T08-01,2026-08-01T07:42:00.000Z,35.55121,129.05006,76,1500,748.69,false,ok
GLV-T08,TRIP-GLV-T08-01,2026-08-01T07:44:00.000Z,35.55266,129.05086,76,1500,751.02,false,ok
GLV-T08,TRIP-GLV-T08-01,2026-08-01T07:46:00.000Z,35.55410,129.05166,76,1500,753.35,false,ok
GLV-T08,TRIP-GLV-T08-01,2026-08-01T07:48:00.000Z,35.55554,129.05246,75,1500,755.69,false,ok
GLV-T08,TRIP-GLV-T08-01,2026-08-01T07:50:00.000Z,35.55699,129.05326,75,1500,758.02,false,ok
GLV-T08,TRIP-GLV-T08-01,2026-08-01T07:52:00.000Z,35.55843,129.05406,74,1500,760.35,false,ok
GLV-T08,TRIP-GLV-T08-01,2026-08-01T07:54:00.000Z,35.55987,129.05486,72,1500,762.68,false,ok
GLV-T08,TRIP-GLV-T08-01,2026-08-01T07:56:00.000Z,35.56132,129.05565,71,1500,765.01,false,ok
GLV-T08,TRIP-GLV-T08-01,2026-08-01T07:58:00.000Z,35.56276,129.05645,69,1500,767.35,false,ok
GLV-T08,TRIP-GLV-T08-01,2026-08-01T08:00:00.000Z,35.56420,129.05725,68,1500,769.68,false,ok
GLV-T08,TRIP-GLV-T08-01,2026-08-01T08:02:00.000Z,35.56565,129.05805,66,1500,772.01,false,ok
GLV-T08,TRIP-GLV-T08-01,2026-08-01T08:04:00.000Z,35.56709,129.05885,65,1500,774.34,false,ok
GLV-T08,TRIP-GLV-T08-01,2026-08-01T08:06:00.000Z,35.56853,129.05965,63,1500,776.68,false,ok
GLV-T08,TRIP-GLV-T08-01,2026-08-01T08:08:00.000Z,35.56998,129.06045,62,1500,779.01,false,ok
GLV-T08,TRIP-GLV-T08-01,2026-08-01T08:10:00.000Z,35.57142,129.06124,61,1500,781.34,false,ok
GLV-T08,TRIP-GLV-T08-01,2026-08-01T08:12:00.000Z,35.57286,129.06204,60,1500,783.67,false,ok
GLV-T08,TRIP-GLV-T08-01,2026-08-01T08:14:00.000Z,35.57431,129.06284,60,1500,786.01,false,ok
GLV-T08,TRIP-GLV-T08-01,2026-08-01T08:16:00.000Z,35.57575,129.06364,60,1500,788.34,false,ok
GLV-T08,TRIP-GLV-T08-01,2026-08-01T08:18:00.000Z,35.57719,129.06444,60,1500,790.67,false,ok
GLV-T08,TRIP-GLV-T08-01,2026-08-01T08:20:00.000Z,35.57864,129.06524,61,1500,793.00,false,ok
GLV-T08,TRIP-GLV-T08-01,2026-08-01T08:22:00.000Z,35.58008,129.06604,62,1500,795.34,false,ok
GLV-T08,TRIP-GLV-T08-01,2026-08-01T08:24:00.000Z,35.58152,129.06683,63,1500,797.67,false,ok
GLV-T08,TRIP-GLV-T08-01,2026-08-01T08:26:00.000Z,35.58297,129.06763,64,1500,800.00,false,ok
GLV-T08,TRIP-GLV-T08-01,2026-08-01T08:28:00.000Z,35.58441,129.06843,66,1500,802.33,false,ok
GLV-T08,TRIP-GLV-T08-01,2026-08-01T08:30:00.000Z,35.58585,129.06923,67,1500,804.66,false,ok
GLV-T08,TRIP-GLV-T08-01,2026-08-01T08:32:00.000Z,35.58730,129.07003,69,1500,807.00,false,ok
GLV-T08,TRIP-GLV-T08-01,2026-08-01T08:34:00.000Z,35.58874,129.07083,70,1500,809.33,false,ok
GLV-T08,TRIP-GLV-T08-01,2026-08-01T08:36:00.000Z,35.59018,129.07163,72,1500,811.66,false,ok
GLV-T08,TRIP-GLV-T08-01,2026-08-01T08:38:00.000Z,35.59163,129.07243,73,1500,813.99,false,ok
GLV-T08,TRIP-GLV-T08-01,2026-08-01T08:40:00.000Z,35.59307,129.07322,74,1500,816.33,false,ok
GLV-T08,TRIP-GLV-T08-01,2026-08-01T08:42:00.000Z,35.59451,129.07402,75,1500,818.66,false,ok
GLV-T08,TRIP-GLV-T08-01,2026-08-01T08:44:00.000Z,35.59596,129.07482,76,1500,820.99,false,ok
GLV-T08,TRIP-GLV-T08-01,2026-08-01T08:46:00.000Z,35.59740,129.07562,76,1500,823.32,false,ok
GLV-T08,TRIP-GLV-T08-01,2026-08-01T08:48:00.000Z,35.59884,129.07642,76,1500,825.66,false,ok
GLV-T08,TRIP-GLV-T08-01,2026-08-01T08:50:00.000Z,35.60029,129.07722,76,1500,827.99,false,ok
GLV-T08,TRIP-GLV-T08-01,2026-08-01T08:52:00.000Z,35.60173,129.07802,75,1500,830.32,false,ok
GLV-T08,TRIP-GLV-T08-01,2026-08-01T08:54:00.000Z,35.60317,129.07881,74,1500,832.65,false,ok
GLV-T08,TRIP-GLV-T08-01,2026-08-01T08:56:00.000Z,35.60462,129.07961,73,1500,834.99,false,ok
GLV-T08,TRIP-GLV-T08-01,2026-08-01T08:58:00.000Z,35.60606,129.08041,72,1500,837.32,false,ok
GLV-T08,TRIP-GLV-T08-01,2026-08-01T09:00:00.000Z,35.60750,129.08121,70,1500,839.65,false,ok
GLV-T08,TRIP-GLV-T08-01,2026-08-01T09:02:00.000Z,35.60895,129.08201,68,1500,841.98,false,ok
GLV-T08,TRIP-GLV-T08-01,2026-08-01T09:04:00.000Z,35.61039,129.08281,67,1500,844.31,false,ok
GLV-T08,TRIP-GLV-T08-01,2026-08-01T09:06:00.000Z,35.61183,129.08361,65,1500,846.65,false,ok
GLV-T08,TRIP-GLV-T08-01,2026-08-01T09:08:00.000Z,35.61328,129.08440,64,1500,848.98,false,ok
GLV-T08,TRIP-GLV-T08-01,2026-08-01T09:10:00.000Z,35.61472,129.08520,63,1500,851.31,false,ok
GLV-T08,TRIP-GLV-T08-01,2026-08-01T09:12:00.000Z,35.61616,129.08600,62,1500,853.64,false,ok
GLV-T08,TRIP-GLV-T08-01,2026-08-01T09:14:00.000Z,35.61761,129.08680,61,1500,855.98,false,ok
GLV-T08,TRIP-GLV-T08-01,2026-08-01T09:16:00.000Z,35.61905,129.08760,60,1500,858.31,false,ok
GLV-T08,TRIP-GLV-T08-01,2026-08-01T09:18:00.000Z,35.62049,129.08840,60,1500,860.64,false,ok
GLV-T08,TRIP-GLV-T08-01,2026-08-01T09:20:00.000Z,35.62194,129.08920,60,1500,862.97,false,ok
GLV-T08,TRIP-GLV-T08-01,2026-08-01T09:22:00.000Z,35.62338,129.09000,61,1500,865.31,false,ok
GLV-T08,TRIP-GLV-T08-01,2026-08-01T09:24:00.000Z,35.62482,129.09079,61,1500,867.64,false,ok
GLV-T08,TRIP-GLV-T08-01,2026-08-01T09:26:00.000Z,35.62627,129.09159,62,1500,869.97,false,ok
GLV-T08,TRIP-GLV-T08-01,2026-08-01T09:28:00.000Z,35.62771,129.09239,63,1500,872.30,false,ok
GLV-T08,TRIP-GLV-T08-01,2026-08-01T09:30:00.000Z,35.62915,129.09319,65,1500,874.64,false,ok
GLV-T08,TRIP-GLV-T08-01,2026-08-01T09:32:00.000Z,35.63060,129.09399,66,1500,876.97,false,ok
GLV-T08,TRIP-GLV-T08-01,2026-08-01T09:34:00.000Z,35.63204,129.09479,68,1500,879.30,false,ok
GLV-T08,TRIP-GLV-T08-01,2026-08-01T09:36:00.000Z,35.63348,129.09559,70,1500,881.63,false,ok
GLV-T08,TRIP-GLV-T08-01,2026-08-01T09:38:00.000Z,35.63493,129.09638,71,1500,883.97,false,ok
GLV-T08,TRIP-GLV-T08-01,2026-08-01T09:40:00.000Z,35.63637,129.09718,73,1500,886.30,false,ok
GLV-T08,TRIP-GLV-T08-01,2026-08-01T09:42:00.000Z,35.63781,129.09798,74,1500,888.63,false,ok
GLV-T08,TRIP-GLV-T08-01,2026-08-01T09:44:00.000Z,35.63926,129.09878,75,1500,890.96,false,ok
GLV-T08,TRIP-GLV-T08-01,2026-08-01T09:46:00.000Z,35.64070,129.09958,75,1500,893.29,false,ok
GLV-T08,TRIP-GLV-T08-01,2026-08-01T09:48:00.000Z,35.64214,129.10038,76,1500,895.63,false,ok
GLV-T08,TRIP-GLV-T08-01,2026-08-01T09:50:00.000Z,35.64359,129.10118,76,1500,897.96,false,ok
GLV-T08,TRIP-GLV-T08-01,2026-08-01T09:52:00.000Z,35.64503,129.10197,76,1500,900.29,false,ok
GLV-T08,TRIP-GLV-T08-01,2026-08-01T09:54:00.000Z,35.64647,129.10277,75,1500,902.62,false,ok
GLV-T08,TRIP-GLV-T08-01,2026-08-01T09:56:00.000Z,35.64792,129.10357,74,1500,904.96,false,ok
GLV-T08,TRIP-GLV-T08-01,2026-08-01T09:58:00.000Z,35.64936,129.10437,73,1500,907.29,false,ok
GLV-T08,TRIP-GLV-T08-01,2026-08-01T10:00:00.000Z,35.65080,129.10517,72,1500,909.62,false,ok
GLV-T08,TRIP-GLV-T08-01,2026-08-01T10:02:00.000Z,35.65225,129.10597,71,1500,911.95,false,ok
GLV-T08,TRIP-GLV-T08-01,2026-08-01T10:04:00.000Z,35.65369,129.10677,69,1500,914.29,false,ok
GLV-T08,TRIP-GLV-T08-01,2026-08-01T10:06:00.000Z,35.65513,129.10757,68,1500,916.62,false,ok
GLV-T08,TRIP-GLV-T08-01,2026-08-01T10:08:00.000Z,35.65658,129.10836,66,1500,918.95,false,ok
GLV-T08,TRIP-GLV-T08-01,2026-08-01T10:10:00.000Z,35.65802,129.10916,64,1500,921.28,false,ok
GLV-T08,TRIP-GLV-T08-01,2026-08-01T10:12:00.000Z,35.65946,129.10996,63,1500,923.62,false,ok
GLV-T08,TRIP-GLV-T08-01,2026-08-01T10:14:00.000Z,35.66091,129.11076,62,1500,925.95,false,ok
GLV-T08,TRIP-GLV-T08-01,2026-08-01T10:16:00.000Z,35.66235,129.11156,61,1500,928.28,false,ok
GLV-T08,TRIP-GLV-T08-01,2026-08-01T10:18:00.000Z,35.66379,129.11236,60,1500,930.61,false,ok
GLV-T08,TRIP-GLV-T08-01,2026-08-01T10:20:00.000Z,35.66524,129.11316,60,1500,932.94,false,ok
GLV-T08,TRIP-GLV-T08-01,2026-08-01T10:22:00.000Z,35.66668,129.11395,60,1500,935.28,false,ok
GLV-T08,TRIP-GLV-T08-01,2026-08-01T10:24:00.000Z,35.66812,129.11475,60,1500,937.61,false,ok
GLV-T08,TRIP-GLV-T08-01,2026-08-01T10:26:00.000Z,35.66957,129.11555,61,1500,939.94,false,ok
GLV-T08,TRIP-GLV-T08-01,2026-08-01T10:28:00.000Z,35.67101,129.11635,62,1500,942.27,false,ok
GLV-T08,TRIP-GLV-T08-01,2026-08-01T10:30:00.000Z,35.67245,129.11715,63,1500,944.61,false,ok
GLV-T08,TRIP-GLV-T08-01,2026-08-01T10:32:00.000Z,35.67390,129.11795,64,1500,946.94,false,ok
GLV-T08,TRIP-GLV-T08-01,2026-08-01T10:34:00.000Z,35.67534,129.11875,66,1500,949.27,false,ok
GLV-T08,TRIP-GLV-T08-01,2026-08-01T10:36:00.000Z,35.67678,129.11954,67,1500,951.60,false,ok
GLV-T08,TRIP-GLV-T08-01,2026-08-01T10:38:00.000Z,35.67823,129.12034,69,1500,953.94,false,ok
GLV-T08,TRIP-GLV-T08-01,2026-08-01T10:40:00.000Z,35.67967,129.12114,71,1500,956.27,false,ok
GLV-T08,TRIP-GLV-T08-01,2026-08-01T10:42:00.000Z,35.68111,129.12194,72,1500,958.60,false,ok
GLV-T08,TRIP-GLV-T08-01,2026-08-01T10:44:00.000Z,35.68256,129.12274,73,1500,960.93,false,ok
GLV-T08,TRIP-GLV-T08-01,2026-08-01T10:46:00.000Z,35.68400,129.12354,74,1500,963.27,false,ok
GLV-T08,TRIP-GLV-T08-01,2026-08-01T10:48:00.000Z,35.68544,129.12434,75,1500,965.60,false,ok
GLV-T08,TRIP-GLV-T08-01,2026-08-01T10:50:00.000Z,35.68689,129.12514,76,1500,967.93,false,ok
GLV-T08,TRIP-GLV-T08-01,2026-08-01T10:52:00.000Z,35.68833,129.12593,76,1500,970.26,false,ok
GLV-T08,TRIP-GLV-T08-01,2026-08-01T10:54:00.000Z,35.68977,129.12673,76,1500,972.59,false,ok
GLV-T08,TRIP-GLV-T08-01,2026-08-01T10:56:00.000Z,35.69122,129.12753,76,1500,974.93,false,ok
GLV-T08,TRIP-GLV-T08-01,2026-08-01T10:58:00.000Z,35.69266,129.12833,75,1500,977.26,false,ok
GLV-T08,TRIP-GLV-T08-01,2026-08-01T11:00:00.000Z,35.69410,129.12913,74,1500,979.59,false,ok
GLV-T08,TRIP-GLV-T08-01,2026-08-01T11:02:00.000Z,35.69555,129.12993,73,1500,981.92,false,ok
GLV-T08,TRIP-GLV-T08-01,2026-08-01T11:04:00.000Z,35.69699,129.13073,71,1500,984.26,false,ok
GLV-T08,TRIP-GLV-T08-01,2026-08-01T11:06:00.000Z,35.69843,129.13152,70,1500,986.59,false,ok
GLV-T08,TRIP-GLV-T08-01,2026-08-01T11:08:00.000Z,35.69988,129.13232,68,1500,988.92,false,ok
GLV-T08,TRIP-GLV-T08-01,2026-08-01T11:10:00.000Z,35.70132,129.13312,67,1500,991.25,false,ok
GLV-T08,TRIP-GLV-T08-01,2026-08-01T11:12:00.000Z,35.70276,129.13392,65,1500,993.59,false,ok
GLV-T08,TRIP-GLV-T08-01,2026-08-01T11:14:00.000Z,35.70421,129.13472,64,1500,995.92,false,ok
GLV-T08,TRIP-GLV-T08-01,2026-08-01T11:16:00.000Z,35.70565,129.13552,62,1500,998.25,false,ok
GLV-T08,TRIP-GLV-T08-01,2026-08-01T11:18:00.000Z,35.70709,129.13632,61,1500,1000.58,false,ok
GLV-T08,TRIP-GLV-T08-01,2026-08-01T11:20:00.000Z,35.70854,129.13711,61,1500,1002.92,false,ok
GLV-T08,TRIP-GLV-T08-01,2026-08-01T11:22:00.000Z,35.70998,129.13791,60,1500,1005.25,false,ok
GLV-T08,TRIP-GLV-T08-01,2026-08-01T11:24:00.000Z,35.71142,129.13871,60,1500,1007.58,false,ok
GLV-T08,TRIP-GLV-T08-01,2026-08-01T11:26:00.000Z,35.71287,129.13951,60,1500,1009.91,false,ok
GLV-T08,TRIP-GLV-T08-01,2026-08-01T11:28:00.000Z,35.71431,129.14031,61,1500,1012.24,false,ok
GLV-T08,TRIP-GLV-T08-01,2026-08-01T11:30:00.000Z,35.71575,129.14111,61,1500,1014.58,false,ok
GLV-T08,TRIP-GLV-T08-01,2026-08-01T11:32:00.000Z,35.71720,129.14191,62,1500,1016.91,false,ok
GLV-T08,TRIP-GLV-T08-01,2026-08-01T11:34:00.000Z,35.71864,129.14271,64,1500,1019.24,false,ok
GLV-T08,TRIP-GLV-T08-01,2026-08-01T11:36:00.000Z,35.72008,129.14350,65,1500,1021.57,false,ok
GLV-T08,TRIP-GLV-T08-01,2026-08-01T11:38:00.000Z,35.72153,129.14430,67,1500,1023.91,false,ok
GLV-T08,TRIP-GLV-T08-01,2026-08-01T11:40:00.000Z,35.72297,129.14510,68,1500,1026.24,false,ok
GLV-T08,TRIP-GLV-T08-01,2026-08-01T11:42:00.000Z,35.72441,129.14590,70,1500,1028.57,false,ok
GLV-T08,TRIP-GLV-T08-01,2026-08-01T11:44:00.000Z,35.72586,129.14670,71,1500,1030.90,false,ok
GLV-T08,TRIP-GLV-T08-01,2026-08-01T11:46:00.000Z,35.72730,129.14750,73,1500,1033.24,false,ok
GLV-T08,TRIP-GLV-T08-01,2026-08-01T11:48:00.000Z,35.72874,129.14830,74,1500,1035.57,false,ok
GLV-T08,TRIP-GLV-T08-01,2026-08-01T11:50:00.000Z,35.73019,129.14909,75,1500,1037.90,false,ok
GLV-T08,TRIP-GLV-T08-01,2026-08-01T11:52:00.000Z,35.73163,129.14989,76,1500,1040.23,false,ok
GLV-T08,TRIP-GLV-T08-01,2026-08-01T11:54:00.000Z,35.73307,129.15069,76,1500,1042.57,false,ok
GLV-T08,TRIP-GLV-T08-01,2026-08-01T11:56:00.000Z,35.73452,129.15149,76,1500,1044.90,false,ok
GLV-T08,TRIP-GLV-T08-01,2026-08-01T11:58:00.000Z,35.73596,129.15229,76,1500,1047.23,false,ok
GLV-T08,TRIP-GLV-T08-01,2026-08-01T12:00:00.000Z,35.73740,129.15309,75,1500,1049.56,false,ok
GLV-T08,TRIP-GLV-T08-01,2026-08-01T12:02:00.000Z,35.73885,129.15389,74,1500,1051.90,false,ok
GLV-T08,TRIP-GLV-T08-01,2026-08-01T12:04:00.000Z,35.74029,129.15469,73,1500,1054.23,false,ok
GLV-T08,TRIP-GLV-T08-01,2026-08-01T12:06:00.000Z,35.74173,129.15548,72,1500,1056.56,false,ok
GLV-T08,TRIP-GLV-T08-01,2026-08-01T12:08:00.000Z,35.74318,129.15628,70,1500,1058.89,false,ok
GLV-T08,TRIP-GLV-T08-01,2026-08-01T12:10:00.000Z,35.74462,129.15708,69,1500,1061.22,false,ok
GLV-T08,TRIP-GLV-T08-01,2026-08-01T12:12:00.000Z,35.74606,129.15788,67,1500,1063.56,false,ok
GLV-T08,TRIP-GLV-T08-01,2026-08-01T12:14:00.000Z,35.74751,129.15868,66,1500,1065.89,false,ok
GLV-T08,TRIP-GLV-T08-01,2026-08-01T12:16:00.000Z,35.74895,129.15948,64,1500,1068.22,false,ok
GLV-T08,TRIP-GLV-T08-01,2026-08-01T12:18:00.000Z,35.75039,129.16028,63,1500,1070.55,false,ok
GLV-T08,TRIP-GLV-T08-01,2026-08-01T12:20:00.000Z,35.75184,129.16107,62,1500,1072.89,false,ok
GLV-T08,TRIP-GLV-T08-01,2026-08-01T12:22:00.000Z,35.75328,129.16187,61,1500,1075.22,false,ok
GLV-T08,TRIP-GLV-T08-01,2026-08-01T12:24:00.000Z,35.75472,129.16267,60,1500,1077.55,false,ok
GLV-T08,TRIP-GLV-T08-01,2026-08-01T12:26:00.000Z,35.75617,129.16347,60,1500,1079.88,false,ok
GLV-T08,TRIP-GLV-T08-01,2026-08-01T12:28:00.000Z,35.75761,129.16427,60,1500,1082.22,false,ok
GLV-T08,TRIP-GLV-T08-01,2026-08-01T12:30:00.000Z,35.75905,129.16507,60,1500,1084.55,false,ok
GLV-T08,TRIP-GLV-T08-01,2026-08-01T12:32:00.000Z,35.76050,129.16587,61,1500,1086.88,false,ok
GLV-T08,TRIP-GLV-T08-01,2026-08-01T12:34:00.000Z,35.76194,129.16666,62,1500,1089.21,false,ok
GLV-T08,TRIP-GLV-T08-01,2026-08-01T12:36:00.000Z,35.76338,129.16746,63,1500,1091.55,false,ok
GLV-T08,TRIP-GLV-T08-01,2026-08-01T12:38:00.000Z,35.76483,129.16826,65,1500,1093.88,false,ok
GLV-T08,TRIP-GLV-T08-01,2026-08-01T12:40:00.000Z,35.76627,129.16906,66,1500,1096.21,false,ok
GLV-T08,TRIP-GLV-T08-01,2026-08-01T12:42:00.000Z,35.76771,129.16986,68,1500,1098.54,false,ok
GLV-T08,TRIP-GLV-T08-01,2026-08-01T12:44:00.000Z,35.76916,129.17066,69,1500,1100.87,false,ok
GLV-T08,TRIP-GLV-T08-01,2026-08-01T12:46:00.000Z,35.77060,129.17146,71,1500,1103.21,false,ok
GLV-T08,TRIP-GLV-T08-01,2026-08-01T12:48:00.000Z,35.77204,129.17226,72,1500,1105.54,false,ok
GLV-T08,TRIP-GLV-T08-01,2026-08-01T12:50:00.000Z,35.77349,129.17305,73,1500,1107.87,false,ok
GLV-T08,TRIP-GLV-T08-01,2026-08-01T12:52:00.000Z,35.77493,129.17385,75,1500,1110.20,false,ok
GLV-T08,TRIP-GLV-T08-01,2026-08-01T12:54:00.000Z,35.77637,129.17465,75,1500,1112.54,false,ok
GLV-T08,TRIP-GLV-T08-01,2026-08-01T12:56:00.000Z,35.77782,129.17545,76,1500,1114.87,false,ok
GLV-T08,TRIP-GLV-T08-01,2026-08-01T12:58:00.000Z,35.77926,129.17625,76,1500,1117.20,false,ok
GLV-T08,TRIP-GLV-T08-01,2026-08-01T13:00:00.000Z,35.78070,129.17705,76,1500,1119.53,false,ok
GLV-T08,TRIP-GLV-T08-01,2026-08-01T13:02:00.000Z,35.78215,129.17785,75,1500,1121.87,false,ok
GLV-T08,TRIP-GLV-T08-01,2026-08-01T13:04:00.000Z,35.78359,129.17864,75,1500,1124.20,false,ok
GLV-T08,TRIP-GLV-T08-01,2026-08-01T13:06:00.000Z,35.78503,129.17944,74,1500,1126.53,false,ok
GLV-T08,TRIP-GLV-T08-01,2026-08-01T13:08:00.000Z,35.78648,129.18024,72,1500,1128.86,false,ok
GLV-T08,TRIP-GLV-T08-01,2026-08-01T13:10:00.000Z,35.78792,129.18104,71,1500,1131.20,false,ok
GLV-T08,TRIP-GLV-T08-01,2026-08-01T13:12:00.000Z,35.78936,129.18184,70,1500,1133.53,false,ok
GLV-T08,TRIP-GLV-T08-01,2026-08-01T13:14:00.000Z,35.79081,129.18264,68,1500,1135.86,false,ok
GLV-T08,TRIP-GLV-T08-01,2026-08-01T13:16:00.000Z,35.79225,129.18344,66,1500,1138.19,false,ok
GLV-T08,TRIP-GLV-T08-01,2026-08-01T13:18:00.000Z,35.79369,129.18423,65,1500,1140.52,false,ok
GLV-T08,TRIP-GLV-T08-01,2026-08-01T13:20:00.000Z,35.79514,129.18503,63,1500,1142.86,false,ok
GLV-T08,TRIP-GLV-T08-01,2026-08-01T13:22:00.000Z,35.79658,129.18583,62,1500,1145.19,false,ok
GLV-T08,TRIP-GLV-T08-01,2026-08-01T13:24:00.000Z,35.79802,129.18663,61,1500,1147.52,false,ok
GLV-T08,TRIP-GLV-T08-01,2026-08-01T13:26:00.000Z,35.79947,129.18743,61,1500,1149.85,false,ok
GLV-T08,TRIP-GLV-T08-01,2026-08-01T13:28:00.000Z,35.80091,129.18823,60,1500,1152.19,false,ok
GLV-T08,TRIP-GLV-T08-01,2026-08-01T13:30:00.000Z,35.80235,129.18903,60,1500,1154.52,false,ok
GLV-T08,TRIP-GLV-T08-01,2026-08-01T13:32:00.000Z,35.80380,129.18983,60,1500,1156.85,false,ok
GLV-T08,TRIP-GLV-T08-01,2026-08-01T13:34:00.000Z,35.80524,129.19062,61,1500,1159.18,false,ok
GLV-T08,TRIP-GLV-T08-01,2026-08-01T13:36:00.000Z,35.80668,129.19142,62,1500,1161.52,false,ok
GLV-T08,TRIP-GLV-T08-01,2026-08-01T13:38:00.000Z,35.80813,129.19222,63,1500,1163.85,false,ok
GLV-T08,TRIP-GLV-T08-01,2026-08-01T13:40:00.000Z,35.80957,129.19302,64,1500,1166.18,false,ok
GLV-T08,TRIP-GLV-T08-01,2026-08-01T13:42:00.000Z,35.81101,129.19382,65,1500,1168.51,false,ok
GLV-T08,TRIP-GLV-T08-01,2026-08-01T13:44:00.000Z,35.81246,129.19462,67,1500,1170.85,false,ok
GLV-T08,TRIP-GLV-T08-01,2026-08-01T13:46:00.000Z,35.81390,129.19542,69,1500,1173.18,false,ok
GLV-T08,TRIP-GLV-T08-01,2026-08-01T13:48:00.000Z,35.81534,129.19621,70,1500,1175.51,false,ok
GLV-T08,TRIP-GLV-T08-01,2026-08-01T13:50:00.000Z,35.81679,129.19701,72,1500,1177.84,false,ok
GLV-T08,TRIP-GLV-T08-01,2026-08-01T13:52:00.000Z,35.81823,129.19781,73,1500,1180.17,false,ok
GLV-T08,TRIP-GLV-T08-01,2026-08-01T13:54:00.000Z,35.81967,129.19861,74,1500,1182.51,false,ok
GLV-T08,TRIP-GLV-T08-01,2026-08-01T13:56:00.000Z,35.82112,129.19941,75,1500,1184.84,false,ok
GLV-T08,TRIP-GLV-T08-01,2026-08-01T13:58:00.000Z,35.82256,129.20021,76,1500,1187.17,false,ok
GLV-T08,TRIP-GLV-T08-01,2026-08-01T14:00:00.000Z,35.82400,129.20101,76,1500,1189.50,false,ok
GLV-T08,TRIP-GLV-T08-01,2026-08-01T14:02:00.000Z,35.82545,129.20180,76,1500,1191.84,false,ok
GLV-T08,TRIP-GLV-T08-01,2026-08-01T14:04:00.000Z,35.82689,129.20260,76,1500,1194.17,false,ok
GLV-T08,TRIP-GLV-T08-01,2026-08-01T14:06:00.000Z,35.82833,129.20340,75,1500,1196.50,false,ok
GLV-T08,TRIP-GLV-T08-01,2026-08-01T14:08:00.000Z,35.82978,129.20420,74,1500,1198.83,false,ok
GLV-T08,TRIP-GLV-T08-01,2026-08-01T01:00:00.000Z,35.83050,129.20460,68,1500,1200.00,true,ok
GLV-T08,TRIP-GLV-T08-01,2026-08-01T01:02:00.000Z,35.82906,129.20380,70,1500,1202.33,true,ok
GLV-T08,TRIP-GLV-T08-01,2026-08-01T01:04:00.000Z,35.82761,129.20300,71,1500,1204.66,true,ok
GLV-T08,TRIP-GLV-T08-01,2026-08-01T01:06:00.000Z,35.82617,129.20220,73,1500,1207.00,true,ok
GLV-T08,TRIP-GLV-T08-01,2026-08-01T01:08:00.000Z,35.82473,129.20141,74,1500,1209.33,true,ok
GLV-T08,TRIP-GLV-T08-01,2026-08-01T01:10:00.000Z,35.82328,129.20061,75,1500,1211.66,true,ok
GLV-T08,TRIP-GLV-T08-01,2026-08-01T01:12:00.000Z,35.82184,129.19981,75,1500,1213.99,true,ok
GLV-T08,TRIP-GLV-T08-01,2026-08-01T01:14:00.000Z,35.82040,129.19901,76,1500,1216.33,true,ok
GLV-T08,TRIP-GLV-T08-01,2026-08-01T01:16:00.000Z,35.81895,129.19821,76,1500,1218.66,true,ok
GLV-T08,TRIP-GLV-T08-01,2026-08-01T01:18:00.000Z,35.81751,129.19741,76,1500,1220.99,true,ok
GLV-T08,TRIP-GLV-T08-01,2026-08-01T01:20:00.000Z,35.81607,129.19661,75,1500,1223.32,true,ok
GLV-T08,TRIP-GLV-T08-01,2026-08-01T01:22:00.000Z,35.81462,129.19581,74,1500,1225.66,true,ok
GLV-T08,TRIP-GLV-T08-01,2026-08-01T01:24:00.000Z,35.81318,129.19502,73,1500,1227.99,true,ok
GLV-T08,TRIP-GLV-T08-01,2026-08-01T01:26:00.000Z,35.81174,129.19422,72,1500,1230.32,true,ok
GLV-T08,TRIP-GLV-T08-01,2026-08-01T01:28:00.000Z,35.81029,129.19342,71,1500,1232.65,true,ok
GLV-T08,TRIP-GLV-T08-01,2026-08-01T01:30:00.000Z,35.80885,129.19262,69,1500,1234.99,true,ok
GLV-T08,TRIP-GLV-T08-01,2026-08-01T01:32:00.000Z,35.80741,129.19182,68,1500,1237.32,true,ok
GLV-T08,TRIP-GLV-T08-01,2026-08-01T01:34:00.000Z,35.80596,129.19102,66,1500,1239.65,true,ok
GLV-T08,TRIP-GLV-T08-01,2026-08-01T01:36:00.000Z,35.80452,129.19022,64,1500,1241.98,true,ok
GLV-T08,TRIP-GLV-T08-01,2026-08-01T01:38:00.000Z,35.80308,129.18943,63,1500,1244.31,true,ok
GLV-T08,TRIP-GLV-T08-01,2026-08-01T01:40:00.000Z,35.80163,129.18863,62,1500,1246.65,true,ok
GLV-T08,TRIP-GLV-T08-01,2026-08-01T01:42:00.000Z,35.80019,129.18783,61,1500,1248.98,true,ok
GLV-T08,TRIP-GLV-T08-01,2026-08-01T01:44:00.000Z,35.79875,129.18703,60,1500,1251.31,true,ok
GLV-T08,TRIP-GLV-T08-01,2026-08-01T01:46:00.000Z,35.79730,129.18623,60,1500,1253.64,true,ok
GLV-T08,TRIP-GLV-T08-01,2026-08-01T01:48:00.000Z,35.79586,129.18543,60,1500,1255.98,true,ok
GLV-T08,TRIP-GLV-T08-01,2026-08-01T01:50:00.000Z,35.79442,129.18463,60,1500,1258.31,true,ok
GLV-T08,TRIP-GLV-T08-01,2026-08-01T01:52:00.000Z,35.79297,129.18384,61,1500,1260.64,true,ok
GLV-T08,TRIP-GLV-T08-01,2026-08-01T01:54:00.000Z,35.79153,129.18304,62,1500,1262.97,true,ok
GLV-T08,TRIP-GLV-T08-01,2026-08-01T01:56:00.000Z,35.79009,129.18224,63,1500,1265.31,true,ok
GLV-T08,TRIP-GLV-T08-01,2026-08-01T01:58:00.000Z,35.78864,129.18144,64,1500,1267.64,true,ok
GLV-T08,TRIP-GLV-T08-01,2026-08-01T02:00:00.000Z,35.78720,129.18064,66,1500,1269.97,true,ok
GLV-T08,TRIP-GLV-T08-01,2026-08-01T02:02:00.000Z,35.78576,129.17984,67,1500,1272.30,true,ok
GLV-T08,TRIP-GLV-T08-01,2026-08-01T02:04:00.000Z,35.78431,129.17904,69,1500,1274.64,true,ok
GLV-T08,TRIP-GLV-T08-01,2026-08-01T02:06:00.000Z,35.78287,129.17824,70,1500,1276.97,true,ok
GLV-T08,TRIP-GLV-T08-01,2026-08-01T02:08:00.000Z,35.78143,129.17745,72,1500,1279.30,true,ok
GLV-T08,TRIP-GLV-T08-01,2026-08-01T02:10:00.000Z,35.77998,129.17665,73,1500,1281.63,true,ok
GLV-T08,TRIP-GLV-T08-01,2026-08-01T02:12:00.000Z,35.77854,129.17585,74,1500,1283.97,true,ok
GLV-T08,TRIP-GLV-T08-01,2026-08-01T02:14:00.000Z,35.77710,129.17505,75,1500,1286.30,true,ok
GLV-T08,TRIP-GLV-T08-01,2026-08-01T02:16:00.000Z,35.77565,129.17425,76,1500,1288.63,true,ok
GLV-T08,TRIP-GLV-T08-01,2026-08-01T02:18:00.000Z,35.77421,129.17345,76,1500,1290.96,true,ok
GLV-T08,TRIP-GLV-T08-01,2026-08-01T02:20:00.000Z,35.77277,129.17265,76,1500,1293.29,true,ok
GLV-T08,TRIP-GLV-T08-01,2026-08-01T02:22:00.000Z,35.77132,129.17186,76,1500,1295.63,true,ok
GLV-T08,TRIP-GLV-T08-01,2026-08-01T02:24:00.000Z,35.76988,129.17106,75,1500,1297.96,true,ok
GLV-T08,TRIP-GLV-T08-01,2026-08-01T02:26:00.000Z,35.76844,129.17026,74,1500,1300.29,true,ok
GLV-T08,TRIP-GLV-T08-01,2026-08-01T02:28:00.000Z,35.76699,129.16946,73,1500,1302.62,true,ok
GLV-T08,TRIP-GLV-T08-01,2026-08-01T02:30:00.000Z,35.76555,129.16866,71,1500,1304.96,true,ok
GLV-T08,TRIP-GLV-T08-01,2026-08-01T02:32:00.000Z,35.76411,129.16786,70,1500,1307.29,true,ok
GLV-T08,TRIP-GLV-T08-01,2026-08-01T02:34:00.000Z,35.76266,129.16706,68,1500,1309.62,true,ok
GLV-T08,TRIP-GLV-T08-01,2026-08-01T02:36:00.000Z,35.76122,129.16627,67,1500,1311.95,true,ok
GLV-T08,TRIP-GLV-T08-01,2026-08-01T02:38:00.000Z,35.75978,129.16547,65,1500,1314.29,true,ok
GLV-T08,TRIP-GLV-T08-01,2026-08-01T02:40:00.000Z,35.75833,129.16467,64,1500,1316.62,true,ok
GLV-T08,TRIP-GLV-T08-01,2026-08-01T02:42:00.000Z,35.75689,129.16387,62,1500,1318.95,true,ok
GLV-T08,TRIP-GLV-T08-01,2026-08-01T02:44:00.000Z,35.75545,129.16307,61,1500,1321.28,true,ok
GLV-T08,TRIP-GLV-T08-01,2026-08-01T02:46:00.000Z,35.75400,129.16227,61,1500,1323.62,true,ok
GLV-T08,TRIP-GLV-T08-01,2026-08-01T02:48:00.000Z,35.75256,129.16147,60,1500,1325.95,true,ok
GLV-T08,TRIP-GLV-T08-01,2026-08-01T02:50:00.000Z,35.75112,129.16067,60,1500,1328.28,true,ok
GLV-T08,TRIP-GLV-T08-01,2026-08-01T02:52:00.000Z,35.74967,129.15988,60,1500,1330.61,true,ok
GLV-T08,TRIP-GLV-T08-01,2026-08-01T02:54:00.000Z,35.74823,129.15908,61,1500,1332.94,true,ok
GLV-T08,TRIP-GLV-T08-01,2026-08-01T02:56:00.000Z,35.74679,129.15828,61,1500,1335.28,true,ok
GLV-T08,TRIP-GLV-T08-01,2026-08-01T02:58:00.000Z,35.74534,129.15748,62,1500,1337.61,true,ok
GLV-T08,TRIP-GLV-T08-01,2026-08-01T03:00:00.000Z,35.74390,129.15668,64,1500,1339.94,true,ok
GLV-T08,TRIP-GLV-T08-01,2026-08-01T03:02:00.000Z,35.74246,129.15588,65,1500,1342.27,true,ok
GLV-T08,TRIP-GLV-T08-01,2026-08-01T03:04:00.000Z,35.74101,129.15508,67,1500,1344.61,true,ok
GLV-T08,TRIP-GLV-T08-01,2026-08-01T03:06:00.000Z,35.73957,129.15429,68,1500,1346.94,true,ok
GLV-T08,TRIP-GLV-T08-01,2026-08-01T03:08:00.000Z,35.73813,129.15349,70,1500,1349.27,true,ok
GLV-T08,TRIP-GLV-T08-01,2026-08-01T03:10:00.000Z,35.73668,129.15269,71,1500,1351.60,true,ok
GLV-T08,TRIP-GLV-T08-01,2026-08-01T03:12:00.000Z,35.73524,129.15189,73,1500,1353.94,true,ok
GLV-T08,TRIP-GLV-T08-01,2026-08-01T03:14:00.000Z,35.73380,129.15109,74,1500,1356.27,true,ok
GLV-T08,TRIP-GLV-T08-01,2026-08-01T03:16:00.000Z,35.73235,129.15029,75,1500,1358.60,true,ok
GLV-T08,TRIP-GLV-T08-01,2026-08-01T03:18:00.000Z,35.73091,129.14949,76,1500,1360.93,true,ok
GLV-T08,TRIP-GLV-T08-01,2026-08-01T03:20:00.000Z,35.72947,129.14870,76,1500,1363.27,true,ok
GLV-T08,TRIP-GLV-T08-01,2026-08-01T03:22:00.000Z,35.72802,129.14790,76,1500,1365.60,true,ok
GLV-T08,TRIP-GLV-T08-01,2026-08-01T03:24:00.000Z,35.72658,129.14710,76,1500,1367.93,true,ok
GLV-T08,TRIP-GLV-T08-01,2026-08-01T03:26:00.000Z,35.72514,129.14630,75,1500,1370.26,true,ok
GLV-T08,TRIP-GLV-T08-01,2026-08-01T03:28:00.000Z,35.72369,129.14550,74,1500,1372.59,true,ok
GLV-T08,TRIP-GLV-T08-01,2026-08-01T03:30:00.000Z,35.72225,129.14470,73,1500,1374.93,true,ok
GLV-T08,TRIP-GLV-T08-01,2026-08-01T03:32:00.000Z,35.72081,129.14390,72,1500,1377.26,true,ok
GLV-T08,TRIP-GLV-T08-01,2026-08-01T03:34:00.000Z,35.71936,129.14310,70,1500,1379.59,true,ok
GLV-T08,TRIP-GLV-T08-01,2026-08-01T03:36:00.000Z,35.71792,129.14231,69,1500,1381.92,true,ok
GLV-T08,TRIP-GLV-T08-01,2026-08-01T03:38:00.000Z,35.71648,129.14151,67,1500,1384.26,true,ok
GLV-T08,TRIP-GLV-T08-01,2026-08-01T03:40:00.000Z,35.71503,129.14071,66,1500,1386.59,true,ok
GLV-T08,TRIP-GLV-T08-01,2026-08-01T03:42:00.000Z,35.71359,129.13991,64,1500,1388.92,true,ok
GLV-T08,TRIP-GLV-T08-01,2026-08-01T03:44:00.000Z,35.71215,129.13911,63,1500,1391.25,true,ok
GLV-T08,TRIP-GLV-T08-01,2026-08-01T03:46:00.000Z,35.71070,129.13831,62,1500,1393.59,true,ok
GLV-T08,TRIP-GLV-T08-01,2026-08-01T03:48:00.000Z,35.70926,129.13751,61,1500,1395.92,true,ok
GLV-T08,TRIP-GLV-T08-01,2026-08-01T03:50:00.000Z,35.70782,129.13672,60,1500,1398.25,true,ok
GLV-T08,TRIP-GLV-T08-01,2026-08-01T03:52:00.000Z,35.70637,129.13592,60,1500,1400.58,true,ok
GLV-T08,TRIP-GLV-T08-01,2026-08-01T03:54:00.000Z,35.70493,129.13512,60,1500,1402.92,true,ok
GLV-T08,TRIP-GLV-T08-01,2026-08-01T03:56:00.000Z,35.70349,129.13432,60,1500,1405.25,true,ok
GLV-T08,TRIP-GLV-T08-01,2026-08-01T03:58:00.000Z,35.70204,129.13352,61,1500,1407.58,true,ok
GLV-T08,TRIP-GLV-T08-01,2026-08-01T04:00:00.000Z,35.70060,129.13272,62,1500,1409.91,true,ok
GLV-T08,TRIP-GLV-T08-01,2026-08-01T04:02:00.000Z,35.69916,129.13192,63,1500,1412.24,true,ok
GLV-T08,TRIP-GLV-T08-01,2026-08-01T04:04:00.000Z,35.69771,129.13113,65,1500,1414.58,true,ok
GLV-T08,TRIP-GLV-T08-01,2026-08-01T04:06:00.000Z,35.69627,129.13033,66,1500,1416.91,true,ok
GLV-T08,TRIP-GLV-T08-01,2026-08-01T04:08:00.000Z,35.69483,129.12953,68,1500,1419.24,true,ok
GLV-T08,TRIP-GLV-T08-01,2026-08-01T04:10:00.000Z,35.69338,129.12873,69,1500,1421.57,true,ok
GLV-T08,TRIP-GLV-T08-01,2026-08-01T04:12:00.000Z,35.69194,129.12793,71,1500,1423.91,true,ok
GLV-T08,TRIP-GLV-T08-01,2026-08-01T04:14:00.000Z,35.69050,129.12713,72,1500,1426.24,true,ok
GLV-T08,TRIP-GLV-T08-01,2026-08-01T04:16:00.000Z,35.68905,129.12633,73,1500,1428.57,true,ok
GLV-T08,TRIP-GLV-T08-01,2026-08-01T04:18:00.000Z,35.68761,129.12553,75,1500,1430.90,true,ok
GLV-T08,TRIP-GLV-T08-01,2026-08-01T04:20:00.000Z,35.68617,129.12474,75,1500,1433.24,true,ok
GLV-T08,TRIP-GLV-T08-01,2026-08-01T04:22:00.000Z,35.68472,129.12394,76,1500,1435.57,true,ok
GLV-T08,TRIP-GLV-T08-01,2026-08-01T04:24:00.000Z,35.68328,129.12314,76,1500,1437.90,true,ok
GLV-T08,TRIP-GLV-T08-01,2026-08-01T04:26:00.000Z,35.68184,129.12234,76,1500,1440.23,true,ok
GLV-T08,TRIP-GLV-T08-01,2026-08-01T04:28:00.000Z,35.68039,129.12154,75,1500,1442.57,true,ok
GLV-T08,TRIP-GLV-T08-01,2026-08-01T04:30:00.000Z,35.67895,129.12074,75,1500,1444.90,true,ok
GLV-T08,TRIP-GLV-T08-01,2026-08-01T04:32:00.000Z,35.67751,129.11994,74,1500,1447.23,true,ok
GLV-T08,TRIP-GLV-T08-01,2026-08-01T04:34:00.000Z,35.67606,129.11915,72,1500,1449.56,true,ok
GLV-T08,TRIP-GLV-T08-01,2026-08-01T04:36:00.000Z,35.67462,129.11835,71,1500,1451.90,true,ok
GLV-T08,TRIP-GLV-T08-01,2026-08-01T04:38:00.000Z,35.67318,129.11755,70,1500,1454.23,true,ok
GLV-T08,TRIP-GLV-T08-01,2026-08-01T04:40:00.000Z,35.67173,129.11675,68,1500,1456.56,true,ok
GLV-T08,TRIP-GLV-T08-01,2026-08-01T04:42:00.000Z,35.67029,129.11595,66,1500,1458.89,true,ok
GLV-T08,TRIP-GLV-T08-01,2026-08-01T04:44:00.000Z,35.66885,129.11515,65,1500,1461.22,true,ok
GLV-T08,TRIP-GLV-T08-01,2026-08-01T04:46:00.000Z,35.66740,129.11435,63,1500,1463.56,true,ok
GLV-T08,TRIP-GLV-T08-01,2026-08-01T04:48:00.000Z,35.66596,129.11356,62,1500,1465.89,true,ok
GLV-T08,TRIP-GLV-T08-01,2026-08-01T04:50:00.000Z,35.66452,129.11276,61,1500,1468.22,true,ok
GLV-T08,TRIP-GLV-T08-01,2026-08-01T04:52:00.000Z,35.66307,129.11196,61,1500,1470.55,true,ok
GLV-T08,TRIP-GLV-T08-01,2026-08-01T04:54:00.000Z,35.66163,129.11116,60,1500,1472.89,true,ok
GLV-T08,TRIP-GLV-T08-01,2026-08-01T04:56:00.000Z,35.66019,129.11036,60,1500,1475.22,true,ok
GLV-T08,TRIP-GLV-T08-01,2026-08-01T04:58:00.000Z,35.65874,129.10956,60,1500,1477.55,true,ok
GLV-T08,TRIP-GLV-T08-01,2026-08-01T05:00:00.000Z,35.65730,129.10876,61,1500,1479.88,true,ok
GLV-T08,TRIP-GLV-T08-01,2026-08-01T05:02:00.000Z,35.65586,129.10796,62,1500,1482.22,true,ok
GLV-T08,TRIP-GLV-T08-01,2026-08-01T05:04:00.000Z,35.65441,129.10717,63,1500,1484.55,true,ok
GLV-T08,TRIP-GLV-T08-01,2026-08-01T05:06:00.000Z,35.65297,129.10637,64,1500,1486.88,true,ok
GLV-T08,TRIP-GLV-T08-01,2026-08-01T05:08:00.000Z,35.65153,129.10557,65,1500,1489.21,true,ok
GLV-T08,TRIP-GLV-T08-01,2026-08-01T05:10:00.000Z,35.65008,129.10477,67,1500,1491.55,true,ok
GLV-T08,TRIP-GLV-T08-01,2026-08-01T05:12:00.000Z,35.64864,129.10397,69,1500,1493.88,true,ok
GLV-T08,TRIP-GLV-T08-01,2026-08-01T05:14:00.000Z,35.64720,129.10317,70,1500,1496.21,true,ok
GLV-T08,TRIP-GLV-T08-01,2026-08-01T05:16:00.000Z,35.64575,129.10237,72,1500,1498.54,true,ok
GLV-T08,TRIP-GLV-T08-01,2026-08-01T05:18:00.000Z,35.64431,129.10158,73,1500,1500.87,true,ok
GLV-T08,TRIP-GLV-T08-01,2026-08-01T05:20:00.000Z,35.64287,129.10078,74,1500,1503.21,true,ok
GLV-T08,TRIP-GLV-T08-01,2026-08-01T05:22:00.000Z,35.64142,129.09998,75,1500,1505.54,true,ok
GLV-T08,TRIP-GLV-T08-01,2026-08-01T05:24:00.000Z,35.63998,129.09918,76,1500,1507.87,true,ok
GLV-T08,TRIP-GLV-T08-01,2026-08-01T05:26:00.000Z,35.63854,129.09838,76,1500,1510.20,true,ok
GLV-T08,TRIP-GLV-T08-01,2026-08-01T05:28:00.000Z,35.63709,129.09758,76,1500,1512.54,true,ok
GLV-T08,TRIP-GLV-T08-01,2026-08-01T05:30:00.000Z,35.63565,129.09678,76,1500,1514.87,true,ok
GLV-T08,TRIP-GLV-T08-01,2026-08-01T05:32:00.000Z,35.63421,129.09599,75,1500,1517.20,true,ok
GLV-T08,TRIP-GLV-T08-01,2026-08-01T05:34:00.000Z,35.63276,129.09519,74,1500,1519.53,true,ok
GLV-T08,TRIP-GLV-T08-01,2026-08-01T05:36:00.000Z,35.63132,129.09439,73,1500,1521.87,true,ok
GLV-T08,TRIP-GLV-T08-01,2026-08-01T05:38:00.000Z,35.62988,129.09359,72,1500,1524.20,true,ok
GLV-T08,TRIP-GLV-T08-01,2026-08-01T05:40:00.000Z,35.62843,129.09279,70,1500,1526.53,true,ok
GLV-T08,TRIP-GLV-T08-01,2026-08-01T05:42:00.000Z,35.62699,129.09199,69,1500,1528.86,true,ok
GLV-T08,TRIP-GLV-T08-01,2026-08-01T05:44:00.000Z,35.62555,129.09119,67,1500,1531.20,true,ok
GLV-T08,TRIP-GLV-T08-01,2026-08-01T05:46:00.000Z,35.62410,129.09039,65,1500,1533.53,true,ok
GLV-T08,TRIP-GLV-T08-01,2026-08-01T05:48:00.000Z,35.62266,129.08960,64,1500,1535.86,true,ok
GLV-T08,TRIP-GLV-T08-01,2026-08-01T05:50:00.000Z,35.62122,129.08880,63,1500,1538.19,true,ok
GLV-T08,TRIP-GLV-T08-01,2026-08-01T05:52:00.000Z,35.61977,129.08800,62,1500,1540.52,true,ok
GLV-T08,TRIP-GLV-T08-01,2026-08-01T05:54:00.000Z,35.61833,129.08720,61,1500,1542.86,true,ok
GLV-T08,TRIP-GLV-T08-01,2026-08-01T05:56:00.000Z,35.61689,129.08640,60,1500,1545.19,true,ok
GLV-T08,TRIP-GLV-T08-01,2026-08-01T05:58:00.000Z,35.61544,129.08560,60,1500,1547.52,true,ok
GLV-T08,TRIP-GLV-T08-01,2026-08-01T06:00:00.000Z,35.61400,129.08480,60,1500,1549.85,true,ok
GLV-T08,TRIP-GLV-T08-01,2026-08-01T06:02:00.000Z,35.61256,129.08401,60,1500,1552.19,true,ok
GLV-T08,TRIP-GLV-T08-01,2026-08-01T06:04:00.000Z,35.61111,129.08321,61,1500,1554.52,true,ok
GLV-T08,TRIP-GLV-T08-01,2026-08-01T06:06:00.000Z,35.60967,129.08241,62,1500,1556.85,true,ok
GLV-T08,TRIP-GLV-T08-01,2026-08-01T06:08:00.000Z,35.60823,129.08161,63,1500,1559.18,true,ok
GLV-T08,TRIP-GLV-T08-01,2026-08-01T06:10:00.000Z,35.60678,129.08081,65,1500,1561.52,true,ok
GLV-T08,TRIP-GLV-T08-01,2026-08-01T06:12:00.000Z,35.60534,129.08001,66,1500,1563.85,true,ok
GLV-T08,TRIP-GLV-T08-01,2026-08-01T06:14:00.000Z,35.60390,129.07921,68,1500,1566.18,true,ok
GLV-T08,TRIP-GLV-T08-01,2026-08-01T06:16:00.000Z,35.60245,129.07841,69,1500,1568.51,true,ok
GLV-T08,TRIP-GLV-T08-01,2026-08-01T06:18:00.000Z,35.60101,129.07762,71,1500,1570.85,true,ok
GLV-T08,TRIP-GLV-T08-01,2026-08-01T06:20:00.000Z,35.59957,129.07682,72,1500,1573.18,true,ok
GLV-T08,TRIP-GLV-T08-01,2026-08-01T06:22:00.000Z,35.59812,129.07602,74,1500,1575.51,true,ok
GLV-T08,TRIP-GLV-T08-01,2026-08-01T06:24:00.000Z,35.59668,129.07522,75,1500,1577.84,true,ok
GLV-T08,TRIP-GLV-T08-01,2026-08-01T06:26:00.000Z,35.59524,129.07442,75,1500,1580.17,true,ok
GLV-T08,TRIP-GLV-T08-01,2026-08-01T06:28:00.000Z,35.59379,129.07362,76,1500,1582.51,true,ok
GLV-T08,TRIP-GLV-T08-01,2026-08-01T06:30:00.000Z,35.59235,129.07282,76,1500,1584.84,true,ok
GLV-T08,TRIP-GLV-T08-01,2026-08-01T06:32:00.000Z,35.59091,129.07203,76,1500,1587.17,true,ok
GLV-T08,TRIP-GLV-T08-01,2026-08-01T06:34:00.000Z,35.58946,129.07123,75,1500,1589.50,true,ok
GLV-T08,TRIP-GLV-T08-01,2026-08-01T06:36:00.000Z,35.58802,129.07043,75,1500,1591.84,true,ok
GLV-T08,TRIP-GLV-T08-01,2026-08-01T06:38:00.000Z,35.58658,129.06963,73,1500,1594.17,true,ok
GLV-T08,TRIP-GLV-T08-01,2026-08-01T06:40:00.000Z,35.58513,129.06883,72,1500,1596.50,true,ok
GLV-T08,TRIP-GLV-T08-01,2026-08-01T06:42:00.000Z,35.58369,129.06803,71,1500,1598.83,true,ok
GLV-T08,TRIP-GLV-T08-01,2026-08-01T06:44:00.000Z,35.58224,129.06723,69,1500,1601.17,true,ok
GLV-T08,TRIP-GLV-T08-01,2026-08-01T06:46:00.000Z,35.58080,129.06644,68,1500,1603.50,true,ok
GLV-T08,TRIP-GLV-T08-01,2026-08-01T06:48:00.000Z,35.57936,129.06564,66,1500,1605.83,true,ok
GLV-T08,TRIP-GLV-T08-01,2026-08-01T06:50:00.000Z,35.57791,129.06484,65,1500,1608.16,true,ok
GLV-T08,TRIP-GLV-T08-01,2026-08-01T06:52:00.000Z,35.57647,129.06404,63,1500,1610.50,true,ok
GLV-T08,TRIP-GLV-T08-01,2026-08-01T06:54:00.000Z,35.57503,129.06324,62,1500,1612.83,true,ok
GLV-T08,TRIP-GLV-T08-01,2026-08-01T06:56:00.000Z,35.57358,129.06244,61,1500,1615.16,true,ok
GLV-T08,TRIP-GLV-T08-01,2026-08-01T06:58:00.000Z,35.57214,129.06164,60,1500,1617.49,true,ok
GLV-T08,TRIP-GLV-T08-01,2026-08-01T07:00:00.000Z,35.57070,129.06084,60,1500,1619.83,true,ok
GLV-T08,TRIP-GLV-T08-01,2026-08-01T07:02:00.000Z,35.56925,129.06005,60,1500,1622.16,true,ok
GLV-T08,TRIP-GLV-T08-01,2026-08-01T07:04:00.000Z,35.56781,129.05925,60,1500,1624.49,true,ok
GLV-T08,TRIP-GLV-T08-01,2026-08-01T07:06:00.000Z,35.56637,129.05845,61,1500,1626.82,true,ok
GLV-T08,TRIP-GLV-T08-01,2026-08-01T07:08:00.000Z,35.56492,129.05765,62,1500,1629.15,true,ok
GLV-T08,TRIP-GLV-T08-01,2026-08-01T07:10:00.000Z,35.56348,129.05685,63,1500,1631.49,true,ok
GLV-T08,TRIP-GLV-T08-01,2026-08-01T07:12:00.000Z,35.56204,129.05605,64,1500,1633.82,true,ok
GLV-T08,TRIP-GLV-T08-01,2026-08-01T07:14:00.000Z,35.56059,129.05525,66,1500,1636.15,true,ok
GLV-T08,TRIP-GLV-T08-01,2026-08-01T07:16:00.000Z,35.55915,129.05446,67,1500,1638.48,true,ok
GLV-T08,TRIP-GLV-T08-01,2026-08-01T07:18:00.000Z,35.55771,129.05366,69,1500,1640.82,true,ok
GLV-T08,TRIP-GLV-T08-01,2026-08-01T07:20:00.000Z,35.55626,129.05286,70,1500,1643.15,true,ok
GLV-T08,TRIP-GLV-T08-01,2026-08-01T07:22:00.000Z,35.55482,129.05206,72,1500,1645.48,true,ok
GLV-T08,TRIP-GLV-T08-01,2026-08-01T07:24:00.000Z,35.55338,129.05126,73,1500,1647.81,true,ok
GLV-T08,TRIP-GLV-T08-01,2026-08-01T07:26:00.000Z,35.55193,129.05046,74,1500,1650.15,true,ok
GLV-T08,TRIP-GLV-T08-01,2026-08-01T07:28:00.000Z,35.55049,129.04966,75,1500,1652.48,true,ok
GLV-T08,TRIP-GLV-T08-01,2026-08-01T07:30:00.000Z,35.54905,129.04887,76,1500,1654.81,true,ok
GLV-T08,TRIP-GLV-T08-01,2026-08-01T07:32:00.000Z,35.54760,129.04807,76,1500,1657.14,true,ok
GLV-T08,TRIP-GLV-T08-01,2026-08-01T07:34:00.000Z,35.54616,129.04727,76,1500,1659.48,true,ok
GLV-T08,TRIP-GLV-T08-01,2026-08-01T07:36:00.000Z,35.54472,129.04647,76,1500,1661.81,true,ok
GLV-T08,TRIP-GLV-T08-01,2026-08-01T07:38:00.000Z,35.54327,129.04567,75,1500,1664.14,true,ok
GLV-T08,TRIP-GLV-T08-01,2026-08-01T07:40:00.000Z,35.54183,129.04487,74,1500,1666.47,true,ok
GLV-T08,TRIP-GLV-T08-01,2026-08-01T07:42:00.000Z,35.54039,129.04407,73,1500,1668.80,true,ok
GLV-T08,TRIP-GLV-T08-01,2026-08-01T07:44:00.000Z,35.53894,129.04327,71,1500,1671.14,true,ok
GLV-T08,TRIP-GLV-T08-01,2026-08-01T07:46:00.000Z,35.53750,129.04248,70,1500,1673.47,true,ok
GLV-T08,TRIP-GLV-T08-01,2026-08-01T07:48:00.000Z,35.53606,129.04168,68,1500,1675.80,true,ok
GLV-T08,TRIP-GLV-T08-01,2026-08-01T07:50:00.000Z,35.53461,129.04088,67,1500,1678.13,true,ok
GLV-T08,TRIP-GLV-T08-01,2026-08-01T07:52:00.000Z,35.53317,129.04008,65,1500,1680.47,true,ok
GLV-T08,TRIP-GLV-T08-01,2026-08-01T07:54:00.000Z,35.53173,129.03928,64,1500,1682.80,true,ok
GLV-T08,TRIP-GLV-T08-01,2026-08-01T07:56:00.000Z,35.53028,129.03848,62,1500,1685.13,true,ok
GLV-T08,TRIP-GLV-T08-01,2026-08-01T07:58:00.000Z,35.52884,129.03768,61,1500,1687.46,true,ok
GLV-T08,TRIP-GLV-T08-01,2026-08-01T08:00:00.000Z,35.52740,129.03689,61,1500,1689.80,true,ok
GLV-T08,TRIP-GLV-T08-01,2026-08-01T08:02:00.000Z,35.52595,129.03609,60,1500,1692.13,true,ok
GLV-T08,TRIP-GLV-T08-01,2026-08-01T08:04:00.000Z,35.52451,129.03529,60,1500,1694.46,true,ok
GLV-T08,TRIP-GLV-T08-01,2026-08-01T08:06:00.000Z,35.52307,129.03449,60,1500,1696.79,true,ok
GLV-T08,TRIP-GLV-T08-01,2026-08-01T08:08:00.000Z,35.52162,129.03369,61,1500,1699.13,true,ok
GLV-T08,TRIP-GLV-T08-01,2026-08-01T08:10:00.000Z,35.52018,129.03289,61,1500,1701.46,true,ok
GLV-T08,TRIP-GLV-T08-01,2026-08-01T08:12:00.000Z,35.51874,129.03209,62,1500,1703.79,true,ok
GLV-T08,TRIP-GLV-T08-01,2026-08-01T08:14:00.000Z,35.51729,129.03130,64,1500,1706.12,true,ok
GLV-T08,TRIP-GLV-T08-01,2026-08-01T08:16:00.000Z,35.51585,129.03050,65,1500,1708.45,true,ok
GLV-T08,TRIP-GLV-T08-01,2026-08-01T08:18:00.000Z,35.51441,129.02970,67,1500,1710.79,true,ok
GLV-T08,TRIP-GLV-T08-01,2026-08-01T08:20:00.000Z,35.51296,129.02890,68,1500,1713.12,true,ok
GLV-T08,TRIP-GLV-T08-01,2026-08-01T08:22:00.000Z,35.51152,129.02810,70,1500,1715.45,true,ok
GLV-T08,TRIP-GLV-T08-01,2026-08-01T08:24:00.000Z,35.51008,129.02730,71,1500,1717.78,true,ok
GLV-T08,TRIP-GLV-T08-01,2026-08-01T08:26:00.000Z,35.50863,129.02650,73,1500,1720.12,true,ok
GLV-T08,TRIP-GLV-T08-01,2026-08-01T08:28:00.000Z,35.50719,129.02570,74,1500,1722.45,true,ok
GLV-T08,TRIP-GLV-T08-01,2026-08-01T08:30:00.000Z,35.50575,129.02491,75,1500,1724.78,true,ok
GLV-T08,TRIP-GLV-T08-01,2026-08-01T08:32:00.000Z,35.50430,129.02411,76,1500,1727.11,true,ok
GLV-T08,TRIP-GLV-T08-01,2026-08-01T08:34:00.000Z,35.50286,129.02331,76,1500,1729.45,true,ok
GLV-T08,TRIP-GLV-T08-01,2026-08-01T08:36:00.000Z,35.50142,129.02251,76,1500,1731.78,true,ok
GLV-T08,TRIP-GLV-T08-01,2026-08-01T08:38:00.000Z,35.49997,129.02171,76,1500,1734.11,true,ok
GLV-T08,TRIP-GLV-T08-01,2026-08-01T08:40:00.000Z,35.49853,129.02091,75,1500,1736.44,true,ok
GLV-T08,TRIP-GLV-T08-01,2026-08-01T08:42:00.000Z,35.49709,129.02011,74,1500,1738.78,true,ok
GLV-T08,TRIP-GLV-T08-01,2026-08-01T08:44:00.000Z,35.49564,129.01932,73,1500,1741.11,true,ok
GLV-T08,TRIP-GLV-T08-01,2026-08-01T08:46:00.000Z,35.49420,129.01852,72,1500,1743.44,true,ok
GLV-T08,TRIP-GLV-T08-01,2026-08-01T08:48:00.000Z,35.49276,129.01772,71,1500,1745.77,true,ok
GLV-T08,TRIP-GLV-T08-01,2026-08-01T08:50:00.000Z,35.49131,129.01692,69,1500,1748.10,true,ok
GLV-T08,TRIP-GLV-T08-01,2026-08-01T08:52:00.000Z,35.48987,129.01612,67,1500,1750.44,true,ok
GLV-T08,TRIP-GLV-T08-01,2026-08-01T08:54:00.000Z,35.48843,129.01532,66,1500,1752.77,true,ok
GLV-T08,TRIP-GLV-T08-01,2026-08-01T08:56:00.000Z,35.48698,129.01452,64,1500,1755.10,true,ok
GLV-T08,TRIP-GLV-T08-01,2026-08-01T08:58:00.000Z,35.48554,129.01373,63,1500,1757.43,true,ok
GLV-T08,TRIP-GLV-T08-01,2026-08-01T09:00:00.000Z,35.48410,129.01293,62,1500,1759.77,true,ok
GLV-T08,TRIP-GLV-T08-01,2026-08-01T09:02:00.000Z,35.48265,129.01213,61,1500,1762.10,true,ok
GLV-T08,TRIP-GLV-T08-01,2026-08-01T09:04:00.000Z,35.48121,129.01133,60,1500,1764.43,true,ok
GLV-T08,TRIP-GLV-T08-01,2026-08-01T09:06:00.000Z,35.47977,129.01053,60,1500,1766.76,true,ok
GLV-T08,TRIP-GLV-T08-01,2026-08-01T09:08:00.000Z,35.47832,129.00973,60,1500,1769.10,true,ok
GLV-T08,TRIP-GLV-T08-01,2026-08-01T09:10:00.000Z,35.47688,129.00893,60,1500,1771.43,true,ok
GLV-T08,TRIP-GLV-T08-01,2026-08-01T09:12:00.000Z,35.47544,129.00813,61,1500,1773.76,true,ok
GLV-T08,TRIP-GLV-T08-01,2026-08-01T09:14:00.000Z,35.47399,129.00734,62,1500,1776.09,true,ok
GLV-T08,TRIP-GLV-T08-01,2026-08-01T09:16:00.000Z,35.47255,129.00654,63,1500,1778.43,true,ok
GLV-T08,TRIP-GLV-T08-01,2026-08-01T09:18:00.000Z,35.47111,129.00574,64,1500,1780.76,true,ok
GLV-T08,TRIP-GLV-T08-01,2026-08-01T09:20:00.000Z,35.46966,129.00494,66,1500,1783.09,true,ok
GLV-T08,TRIP-GLV-T08-01,2026-08-01T09:22:00.000Z,35.46822,129.00414,67,1500,1785.42,true,ok
GLV-T08,TRIP-GLV-T08-01,2026-08-01T09:24:00.000Z,35.46678,129.00334,69,1500,1787.76,true,ok
GLV-T08,TRIP-GLV-T08-01,2026-08-01T09:26:00.000Z,35.46533,129.00254,71,1500,1790.09,true,ok
GLV-T08,TRIP-GLV-T08-01,2026-08-01T09:28:00.000Z,35.46389,129.00175,72,1500,1792.42,true,ok
GLV-T08,TRIP-GLV-T08-01,2026-08-01T09:30:00.000Z,35.46245,129.00095,73,1500,1794.75,true,ok
GLV-T08,TRIP-GLV-T08-01,2026-08-01T09:32:00.000Z,35.46100,129.00015,74,1500,1797.08,true,ok
GLV-T08,TRIP-GLV-T08-01,2026-08-01T09:34:00.000Z,35.45956,128.99935,75,1500,1799.42,true,ok
GLV-T08,TRIP-GLV-T08-01,2026-08-01T09:36:00.000Z,35.45812,128.99855,76,1500,1801.75,true,ok
GLV-T08,TRIP-GLV-T08-01,2026-08-01T09:38:00.000Z,35.45667,128.99775,76,1500,1804.08,true,ok
GLV-T08,TRIP-GLV-T08-01,2026-08-01T09:40:00.000Z,35.45523,128.99695,76,1500,1806.41,true,ok
GLV-T08,TRIP-GLV-T08-01,2026-08-01T09:42:00.000Z,35.45379,128.99616,75,1500,1808.75,true,ok
GLV-T08,TRIP-GLV-T08-01,2026-08-01T09:44:00.000Z,35.45234,128.99536,75,1500,1811.08,true,ok
GLV-T08,TRIP-GLV-T08-01,2026-08-01T09:46:00.000Z,35.45090,128.99456,74,1500,1813.41,true,ok
GLV-T08,TRIP-GLV-T08-01,2026-08-01T09:48:00.000Z,35.44946,128.99376,73,1500,1815.74,true,ok
GLV-T08,TRIP-GLV-T08-01,2026-08-01T09:50:00.000Z,35.44801,128.99296,71,1500,1818.08,true,ok
GLV-T08,TRIP-GLV-T08-01,2026-08-01T09:52:00.000Z,35.44657,128.99216,70,1500,1820.41,true,ok
GLV-T08,TRIP-GLV-T08-01,2026-08-01T09:54:00.000Z,35.44513,128.99136,68,1500,1822.74,true,ok
GLV-T08,TRIP-GLV-T08-01,2026-08-01T09:56:00.000Z,35.44368,128.99056,66,1500,1825.07,true,ok
GLV-T08,TRIP-GLV-T08-01,2026-08-01T09:58:00.000Z,35.44224,128.98977,65,1500,1827.41,true,ok
GLV-T08,TRIP-GLV-T08-01,2026-08-01T10:00:00.000Z,35.44080,128.98897,64,1500,1829.74,true,ok
GLV-T08,TRIP-GLV-T08-01,2026-08-01T10:02:00.000Z,35.43935,128.98817,62,1500,1832.07,true,ok
GLV-T08,TRIP-GLV-T08-01,2026-08-01T10:04:00.000Z,35.43791,128.98737,61,1500,1834.40,true,ok
GLV-T08,TRIP-GLV-T08-01,2026-08-01T10:06:00.000Z,35.43647,128.98657,61,1500,1836.73,true,ok
GLV-T08,TRIP-GLV-T08-01,2026-08-01T10:08:00.000Z,35.43502,128.98577,60,1500,1839.07,true,ok
GLV-T08,TRIP-GLV-T08-01,2026-08-01T10:10:00.000Z,35.43358,128.98497,60,1500,1841.40,true,ok
GLV-T08,TRIP-GLV-T08-01,2026-08-01T10:12:00.000Z,35.43214,128.98418,60,1500,1843.73,true,ok
GLV-T08,TRIP-GLV-T08-01,2026-08-01T10:14:00.000Z,35.43069,128.98338,61,1500,1846.06,true,ok
GLV-T08,TRIP-GLV-T08-01,2026-08-01T10:16:00.000Z,35.42925,128.98258,61,1500,1848.40,true,ok
GLV-T08,TRIP-GLV-T08-01,2026-08-01T10:18:00.000Z,35.42781,128.98178,63,1500,1850.73,true,ok
GLV-T08,TRIP-GLV-T08-01,2026-08-01T10:20:00.000Z,35.42636,128.98098,64,1500,1853.06,true,ok
GLV-T08,TRIP-GLV-T08-01,2026-08-01T10:22:00.000Z,35.42492,128.98018,65,1500,1855.39,true,ok
GLV-T08,TRIP-GLV-T08-01,2026-08-01T10:24:00.000Z,35.42348,128.97938,67,1500,1857.73,true,ok
GLV-T08,TRIP-GLV-T08-01,2026-08-01T10:26:00.000Z,35.42203,128.97859,68,1500,1860.06,true,ok
GLV-T08,TRIP-GLV-T08-01,2026-08-01T10:28:00.000Z,35.42059,128.97779,70,1500,1862.39,true,ok
GLV-T08,TRIP-GLV-T08-01,2026-08-01T10:30:00.000Z,35.41915,128.97699,71,1500,1864.72,true,ok
GLV-T08,TRIP-GLV-T08-01,2026-08-01T10:32:00.000Z,35.41770,128.97619,73,1500,1867.06,true,ok
GLV-T08,TRIP-GLV-T08-01,2026-08-01T10:34:00.000Z,35.41626,128.97539,74,1500,1869.39,true,ok
GLV-T08,TRIP-GLV-T08-01,2026-08-01T10:36:00.000Z,35.41482,128.97459,75,1500,1871.72,true,ok
GLV-T08,TRIP-GLV-T08-01,2026-08-01T10:38:00.000Z,35.41337,128.97379,76,1500,1874.05,true,ok
GLV-T08,TRIP-GLV-T08-01,2026-08-01T10:40:00.000Z,35.41193,128.97299,76,1500,1876.38,true,ok
GLV-T08,TRIP-GLV-T08-01,2026-08-01T10:42:00.000Z,35.41049,128.97220,76,1500,1878.72,true,ok
GLV-T08,TRIP-GLV-T08-01,2026-08-01T10:44:00.000Z,35.40904,128.97140,76,1500,1881.05,true,ok
GLV-T08,TRIP-GLV-T08-01,2026-08-01T10:46:00.000Z,35.40760,128.97060,75,1500,1883.38,true,ok
GLV-T08,TRIP-GLV-T08-01,2026-08-01T10:48:00.000Z,35.40616,128.96980,74,1500,1885.71,true,ok
GLV-T08,TRIP-GLV-T08-01,2026-08-01T10:50:00.000Z,35.40471,128.96900,73,1500,1888.05,true,ok
GLV-T08,TRIP-GLV-T08-01,2026-08-01T10:52:00.000Z,35.40327,128.96820,72,1500,1890.38,true,ok
GLV-T08,TRIP-GLV-T08-01,2026-08-01T10:54:00.000Z,35.40183,128.96740,70,1500,1892.71,true,ok
GLV-T08,TRIP-GLV-T08-01,2026-08-01T10:56:00.000Z,35.40038,128.96661,69,1500,1895.04,true,ok
GLV-T08,TRIP-GLV-T08-01,2026-08-01T10:58:00.000Z,35.39894,128.96581,67,1500,1897.38,true,ok
GLV-T08,TRIP-GLV-T08-01,2026-08-01T11:00:00.000Z,35.39750,128.96501,66,1500,1899.71,true,ok
GLV-T08,TRIP-GLV-T08-01,2026-08-01T11:02:00.000Z,35.39605,128.96421,64,1500,1902.04,true,ok
GLV-T08,TRIP-GLV-T08-01,2026-08-01T11:04:00.000Z,35.39461,128.96341,63,1500,1904.37,true,ok
GLV-T08,TRIP-GLV-T08-01,2026-08-01T11:06:00.000Z,35.39317,128.96261,62,1500,1906.71,true,ok
GLV-T08,TRIP-GLV-T08-01,2026-08-01T11:08:00.000Z,35.39172,128.96181,61,1500,1909.04,true,ok
GLV-T08,TRIP-GLV-T08-01,2026-08-01T11:10:00.000Z,35.39028,128.96101,60,1500,1911.37,true,ok
GLV-T08,TRIP-GLV-T08-01,2026-08-01T11:12:00.000Z,35.38884,128.96022,60,1500,1913.70,true,ok
GLV-T08,TRIP-GLV-T08-01,2026-08-01T11:14:00.000Z,35.38739,128.95942,60,1500,1916.03,true,ok
GLV-T08,TRIP-GLV-T08-01,2026-08-01T11:16:00.000Z,35.38595,128.95862,60,1500,1918.37,true,ok
GLV-T08,TRIP-GLV-T08-01,2026-08-01T11:18:00.000Z,35.38451,128.95782,61,1500,1920.70,true,ok
GLV-T08,TRIP-GLV-T08-01,2026-08-01T11:20:00.000Z,35.38306,128.95702,62,1500,1923.03,true,ok
GLV-T08,TRIP-GLV-T08-01,2026-08-01T11:22:00.000Z,35.38162,128.95622,63,1500,1925.36,true,ok
GLV-T08,TRIP-GLV-T08-01,2026-08-01T11:24:00.000Z,35.38018,128.95542,65,1500,1927.70,true,ok
GLV-T08,TRIP-GLV-T08-01,2026-08-01T11:26:00.000Z,35.37873,128.95463,66,1500,1930.03,true,ok
GLV-T08,TRIP-GLV-T08-01,2026-08-01T11:28:00.000Z,35.37729,128.95383,68,1500,1932.36,true,ok
GLV-T08,TRIP-GLV-T08-01,2026-08-01T11:30:00.000Z,35.37585,128.95303,69,1500,1934.69,true,ok
GLV-T08,TRIP-GLV-T08-01,2026-08-01T11:32:00.000Z,35.37440,128.95223,71,1500,1937.03,true,ok
GLV-T08,TRIP-GLV-T08-01,2026-08-01T11:34:00.000Z,35.37296,128.95143,72,1500,1939.36,true,ok
GLV-T08,TRIP-GLV-T08-01,2026-08-01T11:36:00.000Z,35.37152,128.95063,74,1500,1941.69,true,ok
GLV-T08,TRIP-GLV-T08-01,2026-08-01T11:38:00.000Z,35.37007,128.94983,75,1500,1944.02,true,ok
GLV-T08,TRIP-GLV-T08-01,2026-08-01T11:40:00.000Z,35.36863,128.94904,75,1500,1946.36,true,ok
GLV-T08,TRIP-GLV-T08-01,2026-08-01T11:42:00.000Z,35.36719,128.94824,76,1500,1948.69,true,ok
GLV-T08,TRIP-GLV-T08-01,2026-08-01T11:44:00.000Z,35.36574,128.94744,76,1500,1951.02,true,ok
GLV-T08,TRIP-GLV-T08-01,2026-08-01T11:46:00.000Z,35.36430,128.94664,76,1500,1953.35,true,ok
GLV-T08,TRIP-GLV-T08-01,2026-08-01T11:48:00.000Z,35.36286,128.94584,75,1500,1955.69,true,ok
GLV-T08,TRIP-GLV-T08-01,2026-08-01T11:50:00.000Z,35.36141,128.94504,75,1500,1958.02,true,ok
GLV-T08,TRIP-GLV-T08-01,2026-08-01T11:52:00.000Z,35.35997,128.94424,74,1500,1960.35,true,ok
GLV-T08,TRIP-GLV-T08-01,2026-08-01T11:54:00.000Z,35.35853,128.94344,72,1500,1962.68,true,ok
GLV-T08,TRIP-GLV-T08-01,2026-08-01T11:56:00.000Z,35.35708,128.94265,71,1500,1965.01,true,ok
GLV-T08,TRIP-GLV-T08-01,2026-08-01T11:58:00.000Z,35.35564,128.94185,69,1500,1967.35,true,ok
GLV-T08,TRIP-GLV-T08-01,2026-08-01T12:00:00.000Z,35.35420,128.94105,68,1500,1969.68,true,ok
GLV-T08,TRIP-GLV-T08-01,2026-08-01T12:02:00.000Z,35.35275,128.94025,66,1500,1972.01,true,ok
GLV-T08,TRIP-GLV-T08-01,2026-08-01T12:04:00.000Z,35.35131,128.93945,65,1500,1974.34,true,ok
GLV-T08,TRIP-GLV-T08-01,2026-08-01T12:06:00.000Z,35.34987,128.93865,63,1500,1976.68,true,ok
GLV-T08,TRIP-GLV-T08-01,2026-08-01T12:08:00.000Z,35.34842,128.93785,62,1500,1979.01,true,ok
GLV-T08,TRIP-GLV-T08-01,2026-08-01T12:10:00.000Z,35.34698,128.93706,61,1500,1981.34,true,ok
GLV-T08,TRIP-GLV-T08-01,2026-08-01T12:12:00.000Z,35.34554,128.93626,60,1500,1983.67,true,ok
GLV-T08,TRIP-GLV-T08-01,2026-08-01T12:14:00.000Z,35.34409,128.93546,60,1500,1986.01,true,ok
GLV-T08,TRIP-GLV-T08-01,2026-08-01T12:16:00.000Z,35.34265,128.93466,60,1500,1988.34,true,ok
GLV-T08,TRIP-GLV-T08-01,2026-08-01T12:18:00.000Z,35.34121,128.93386,60,1500,1990.67,true,ok
GLV-T08,TRIP-GLV-T08-01,2026-08-01T12:20:00.000Z,35.33976,128.93306,61,1500,1993.00,true,ok
GLV-T08,TRIP-GLV-T08-01,2026-08-01T12:22:00.000Z,35.33832,128.93226,62,1500,1995.34,true,ok
GLV-T08,TRIP-GLV-T08-01,2026-08-01T12:24:00.000Z,35.33688,128.93147,63,1500,1997.67,true,ok
GLV-T08,TRIP-GLV-T08-01,2026-08-01T12:26:00.000Z,35.33543,128.93067,64,1500,2000.00,true,ok
GLV-T08,TRIP-GLV-T08-01,2026-08-01T12:28:00.000Z,35.33399,128.92987,66,1500,2002.33,true,ok
GLV-T08,TRIP-GLV-T08-01,2026-08-01T12:30:00.000Z,35.33255,128.92907,67,1500,2004.66,true,ok
GLV-T08,TRIP-GLV-T08-01,2026-08-01T12:32:00.000Z,35.33110,128.92827,69,1500,2007.00,true,ok
GLV-T08,TRIP-GLV-T08-01,2026-08-01T12:34:00.000Z,35.32966,128.92747,70,1500,2009.33,true,ok
GLV-T08,TRIP-GLV-T08-01,2026-08-01T12:36:00.000Z,35.32822,128.92667,72,1500,2011.66,true,ok
GLV-T08,TRIP-GLV-T08-01,2026-08-01T12:38:00.000Z,35.32677,128.92587,73,1500,2013.99,true,ok
GLV-T08,TRIP-GLV-T08-01,2026-08-01T12:40:00.000Z,35.32533,128.92508,74,1500,2016.33,true,ok
GLV-T08,TRIP-GLV-T08-01,2026-08-01T12:42:00.000Z,35.32389,128.92428,75,1500,2018.66,true,ok
GLV-T08,TRIP-GLV-T08-01,2026-08-01T12:44:00.000Z,35.32244,128.92348,76,1500,2020.99,true,ok
GLV-T08,TRIP-GLV-T08-01,2026-08-01T12:46:00.000Z,35.32100,128.92268,76,1500,2023.32,true,ok
GLV-T08,TRIP-GLV-T08-01,2026-08-01T12:48:00.000Z,35.31956,128.92188,76,1500,2025.66,true,ok
GLV-T08,TRIP-GLV-T08-01,2026-08-01T12:50:00.000Z,35.31811,128.92108,76,1500,2027.99,true,ok
GLV-T08,TRIP-GLV-T08-01,2026-08-01T12:52:00.000Z,35.31667,128.92028,75,1500,2030.32,true,ok
GLV-T08,TRIP-GLV-T08-01,2026-08-01T12:54:00.000Z,35.31523,128.91949,74,1500,2032.65,true,ok
GLV-T08,TRIP-GLV-T08-01,2026-08-01T12:56:00.000Z,35.31378,128.91869,73,1500,2034.99,true,ok
GLV-T08,TRIP-GLV-T08-01,2026-08-01T12:58:00.000Z,35.31234,128.91789,72,1500,2037.32,true,ok
GLV-T08,TRIP-GLV-T08-01,2026-08-01T13:00:00.000Z,35.31090,128.91709,70,1500,2039.65,true,ok
GLV-T08,TRIP-GLV-T08-01,2026-08-01T13:02:00.000Z,35.30945,128.91629,68,1500,2041.98,true,ok
GLV-T08,TRIP-GLV-T08-01,2026-08-01T13:04:00.000Z,35.30801,128.91549,67,1500,2044.31,true,ok
GLV-T08,TRIP-GLV-T08-01,2026-08-01T13:06:00.000Z,35.30657,128.91469,65,1500,2046.65,true,ok
GLV-T08,TRIP-GLV-T08-01,2026-08-01T13:08:00.000Z,35.30512,128.91390,64,1500,2048.98,true,ok
GLV-T08,TRIP-GLV-T08-01,2026-08-01T13:10:00.000Z,35.30368,128.91310,63,1500,2051.31,true,ok
GLV-T08,TRIP-GLV-T08-01,2026-08-01T13:12:00.000Z,35.30224,128.91230,62,1500,2053.64,true,ok
GLV-T08,TRIP-GLV-T08-01,2026-08-01T13:14:00.000Z,35.30079,128.91150,61,1500,2055.98,true,ok
GLV-T08,TRIP-GLV-T08-01,2026-08-01T13:16:00.000Z,35.29935,128.91070,60,1500,2058.31,true,ok
GLV-T08,TRIP-GLV-T08-01,2026-08-01T13:18:00.000Z,35.29791,128.90990,60,1500,2060.64,true,ok
GLV-T08,TRIP-GLV-T08-01,2026-08-01T13:20:00.000Z,35.29646,128.90910,60,1500,2062.97,true,ok
GLV-T08,TRIP-GLV-T08-01,2026-08-01T13:22:00.000Z,35.29502,128.90830,61,1500,2065.31,true,ok
GLV-T08,TRIP-GLV-T08-01,2026-08-01T13:24:00.000Z,35.29358,128.90751,61,1500,2067.64,true,ok
GLV-T08,TRIP-GLV-T08-01,2026-08-01T13:26:00.000Z,35.29213,128.90671,62,1500,2069.97,true,ok
GLV-T08,TRIP-GLV-T08-01,2026-08-01T13:28:00.000Z,35.29069,128.90591,63,1500,2072.30,true,ok
GLV-T08,TRIP-GLV-T08-01,2026-08-01T13:30:00.000Z,35.28925,128.90511,65,1500,2074.64,true,ok
GLV-T08,TRIP-GLV-T08-01,2026-08-01T13:32:00.000Z,35.28780,128.90431,66,1500,2076.97,true,ok
GLV-T08,TRIP-GLV-T08-01,2026-08-01T13:34:00.000Z,35.28636,128.90351,68,1500,2079.30,true,ok
GLV-T08,TRIP-GLV-T08-01,2026-08-01T13:36:00.000Z,35.28492,128.90271,70,1500,2081.63,true,ok
GLV-T08,TRIP-GLV-T08-01,2026-08-01T13:38:00.000Z,35.28347,128.90192,71,1500,2083.97,true,ok
GLV-T08,TRIP-GLV-T08-01,2026-08-01T13:40:00.000Z,35.28203,128.90112,73,1500,2086.30,true,ok
GLV-T08,TRIP-GLV-T08-01,2026-08-01T13:42:00.000Z,35.28059,128.90032,74,1500,2088.63,true,ok
GLV-T08,TRIP-GLV-T08-01,2026-08-01T13:44:00.000Z,35.27914,128.89952,75,1500,2090.96,true,ok
GLV-T08,TRIP-GLV-T08-01,2026-08-01T13:46:00.000Z,35.27770,128.89872,75,1500,2093.29,true,ok
GLV-T08,TRIP-GLV-T08-01,2026-08-01T13:48:00.000Z,35.27626,128.89792,76,1500,2095.63,true,ok
GLV-T08,TRIP-GLV-T08-01,2026-08-01T13:50:00.000Z,35.27481,128.89712,76,1500,2097.96,true,ok
GLV-T08,TRIP-GLV-T08-01,2026-08-01T13:52:00.000Z,35.27337,128.89633,76,1500,2100.29,true,ok
GLV-T08,TRIP-GLV-T08-01,2026-08-01T13:54:00.000Z,35.27193,128.89553,75,1500,2102.62,true,ok
GLV-T08,TRIP-GLV-T08-01,2026-08-01T13:56:00.000Z,35.27048,128.89473,74,1500,2104.96,true,ok
GLV-T08,TRIP-GLV-T08-01,2026-08-01T13:58:00.000Z,35.26904,128.89393,73,1500,2107.29,true,ok
GLV-T08,TRIP-GLV-T08-01,2026-08-01T14:00:00.000Z,35.26760,128.89313,72,1500,2109.62,true,ok
GLV-T08,TRIP-GLV-T08-01,2026-08-01T14:02:00.000Z,35.26615,128.89233,71,1500,2111.95,true,ok
GLV-T08,TRIP-GLV-T08-01,2026-08-01T14:04:00.000Z,35.26471,128.89153,69,1500,2114.29,true,ok
GLV-T08,TRIP-GLV-T08-01,2026-08-01T14:06:00.000Z,35.26327,128.89073,68,1500,2116.62,true,ok
GLV-T08,TRIP-GLV-T08-01,2026-08-01T14:08:00.000Z,35.26182,128.88994,66,1500,2118.95,true,ok
GLV-T08,TRIP-GLV-T08-01,2026-08-01T14:10:00.000Z,35.26038,128.88914,64,1500,2121.28,true,ok
GLV-T08,TRIP-GLV-T08-01,2026-08-01T14:12:00.000Z,35.25894,128.88834,63,1500,2123.62,true,ok
GLV-T08,TRIP-GLV-T08-01,2026-08-01T14:14:00.000Z,35.25749,128.88754,62,1500,2125.95,true,ok
GLV-T08,TRIP-GLV-T08-01,2026-08-01T14:16:00.000Z,35.25605,128.88674,61,1500,2128.28,true,ok
GLV-T08,TRIP-GLV-T08-01,2026-08-01T14:18:00.000Z,35.25461,128.88594,60,1500,2130.61,true,ok
GLV-T08,TRIP-GLV-T08-01,2026-08-01T14:20:00.000Z,35.25316,128.88514,60,1500,2132.94,true,ok
GLV-T08,TRIP-GLV-T08-01,2026-08-01T14:22:00.000Z,35.25172,128.88435,60,1500,2135.28,true,ok
GLV-T08,TRIP-GLV-T08-01,2026-08-01T14:24:00.000Z,35.25028,128.88355,60,1500,2137.61,true,ok
GLV-T08,TRIP-GLV-T08-01,2026-08-01T14:26:00.000Z,35.24883,128.88275,61,1500,2139.94,true,ok
GLV-T08,TRIP-GLV-T08-01,2026-08-01T14:28:00.000Z,35.24739,128.88195,62,1500,2142.27,true,ok
GLV-T08,TRIP-GLV-T08-01,2026-08-01T14:30:00.000Z,35.24595,128.88115,63,1500,2144.61,true,ok
GLV-T08,TRIP-GLV-T08-01,2026-08-01T14:32:00.000Z,35.24450,128.88035,64,1500,2146.94,true,ok
GLV-T08,TRIP-GLV-T08-01,2026-08-01T14:34:00.000Z,35.24306,128.87955,66,1500,2149.27,true,ok
GLV-T08,TRIP-GLV-T08-01,2026-08-01T14:36:00.000Z,35.24162,128.87876,67,1500,2151.60,true,ok
GLV-T08,TRIP-GLV-T08-01,2026-08-01T14:38:00.000Z,35.24017,128.87796,69,1500,2153.94,true,ok
GLV-T08,TRIP-GLV-T08-01,2026-08-01T14:40:00.000Z,35.23873,128.87716,71,1500,2156.27,true,ok
GLV-T08,TRIP-GLV-T08-01,2026-08-01T14:42:00.000Z,35.23729,128.87636,72,1500,2158.60,true,ok
GLV-T08,TRIP-GLV-T08-01,2026-08-01T14:44:00.000Z,35.23584,128.87556,73,1500,2160.93,true,ok
GLV-T08,TRIP-GLV-T08-01,2026-08-01T14:46:00.000Z,35.23440,128.87476,74,1500,2163.27,true,ok
GLV-T08,TRIP-GLV-T08-01,2026-08-01T14:48:00.000Z,35.23296,128.87396,75,1500,2165.60,true,ok
GLV-T08,TRIP-GLV-T08-01,2026-08-01T14:50:00.000Z,35.23151,128.87316,76,1500,2167.93,true,ok
GLV-T08,TRIP-GLV-T08-01,2026-08-01T14:52:00.000Z,35.23007,128.87237,76,1500,2170.26,true,ok
GLV-T08,TRIP-GLV-T08-01,2026-08-01T14:54:00.000Z,35.22863,128.87157,76,1500,2172.59,true,ok
GLV-T08,TRIP-GLV-T08-01,2026-08-01T14:56:00.000Z,35.22718,128.87077,76,1500,2174.93,true,ok
GLV-T08,TRIP-GLV-T08-01,2026-08-01T14:58:00.000Z,35.22574,128.86997,75,1500,2177.26,true,ok
GLV-T08,TRIP-GLV-T08-01,2026-08-01T15:00:00.000Z,35.22430,128.86917,74,1500,2179.59,true,ok
GLV-T08,TRIP-GLV-T08-01,2026-08-01T15:02:00.000Z,35.22285,128.86837,73,1500,2181.92,true,ok
GLV-T08,TRIP-GLV-T08-01,2026-08-01T15:04:00.000Z,35.22141,128.86757,71,1500,2184.26,true,ok
GLV-T08,TRIP-GLV-T08-01,2026-08-01T15:06:00.000Z,35.21997,128.86678,70,1500,2186.59,true,ok
GLV-T08,TRIP-GLV-T08-01,2026-08-01T15:08:00.000Z,35.21852,128.86598,68,1500,2188.92,true,ok
GLV-T08,TRIP-GLV-T08-01,2026-08-01T15:10:00.000Z,35.21708,128.86518,67,1500,2191.25,true,ok
GLV-T08,TRIP-GLV-T08-01,2026-08-01T15:12:00.000Z,35.21564,128.86438,65,1500,2193.59,true,ok
GLV-T08,TRIP-GLV-T08-01,2026-08-01T15:14:00.000Z,35.21419,128.86358,64,1500,2195.92,true,ok
GLV-T08,TRIP-GLV-T08-01,2026-08-01T15:16:00.000Z,35.21275,128.86278,62,1500,2198.25,true,ok
GLV-T08,TRIP-GLV-T08-01,2026-08-01T15:18:00.000Z,35.21131,128.86198,61,1500,2200.58,true,ok
GLV-T08,TRIP-GLV-T08-01,2026-08-01T15:20:00.000Z,35.20986,128.86119,61,1500,2202.92,true,ok
GLV-T08,TRIP-GLV-T08-01,2026-08-01T15:22:00.000Z,35.20842,128.86039,60,1500,2205.25,true,ok
GLV-T08,TRIP-GLV-T08-01,2026-08-01T15:24:00.000Z,35.20698,128.85959,60,1500,2207.58,true,ok
GLV-T08,TRIP-GLV-T08-01,2026-08-01T15:26:00.000Z,35.20553,128.85879,60,1500,2209.91,true,ok
GLV-T08,TRIP-GLV-T08-01,2026-08-01T15:28:00.000Z,35.20409,128.85799,61,1500,2212.24,true,ok
GLV-T08,TRIP-GLV-T08-01,2026-08-01T15:30:00.000Z,35.20265,128.85719,61,1500,2214.58,true,ok
GLV-T08,TRIP-GLV-T08-01,2026-08-01T15:32:00.000Z,35.20120,128.85639,62,1500,2216.91,true,ok
GLV-T08,TRIP-GLV-T08-01,2026-08-01T15:34:00.000Z,35.19976,128.85559,64,1500,2219.24,true,ok
GLV-T08,TRIP-GLV-T08-01,2026-08-01T15:36:00.000Z,35.19832,128.85480,65,1500,2221.57,true,ok
GLV-T08,TRIP-GLV-T08-01,2026-08-01T15:38:00.000Z,35.19687,128.85400,67,1500,2223.91,true,ok
GLV-T08,TRIP-GLV-T08-01,2026-08-01T15:40:00.000Z,35.19543,128.85320,68,1500,2226.24,true,ok
GLV-T08,TRIP-GLV-T08-01,2026-08-01T15:42:00.000Z,35.19399,128.85240,70,1500,2228.57,true,ok
GLV-T08,TRIP-GLV-T08-01,2026-08-01T15:44:00.000Z,35.19254,128.85160,71,1500,2230.90,true,ok
GLV-T08,TRIP-GLV-T08-01,2026-08-01T15:46:00.000Z,35.19110,128.85080,73,1500,2233.24,true,ok
GLV-T08,TRIP-GLV-T08-01,2026-08-01T15:48:00.000Z,35.18966,128.85000,74,1500,2235.57,true,ok
GLV-T08,TRIP-GLV-T08-01,2026-08-01T15:50:00.000Z,35.18821,128.84921,75,1500,2237.90,true,ok
GLV-T08,TRIP-GLV-T08-01,2026-08-01T15:52:00.000Z,35.18677,128.84841,76,1500,2240.23,true,ok
GLV-T08,TRIP-GLV-T08-01,2026-08-01T15:54:00.000Z,35.18533,128.84761,76,1500,2242.57,true,ok
GLV-T08,TRIP-GLV-T08-01,2026-08-01T15:56:00.000Z,35.18388,128.84681,76,1500,2244.90,true,ok
GLV-T08,TRIP-GLV-T08-01,2026-08-01T15:58:00.000Z,35.18244,128.84601,76,1500,2247.23,true,ok
GLV-T08,TRIP-GLV-T08-01,2026-08-01T16:00:00.000Z,35.18100,128.84521,75,1500,2249.56,true,ok
GLV-T08,TRIP-GLV-T08-01,2026-08-01T16:02:00.000Z,35.17955,128.84441,74,1500,2251.90,true,ok
GLV-T08,TRIP-GLV-T08-01,2026-08-01T16:04:00.000Z,35.17811,128.84361,73,1500,2254.23,true,ok
GLV-T08,TRIP-GLV-T08-01,2026-08-01T16:06:00.000Z,35.17667,128.84282,72,1500,2256.56,true,ok
GLV-T08,TRIP-GLV-T08-01,2026-08-01T16:08:00.000Z,35.17522,128.84202,70,1500,2258.89,true,ok
GLV-T08,TRIP-GLV-T08-01,2026-08-01T16:10:00.000Z,35.17378,128.84122,69,1500,2261.22,true,ok
GLV-T08,TRIP-GLV-T08-01,2026-08-01T16:12:00.000Z,35.17234,128.84042,67,1500,2263.56,true,ok
GLV-T08,TRIP-GLV-T08-01,2026-08-01T16:14:00.000Z,35.17089,128.83962,66,1500,2265.89,true,ok
GLV-T08,TRIP-GLV-T08-01,2026-08-01T16:16:00.000Z,35.16945,128.83882,64,1500,2268.22,true,ok
GLV-T08,TRIP-GLV-T08-01,2026-08-01T16:18:00.000Z,35.16801,128.83802,63,1500,2270.55,true,ok
GLV-T08,TRIP-GLV-T08-01,2026-08-01T16:20:00.000Z,35.16656,128.83723,62,1500,2272.89,true,ok
GLV-T08,TRIP-GLV-T08-01,2026-08-01T16:22:00.000Z,35.16512,128.83643,61,1500,2275.22,true,ok
GLV-T08,TRIP-GLV-T08-01,2026-08-01T16:24:00.000Z,35.16368,128.83563,60,1500,2277.55,true,ok
GLV-T08,TRIP-GLV-T08-01,2026-08-01T16:26:00.000Z,35.16223,128.83483,60,1500,2279.88,true,ok
GLV-T08,TRIP-GLV-T08-01,2026-08-01T16:28:00.000Z,35.16079,128.83403,60,1500,2282.22,true,ok
GLV-T08,TRIP-GLV-T08-01,2026-08-01T16:30:00.000Z,35.15935,128.83323,60,1500,2284.55,true,ok
GLV-T08,TRIP-GLV-T08-01,2026-08-01T16:32:00.000Z,35.15790,128.83243,61,1500,2286.88,true,ok
GLV-T08,TRIP-GLV-T08-01,2026-08-01T16:34:00.000Z,35.15646,128.83164,62,1500,2289.21,true,ok
GLV-T08,TRIP-GLV-T08-01,2026-08-01T16:36:00.000Z,35.15502,128.83084,63,1500,2291.55,true,ok
GLV-T08,TRIP-GLV-T08-01,2026-08-01T16:38:00.000Z,35.15357,128.83004,65,1500,2293.88,true,ok
GLV-T08,TRIP-GLV-T08-01,2026-08-01T16:40:00.000Z,35.15213,128.82924,66,1500,2296.21,true,ok
GLV-T08,TRIP-GLV-T08-01,2026-08-01T16:42:00.000Z,35.15069,128.82844,68,1500,2298.54,true,ok
GLV-T08,TRIP-GLV-T08-01,2026-08-01T16:44:00.000Z,35.14924,128.82764,69,1500,2300.87,true,ok
GLV-T08,TRIP-GLV-T08-01,2026-08-01T16:46:00.000Z,35.14780,128.82684,71,1500,2303.21,true,ok
GLV-T08,TRIP-GLV-T08-01,2026-08-01T16:48:00.000Z,35.14636,128.82604,72,1500,2305.54,true,ok
GLV-T08,TRIP-GLV-T08-01,2026-08-01T16:50:00.000Z,35.14491,128.82525,73,1500,2307.87,true,ok
GLV-T08,TRIP-GLV-T08-01,2026-08-01T16:52:00.000Z,35.14347,128.82445,75,1500,2310.20,true,ok
GLV-T08,TRIP-GLV-T08-01,2026-08-01T16:54:00.000Z,35.14203,128.82365,75,1500,2312.54,true,ok
GLV-T08,TRIP-GLV-T08-01,2026-08-01T16:56:00.000Z,35.14058,128.82285,76,1500,2314.87,true,ok
GLV-T08,TRIP-GLV-T08-01,2026-08-01T16:58:00.000Z,35.13914,128.82205,76,1500,2317.20,true,ok
GLV-T08,TRIP-GLV-T08-01,2026-08-01T17:00:00.000Z,35.13770,128.82125,76,1500,2319.53,true,ok
GLV-T08,TRIP-GLV-T08-01,2026-08-01T17:02:00.000Z,35.13625,128.82045,75,1500,2321.87,true,ok
GLV-T08,TRIP-GLV-T08-01,2026-08-01T17:04:00.000Z,35.13481,128.81966,75,1500,2324.20,true,ok
GLV-T08,TRIP-GLV-T08-01,2026-08-01T17:06:00.000Z,35.13337,128.81886,74,1500,2326.53,true,ok
GLV-T08,TRIP-GLV-T08-01,2026-08-01T17:08:00.000Z,35.13192,128.81806,72,1500,2328.86,true,ok
GLV-T08,TRIP-GLV-T08-01,2026-08-01T17:10:00.000Z,35.13048,128.81726,71,1500,2331.20,true,ok
GLV-T08,TRIP-GLV-T08-01,2026-08-01T17:12:00.000Z,35.12904,128.81646,70,1500,2333.53,true,ok
GLV-T08,TRIP-GLV-T08-01,2026-08-01T17:14:00.000Z,35.12759,128.81566,68,1500,2335.86,true,ok
GLV-T08,TRIP-GLV-T08-01,2026-08-01T17:16:00.000Z,35.12615,128.81486,66,1500,2338.19,true,ok
GLV-T08,TRIP-GLV-T08-01,2026-08-01T17:18:00.000Z,35.12471,128.81407,65,1500,2340.52,true,ok
GLV-T08,TRIP-GLV-T08-01,2026-08-01T17:20:00.000Z,35.12326,128.81327,63,1500,2342.86,true,ok
GLV-T08,TRIP-GLV-T08-01,2026-08-01T17:22:00.000Z,35.12182,128.81247,62,1500,2345.19,true,ok
GLV-T08,TRIP-GLV-T08-01,2026-08-01T17:24:00.000Z,35.12038,128.81167,61,1500,2347.52,true,ok
GLV-T08,TRIP-GLV-T08-01,2026-08-01T17:26:00.000Z,35.11893,128.81087,61,1500,2349.85,true,ok
GLV-T08,TRIP-GLV-T08-01,2026-08-01T17:28:00.000Z,35.11749,128.81007,60,1500,2352.19,true,ok
GLV-T08,TRIP-GLV-T08-01,2026-08-01T17:30:00.000Z,35.11605,128.80927,60,1500,2354.52,true,ok
GLV-T08,TRIP-GLV-T08-01,2026-08-01T17:32:00.000Z,35.11460,128.80847,60,1500,2356.85,true,ok
GLV-T08,TRIP-GLV-T08-01,2026-08-01T17:34:00.000Z,35.11316,128.80768,61,1500,2359.18,true,ok
GLV-T08,TRIP-GLV-T08-01,2026-08-01T17:36:00.000Z,35.11172,128.80688,62,1500,2361.52,true,ok
GLV-T08,TRIP-GLV-T08-01,2026-08-01T17:38:00.000Z,35.11027,128.80608,63,1500,2363.85,true,ok
GLV-T08,TRIP-GLV-T08-01,2026-08-01T17:40:00.000Z,35.10883,128.80528,64,1500,2366.18,true,ok
GLV-T08,TRIP-GLV-T08-01,2026-08-01T17:42:00.000Z,35.10739,128.80448,65,1500,2368.51,true,ok
GLV-T08,TRIP-GLV-T08-01,2026-08-01T17:44:00.000Z,35.10594,128.80368,67,1500,2370.85,true,ok
GLV-T08,TRIP-GLV-T08-01,2026-08-01T17:46:00.000Z,35.10450,128.80288,69,1500,2373.18,true,ok
GLV-T08,TRIP-GLV-T08-01,2026-08-01T17:48:00.000Z,35.10306,128.80209,70,1500,2375.51,true,ok
GLV-T08,TRIP-GLV-T08-01,2026-08-01T17:50:00.000Z,35.10161,128.80129,72,1500,2377.84,true,ok
GLV-T08,TRIP-GLV-T08-01,2026-08-01T17:52:00.000Z,35.10017,128.80049,73,1500,2380.17,true,ok
GLV-T08,TRIP-GLV-T08-01,2026-08-01T17:54:00.000Z,35.09873,128.79969,74,1500,2382.51,true,ok
GLV-T08,TRIP-GLV-T08-01,2026-08-01T17:56:00.000Z,35.09728,128.79889,75,1500,2384.84,true,ok
GLV-T08,TRIP-GLV-T08-01,2026-08-01T17:58:00.000Z,35.09584,128.79809,76,1500,2387.17,true,ok
GLV-T08,TRIP-GLV-T08-01,2026-08-01T18:00:00.000Z,35.09440,128.79729,76,1500,2389.50,true,ok
GLV-T08,TRIP-GLV-T08-01,2026-08-01T18:02:00.000Z,35.09295,128.79650,76,1500,2391.84,true,ok
GLV-T08,TRIP-GLV-T08-01,2026-08-01T18:04:00.000Z,35.09151,128.79570,76,1500,2394.17,true,ok
GLV-T08,TRIP-GLV-T08-01,2026-08-01T18:06:00.000Z,35.09007,128.79490,75,1500,2396.50,true,ok
GLV-T08,TRIP-GLV-T08-01,2026-08-01T18:08:00.000Z,35.08862,128.79410,74,1500,2398.83,true,ok
GLV-T09,TRIP-GLV-T09-01,2026-07-31T21:00:00.000Z,35.08790,128.79370,68,1500,0.00,false,ok
GLV-T09,TRIP-GLV-T09-01,2026-07-31T21:02:00.000Z,35.08947,128.79457,70,1500,2.33,false,ok
GLV-T09,TRIP-GLV-T09-01,2026-07-31T21:04:00.000Z,35.09105,128.79544,71,1500,4.67,false,ok
GLV-T09,TRIP-GLV-T09-01,2026-07-31T21:06:00.000Z,35.09262,128.79631,73,1500,7.00,false,ok
GLV-T09,TRIP-GLV-T09-01,2026-07-31T21:08:00.000Z,35.09420,128.79719,74,1500,9.33,false,ok
GLV-T09,TRIP-GLV-T09-01,2026-07-31T21:10:00.000Z,35.09577,128.79806,75,1500,11.66,false,ok
GLV-T09,TRIP-GLV-T09-01,2026-07-31T21:12:00.000Z,35.09735,128.79893,75,1500,14.00,false,ok
GLV-T09,TRIP-GLV-T09-01,2026-07-31T21:14:00.000Z,35.09892,128.79980,76,1500,16.33,false,ok
GLV-T09,TRIP-GLV-T09-01,2026-07-31T21:16:00.000Z,35.10050,128.80067,76,1500,18.66,false,ok
GLV-T09,TRIP-GLV-T09-01,2026-07-31T21:18:00.000Z,35.10207,128.80154,76,1500,21.00,false,ok
GLV-T09,TRIP-GLV-T09-01,2026-07-31T21:20:00.000Z,35.10365,128.80241,75,1500,23.33,false,ok
GLV-T09,TRIP-GLV-T09-01,2026-07-31T21:22:00.000Z,35.10522,128.80329,74,1500,25.66,false,ok
GLV-T09,TRIP-GLV-T09-01,2026-07-31T21:24:00.000Z,35.10680,128.80416,73,1500,28.00,false,ok
GLV-T09,TRIP-GLV-T09-01,2026-07-31T21:26:00.000Z,35.10837,128.80503,72,1500,30.33,false,ok
GLV-T09,TRIP-GLV-T09-01,2026-07-31T21:28:00.000Z,35.10995,128.80590,71,1500,32.66,false,ok
GLV-T09,TRIP-GLV-T09-01,2026-07-31T21:30:00.000Z,35.11152,128.80677,69,1500,34.99,false,ok
GLV-T09,TRIP-GLV-T09-01,2026-07-31T21:32:00.000Z,35.11310,128.80764,68,1500,37.33,false,ok
GLV-T09,TRIP-GLV-T09-01,2026-07-31T21:34:00.000Z,35.11467,128.80852,66,1500,39.66,false,ok
GLV-T09,TRIP-GLV-T09-01,2026-07-31T21:36:00.000Z,35.11625,128.80939,64,1500,41.99,false,ok
GLV-T09,TRIP-GLV-T09-01,2026-07-31T21:38:00.000Z,35.11782,128.81026,63,1500,44.33,false,ok
GLV-T09,TRIP-GLV-T09-01,2026-07-31T21:40:00.000Z,35.11940,128.81113,62,1500,46.66,false,ok
GLV-T09,TRIP-GLV-T09-01,2026-07-31T21:42:00.000Z,35.12097,128.81200,61,1500,48.99,false,ok
GLV-T09,TRIP-GLV-T09-01,2026-07-31T21:44:00.000Z,35.12255,128.81287,60,1500,51.33,false,ok
GLV-T09,TRIP-GLV-T09-01,2026-07-31T21:46:00.000Z,35.12412,128.81374,60,1500,53.66,false,ok
GLV-T09,TRIP-GLV-T09-01,2026-07-31T21:48:00.000Z,35.12570,128.81462,60,1500,55.99,false,ok
GLV-T09,TRIP-GLV-T09-01,2026-07-31T21:50:00.000Z,35.12727,128.81549,60,1500,58.32,false,ok
GLV-T09,TRIP-GLV-T09-01,2026-07-31T21:52:00.000Z,35.12885,128.81636,61,1500,60.66,false,ok
GLV-T09,TRIP-GLV-T09-01,2026-07-31T21:54:00.000Z,35.13042,128.81723,62,1500,62.99,false,ok
GLV-T09,TRIP-GLV-T09-01,2026-07-31T21:56:00.000Z,35.13200,128.81810,63,1500,65.32,false,ok
GLV-T09,TRIP-GLV-T09-01,2026-07-31T21:58:00.000Z,35.13357,128.81897,64,1500,67.66,false,ok
GLV-T09,TRIP-GLV-T09-01,2026-07-31T22:00:00.000Z,35.13515,128.81984,66,1500,69.99,false,ok
GLV-T09,TRIP-GLV-T09-01,2026-07-31T22:02:00.000Z,35.13672,128.82072,67,1500,72.32,false,ok
GLV-T09,TRIP-GLV-T09-01,2026-07-31T22:04:00.000Z,35.13830,128.82159,69,1500,74.66,false,ok
GLV-T09,TRIP-GLV-T09-01,2026-07-31T22:06:00.000Z,35.13987,128.82246,70,1500,76.99,false,ok
GLV-T09,TRIP-GLV-T09-01,2026-07-31T22:08:00.000Z,35.14145,128.82333,72,1500,79.32,false,ok
GLV-T09,TRIP-GLV-T09-01,2026-07-31T22:10:00.000Z,35.14302,128.82420,73,1500,81.65,false,ok
GLV-T09,TRIP-GLV-T09-01,2026-07-31T22:12:00.000Z,35.14460,128.82507,74,1500,83.99,false,ok
GLV-T09,TRIP-GLV-T09-01,2026-07-31T22:14:00.000Z,35.14617,128.82594,75,1500,86.32,false,ok
GLV-T09,TRIP-GLV-T09-01,2026-07-31T22:16:00.000Z,35.14775,128.82682,76,1500,88.65,false,ok
GLV-T09,TRIP-GLV-T09-01,2026-07-31T22:18:00.000Z,35.14932,128.82769,76,1500,90.99,false,ok
GLV-T09,TRIP-GLV-T09-01,2026-07-31T22:20:00.000Z,35.15090,128.82856,76,1500,93.32,false,ok
GLV-T09,TRIP-GLV-T09-01,2026-07-31T22:22:00.000Z,35.15247,128.82943,76,1500,95.65,false,ok
GLV-T09,TRIP-GLV-T09-01,2026-07-31T22:24:00.000Z,35.15405,128.83030,75,1500,97.99,false,ok
GLV-T09,TRIP-GLV-T09-01,2026-07-31T22:26:00.000Z,35.15562,128.83117,74,1500,100.32,false,ok
GLV-T09,TRIP-GLV-T09-01,2026-07-31T22:28:00.000Z,35.15720,128.83204,73,1500,102.65,false,ok
GLV-T09,TRIP-GLV-T09-01,2026-07-31T22:30:00.000Z,35.15877,128.83292,71,1500,104.98,false,ok
GLV-T09,TRIP-GLV-T09-01,2026-07-31T22:32:00.000Z,35.16035,128.83379,70,1500,107.32,false,ok
GLV-T09,TRIP-GLV-T09-01,2026-07-31T22:34:00.000Z,35.16192,128.83466,68,1500,109.65,false,ok
GLV-T09,TRIP-GLV-T09-01,2026-07-31T22:36:00.000Z,35.16350,128.83553,67,1500,111.98,false,ok
GLV-T09,TRIP-GLV-T09-01,2026-07-31T22:38:00.000Z,35.16507,128.83640,65,1500,114.32,false,ok
GLV-T09,TRIP-GLV-T09-01,2026-07-31T22:40:00.000Z,35.16665,128.83727,64,1500,116.65,false,ok
GLV-T09,TRIP-GLV-T09-01,2026-07-31T22:42:00.000Z,35.16822,128.83815,62,1500,118.98,false,ok
GLV-T09,TRIP-GLV-T09-01,2026-07-31T22:44:00.000Z,35.16980,128.83902,61,1500,121.31,false,ok
GLV-T09,TRIP-GLV-T09-01,2026-07-31T22:46:00.000Z,35.17137,128.83989,61,1500,123.65,false,ok
GLV-T09,TRIP-GLV-T09-01,2026-07-31T22:48:00.000Z,35.17295,128.84076,60,1500,125.98,false,ok
GLV-T09,TRIP-GLV-T09-01,2026-07-31T22:50:00.000Z,35.17452,128.84163,60,1500,128.31,false,ok
GLV-T09,TRIP-GLV-T09-01,2026-07-31T22:52:00.000Z,35.17610,128.84250,60,1500,130.65,false,ok
GLV-T09,TRIP-GLV-T09-01,2026-07-31T22:54:00.000Z,35.17767,128.84337,61,1500,132.98,false,ok
GLV-T09,TRIP-GLV-T09-01,2026-07-31T22:56:00.000Z,35.17925,128.84425,61,1500,135.31,false,ok
GLV-T09,TRIP-GLV-T09-01,2026-07-31T22:58:00.000Z,35.18082,128.84512,62,1500,137.65,false,ok
GLV-T09,TRIP-GLV-T09-01,2026-07-31T23:00:00.000Z,35.18240,128.84599,64,1500,139.98,false,ok
GLV-T09,TRIP-GLV-T09-01,2026-07-31T23:02:00.000Z,35.18397,128.84686,65,1500,142.31,false,ok
GLV-T09,TRIP-GLV-T09-01,2026-07-31T23:04:00.000Z,35.18555,128.84773,67,1500,144.64,false,ok
GLV-T09,TRIP-GLV-T09-01,2026-07-31T23:06:00.000Z,35.18712,128.84860,68,1500,146.98,false,ok
GLV-T09,TRIP-GLV-T09-01,2026-07-31T23:08:00.000Z,35.18870,128.84947,70,1500,149.31,false,ok
GLV-T09,TRIP-GLV-T09-01,2026-07-31T23:10:00.000Z,35.19027,128.85035,71,1500,151.64,false,ok
GLV-T09,TRIP-GLV-T09-01,2026-07-31T23:12:00.000Z,35.19185,128.85122,73,1500,153.98,false,ok
GLV-T09,TRIP-GLV-T09-01,2026-07-31T23:14:00.000Z,35.19342,128.85209,74,1500,156.31,false,ok
GLV-T09,TRIP-GLV-T09-01,2026-07-31T23:16:00.000Z,35.19500,128.85296,75,1500,158.64,false,ok
GLV-T09,TRIP-GLV-T09-01,2026-07-31T23:18:00.000Z,35.19657,128.85383,76,1500,160.98,false,ok
GLV-T09,TRIP-GLV-T09-01,2026-07-31T23:20:00.000Z,35.19815,128.85470,76,1500,163.31,false,ok
GLV-T09,TRIP-GLV-T09-01,2026-07-31T23:22:00.000Z,35.19972,128.85557,76,1500,165.64,false,ok
GLV-T09,TRIP-GLV-T09-01,2026-07-31T23:24:00.000Z,35.20130,128.85645,76,1500,167.97,false,ok
GLV-T09,TRIP-GLV-T09-01,2026-07-31T23:26:00.000Z,35.20287,128.85732,75,1500,170.31,false,ok
GLV-T09,TRIP-GLV-T09-01,2026-07-31T23:28:00.000Z,35.20445,128.85819,74,1500,172.64,false,ok
GLV-T09,TRIP-GLV-T09-01,2026-07-31T23:30:00.000Z,35.20602,128.85906,73,1500,174.97,false,ok
GLV-T09,TRIP-GLV-T09-01,2026-07-31T23:32:00.000Z,35.20760,128.85993,72,1500,177.31,false,ok
GLV-T09,TRIP-GLV-T09-01,2026-07-31T23:34:00.000Z,35.20917,128.86080,70,1500,179.64,false,ok
GLV-T09,TRIP-GLV-T09-01,2026-07-31T23:36:00.000Z,35.21075,128.86167,69,1500,181.97,false,ok
GLV-T09,TRIP-GLV-T09-01,2026-07-31T23:38:00.000Z,35.21232,128.86255,67,1500,184.31,false,ok
GLV-T09,TRIP-GLV-T09-01,2026-07-31T23:40:00.000Z,35.21390,128.86342,66,1500,186.64,false,ok
GLV-T09,TRIP-GLV-T09-01,2026-07-31T23:42:00.000Z,35.21547,128.86429,64,1500,188.97,false,ok
GLV-T09,TRIP-GLV-T09-01,2026-07-31T23:44:00.000Z,35.21705,128.86516,63,1500,191.30,false,ok
GLV-T09,TRIP-GLV-T09-01,2026-07-31T23:46:00.000Z,35.21862,128.86603,62,1500,193.64,false,ok
GLV-T09,TRIP-GLV-T09-01,2026-07-31T23:48:00.000Z,35.22020,128.86690,61,1500,195.97,false,ok
GLV-T09,TRIP-GLV-T09-01,2026-07-31T23:50:00.000Z,35.22177,128.86778,60,1500,198.30,false,ok
GLV-T09,TRIP-GLV-T09-01,2026-07-31T23:52:00.000Z,35.22335,128.86865,60,1500,200.64,false,ok
GLV-T09,TRIP-GLV-T09-01,2026-07-31T23:54:00.000Z,35.22492,128.86952,60,1500,202.97,false,ok
GLV-T09,TRIP-GLV-T09-01,2026-07-31T23:56:00.000Z,35.22650,128.87039,60,1500,205.30,false,ok
GLV-T09,TRIP-GLV-T09-01,2026-07-31T23:58:00.000Z,35.22807,128.87126,61,1500,207.64,false,ok
GLV-T09,TRIP-GLV-T09-01,2026-08-01T00:00:00.000Z,35.22965,128.87213,62,1500,209.97,false,ok
GLV-T09,TRIP-GLV-T09-01,2026-08-01T00:02:00.000Z,35.23122,128.87300,63,1500,212.30,false,ok
GLV-T09,TRIP-GLV-T09-01,2026-08-01T00:04:00.000Z,35.23280,128.87388,65,1500,214.63,false,ok
GLV-T09,TRIP-GLV-T09-01,2026-08-01T00:06:00.000Z,35.23437,128.87475,66,1500,216.97,false,ok
GLV-T09,TRIP-GLV-T09-01,2026-08-01T00:08:00.000Z,35.23595,128.87562,68,1500,219.30,false,ok
GLV-T09,TRIP-GLV-T09-01,2026-08-01T00:10:00.000Z,35.23752,128.87649,69,1500,221.63,false,ok
GLV-T09,TRIP-GLV-T09-01,2026-08-01T00:12:00.000Z,35.23910,128.87736,71,1500,223.97,false,ok
GLV-T09,TRIP-GLV-T09-01,2026-08-01T00:14:00.000Z,35.24067,128.87823,72,1500,226.30,false,ok
GLV-T09,TRIP-GLV-T09-01,2026-08-01T00:16:00.000Z,35.24225,128.87910,73,1500,228.63,false,ok
GLV-T09,TRIP-GLV-T09-01,2026-08-01T00:18:00.000Z,35.24382,128.87998,75,1500,230.97,false,ok
GLV-T09,TRIP-GLV-T09-01,2026-08-01T00:20:00.000Z,35.24540,128.88085,75,1500,233.30,false,ok
GLV-T09,TRIP-GLV-T09-01,2026-08-01T00:22:00.000Z,35.24697,128.88172,76,1500,235.63,false,ok
GLV-T09,TRIP-GLV-T09-01,2026-08-01T00:24:00.000Z,35.24855,128.88259,76,1500,237.96,false,ok
GLV-T09,TRIP-GLV-T09-01,2026-08-01T00:26:00.000Z,35.25012,128.88346,76,1500,240.30,false,ok
GLV-T09,TRIP-GLV-T09-01,2026-08-01T00:28:00.000Z,35.25170,128.88433,75,1500,242.63,false,ok
GLV-T09,TRIP-GLV-T09-01,2026-08-01T00:30:00.000Z,35.25327,128.88520,75,1500,244.96,false,ok
GLV-T09,TRIP-GLV-T09-01,2026-08-01T00:32:00.000Z,35.25485,128.88608,74,1500,247.30,false,ok
GLV-T09,TRIP-GLV-T09-01,2026-08-01T00:34:00.000Z,35.25642,128.88695,72,1500,249.63,false,ok
GLV-T09,TRIP-GLV-T09-01,2026-08-01T00:36:00.000Z,35.25800,128.88782,71,1500,251.96,false,ok
GLV-T09,TRIP-GLV-T09-01,2026-08-01T00:38:00.000Z,35.25957,128.88869,70,1500,254.29,false,ok
GLV-T09,TRIP-GLV-T09-01,2026-08-01T00:40:00.000Z,35.26115,128.88956,68,1500,256.63,false,ok
GLV-T09,TRIP-GLV-T09-01,2026-08-01T00:42:00.000Z,35.26272,128.89043,66,1500,258.96,false,ok
GLV-T09,TRIP-GLV-T09-01,2026-08-01T00:44:00.000Z,35.26430,128.89131,65,1500,261.29,false,ok
GLV-T09,TRIP-GLV-T09-01,2026-08-01T00:46:00.000Z,35.26587,128.89218,63,1500,263.63,false,ok
GLV-T09,TRIP-GLV-T09-01,2026-08-01T00:48:00.000Z,35.26745,128.89305,62,1500,265.96,false,ok
GLV-T09,TRIP-GLV-T09-01,2026-08-01T00:50:00.000Z,35.26902,128.89392,61,1500,268.29,false,ok
GLV-T09,TRIP-GLV-T09-01,2026-08-01T00:52:00.000Z,35.27060,128.89479,61,1500,270.63,false,ok
GLV-T09,TRIP-GLV-T09-01,2026-08-01T00:54:00.000Z,35.27217,128.89566,60,1500,272.96,false,ok
GLV-T09,TRIP-GLV-T09-01,2026-08-01T00:56:00.000Z,35.27375,128.89653,60,1500,275.29,false,ok
GLV-T09,TRIP-GLV-T09-01,2026-08-01T00:58:00.000Z,35.27532,128.89741,60,1500,277.62,false,ok
GLV-T09,TRIP-GLV-T09-01,2026-08-01T01:00:00.000Z,35.27690,128.89828,61,1500,279.96,false,ok
GLV-T09,TRIP-GLV-T09-01,2026-08-01T01:02:00.000Z,35.27847,128.89915,62,1500,282.29,false,ok
GLV-T09,TRIP-GLV-T09-01,2026-08-01T01:04:00.000Z,35.28005,128.90002,63,1500,284.62,false,ok
GLV-T09,TRIP-GLV-T09-01,2026-08-01T01:06:00.000Z,35.28162,128.90089,64,1500,286.96,false,ok
GLV-T09,TRIP-GLV-T09-01,2026-08-01T01:08:00.000Z,35.28320,128.90176,65,1500,289.29,false,ok
GLV-T09,TRIP-GLV-T09-01,2026-08-01T01:10:00.000Z,35.28477,128.90263,67,1500,291.62,false,ok
GLV-T09,TRIP-GLV-T09-01,2026-08-01T01:12:00.000Z,35.28635,128.90351,69,1500,293.96,false,ok
GLV-T09,TRIP-GLV-T09-01,2026-08-01T01:14:00.000Z,35.28792,128.90438,70,1500,296.29,false,ok
GLV-T09,TRIP-GLV-T09-01,2026-08-01T01:16:00.000Z,35.28950,128.90525,72,1500,298.62,false,ok
GLV-T09,TRIP-GLV-T09-01,2026-08-01T01:18:00.000Z,35.29107,128.90612,73,1500,300.95,false,ok
GLV-T09,TRIP-GLV-T09-01,2026-08-01T01:20:00.000Z,35.29265,128.90699,74,1500,303.29,false,ok
GLV-T09,TRIP-GLV-T09-01,2026-08-01T01:22:00.000Z,35.29422,128.90786,75,1500,305.62,false,ok
GLV-T09,TRIP-GLV-T09-01,2026-08-01T01:24:00.000Z,35.29580,128.90873,76,1500,307.95,false,ok
GLV-T09,TRIP-GLV-T09-01,2026-08-01T01:26:00.000Z,35.29737,128.90961,76,1500,310.29,false,ok
GLV-T09,TRIP-GLV-T09-01,2026-08-01T01:28:00.000Z,35.29895,128.91048,76,1500,312.62,false,ok
GLV-T09,TRIP-GLV-T09-01,2026-08-01T01:30:00.000Z,35.30052,128.91135,76,1500,314.95,false,ok
GLV-T09,TRIP-GLV-T09-01,2026-08-01T01:32:00.000Z,35.30210,128.91222,75,1500,317.29,false,ok
GLV-T09,TRIP-GLV-T09-01,2026-08-01T01:34:00.000Z,35.30367,128.91309,74,1500,319.62,false,ok
GLV-T09,TRIP-GLV-T09-01,2026-08-01T01:36:00.000Z,35.30525,128.91396,73,1500,321.95,false,ok
GLV-T09,TRIP-GLV-T09-01,2026-08-01T01:38:00.000Z,35.30682,128.91483,72,1500,324.28,false,ok
GLV-T09,TRIP-GLV-T09-01,2026-08-01T01:40:00.000Z,35.30840,128.91571,70,1500,326.62,false,ok
GLV-T09,TRIP-GLV-T09-01,2026-08-01T01:42:00.000Z,35.30997,128.91658,69,1500,328.95,false,ok
GLV-T09,TRIP-GLV-T09-01,2026-08-01T01:44:00.000Z,35.31155,128.91745,67,1500,331.28,false,ok
GLV-T09,TRIP-GLV-T09-01,2026-08-01T01:46:00.000Z,35.31312,128.91832,65,1500,333.62,false,ok
GLV-T09,TRIP-GLV-T09-01,2026-08-01T01:48:00.000Z,35.31470,128.91919,64,1500,335.95,false,ok
GLV-T09,TRIP-GLV-T09-01,2026-08-01T01:50:00.000Z,35.31627,128.92006,63,1500,338.28,false,ok
GLV-T09,TRIP-GLV-T09-01,2026-08-01T01:52:00.000Z,35.31785,128.92094,62,1500,340.62,false,ok
GLV-T09,TRIP-GLV-T09-01,2026-08-01T01:54:00.000Z,35.31942,128.92181,61,1500,342.95,false,ok
GLV-T09,TRIP-GLV-T09-01,2026-08-01T01:56:00.000Z,35.32100,128.92268,60,1500,345.28,false,ok
GLV-T09,TRIP-GLV-T09-01,2026-08-01T01:58:00.000Z,35.32257,128.92355,60,1500,347.61,false,ok
GLV-T09,TRIP-GLV-T09-01,2026-08-01T02:00:00.000Z,35.32415,128.92442,60,1500,349.95,false,ok
GLV-T09,TRIP-GLV-T09-01,2026-08-01T02:02:00.000Z,35.32572,128.92529,60,1500,352.28,false,ok
GLV-T09,TRIP-GLV-T09-01,2026-08-01T02:04:00.000Z,35.32730,128.92616,61,1500,354.61,false,ok
GLV-T09,TRIP-GLV-T09-01,2026-08-01T02:06:00.000Z,35.32887,128.92704,62,1500,356.95,false,ok
GLV-T09,TRIP-GLV-T09-01,2026-08-01T02:08:00.000Z,35.33045,128.92791,63,1500,359.28,false,ok
GLV-T09,TRIP-GLV-T09-01,2026-08-01T02:10:00.000Z,35.33202,128.92878,65,1500,361.61,false,ok
GLV-T09,TRIP-GLV-T09-01,2026-08-01T02:12:00.000Z,35.33360,128.92965,66,1500,363.94,false,ok
GLV-T09,TRIP-GLV-T09-01,2026-08-01T02:14:00.000Z,35.33517,128.93052,68,1500,366.28,false,ok
GLV-T09,TRIP-GLV-T09-01,2026-08-01T02:16:00.000Z,35.33675,128.93139,69,1500,368.61,false,ok
GLV-T09,TRIP-GLV-T09-01,2026-08-01T02:18:00.000Z,35.33832,128.93226,71,1500,370.94,false,ok
GLV-T09,TRIP-GLV-T09-01,2026-08-01T02:20:00.000Z,35.33990,128.93314,72,1500,373.28,false,ok
GLV-T09,TRIP-GLV-T09-01,2026-08-01T02:22:00.000Z,35.34147,128.93401,74,1500,375.61,false,ok
GLV-T09,TRIP-GLV-T09-01,2026-08-01T02:24:00.000Z,35.34305,128.93488,75,1500,377.94,false,ok
GLV-T09,TRIP-GLV-T09-01,2026-08-01T02:26:00.000Z,35.34462,128.93575,75,1500,380.28,false,ok
GLV-T09,TRIP-GLV-T09-01,2026-08-01T02:28:00.000Z,35.34620,128.93662,76,1500,382.61,false,ok
GLV-T09,TRIP-GLV-T09-01,2026-08-01T02:30:00.000Z,35.34777,128.93749,76,1500,384.94,false,ok
GLV-T09,TRIP-GLV-T09-01,2026-08-01T02:32:00.000Z,35.34935,128.93836,76,1500,387.27,false,ok
GLV-T09,TRIP-GLV-T09-01,2026-08-01T02:34:00.000Z,35.35092,128.93924,75,1500,389.61,false,ok
GLV-T09,TRIP-GLV-T09-01,2026-08-01T02:36:00.000Z,35.35250,128.94011,75,1500,391.94,false,ok
GLV-T09,TRIP-GLV-T09-01,2026-08-01T02:38:00.000Z,35.35407,128.94098,73,1500,394.27,false,ok
GLV-T09,TRIP-GLV-T09-01,2026-08-01T02:40:00.000Z,35.35565,128.94185,72,1500,396.61,false,ok
GLV-T09,TRIP-GLV-T09-01,2026-08-01T02:42:00.000Z,35.35722,128.94272,71,1500,398.94,false,ok
GLV-T09,TRIP-GLV-T09-01,2026-08-01T02:44:00.000Z,35.35880,128.94359,69,1500,401.27,false,ok
GLV-T09,TRIP-GLV-T09-01,2026-08-01T02:46:00.000Z,35.36037,128.94447,68,1500,403.61,false,ok
GLV-T09,TRIP-GLV-T09-01,2026-08-01T02:48:00.000Z,35.36195,128.94534,66,1500,405.94,false,ok
GLV-T09,TRIP-GLV-T09-01,2026-08-01T02:50:00.000Z,35.36352,128.94621,65,1500,408.27,false,ok
GLV-T09,TRIP-GLV-T09-01,2026-08-01T02:52:00.000Z,35.36510,128.94708,63,1500,410.60,false,ok
GLV-T09,TRIP-GLV-T09-01,2026-08-01T02:54:00.000Z,35.36667,128.94795,62,1500,412.94,false,ok
GLV-T09,TRIP-GLV-T09-01,2026-08-01T02:56:00.000Z,35.36825,128.94882,61,1500,415.27,false,ok
GLV-T09,TRIP-GLV-T09-01,2026-08-01T02:58:00.000Z,35.36982,128.94969,60,1500,417.60,false,ok
GLV-T09,TRIP-GLV-T09-01,2026-08-01T03:00:00.000Z,35.37140,128.95057,60,1500,419.94,false,ok
GLV-T09,TRIP-GLV-T09-01,2026-08-01T03:02:00.000Z,35.37297,128.95144,60,1500,422.27,false,ok
GLV-T09,TRIP-GLV-T09-01,2026-08-01T03:04:00.000Z,35.37455,128.95231,60,1500,424.60,false,ok
GLV-T09,TRIP-GLV-T09-01,2026-08-01T03:06:00.000Z,35.37612,128.95318,61,1500,426.94,false,ok
GLV-T09,TRIP-GLV-T09-01,2026-08-01T03:08:00.000Z,35.37770,128.95405,62,1500,429.27,false,ok
GLV-T09,TRIP-GLV-T09-01,2026-08-01T03:10:00.000Z,35.37927,128.95492,63,1500,431.60,false,ok
GLV-T09,TRIP-GLV-T09-01,2026-08-01T03:12:00.000Z,35.38085,128.95579,64,1500,433.93,false,ok
GLV-T09,TRIP-GLV-T09-01,2026-08-01T03:14:00.000Z,35.38242,128.95667,66,1500,436.27,false,ok
GLV-T09,TRIP-GLV-T09-01,2026-08-01T03:16:00.000Z,35.38400,128.95754,67,1500,438.60,false,ok
GLV-T09,TRIP-GLV-T09-01,2026-08-01T03:18:00.000Z,35.38557,128.95841,69,1500,440.93,false,ok
GLV-T09,TRIP-GLV-T09-01,2026-08-01T03:20:00.000Z,35.38714,128.95928,70,1500,443.27,false,ok
GLV-T09,TRIP-GLV-T09-01,2026-08-01T03:22:00.000Z,35.38872,128.96015,72,1500,445.60,false,ok
GLV-T09,TRIP-GLV-T09-01,2026-08-01T03:24:00.000Z,35.39029,128.96102,73,1500,447.93,false,ok
GLV-T09,TRIP-GLV-T09-01,2026-08-01T03:26:00.000Z,35.39187,128.96189,74,1500,450.27,false,ok
GLV-T09,TRIP-GLV-T09-01,2026-08-01T03:28:00.000Z,35.39344,128.96277,75,1500,452.60,false,ok
GLV-T09,TRIP-GLV-T09-01,2026-08-01T03:30:00.000Z,35.39502,128.96364,76,1500,454.93,false,ok
GLV-T09,TRIP-GLV-T09-01,2026-08-01T03:32:00.000Z,35.39659,128.96451,76,1500,457.26,false,ok
GLV-T09,TRIP-GLV-T09-01,2026-08-01T03:34:00.000Z,35.39817,128.96538,76,1500,459.60,false,ok
GLV-T09,TRIP-GLV-T09-01,2026-08-01T03:36:00.000Z,35.39974,128.96625,76,1500,461.93,false,ok
GLV-T09,TRIP-GLV-T09-01,2026-08-01T03:38:00.000Z,35.40132,128.96712,75,1500,464.26,false,ok
GLV-T09,TRIP-GLV-T09-01,2026-08-01T03:40:00.000Z,35.40289,128.96799,74,1500,466.60,false,ok
GLV-T09,TRIP-GLV-T09-01,2026-08-01T03:42:00.000Z,35.40447,128.96887,73,1500,468.93,false,ok
GLV-T09,TRIP-GLV-T09-01,2026-08-01T03:44:00.000Z,35.40604,128.96974,71,1500,471.26,false,ok
GLV-T09,TRIP-GLV-T09-01,2026-08-01T03:46:00.000Z,35.40762,128.97061,70,1500,473.59,false,ok
GLV-T09,TRIP-GLV-T09-01,2026-08-01T03:48:00.000Z,35.40919,128.97148,68,1500,475.93,false,ok
GLV-T09,TRIP-GLV-T09-01,2026-08-01T03:50:00.000Z,35.41077,128.97235,67,1500,478.26,false,ok
GLV-T09,TRIP-GLV-T09-01,2026-08-01T03:52:00.000Z,35.41234,128.97322,65,1500,480.59,false,ok
GLV-T09,TRIP-GLV-T09-01,2026-08-01T03:54:00.000Z,35.41392,128.97410,64,1500,482.93,false,ok
GLV-T09,TRIP-GLV-T09-01,2026-08-01T03:56:00.000Z,35.41549,128.97497,62,1500,485.26,false,ok
GLV-T09,TRIP-GLV-T09-01,2026-08-01T03:58:00.000Z,35.41707,128.97584,61,1500,487.59,false,ok
GLV-T09,TRIP-GLV-T09-01,2026-08-01T04:00:00.000Z,35.41864,128.97671,61,1500,489.93,false,ok
GLV-T09,TRIP-GLV-T09-01,2026-08-01T04:02:00.000Z,35.42022,128.97758,60,1500,492.26,false,ok
GLV-T09,TRIP-GLV-T09-01,2026-08-01T04:04:00.000Z,35.42179,128.97845,60,1500,494.59,false,ok
GLV-T09,TRIP-GLV-T09-01,2026-08-01T04:06:00.000Z,35.42337,128.97932,60,1500,496.92,false,ok
GLV-T09,TRIP-GLV-T09-01,2026-08-01T04:08:00.000Z,35.42494,128.98020,61,1500,499.26,false,ok
GLV-T09,TRIP-GLV-T09-01,2026-08-01T04:10:00.000Z,35.42652,128.98107,61,1500,501.59,false,ok
GLV-T09,TRIP-GLV-T09-01,2026-08-01T04:12:00.000Z,35.42809,128.98194,62,1500,503.92,false,ok
GLV-T09,TRIP-GLV-T09-01,2026-08-01T04:14:00.000Z,35.42967,128.98281,64,1500,506.26,false,ok
GLV-T09,TRIP-GLV-T09-01,2026-08-01T04:16:00.000Z,35.43124,128.98368,65,1500,508.59,false,ok
GLV-T09,TRIP-GLV-T09-01,2026-08-01T04:18:00.000Z,35.43282,128.98455,67,1500,510.92,false,ok
GLV-T09,TRIP-GLV-T09-01,2026-08-01T04:20:00.000Z,35.43439,128.98542,68,1500,513.26,false,ok
GLV-T09,TRIP-GLV-T09-01,2026-08-01T04:22:00.000Z,35.43597,128.98630,70,1500,515.59,false,ok
GLV-T09,TRIP-GLV-T09-01,2026-08-01T04:24:00.000Z,35.43754,128.98717,71,1500,517.92,false,ok
GLV-T09,TRIP-GLV-T09-01,2026-08-01T04:26:00.000Z,35.43912,128.98804,73,1500,520.25,false,ok
GLV-T09,TRIP-GLV-T09-01,2026-08-01T04:28:00.000Z,35.44069,128.98891,74,1500,522.59,false,ok
GLV-T09,TRIP-GLV-T09-01,2026-08-01T04:30:00.000Z,35.44227,128.98978,75,1500,524.92,false,ok
GLV-T09,TRIP-GLV-T09-01,2026-08-01T04:32:00.000Z,35.44384,128.99065,76,1500,527.25,false,ok
GLV-T09,TRIP-GLV-T09-01,2026-08-01T04:34:00.000Z,35.44542,128.99152,76,1500,529.59,false,ok
GLV-T09,TRIP-GLV-T09-01,2026-08-01T04:36:00.000Z,35.44699,128.99240,76,1500,531.92,false,ok
GLV-T09,TRIP-GLV-T09-01,2026-08-01T04:38:00.000Z,35.44857,128.99327,76,1500,534.25,false,ok
GLV-T09,TRIP-GLV-T09-01,2026-08-01T04:40:00.000Z,35.45014,128.99414,75,1500,536.59,false,ok
GLV-T09,TRIP-GLV-T09-01,2026-08-01T04:42:00.000Z,35.45172,128.99501,74,1500,538.92,false,ok
GLV-T09,TRIP-GLV-T09-01,2026-08-01T04:44:00.000Z,35.45329,128.99588,73,1500,541.25,false,ok
GLV-T09,TRIP-GLV-T09-01,2026-08-01T04:46:00.000Z,35.45487,128.99675,72,1500,543.58,false,ok
GLV-T09,TRIP-GLV-T09-01,2026-08-01T04:48:00.000Z,35.45644,128.99762,71,1500,545.92,false,ok
GLV-T09,TRIP-GLV-T09-01,2026-08-01T04:50:00.000Z,35.45802,128.99850,69,1500,548.25,false,ok
GLV-T09,TRIP-GLV-T09-01,2026-08-01T04:52:00.000Z,35.45959,128.99937,67,1500,550.58,false,ok
GLV-T09,TRIP-GLV-T09-01,2026-08-01T04:54:00.000Z,35.46117,129.00024,66,1500,552.92,false,ok
GLV-T09,TRIP-GLV-T09-01,2026-08-01T04:56:00.000Z,35.46274,129.00111,64,1500,555.25,false,ok
GLV-T09,TRIP-GLV-T09-01,2026-08-01T04:58:00.000Z,35.46432,129.00198,63,1500,557.58,false,ok
GLV-T09,TRIP-GLV-T09-01,2026-08-01T05:00:00.000Z,35.46589,129.00285,62,1500,559.92,false,ok
GLV-T09,TRIP-GLV-T09-01,2026-08-01T05:02:00.000Z,35.46747,129.00373,61,1500,562.25,false,ok
GLV-T09,TRIP-GLV-T09-01,2026-08-01T05:04:00.000Z,35.46904,129.00460,60,1500,564.58,false,ok
GLV-T09,TRIP-GLV-T09-01,2026-08-01T05:06:00.000Z,35.47062,129.00547,60,1500,566.91,false,ok
GLV-T09,TRIP-GLV-T09-01,2026-08-01T05:08:00.000Z,35.47219,129.00634,60,1500,569.25,false,ok
GLV-T09,TRIP-GLV-T09-01,2026-08-01T05:10:00.000Z,35.47377,129.00721,60,1500,571.58,false,ok
GLV-T09,TRIP-GLV-T09-01,2026-08-01T05:12:00.000Z,35.47534,129.00808,61,1500,573.91,false,ok
GLV-T09,TRIP-GLV-T09-01,2026-08-01T05:14:00.000Z,35.47692,129.00895,62,1500,576.25,false,ok
GLV-T09,TRIP-GLV-T09-01,2026-08-01T05:16:00.000Z,35.47849,129.00983,63,1500,578.58,false,ok
GLV-T09,TRIP-GLV-T09-01,2026-08-01T05:18:00.000Z,35.48007,129.01070,64,1500,580.91,false,ok
GLV-T09,TRIP-GLV-T09-01,2026-08-01T05:20:00.000Z,35.48164,129.01157,66,1500,583.24,false,ok
GLV-T09,TRIP-GLV-T09-01,2026-08-01T05:22:00.000Z,35.48322,129.01244,67,1500,585.58,false,ok
GLV-T09,TRIP-GLV-T09-01,2026-08-01T05:24:00.000Z,35.48479,129.01331,69,1500,587.91,false,ok
GLV-T09,TRIP-GLV-T09-01,2026-08-01T05:26:00.000Z,35.48637,129.01418,71,1500,590.24,false,ok
GLV-T09,TRIP-GLV-T09-01,2026-08-01T05:28:00.000Z,35.48794,129.01505,72,1500,592.58,false,ok
GLV-T09,TRIP-GLV-T09-01,2026-08-01T05:30:00.000Z,35.48952,129.01593,73,1500,594.91,false,ok
GLV-T09,TRIP-GLV-T09-01,2026-08-01T05:32:00.000Z,35.49109,129.01680,74,1500,597.24,false,ok
GLV-T09,TRIP-GLV-T09-01,2026-08-01T05:34:00.000Z,35.49267,129.01767,75,1500,599.58,false,ok
GLV-T09,TRIP-GLV-T09-01,2026-08-01T05:36:00.000Z,35.49424,129.01854,76,1500,601.91,false,ok
GLV-T09,TRIP-GLV-T09-01,2026-08-01T05:38:00.000Z,35.49582,129.01941,76,1500,604.24,false,ok
GLV-T09,TRIP-GLV-T09-01,2026-08-01T05:40:00.000Z,35.49739,129.02028,76,1500,606.57,false,ok
GLV-T09,TRIP-GLV-T09-01,2026-08-01T05:42:00.000Z,35.49897,129.02115,75,1500,608.91,false,ok
GLV-T09,TRIP-GLV-T09-01,2026-08-01T05:44:00.000Z,35.50054,129.02203,75,1500,611.24,false,ok
GLV-T09,TRIP-GLV-T09-01,2026-08-01T05:46:00.000Z,35.50212,129.02290,74,1500,613.57,false,ok
GLV-T09,TRIP-GLV-T09-01,2026-08-01T05:48:00.000Z,35.50369,129.02377,73,1500,615.91,false,ok
GLV-T09,TRIP-GLV-T09-01,2026-08-01T05:50:00.000Z,35.50527,129.02464,71,1500,618.24,false,ok
GLV-T09,TRIP-GLV-T09-01,2026-08-01T05:52:00.000Z,35.50684,129.02551,70,1500,620.57,false,ok
GLV-T09,TRIP-GLV-T09-01,2026-08-01T05:54:00.000Z,35.50842,129.02638,68,1500,622.91,false,ok
GLV-T09,TRIP-GLV-T09-01,2026-08-01T05:56:00.000Z,35.50999,129.02726,66,1500,625.24,false,ok
GLV-T09,TRIP-GLV-T09-01,2026-08-01T05:58:00.000Z,35.51157,129.02813,65,1500,627.57,false,ok
GLV-T09,TRIP-GLV-T09-01,2026-08-01T06:00:00.000Z,35.51314,129.02900,64,1500,629.90,false,ok
GLV-T09,TRIP-GLV-T09-01,2026-08-01T06:02:00.000Z,35.51472,129.02987,62,1500,632.24,false,ok
GLV-T09,TRIP-GLV-T09-01,2026-08-01T06:04:00.000Z,35.51629,129.03074,61,1500,634.57,false,ok
GLV-T09,TRIP-GLV-T09-01,2026-08-01T06:06:00.000Z,35.51787,129.03161,61,1500,636.90,false,ok
GLV-T09,TRIP-GLV-T09-01,2026-08-01T06:08:00.000Z,35.51944,129.03248,60,1500,639.24,false,ok
GLV-T09,TRIP-GLV-T09-01,2026-08-01T06:10:00.000Z,35.52102,129.03336,60,1500,641.57,false,ok
GLV-T09,TRIP-GLV-T09-01,2026-08-01T06:12:00.000Z,35.52259,129.03423,60,1500,643.90,false,ok
GLV-T09,TRIP-GLV-T09-01,2026-08-01T06:14:00.000Z,35.52417,129.03510,61,1500,646.24,false,ok
GLV-T09,TRIP-GLV-T09-01,2026-08-01T06:16:00.000Z,35.52574,129.03597,61,1500,648.57,false,ok
GLV-T09,TRIP-GLV-T09-01,2026-08-01T06:18:00.000Z,35.52732,129.03684,63,1500,650.90,false,ok
GLV-T09,TRIP-GLV-T09-01,2026-08-01T06:20:00.000Z,35.52889,129.03771,64,1500,653.23,false,ok
GLV-T09,TRIP-GLV-T09-01,2026-08-01T06:22:00.000Z,35.53047,129.03858,65,1500,655.57,false,ok
GLV-T09,TRIP-GLV-T09-01,2026-08-01T06:24:00.000Z,35.53204,129.03946,67,1500,657.90,false,ok
GLV-T09,TRIP-GLV-T09-01,2026-08-01T06:26:00.000Z,35.53362,129.04033,68,1500,660.23,false,ok
GLV-T09,TRIP-GLV-T09-01,2026-08-01T06:28:00.000Z,35.53519,129.04120,70,1500,662.57,false,ok
GLV-T09,TRIP-GLV-T09-01,2026-08-01T06:30:00.000Z,35.53677,129.04207,71,1500,664.90,false,ok
GLV-T09,TRIP-GLV-T09-01,2026-08-01T06:32:00.000Z,35.53834,129.04294,73,1500,667.23,false,ok
GLV-T09,TRIP-GLV-T09-01,2026-08-01T06:34:00.000Z,35.53992,129.04381,74,1500,669.57,false,ok
GLV-T09,TRIP-GLV-T09-01,2026-08-01T06:36:00.000Z,35.54149,129.04468,75,1500,671.90,false,ok
GLV-T09,TRIP-GLV-T09-01,2026-08-01T06:38:00.000Z,35.54307,129.04556,76,1500,674.23,false,ok
GLV-T09,TRIP-GLV-T09-01,2026-08-01T06:40:00.000Z,35.54464,129.04643,76,1500,676.56,false,ok
GLV-T09,TRIP-GLV-T09-01,2026-08-01T06:42:00.000Z,35.54622,129.04730,76,1500,678.90,false,ok
GLV-T09,TRIP-GLV-T09-01,2026-08-01T06:44:00.000Z,35.54779,129.04817,76,1500,681.23,false,ok
GLV-T09,TRIP-GLV-T09-01,2026-08-01T06:46:00.000Z,35.54937,129.04904,75,1500,683.56,false,ok
GLV-T09,TRIP-GLV-T09-01,2026-08-01T06:48:00.000Z,35.55094,129.04991,74,1500,685.90,false,ok
GLV-T09,TRIP-GLV-T09-01,2026-08-01T06:50:00.000Z,35.55252,129.05078,73,1500,688.23,false,ok
GLV-T09,TRIP-GLV-T09-01,2026-08-01T06:52:00.000Z,35.55409,129.05166,72,1500,690.56,false,ok
GLV-T09,TRIP-GLV-T09-01,2026-08-01T06:54:00.000Z,35.55567,129.05253,70,1500,692.90,false,ok
GLV-T09,TRIP-GLV-T09-01,2026-08-01T06:56:00.000Z,35.55724,129.05340,69,1500,695.23,false,ok
GLV-T09,TRIP-GLV-T09-01,2026-08-01T06:58:00.000Z,35.55882,129.05427,67,1500,697.56,false,ok
GLV-T09,TRIP-GLV-T09-01,2026-08-01T07:00:00.000Z,35.56039,129.05514,66,1500,699.89,false,ok
GLV-T09,TRIP-GLV-T09-01,2026-08-01T07:02:00.000Z,35.56197,129.05601,64,1500,702.23,false,ok
GLV-T09,TRIP-GLV-T09-01,2026-08-01T07:04:00.000Z,35.56354,129.05689,63,1500,704.56,false,ok
GLV-T09,TRIP-GLV-T09-01,2026-08-01T07:06:00.000Z,35.56512,129.05776,62,1500,706.89,false,ok
GLV-T09,TRIP-GLV-T09-01,2026-08-01T07:08:00.000Z,35.56669,129.05863,61,1500,709.23,false,ok
GLV-T09,TRIP-GLV-T09-01,2026-08-01T07:10:00.000Z,35.56827,129.05950,60,1500,711.56,false,ok
GLV-T09,TRIP-GLV-T09-01,2026-08-01T07:12:00.000Z,35.56984,129.06037,60,1500,713.89,false,ok
GLV-T09,TRIP-GLV-T09-01,2026-08-01T07:14:00.000Z,35.57142,129.06124,60,1500,716.22,false,ok
GLV-T09,TRIP-GLV-T09-01,2026-08-01T07:16:00.000Z,35.57299,129.06211,60,1500,718.56,false,ok
GLV-T09,TRIP-GLV-T09-01,2026-08-01T07:18:00.000Z,35.57457,129.06299,61,1500,720.89,false,ok
GLV-T09,TRIP-GLV-T09-01,2026-08-01T07:20:00.000Z,35.57614,129.06386,62,1500,723.22,false,ok
GLV-T09,TRIP-GLV-T09-01,2026-08-01T07:22:00.000Z,35.57772,129.06473,63,1500,725.56,false,ok
GLV-T09,TRIP-GLV-T09-01,2026-08-01T07:24:00.000Z,35.57929,129.06560,65,1500,727.89,false,ok
GLV-T09,TRIP-GLV-T09-01,2026-08-01T07:26:00.000Z,35.58087,129.06647,66,1500,730.22,false,ok
GLV-T09,TRIP-GLV-T09-01,2026-08-01T07:28:00.000Z,35.58244,129.06734,68,1500,732.56,false,ok
GLV-T09,TRIP-GLV-T09-01,2026-08-01T07:30:00.000Z,35.58402,129.06821,69,1500,734.89,false,ok
GLV-T09,TRIP-GLV-T09-01,2026-08-01T07:32:00.000Z,35.58559,129.06909,71,1500,737.22,false,ok
GLV-T09,TRIP-GLV-T09-01,2026-08-01T07:34:00.000Z,35.58717,129.06996,72,1500,739.55,false,ok
GLV-T09,TRIP-GLV-T09-01,2026-08-01T07:36:00.000Z,35.58874,129.07083,74,1500,741.89,false,ok
GLV-T09,TRIP-GLV-T09-01,2026-08-01T07:38:00.000Z,35.59032,129.07170,75,1500,744.22,false,ok
GLV-T09,TRIP-GLV-T09-01,2026-08-01T07:40:00.000Z,35.59189,129.07257,75,1500,746.55,false,ok
GLV-T09,TRIP-GLV-T09-01,2026-08-01T07:42:00.000Z,35.59347,129.07344,76,1500,748.89,false,ok
GLV-T09,TRIP-GLV-T09-01,2026-08-01T07:44:00.000Z,35.59504,129.07431,76,1500,751.22,false,ok
GLV-T09,TRIP-GLV-T09-01,2026-08-01T07:46:00.000Z,35.59662,129.07519,76,1500,753.55,false,ok
GLV-T09,TRIP-GLV-T09-01,2026-08-01T07:48:00.000Z,35.59819,129.07606,75,1500,755.89,false,ok
GLV-T09,TRIP-GLV-T09-01,2026-08-01T07:50:00.000Z,35.59977,129.07693,75,1500,758.22,false,ok
GLV-T09,TRIP-GLV-T09-01,2026-08-01T07:52:00.000Z,35.60134,129.07780,74,1500,760.55,false,ok
GLV-T09,TRIP-GLV-T09-01,2026-08-01T07:54:00.000Z,35.60292,129.07867,72,1500,762.88,false,ok
GLV-T09,TRIP-GLV-T09-01,2026-08-01T07:56:00.000Z,35.60449,129.07954,71,1500,765.22,false,ok
GLV-T09,TRIP-GLV-T09-01,2026-08-01T07:58:00.000Z,35.60607,129.08041,69,1500,767.55,false,ok
GLV-T09,TRIP-GLV-T09-01,2026-08-01T08:00:00.000Z,35.60764,129.08129,68,1500,769.88,false,ok
GLV-T09,TRIP-GLV-T09-01,2026-08-01T08:02:00.000Z,35.60922,129.08216,66,1500,772.22,false,ok
GLV-T09,TRIP-GLV-T09-01,2026-08-01T08:04:00.000Z,35.61079,129.08303,65,1500,774.55,false,ok
GLV-T09,TRIP-GLV-T09-01,2026-08-01T08:06:00.000Z,35.61237,129.08390,63,1500,776.88,false,ok
GLV-T09,TRIP-GLV-T09-01,2026-08-01T08:08:00.000Z,35.61394,129.08477,62,1500,779.22,false,ok
GLV-T09,TRIP-GLV-T09-01,2026-08-01T08:10:00.000Z,35.61552,129.08564,61,1500,781.55,false,ok
GLV-T09,TRIP-GLV-T09-01,2026-08-01T08:12:00.000Z,35.61709,129.08652,60,1500,783.88,false,ok
GLV-T09,TRIP-GLV-T09-01,2026-08-01T08:14:00.000Z,35.61867,129.08739,60,1500,786.21,false,ok
GLV-T09,TRIP-GLV-T09-01,2026-08-01T08:16:00.000Z,35.62024,129.08826,60,1500,788.55,false,ok
GLV-T09,TRIP-GLV-T09-01,2026-08-01T08:18:00.000Z,35.62182,129.08913,60,1500,790.88,false,ok
GLV-T09,TRIP-GLV-T09-01,2026-08-01T08:20:00.000Z,35.62339,129.09000,61,1500,793.21,false,ok
GLV-T09,TRIP-GLV-T09-01,2026-08-01T08:22:00.000Z,35.62497,129.09087,62,1500,795.55,false,ok
GLV-T09,TRIP-GLV-T09-01,2026-08-01T08:24:00.000Z,35.62654,129.09174,63,1500,797.88,false,ok
GLV-T09,TRIP-GLV-T09-01,2026-08-01T08:26:00.000Z,35.62812,129.09262,64,1500,800.21,false,ok
GLV-T09,TRIP-GLV-T09-01,2026-08-01T08:28:00.000Z,35.62969,129.09349,66,1500,802.55,false,ok
GLV-T09,TRIP-GLV-T09-01,2026-08-01T08:30:00.000Z,35.63127,129.09436,67,1500,804.88,false,ok
GLV-T09,TRIP-GLV-T09-01,2026-08-01T08:32:00.000Z,35.63284,129.09523,69,1500,807.21,false,ok
GLV-T09,TRIP-GLV-T09-01,2026-08-01T08:34:00.000Z,35.63442,129.09610,70,1500,809.54,false,ok
GLV-T09,TRIP-GLV-T09-01,2026-08-01T08:36:00.000Z,35.63599,129.09697,72,1500,811.88,false,ok
GLV-T09,TRIP-GLV-T09-01,2026-08-01T08:38:00.000Z,35.63757,129.09784,73,1500,814.21,false,ok
GLV-T09,TRIP-GLV-T09-01,2026-08-01T08:40:00.000Z,35.63914,129.09872,74,1500,816.54,false,ok
GLV-T09,TRIP-GLV-T09-01,2026-08-01T08:42:00.000Z,35.64072,129.09959,75,1500,818.88,false,ok
GLV-T09,TRIP-GLV-T09-01,2026-08-01T08:44:00.000Z,35.64229,129.10046,76,1500,821.21,false,ok
GLV-T09,TRIP-GLV-T09-01,2026-08-01T08:46:00.000Z,35.64387,129.10133,76,1500,823.54,false,ok
GLV-T09,TRIP-GLV-T09-01,2026-08-01T08:48:00.000Z,35.64544,129.10220,76,1500,825.87,false,ok
GLV-T09,TRIP-GLV-T09-01,2026-08-01T08:50:00.000Z,35.64702,129.10307,76,1500,828.21,false,ok
GLV-T09,TRIP-GLV-T09-01,2026-08-01T08:52:00.000Z,35.64859,129.10394,75,1500,830.54,false,ok
GLV-T09,TRIP-GLV-T09-01,2026-08-01T08:54:00.000Z,35.65017,129.10482,74,1500,832.87,false,ok
GLV-T09,TRIP-GLV-T09-01,2026-08-01T08:56:00.000Z,35.65174,129.10569,73,1500,835.21,false,ok
GLV-T09,TRIP-GLV-T09-01,2026-08-01T08:58:00.000Z,35.65332,129.10656,72,1500,837.54,false,ok
GLV-T09,TRIP-GLV-T09-01,2026-08-01T09:00:00.000Z,35.65489,129.10743,70,1500,839.87,false,ok
GLV-T09,TRIP-GLV-T09-01,2026-08-01T09:02:00.000Z,35.65647,129.10830,68,1500,842.21,false,ok
GLV-T09,TRIP-GLV-T09-01,2026-08-01T09:04:00.000Z,35.65804,129.10917,67,1500,844.54,false,ok
GLV-T09,TRIP-GLV-T09-01,2026-08-01T09:06:00.000Z,35.65962,129.11005,65,1500,846.87,false,ok
GLV-T09,TRIP-GLV-T09-01,2026-08-01T09:08:00.000Z,35.66119,129.11092,64,1500,849.20,false,ok
GLV-T09,TRIP-GLV-T09-01,2026-08-01T09:10:00.000Z,35.66277,129.11179,63,1500,851.54,false,ok
GLV-T09,TRIP-GLV-T09-01,2026-08-01T09:12:00.000Z,35.66434,129.11266,62,1500,853.87,false,ok
GLV-T09,TRIP-GLV-T09-01,2026-08-01T09:14:00.000Z,35.66592,129.11353,61,1500,856.20,false,ok
GLV-T09,TRIP-GLV-T09-01,2026-08-01T09:16:00.000Z,35.66749,129.11440,60,1500,858.54,false,ok
GLV-T09,TRIP-GLV-T09-01,2026-08-01T09:18:00.000Z,35.66907,129.11527,60,1500,860.87,false,ok
GLV-T09,TRIP-GLV-T09-01,2026-08-01T09:20:00.000Z,35.67064,129.11615,60,1500,863.20,false,ok
GLV-T09,TRIP-GLV-T09-01,2026-08-01T09:22:00.000Z,35.67222,129.11702,61,1500,865.54,false,ok
GLV-T09,TRIP-GLV-T09-01,2026-08-01T09:24:00.000Z,35.67379,129.11789,61,1500,867.87,false,ok
GLV-T09,TRIP-GLV-T09-01,2026-08-01T09:26:00.000Z,35.67537,129.11876,62,1500,870.20,false,ok
GLV-T09,TRIP-GLV-T09-01,2026-08-01T09:28:00.000Z,35.67694,129.11963,63,1500,872.53,false,ok
GLV-T09,TRIP-GLV-T09-01,2026-08-01T09:30:00.000Z,35.67852,129.12050,65,1500,874.87,false,ok
GLV-T09,TRIP-GLV-T09-01,2026-08-01T09:32:00.000Z,35.68009,129.12137,66,1500,877.20,false,ok
GLV-T09,TRIP-GLV-T09-01,2026-08-01T09:34:00.000Z,35.68167,129.12225,68,1500,879.53,false,ok
GLV-T09,TRIP-GLV-T09-01,2026-08-01T09:36:00.000Z,35.68324,129.12312,70,1500,881.87,false,ok
GLV-T09,TRIP-GLV-T09-01,2026-08-01T09:38:00.000Z,35.68481,129.12399,71,1500,884.20,false,ok
GLV-T09,TRIP-GLV-T09-01,2026-08-01T09:40:00.000Z,35.68639,129.12486,73,1500,886.53,false,ok
GLV-T09,TRIP-GLV-T09-01,2026-08-01T09:42:00.000Z,35.68796,129.12573,74,1500,888.87,false,ok
GLV-T09,TRIP-GLV-T09-01,2026-08-01T09:44:00.000Z,35.68954,129.12660,75,1500,891.20,false,ok
GLV-T09,TRIP-GLV-T09-01,2026-08-01T09:46:00.000Z,35.69111,129.12747,75,1500,893.53,false,ok
GLV-T09,TRIP-GLV-T09-01,2026-08-01T09:48:00.000Z,35.69269,129.12835,76,1500,895.86,false,ok
GLV-T09,TRIP-GLV-T09-01,2026-08-01T09:50:00.000Z,35.69426,129.12922,76,1500,898.20,false,ok
GLV-T09,TRIP-GLV-T09-01,2026-08-01T09:52:00.000Z,35.69584,129.13009,76,1500,900.53,false,ok
GLV-T09,TRIP-GLV-T09-01,2026-08-01T09:54:00.000Z,35.69741,129.13096,75,1500,902.86,false,ok
GLV-T09,TRIP-GLV-T09-01,2026-08-01T09:56:00.000Z,35.69899,129.13183,74,1500,905.20,false,ok
GLV-T09,TRIP-GLV-T09-01,2026-08-01T09:58:00.000Z,35.70056,129.13270,73,1500,907.53,false,ok
GLV-T09,TRIP-GLV-T09-01,2026-08-01T10:00:00.000Z,35.70214,129.13357,72,1500,909.86,false,ok
GLV-T09,TRIP-GLV-T09-01,2026-08-01T10:02:00.000Z,35.70371,129.13445,71,1500,912.20,false,ok
GLV-T09,TRIP-GLV-T09-01,2026-08-01T10:04:00.000Z,35.70529,129.13532,69,1500,914.53,false,ok
GLV-T09,TRIP-GLV-T09-01,2026-08-01T10:06:00.000Z,35.70686,129.13619,68,1500,916.86,false,ok
GLV-T09,TRIP-GLV-T09-01,2026-08-01T10:08:00.000Z,35.70844,129.13706,66,1500,919.19,false,ok
GLV-T09,TRIP-GLV-T09-01,2026-08-01T10:10:00.000Z,35.71001,129.13793,64,1500,921.53,false,ok
GLV-T09,TRIP-GLV-T09-01,2026-08-01T10:12:00.000Z,35.71159,129.13880,63,1500,923.86,false,ok
GLV-T09,TRIP-GLV-T09-01,2026-08-01T10:14:00.000Z,35.71316,129.13968,62,1500,926.19,false,ok
GLV-T09,TRIP-GLV-T09-01,2026-08-01T10:16:00.000Z,35.71474,129.14055,61,1500,928.53,false,ok
GLV-T09,TRIP-GLV-T09-01,2026-08-01T10:18:00.000Z,35.71631,129.14142,60,1500,930.86,false,ok
GLV-T09,TRIP-GLV-T09-01,2026-08-01T10:20:00.000Z,35.71789,129.14229,60,1500,933.19,false,ok
GLV-T09,TRIP-GLV-T09-01,2026-08-01T10:22:00.000Z,35.71946,129.14316,60,1500,935.52,false,ok
GLV-T09,TRIP-GLV-T09-01,2026-08-01T10:24:00.000Z,35.72104,129.14403,60,1500,937.86,false,ok
GLV-T09,TRIP-GLV-T09-01,2026-08-01T10:26:00.000Z,35.72261,129.14490,61,1500,940.19,false,ok
GLV-T09,TRIP-GLV-T09-01,2026-08-01T10:28:00.000Z,35.72419,129.14578,62,1500,942.52,false,ok
GLV-T09,TRIP-GLV-T09-01,2026-08-01T10:30:00.000Z,35.72576,129.14665,63,1500,944.86,false,ok
GLV-T09,TRIP-GLV-T09-01,2026-08-01T10:32:00.000Z,35.72734,129.14752,64,1500,947.19,false,ok
GLV-T09,TRIP-GLV-T09-01,2026-08-01T10:34:00.000Z,35.72891,129.14839,66,1500,949.52,false,ok
GLV-T09,TRIP-GLV-T09-01,2026-08-01T10:36:00.000Z,35.73049,129.14926,67,1500,951.86,false,ok
GLV-T09,TRIP-GLV-T09-01,2026-08-01T10:38:00.000Z,35.73206,129.15013,69,1500,954.19,false,ok
GLV-T09,TRIP-GLV-T09-01,2026-08-01T10:40:00.000Z,35.73364,129.15100,71,1500,956.52,false,ok
GLV-T09,TRIP-GLV-T09-01,2026-08-01T10:42:00.000Z,35.73521,129.15188,72,1500,958.85,false,ok
GLV-T09,TRIP-GLV-T09-01,2026-08-01T10:44:00.000Z,35.73679,129.15275,73,1500,961.19,false,ok
GLV-T09,TRIP-GLV-T09-01,2026-08-01T10:46:00.000Z,35.73836,129.15362,74,1500,963.52,false,ok
GLV-T09,TRIP-GLV-T09-01,2026-08-01T10:48:00.000Z,35.73994,129.15449,75,1500,965.85,false,ok
GLV-T09,TRIP-GLV-T09-01,2026-08-01T10:50:00.000Z,35.74151,129.15536,76,1500,968.19,false,ok
GLV-T09,TRIP-GLV-T09-01,2026-08-01T10:52:00.000Z,35.74309,129.15623,76,1500,970.52,false,ok
GLV-T09,TRIP-GLV-T09-01,2026-08-01T10:54:00.000Z,35.74466,129.15710,76,1500,972.85,false,ok
GLV-T09,TRIP-GLV-T09-01,2026-08-01T10:56:00.000Z,35.74624,129.15798,76,1500,975.19,false,ok
GLV-T09,TRIP-GLV-T09-01,2026-08-01T10:58:00.000Z,35.74781,129.15885,75,1500,977.52,false,ok
GLV-T09,TRIP-GLV-T09-01,2026-08-01T11:00:00.000Z,35.74939,129.15972,74,1500,979.85,false,ok
GLV-T09,TRIP-GLV-T09-01,2026-08-01T11:02:00.000Z,35.75096,129.16059,73,1500,982.18,false,ok
GLV-T09,TRIP-GLV-T09-01,2026-08-01T11:04:00.000Z,35.75254,129.16146,71,1500,984.52,false,ok
GLV-T09,TRIP-GLV-T09-01,2026-08-01T11:06:00.000Z,35.75411,129.16233,70,1500,986.85,false,ok
GLV-T09,TRIP-GLV-T09-01,2026-08-01T11:08:00.000Z,35.75569,129.16320,68,1500,989.18,false,ok
GLV-T09,TRIP-GLV-T09-01,2026-08-01T11:10:00.000Z,35.75726,129.16408,67,1500,991.52,false,ok
GLV-T09,TRIP-GLV-T09-01,2026-08-01T11:12:00.000Z,35.75884,129.16495,65,1500,993.85,false,ok
GLV-T09,TRIP-GLV-T09-01,2026-08-01T11:14:00.000Z,35.76041,129.16582,64,1500,996.18,false,ok
GLV-T09,TRIP-GLV-T09-01,2026-08-01T11:16:00.000Z,35.76199,129.16669,62,1500,998.52,false,ok
GLV-T09,TRIP-GLV-T09-01,2026-08-01T11:18:00.000Z,35.76356,129.16756,61,1500,1000.85,false,ok
GLV-T09,TRIP-GLV-T09-01,2026-08-01T11:20:00.000Z,35.76514,129.16843,61,1500,1003.18,false,ok
GLV-T09,TRIP-GLV-T09-01,2026-08-01T11:22:00.000Z,35.76671,129.16931,60,1500,1005.51,false,ok
GLV-T09,TRIP-GLV-T09-01,2026-08-01T11:24:00.000Z,35.76829,129.17018,60,1500,1007.85,false,ok
GLV-T09,TRIP-GLV-T09-01,2026-08-01T11:26:00.000Z,35.76986,129.17105,60,1500,1010.18,false,ok
GLV-T09,TRIP-GLV-T09-01,2026-08-01T11:28:00.000Z,35.77144,129.17192,61,1500,1012.51,false,ok
GLV-T09,TRIP-GLV-T09-01,2026-08-01T11:30:00.000Z,35.77301,129.17279,61,1500,1014.85,false,ok
GLV-T09,TRIP-GLV-T09-01,2026-08-01T11:32:00.000Z,35.77459,129.17366,62,1500,1017.18,false,ok
GLV-T09,TRIP-GLV-T09-01,2026-08-01T11:34:00.000Z,35.77616,129.17453,64,1500,1019.51,false,ok
GLV-T09,TRIP-GLV-T09-01,2026-08-01T11:36:00.000Z,35.77774,129.17541,65,1500,1021.85,false,ok
GLV-T09,TRIP-GLV-T09-01,2026-08-01T11:38:00.000Z,35.77931,129.17628,67,1500,1024.18,false,ok
GLV-T09,TRIP-GLV-T09-01,2026-08-01T11:40:00.000Z,35.78089,129.17715,68,1500,1026.51,false,ok
GLV-T09,TRIP-GLV-T09-01,2026-08-01T11:42:00.000Z,35.78246,129.17802,70,1500,1028.84,false,ok
GLV-T09,TRIP-GLV-T09-01,2026-08-01T11:44:00.000Z,35.78404,129.17889,71,1500,1031.18,false,ok
GLV-T09,TRIP-GLV-T09-01,2026-08-01T11:46:00.000Z,35.78561,129.17976,73,1500,1033.51,false,ok
GLV-T09,TRIP-GLV-T09-01,2026-08-01T11:48:00.000Z,35.78719,129.18063,74,1500,1035.84,false,ok
GLV-T09,TRIP-GLV-T09-01,2026-08-01T11:50:00.000Z,35.78876,129.18151,75,1500,1038.18,false,ok
GLV-T09,TRIP-GLV-T09-01,2026-08-01T11:52:00.000Z,35.79034,129.18238,76,1500,1040.51,false,ok
GLV-T09,TRIP-GLV-T09-01,2026-08-01T11:54:00.000Z,35.79191,129.18325,76,1500,1042.84,false,ok
GLV-T09,TRIP-GLV-T09-01,2026-08-01T11:56:00.000Z,35.79349,129.18412,76,1500,1045.17,false,ok
GLV-T09,TRIP-GLV-T09-01,2026-08-01T11:58:00.000Z,35.79506,129.18499,76,1500,1047.51,false,ok
GLV-T09,TRIP-GLV-T09-01,2026-08-01T12:00:00.000Z,35.79664,129.18586,75,1500,1049.84,false,ok
GLV-T09,TRIP-GLV-T09-01,2026-08-01T12:02:00.000Z,35.79821,129.18673,74,1500,1052.17,false,ok
GLV-T09,TRIP-GLV-T09-01,2026-08-01T12:04:00.000Z,35.79979,129.18761,73,1500,1054.51,false,ok
GLV-T09,TRIP-GLV-T09-01,2026-08-01T12:06:00.000Z,35.80136,129.18848,72,1500,1056.84,false,ok
GLV-T09,TRIP-GLV-T09-01,2026-08-01T12:08:00.000Z,35.80294,129.18935,70,1500,1059.17,false,ok
GLV-T09,TRIP-GLV-T09-01,2026-08-01T12:10:00.000Z,35.80451,129.19022,69,1500,1061.51,false,ok
GLV-T09,TRIP-GLV-T09-01,2026-08-01T12:12:00.000Z,35.80609,129.19109,67,1500,1063.84,false,ok
GLV-T09,TRIP-GLV-T09-01,2026-08-01T12:14:00.000Z,35.80766,129.19196,66,1500,1066.17,false,ok
GLV-T09,TRIP-GLV-T09-01,2026-08-01T12:16:00.000Z,35.80924,129.19284,64,1500,1068.50,false,ok
GLV-T09,TRIP-GLV-T09-01,2026-08-01T12:18:00.000Z,35.81081,129.19371,63,1500,1070.84,false,ok
GLV-T09,TRIP-GLV-T09-01,2026-08-01T12:20:00.000Z,35.81239,129.19458,62,1500,1073.17,false,ok
GLV-T09,TRIP-GLV-T09-01,2026-08-01T12:22:00.000Z,35.81396,129.19545,61,1500,1075.50,false,ok
GLV-T09,TRIP-GLV-T09-01,2026-08-01T12:24:00.000Z,35.81554,129.19632,60,1500,1077.84,false,ok
GLV-T09,TRIP-GLV-T09-01,2026-08-01T12:26:00.000Z,35.81711,129.19719,60,1500,1080.17,false,ok
GLV-T09,TRIP-GLV-T09-01,2026-08-01T12:28:00.000Z,35.81869,129.19806,60,1500,1082.50,false,ok
GLV-T09,TRIP-GLV-T09-01,2026-08-01T12:30:00.000Z,35.82026,129.19894,60,1500,1084.84,false,ok
GLV-T09,TRIP-GLV-T09-01,2026-08-01T12:32:00.000Z,35.82184,129.19981,61,1500,1087.17,false,ok
GLV-T09,TRIP-GLV-T09-01,2026-08-01T12:34:00.000Z,35.82341,129.20068,62,1500,1089.50,false,ok
GLV-T09,TRIP-GLV-T09-01,2026-08-01T12:36:00.000Z,35.82499,129.20155,63,1500,1091.83,false,ok
GLV-T09,TRIP-GLV-T09-01,2026-08-01T12:38:00.000Z,35.82656,129.20242,65,1500,1094.17,false,ok
GLV-T09,TRIP-GLV-T09-01,2026-08-01T12:40:00.000Z,35.82814,129.20329,66,1500,1096.50,false,ok
GLV-T09,TRIP-GLV-T09-01,2026-08-01T12:42:00.000Z,35.82971,129.20416,68,1500,1098.83,false,ok
GLV-T09,TRIP-GLV-T09-01,2026-08-01T01:00:00.000Z,35.83050,129.20460,68,1500,1100.00,true,ok
GLV-T09,TRIP-GLV-T09-01,2026-08-01T01:02:00.000Z,35.82893,129.20373,70,1500,1102.33,true,ok
GLV-T09,TRIP-GLV-T09-01,2026-08-01T01:04:00.000Z,35.82735,129.20286,71,1500,1104.67,true,ok
GLV-T09,TRIP-GLV-T09-01,2026-08-01T01:06:00.000Z,35.82578,129.20199,73,1500,1107.00,true,ok
GLV-T09,TRIP-GLV-T09-01,2026-08-01T01:08:00.000Z,35.82420,129.20111,74,1500,1109.33,true,ok
GLV-T09,TRIP-GLV-T09-01,2026-08-01T01:10:00.000Z,35.82263,129.20024,75,1500,1111.66,true,ok
GLV-T09,TRIP-GLV-T09-01,2026-08-01T01:12:00.000Z,35.82105,129.19937,75,1500,1114.00,true,ok
GLV-T09,TRIP-GLV-T09-01,2026-08-01T01:14:00.000Z,35.81948,129.19850,76,1500,1116.33,true,ok
GLV-T09,TRIP-GLV-T09-01,2026-08-01T01:16:00.000Z,35.81790,129.19763,76,1500,1118.66,true,ok
GLV-T09,TRIP-GLV-T09-01,2026-08-01T01:18:00.000Z,35.81633,129.19676,76,1500,1121.00,true,ok
GLV-T09,TRIP-GLV-T09-01,2026-08-01T01:20:00.000Z,35.81475,129.19589,75,1500,1123.33,true,ok
GLV-T09,TRIP-GLV-T09-01,2026-08-01T01:22:00.000Z,35.81318,129.19501,74,1500,1125.66,true,ok
GLV-T09,TRIP-GLV-T09-01,2026-08-01T01:24:00.000Z,35.81160,129.19414,73,1500,1128.00,true,ok
GLV-T09,TRIP-GLV-T09-01,2026-08-01T01:26:00.000Z,35.81003,129.19327,72,1500,1130.33,true,ok
GLV-T09,TRIP-GLV-T09-01,2026-08-01T01:28:00.000Z,35.80845,129.19240,71,1500,1132.66,true,ok
GLV-T09,TRIP-GLV-T09-01,2026-08-01T01:30:00.000Z,35.80688,129.19153,69,1500,1134.99,true,ok
GLV-T09,TRIP-GLV-T09-01,2026-08-01T01:32:00.000Z,35.80530,129.19066,68,1500,1137.33,true,ok
GLV-T09,TRIP-GLV-T09-01,2026-08-01T01:34:00.000Z,35.80373,129.18978,66,1500,1139.66,true,ok
GLV-T09,TRIP-GLV-T09-01,2026-08-01T01:36:00.000Z,35.80215,129.18891,64,1500,1141.99,true,ok
GLV-T09,TRIP-GLV-T09-01,2026-08-01T01:38:00.000Z,35.80058,129.18804,63,1500,1144.33,true,ok
GLV-T09,TRIP-GLV-T09-01,2026-08-01T01:40:00.000Z,35.79900,129.18717,62,1500,1146.66,true,ok
GLV-T09,TRIP-GLV-T09-01,2026-08-01T01:42:00.000Z,35.79743,129.18630,61,1500,1148.99,true,ok
GLV-T09,TRIP-GLV-T09-01,2026-08-01T01:44:00.000Z,35.79585,129.18543,60,1500,1151.33,true,ok
GLV-T09,TRIP-GLV-T09-01,2026-08-01T01:46:00.000Z,35.79428,129.18456,60,1500,1153.66,true,ok
GLV-T09,TRIP-GLV-T09-01,2026-08-01T01:48:00.000Z,35.79270,129.18368,60,1500,1155.99,true,ok
GLV-T09,TRIP-GLV-T09-01,2026-08-01T01:50:00.000Z,35.79113,129.18281,60,1500,1158.32,true,ok
GLV-T09,TRIP-GLV-T09-01,2026-08-01T01:52:00.000Z,35.78955,129.18194,61,1500,1160.66,true,ok
GLV-T09,TRIP-GLV-T09-01,2026-08-01T01:54:00.000Z,35.78798,129.18107,62,1500,1162.99,true,ok
GLV-T09,TRIP-GLV-T09-01,2026-08-01T01:56:00.000Z,35.78640,129.18020,63,1500,1165.32,true,ok
GLV-T09,TRIP-GLV-T09-01,2026-08-01T01:58:00.000Z,35.78483,129.17933,64,1500,1167.66,true,ok
GLV-T09,TRIP-GLV-T09-01,2026-08-01T02:00:00.000Z,35.78325,129.17846,66,1500,1169.99,true,ok
GLV-T09,TRIP-GLV-T09-01,2026-08-01T02:02:00.000Z,35.78168,129.17758,67,1500,1172.32,true,ok
GLV-T09,TRIP-GLV-T09-01,2026-08-01T02:04:00.000Z,35.78010,129.17671,69,1500,1174.66,true,ok
GLV-T09,TRIP-GLV-T09-01,2026-08-01T02:06:00.000Z,35.77853,129.17584,70,1500,1176.99,true,ok
GLV-T09,TRIP-GLV-T09-01,2026-08-01T02:08:00.000Z,35.77695,129.17497,72,1500,1179.32,true,ok
GLV-T09,TRIP-GLV-T09-01,2026-08-01T02:10:00.000Z,35.77538,129.17410,73,1500,1181.65,true,ok
GLV-T09,TRIP-GLV-T09-01,2026-08-01T02:12:00.000Z,35.77380,129.17323,74,1500,1183.99,true,ok
GLV-T09,TRIP-GLV-T09-01,2026-08-01T02:14:00.000Z,35.77223,129.17236,75,1500,1186.32,true,ok
GLV-T09,TRIP-GLV-T09-01,2026-08-01T02:16:00.000Z,35.77065,129.17148,76,1500,1188.65,true,ok
GLV-T09,TRIP-GLV-T09-01,2026-08-01T02:18:00.000Z,35.76908,129.17061,76,1500,1190.99,true,ok
GLV-T09,TRIP-GLV-T09-01,2026-08-01T02:20:00.000Z,35.76750,129.16974,76,1500,1193.32,true,ok
GLV-T09,TRIP-GLV-T09-01,2026-08-01T02:22:00.000Z,35.76593,129.16887,76,1500,1195.65,true,ok
GLV-T09,TRIP-GLV-T09-01,2026-08-01T02:24:00.000Z,35.76435,129.16800,75,1500,1197.99,true,ok
GLV-T09,TRIP-GLV-T09-01,2026-08-01T02:26:00.000Z,35.76278,129.16713,74,1500,1200.32,true,ok
GLV-T09,TRIP-GLV-T09-01,2026-08-01T02:28:00.000Z,35.76120,129.16626,73,1500,1202.65,true,ok
GLV-T09,TRIP-GLV-T09-01,2026-08-01T02:30:00.000Z,35.75963,129.16538,71,1500,1204.98,true,ok
GLV-T09,TRIP-GLV-T09-01,2026-08-01T02:32:00.000Z,35.75805,129.16451,70,1500,1207.32,true,ok
GLV-T09,TRIP-GLV-T09-01,2026-08-01T02:34:00.000Z,35.75648,129.16364,68,1500,1209.65,true,ok
GLV-T09,TRIP-GLV-T09-01,2026-08-01T02:36:00.000Z,35.75490,129.16277,67,1500,1211.98,true,ok
GLV-T09,TRIP-GLV-T09-01,2026-08-01T02:38:00.000Z,35.75333,129.16190,65,1500,1214.32,true,ok
GLV-T09,TRIP-GLV-T09-01,2026-08-01T02:40:00.000Z,35.75175,129.16103,64,1500,1216.65,true,ok
GLV-T09,TRIP-GLV-T09-01,2026-08-01T02:42:00.000Z,35.75018,129.16015,62,1500,1218.98,true,ok
GLV-T09,TRIP-GLV-T09-01,2026-08-01T02:44:00.000Z,35.74860,129.15928,61,1500,1221.31,true,ok
GLV-T09,TRIP-GLV-T09-01,2026-08-01T02:46:00.000Z,35.74703,129.15841,61,1500,1223.65,true,ok
GLV-T09,TRIP-GLV-T09-01,2026-08-01T02:48:00.000Z,35.74545,129.15754,60,1500,1225.98,true,ok
GLV-T09,TRIP-GLV-T09-01,2026-08-01T02:50:00.000Z,35.74388,129.15667,60,1500,1228.31,true,ok
GLV-T09,TRIP-GLV-T09-01,2026-08-01T02:52:00.000Z,35.74230,129.15580,60,1500,1230.65,true,ok
GLV-T09,TRIP-GLV-T09-01,2026-08-01T02:54:00.000Z,35.74073,129.15493,61,1500,1232.98,true,ok
GLV-T09,TRIP-GLV-T09-01,2026-08-01T02:56:00.000Z,35.73915,129.15405,61,1500,1235.31,true,ok
GLV-T09,TRIP-GLV-T09-01,2026-08-01T02:58:00.000Z,35.73758,129.15318,62,1500,1237.65,true,ok
GLV-T09,TRIP-GLV-T09-01,2026-08-01T03:00:00.000Z,35.73600,129.15231,64,1500,1239.98,true,ok
GLV-T09,TRIP-GLV-T09-01,2026-08-01T03:02:00.000Z,35.73443,129.15144,65,1500,1242.31,true,ok
GLV-T09,TRIP-GLV-T09-01,2026-08-01T03:04:00.000Z,35.73285,129.15057,67,1500,1244.64,true,ok
GLV-T09,TRIP-GLV-T09-01,2026-08-01T03:06:00.000Z,35.73128,129.14970,68,1500,1246.98,true,ok
GLV-T09,TRIP-GLV-T09-01,2026-08-01T03:08:00.000Z,35.72970,129.14883,70,1500,1249.31,true,ok
GLV-T09,TRIP-GLV-T09-01,2026-08-01T03:10:00.000Z,35.72813,129.14795,71,1500,1251.64,true,ok
GLV-T09,TRIP-GLV-T09-01,2026-08-01T03:12:00.000Z,35.72655,129.14708,73,1500,1253.98,true,ok
GLV-T09,TRIP-GLV-T09-01,2026-08-01T03:14:00.000Z,35.72498,129.14621,74,1500,1256.31,true,ok
GLV-T09,TRIP-GLV-T09-01,2026-08-01T03:16:00.000Z,35.72340,129.14534,75,1500,1258.64,true,ok
GLV-T09,TRIP-GLV-T09-01,2026-08-01T03:18:00.000Z,35.72183,129.14447,76,1500,1260.98,true,ok
GLV-T09,TRIP-GLV-T09-01,2026-08-01T03:20:00.000Z,35.72025,129.14360,76,1500,1263.31,true,ok
GLV-T09,TRIP-GLV-T09-01,2026-08-01T03:22:00.000Z,35.71868,129.14273,76,1500,1265.64,true,ok
GLV-T09,TRIP-GLV-T09-01,2026-08-01T03:24:00.000Z,35.71710,129.14185,76,1500,1267.97,true,ok
GLV-T09,TRIP-GLV-T09-01,2026-08-01T03:26:00.000Z,35.71553,129.14098,75,1500,1270.31,true,ok
GLV-T09,TRIP-GLV-T09-01,2026-08-01T03:28:00.000Z,35.71395,129.14011,74,1500,1272.64,true,ok
GLV-T09,TRIP-GLV-T09-01,2026-08-01T03:30:00.000Z,35.71238,129.13924,73,1500,1274.97,true,ok
GLV-T09,TRIP-GLV-T09-01,2026-08-01T03:32:00.000Z,35.71080,129.13837,72,1500,1277.31,true,ok
GLV-T09,TRIP-GLV-T09-01,2026-08-01T03:34:00.000Z,35.70923,129.13750,70,1500,1279.64,true,ok
GLV-T09,TRIP-GLV-T09-01,2026-08-01T03:36:00.000Z,35.70765,129.13663,69,1500,1281.97,true,ok
GLV-T09,TRIP-GLV-T09-01,2026-08-01T03:38:00.000Z,35.70608,129.13575,67,1500,1284.31,true,ok
GLV-T09,TRIP-GLV-T09-01,2026-08-01T03:40:00.000Z,35.70450,129.13488,66,1500,1286.64,true,ok
GLV-T09,TRIP-GLV-T09-01,2026-08-01T03:42:00.000Z,35.70293,129.13401,64,1500,1288.97,true,ok
GLV-T09,TRIP-GLV-T09-01,2026-08-01T03:44:00.000Z,35.70135,129.13314,63,1500,1291.30,true,ok
GLV-T09,TRIP-GLV-T09-01,2026-08-01T03:46:00.000Z,35.69978,129.13227,62,1500,1293.64,true,ok
GLV-T09,TRIP-GLV-T09-01,2026-08-01T03:48:00.000Z,35.69820,129.13140,61,1500,1295.97,true,ok
GLV-T09,TRIP-GLV-T09-01,2026-08-01T03:50:00.000Z,35.69663,129.13052,60,1500,1298.30,true,ok
GLV-T09,TRIP-GLV-T09-01,2026-08-01T03:52:00.000Z,35.69505,129.12965,60,1500,1300.64,true,ok
GLV-T09,TRIP-GLV-T09-01,2026-08-01T03:54:00.000Z,35.69348,129.12878,60,1500,1302.97,true,ok
GLV-T09,TRIP-GLV-T09-01,2026-08-01T03:56:00.000Z,35.69190,129.12791,60,1500,1305.30,true,ok
GLV-T09,TRIP-GLV-T09-01,2026-08-01T03:58:00.000Z,35.69033,129.12704,61,1500,1307.64,true,ok
GLV-T09,TRIP-GLV-T09-01,2026-08-01T04:00:00.000Z,35.68875,129.12617,62,1500,1309.97,true,ok
GLV-T09,TRIP-GLV-T09-01,2026-08-01T04:02:00.000Z,35.68718,129.12530,63,1500,1312.30,true,ok
GLV-T09,TRIP-GLV-T09-01,2026-08-01T04:04:00.000Z,35.68560,129.12442,65,1500,1314.63,true,ok
GLV-T09,TRIP-GLV-T09-01,2026-08-01T04:06:00.000Z,35.68403,129.12355,66,1500,1316.97,true,ok
GLV-T09,TRIP-GLV-T09-01,2026-08-01T04:08:00.000Z,35.68245,129.12268,68,1500,1319.30,true,ok
GLV-T09,TRIP-GLV-T09-01,2026-08-01T04:10:00.000Z,35.68088,129.12181,69,1500,1321.63,true,ok
GLV-T09,TRIP-GLV-T09-01,2026-08-01T04:12:00.000Z,35.67930,129.12094,71,1500,1323.97,true,ok
GLV-T09,TRIP-GLV-T09-01,2026-08-01T04:14:00.000Z,35.67773,129.12007,72,1500,1326.30,true,ok
GLV-T09,TRIP-GLV-T09-01,2026-08-01T04:16:00.000Z,35.67615,129.11920,73,1500,1328.63,true,ok
GLV-T09,TRIP-GLV-T09-01,2026-08-01T04:18:00.000Z,35.67458,129.11832,75,1500,1330.97,true,ok
GLV-T09,TRIP-GLV-T09-01,2026-08-01T04:20:00.000Z,35.67300,129.11745,75,1500,1333.30,true,ok
GLV-T09,TRIP-GLV-T09-01,2026-08-01T04:22:00.000Z,35.67143,129.11658,76,1500,1335.63,true,ok
GLV-T09,TRIP-GLV-T09-01,2026-08-01T04:24:00.000Z,35.66985,129.11571,76,1500,1337.96,true,ok
GLV-T09,TRIP-GLV-T09-01,2026-08-01T04:26:00.000Z,35.66828,129.11484,76,1500,1340.30,true,ok
GLV-T09,TRIP-GLV-T09-01,2026-08-01T04:28:00.000Z,35.66670,129.11397,75,1500,1342.63,true,ok
GLV-T09,TRIP-GLV-T09-01,2026-08-01T04:30:00.000Z,35.66513,129.11310,75,1500,1344.96,true,ok
GLV-T09,TRIP-GLV-T09-01,2026-08-01T04:32:00.000Z,35.66355,129.11222,74,1500,1347.30,true,ok
GLV-T09,TRIP-GLV-T09-01,2026-08-01T04:34:00.000Z,35.66198,129.11135,72,1500,1349.63,true,ok
GLV-T09,TRIP-GLV-T09-01,2026-08-01T04:36:00.000Z,35.66040,129.11048,71,1500,1351.96,true,ok
GLV-T09,TRIP-GLV-T09-01,2026-08-01T04:38:00.000Z,35.65883,129.10961,70,1500,1354.29,true,ok
GLV-T09,TRIP-GLV-T09-01,2026-08-01T04:40:00.000Z,35.65725,129.10874,68,1500,1356.63,true,ok
GLV-T09,TRIP-GLV-T09-01,2026-08-01T04:42:00.000Z,35.65568,129.10787,66,1500,1358.96,true,ok
GLV-T09,TRIP-GLV-T09-01,2026-08-01T04:44:00.000Z,35.65410,129.10699,65,1500,1361.29,true,ok
GLV-T09,TRIP-GLV-T09-01,2026-08-01T04:46:00.000Z,35.65253,129.10612,63,1500,1363.63,true,ok
GLV-T09,TRIP-GLV-T09-01,2026-08-01T04:48:00.000Z,35.65095,129.10525,62,1500,1365.96,true,ok
GLV-T09,TRIP-GLV-T09-01,2026-08-01T04:50:00.000Z,35.64938,129.10438,61,1500,1368.29,true,ok
GLV-T09,TRIP-GLV-T09-01,2026-08-01T04:52:00.000Z,35.64780,129.10351,61,1500,1370.63,true,ok
GLV-T09,TRIP-GLV-T09-01,2026-08-01T04:54:00.000Z,35.64623,129.10264,60,1500,1372.96,true,ok
GLV-T09,TRIP-GLV-T09-01,2026-08-01T04:56:00.000Z,35.64465,129.10177,60,1500,1375.29,true,ok
GLV-T09,TRIP-GLV-T09-01,2026-08-01T04:58:00.000Z,35.64308,129.10089,60,1500,1377.62,true,ok
GLV-T09,TRIP-GLV-T09-01,2026-08-01T05:00:00.000Z,35.64150,129.10002,61,1500,1379.96,true,ok
GLV-T09,TRIP-GLV-T09-01,2026-08-01T05:02:00.000Z,35.63993,129.09915,62,1500,1382.29,true,ok
GLV-T09,TRIP-GLV-T09-01,2026-08-01T05:04:00.000Z,35.63835,129.09828,63,1500,1384.62,true,ok
GLV-T09,TRIP-GLV-T09-01,2026-08-01T05:06:00.000Z,35.63678,129.09741,64,1500,1386.96,true,ok
GLV-T09,TRIP-GLV-T09-01,2026-08-01T05:08:00.000Z,35.63520,129.09654,65,1500,1389.29,true,ok
GLV-T09,TRIP-GLV-T09-01,2026-08-01T05:10:00.000Z,35.63363,129.09567,67,1500,1391.62,true,ok
GLV-T09,TRIP-GLV-T09-01,2026-08-01T05:12:00.000Z,35.63205,129.09479,69,1500,1393.96,true,ok
GLV-T09,TRIP-GLV-T09-01,2026-08-01T05:14:00.000Z,35.63048,129.09392,70,1500,1396.29,true,ok
GLV-T09,TRIP-GLV-T09-01,2026-08-01T05:16:00.000Z,35.62890,129.09305,72,1500,1398.62,true,ok
GLV-T09,TRIP-GLV-T09-01,2026-08-01T05:18:00.000Z,35.62733,129.09218,73,1500,1400.95,true,ok
GLV-T09,TRIP-GLV-T09-01,2026-08-01T05:20:00.000Z,35.62575,129.09131,74,1500,1403.29,true,ok
GLV-T09,TRIP-GLV-T09-01,2026-08-01T05:22:00.000Z,35.62418,129.09044,75,1500,1405.62,true,ok
GLV-T09,TRIP-GLV-T09-01,2026-08-01T05:24:00.000Z,35.62260,129.08957,76,1500,1407.95,true,ok
GLV-T09,TRIP-GLV-T09-01,2026-08-01T05:26:00.000Z,35.62103,129.08869,76,1500,1410.29,true,ok
GLV-T09,TRIP-GLV-T09-01,2026-08-01T05:28:00.000Z,35.61945,129.08782,76,1500,1412.62,true,ok
GLV-T09,TRIP-GLV-T09-01,2026-08-01T05:30:00.000Z,35.61788,129.08695,76,1500,1414.95,true,ok
GLV-T09,TRIP-GLV-T09-01,2026-08-01T05:32:00.000Z,35.61630,129.08608,75,1500,1417.29,true,ok
GLV-T09,TRIP-GLV-T09-01,2026-08-01T05:34:00.000Z,35.61473,129.08521,74,1500,1419.62,true,ok
GLV-T09,TRIP-GLV-T09-01,2026-08-01T05:36:00.000Z,35.61315,129.08434,73,1500,1421.95,true,ok
GLV-T09,TRIP-GLV-T09-01,2026-08-01T05:38:00.000Z,35.61158,129.08347,72,1500,1424.28,true,ok
GLV-T09,TRIP-GLV-T09-01,2026-08-01T05:40:00.000Z,35.61000,129.08259,70,1500,1426.62,true,ok
GLV-T09,TRIP-GLV-T09-01,2026-08-01T05:42:00.000Z,35.60843,129.08172,69,1500,1428.95,true,ok
GLV-T09,TRIP-GLV-T09-01,2026-08-01T05:44:00.000Z,35.60685,129.08085,67,1500,1431.28,true,ok
GLV-T09,TRIP-GLV-T09-01,2026-08-01T05:46:00.000Z,35.60528,129.07998,65,1500,1433.62,true,ok
GLV-T09,TRIP-GLV-T09-01,2026-08-01T05:48:00.000Z,35.60370,129.07911,64,1500,1435.95,true,ok
GLV-T09,TRIP-GLV-T09-01,2026-08-01T05:50:00.000Z,35.60213,129.07824,63,1500,1438.28,true,ok
GLV-T09,TRIP-GLV-T09-01,2026-08-01T05:52:00.000Z,35.60055,129.07736,62,1500,1440.62,true,ok
GLV-T09,TRIP-GLV-T09-01,2026-08-01T05:54:00.000Z,35.59898,129.07649,61,1500,1442.95,true,ok
GLV-T09,TRIP-GLV-T09-01,2026-08-01T05:56:00.000Z,35.59740,129.07562,60,1500,1445.28,true,ok
GLV-T09,TRIP-GLV-T09-01,2026-08-01T05:58:00.000Z,35.59583,129.07475,60,1500,1447.61,true,ok
GLV-T09,TRIP-GLV-T09-01,2026-08-01T06:00:00.000Z,35.59425,129.07388,60,1500,1449.95,true,ok
GLV-T09,TRIP-GLV-T09-01,2026-08-01T06:02:00.000Z,35.59268,129.07301,60,1500,1452.28,true,ok
GLV-T09,TRIP-GLV-T09-01,2026-08-01T06:04:00.000Z,35.59110,129.07214,61,1500,1454.61,true,ok
GLV-T09,TRIP-GLV-T09-01,2026-08-01T06:06:00.000Z,35.58953,129.07126,62,1500,1456.95,true,ok
GLV-T09,TRIP-GLV-T09-01,2026-08-01T06:08:00.000Z,35.58795,129.07039,63,1500,1459.28,true,ok
GLV-T09,TRIP-GLV-T09-01,2026-08-01T06:10:00.000Z,35.58638,129.06952,65,1500,1461.61,true,ok
GLV-T09,TRIP-GLV-T09-01,2026-08-01T06:12:00.000Z,35.58480,129.06865,66,1500,1463.94,true,ok
GLV-T09,TRIP-GLV-T09-01,2026-08-01T06:14:00.000Z,35.58323,129.06778,68,1500,1466.28,true,ok
GLV-T09,TRIP-GLV-T09-01,2026-08-01T06:16:00.000Z,35.58165,129.06691,69,1500,1468.61,true,ok
GLV-T09,TRIP-GLV-T09-01,2026-08-01T06:18:00.000Z,35.58008,129.06604,71,1500,1470.94,true,ok
GLV-T09,TRIP-GLV-T09-01,2026-08-01T06:20:00.000Z,35.57850,129.06516,72,1500,1473.28,true,ok
GLV-T09,TRIP-GLV-T09-01,2026-08-01T06:22:00.000Z,35.57693,129.06429,74,1500,1475.61,true,ok
GLV-T09,TRIP-GLV-T09-01,2026-08-01T06:24:00.000Z,35.57535,129.06342,75,1500,1477.94,true,ok
GLV-T09,TRIP-GLV-T09-01,2026-08-01T06:26:00.000Z,35.57378,129.06255,75,1500,1480.28,true,ok
GLV-T09,TRIP-GLV-T09-01,2026-08-01T06:28:00.000Z,35.57220,129.06168,76,1500,1482.61,true,ok
GLV-T09,TRIP-GLV-T09-01,2026-08-01T06:30:00.000Z,35.57063,129.06081,76,1500,1484.94,true,ok
GLV-T09,TRIP-GLV-T09-01,2026-08-01T06:32:00.000Z,35.56905,129.05994,76,1500,1487.27,true,ok
GLV-T09,TRIP-GLV-T09-01,2026-08-01T06:34:00.000Z,35.56748,129.05906,75,1500,1489.61,true,ok
GLV-T09,TRIP-GLV-T09-01,2026-08-01T06:36:00.000Z,35.56590,129.05819,75,1500,1491.94,true,ok
GLV-T09,TRIP-GLV-T09-01,2026-08-01T06:38:00.000Z,35.56433,129.05732,73,1500,1494.27,true,ok
GLV-T09,TRIP-GLV-T09-01,2026-08-01T06:40:00.000Z,35.56275,129.05645,72,1500,1496.61,true,ok
GLV-T09,TRIP-GLV-T09-01,2026-08-01T06:42:00.000Z,35.56118,129.05558,71,1500,1498.94,true,ok
GLV-T09,TRIP-GLV-T09-01,2026-08-01T06:44:00.000Z,35.55960,129.05471,69,1500,1501.27,true,ok
GLV-T09,TRIP-GLV-T09-01,2026-08-01T06:46:00.000Z,35.55803,129.05383,68,1500,1503.61,true,ok
GLV-T09,TRIP-GLV-T09-01,2026-08-01T06:48:00.000Z,35.55645,129.05296,66,1500,1505.94,true,ok
GLV-T09,TRIP-GLV-T09-01,2026-08-01T06:50:00.000Z,35.55488,129.05209,65,1500,1508.27,true,ok
GLV-T09,TRIP-GLV-T09-01,2026-08-01T06:52:00.000Z,35.55330,129.05122,63,1500,1510.60,true,ok
GLV-T09,TRIP-GLV-T09-01,2026-08-01T06:54:00.000Z,35.55173,129.05035,62,1500,1512.94,true,ok
GLV-T09,TRIP-GLV-T09-01,2026-08-01T06:56:00.000Z,35.55015,129.04948,61,1500,1515.27,true,ok
GLV-T09,TRIP-GLV-T09-01,2026-08-01T06:58:00.000Z,35.54858,129.04861,60,1500,1517.60,true,ok
GLV-T09,TRIP-GLV-T09-01,2026-08-01T07:00:00.000Z,35.54700,129.04773,60,1500,1519.94,true,ok
GLV-T09,TRIP-GLV-T09-01,2026-08-01T07:02:00.000Z,35.54543,129.04686,60,1500,1522.27,true,ok
GLV-T09,TRIP-GLV-T09-01,2026-08-01T07:04:00.000Z,35.54385,129.04599,60,1500,1524.60,true,ok
GLV-T09,TRIP-GLV-T09-01,2026-08-01T07:06:00.000Z,35.54228,129.04512,61,1500,1526.94,true,ok
GLV-T09,TRIP-GLV-T09-01,2026-08-01T07:08:00.000Z,35.54070,129.04425,62,1500,1529.27,true,ok
GLV-T09,TRIP-GLV-T09-01,2026-08-01T07:10:00.000Z,35.53913,129.04338,63,1500,1531.60,true,ok
GLV-T09,TRIP-GLV-T09-01,2026-08-01T07:12:00.000Z,35.53755,129.04251,64,1500,1533.93,true,ok
GLV-T09,TRIP-GLV-T09-01,2026-08-01T07:14:00.000Z,35.53598,129.04163,66,1500,1536.27,true,ok
GLV-T09,TRIP-GLV-T09-01,2026-08-01T07:16:00.000Z,35.53440,129.04076,67,1500,1538.60,true,ok
GLV-T09,TRIP-GLV-T09-01,2026-08-01T07:18:00.000Z,35.53283,129.03989,69,1500,1540.93,true,ok
GLV-T09,TRIP-GLV-T09-01,2026-08-01T07:20:00.000Z,35.53126,129.03902,70,1500,1543.27,true,ok
GLV-T09,TRIP-GLV-T09-01,2026-08-01T07:22:00.000Z,35.52968,129.03815,72,1500,1545.60,true,ok
GLV-T09,TRIP-GLV-T09-01,2026-08-01T07:24:00.000Z,35.52811,129.03728,73,1500,1547.93,true,ok
GLV-T09,TRIP-GLV-T09-01,2026-08-01T07:26:00.000Z,35.52653,129.03641,74,1500,1550.27,true,ok
GLV-T09,TRIP-GLV-T09-01,2026-08-01T07:28:00.000Z,35.52496,129.03553,75,1500,1552.60,true,ok
GLV-T09,TRIP-GLV-T09-01,2026-08-01T07:30:00.000Z,35.52338,129.03466,76,1500,1554.93,true,ok
GLV-T09,TRIP-GLV-T09-01,2026-08-01T07:32:00.000Z,35.52181,129.03379,76,1500,1557.26,true,ok
GLV-T09,TRIP-GLV-T09-01,2026-08-01T07:34:00.000Z,35.52023,129.03292,76,1500,1559.60,true,ok
GLV-T09,TRIP-GLV-T09-01,2026-08-01T07:36:00.000Z,35.51866,129.03205,76,1500,1561.93,true,ok
GLV-T09,TRIP-GLV-T09-01,2026-08-01T07:38:00.000Z,35.51708,129.03118,75,1500,1564.26,true,ok
GLV-T09,TRIP-GLV-T09-01,2026-08-01T07:40:00.000Z,35.51551,129.03031,74,1500,1566.60,true,ok
GLV-T09,TRIP-GLV-T09-01,2026-08-01T07:42:00.000Z,35.51393,129.02943,73,1500,1568.93,true,ok
GLV-T09,TRIP-GLV-T09-01,2026-08-01T07:44:00.000Z,35.51236,129.02856,71,1500,1571.26,true,ok
GLV-T09,TRIP-GLV-T09-01,2026-08-01T07:46:00.000Z,35.51078,129.02769,70,1500,1573.59,true,ok
GLV-T09,TRIP-GLV-T09-01,2026-08-01T07:48:00.000Z,35.50921,129.02682,68,1500,1575.93,true,ok
GLV-T09,TRIP-GLV-T09-01,2026-08-01T07:50:00.000Z,35.50763,129.02595,67,1500,1578.26,true,ok
GLV-T09,TRIP-GLV-T09-01,2026-08-01T07:52:00.000Z,35.50606,129.02508,65,1500,1580.59,true,ok
GLV-T09,TRIP-GLV-T09-01,2026-08-01T07:54:00.000Z,35.50448,129.02420,64,1500,1582.93,true,ok
GLV-T09,TRIP-GLV-T09-01,2026-08-01T07:56:00.000Z,35.50291,129.02333,62,1500,1585.26,true,ok
GLV-T09,TRIP-GLV-T09-01,2026-08-01T07:58:00.000Z,35.50133,129.02246,61,1500,1587.59,true,ok
GLV-T09,TRIP-GLV-T09-01,2026-08-01T08:00:00.000Z,35.49976,129.02159,61,1500,1589.93,true,ok
GLV-T09,TRIP-GLV-T09-01,2026-08-01T08:02:00.000Z,35.49818,129.02072,60,1500,1592.26,true,ok
GLV-T09,TRIP-GLV-T09-01,2026-08-01T08:04:00.000Z,35.49661,129.01985,60,1500,1594.59,true,ok
GLV-T09,TRIP-GLV-T09-01,2026-08-01T08:06:00.000Z,35.49503,129.01898,60,1500,1596.92,true,ok
GLV-T09,TRIP-GLV-T09-01,2026-08-01T08:08:00.000Z,35.49346,129.01810,61,1500,1599.26,true,ok
GLV-T09,TRIP-GLV-T09-01,2026-08-01T08:10:00.000Z,35.49188,129.01723,61,1500,1601.59,true,ok
GLV-T09,TRIP-GLV-T09-01,2026-08-01T08:12:00.000Z,35.49031,129.01636,62,1500,1603.92,true,ok
GLV-T09,TRIP-GLV-T09-01,2026-08-01T08:14:00.000Z,35.48873,129.01549,64,1500,1606.26,true,ok
GLV-T09,TRIP-GLV-T09-01,2026-08-01T08:16:00.000Z,35.48716,129.01462,65,1500,1608.59,true,ok
GLV-T09,TRIP-GLV-T09-01,2026-08-01T08:18:00.000Z,35.48558,129.01375,67,1500,1610.92,true,ok
GLV-T09,TRIP-GLV-T09-01,2026-08-01T08:20:00.000Z,35.48401,129.01288,68,1500,1613.26,true,ok
GLV-T09,TRIP-GLV-T09-01,2026-08-01T08:22:00.000Z,35.48243,129.01200,70,1500,1615.59,true,ok
GLV-T09,TRIP-GLV-T09-01,2026-08-01T08:24:00.000Z,35.48086,129.01113,71,1500,1617.92,true,ok
GLV-T09,TRIP-GLV-T09-01,2026-08-01T08:26:00.000Z,35.47928,129.01026,73,1500,1620.25,true,ok
GLV-T09,TRIP-GLV-T09-01,2026-08-01T08:28:00.000Z,35.47771,129.00939,74,1500,1622.59,true,ok
GLV-T09,TRIP-GLV-T09-01,2026-08-01T08:30:00.000Z,35.47613,129.00852,75,1500,1624.92,true,ok
GLV-T09,TRIP-GLV-T09-01,2026-08-01T08:32:00.000Z,35.47456,129.00765,76,1500,1627.25,true,ok
GLV-T09,TRIP-GLV-T09-01,2026-08-01T08:34:00.000Z,35.47298,129.00678,76,1500,1629.59,true,ok
GLV-T09,TRIP-GLV-T09-01,2026-08-01T08:36:00.000Z,35.47141,129.00590,76,1500,1631.92,true,ok
GLV-T09,TRIP-GLV-T09-01,2026-08-01T08:38:00.000Z,35.46983,129.00503,76,1500,1634.25,true,ok
GLV-T09,TRIP-GLV-T09-01,2026-08-01T08:40:00.000Z,35.46826,129.00416,75,1500,1636.59,true,ok
GLV-T09,TRIP-GLV-T09-01,2026-08-01T08:42:00.000Z,35.46668,129.00329,74,1500,1638.92,true,ok
GLV-T09,TRIP-GLV-T09-01,2026-08-01T08:44:00.000Z,35.46511,129.00242,73,1500,1641.25,true,ok
GLV-T09,TRIP-GLV-T09-01,2026-08-01T08:46:00.000Z,35.46353,129.00155,72,1500,1643.58,true,ok
GLV-T09,TRIP-GLV-T09-01,2026-08-01T08:48:00.000Z,35.46196,129.00068,71,1500,1645.92,true,ok
GLV-T09,TRIP-GLV-T09-01,2026-08-01T08:50:00.000Z,35.46038,128.99980,69,1500,1648.25,true,ok
GLV-T09,TRIP-GLV-T09-01,2026-08-01T08:52:00.000Z,35.45881,128.99893,67,1500,1650.58,true,ok
GLV-T09,TRIP-GLV-T09-01,2026-08-01T08:54:00.000Z,35.45723,128.99806,66,1500,1652.92,true,ok
GLV-T09,TRIP-GLV-T09-01,2026-08-01T08:56:00.000Z,35.45566,128.99719,64,1500,1655.25,true,ok
GLV-T09,TRIP-GLV-T09-01,2026-08-01T08:58:00.000Z,35.45408,128.99632,63,1500,1657.58,true,ok
GLV-T09,TRIP-GLV-T09-01,2026-08-01T09:00:00.000Z,35.45251,128.99545,62,1500,1659.92,true,ok
GLV-T09,TRIP-GLV-T09-01,2026-08-01T09:02:00.000Z,35.45093,128.99457,61,1500,1662.25,true,ok
GLV-T09,TRIP-GLV-T09-01,2026-08-01T09:04:00.000Z,35.44936,128.99370,60,1500,1664.58,true,ok
GLV-T09,TRIP-GLV-T09-01,2026-08-01T09:06:00.000Z,35.44778,128.99283,60,1500,1666.91,true,ok
GLV-T09,TRIP-GLV-T09-01,2026-08-01T09:08:00.000Z,35.44621,128.99196,60,1500,1669.25,true,ok
GLV-T09,TRIP-GLV-T09-01,2026-08-01T09:10:00.000Z,35.44463,128.99109,60,1500,1671.58,true,ok
GLV-T09,TRIP-GLV-T09-01,2026-08-01T09:12:00.000Z,35.44306,128.99022,61,1500,1673.91,true,ok
GLV-T09,TRIP-GLV-T09-01,2026-08-01T09:14:00.000Z,35.44148,128.98935,62,1500,1676.25,true,ok
GLV-T09,TRIP-GLV-T09-01,2026-08-01T09:16:00.000Z,35.43991,128.98847,63,1500,1678.58,true,ok
GLV-T09,TRIP-GLV-T09-01,2026-08-01T09:18:00.000Z,35.43833,128.98760,64,1500,1680.91,true,ok
GLV-T09,TRIP-GLV-T09-01,2026-08-01T09:20:00.000Z,35.43676,128.98673,66,1500,1683.24,true,ok
GLV-T09,TRIP-GLV-T09-01,2026-08-01T09:22:00.000Z,35.43518,128.98586,67,1500,1685.58,true,ok
GLV-T09,TRIP-GLV-T09-01,2026-08-01T09:24:00.000Z,35.43361,128.98499,69,1500,1687.91,true,ok
GLV-T09,TRIP-GLV-T09-01,2026-08-01T09:26:00.000Z,35.43203,128.98412,71,1500,1690.24,true,ok
GLV-T09,TRIP-GLV-T09-01,2026-08-01T09:28:00.000Z,35.43046,128.98325,72,1500,1692.58,true,ok
GLV-T09,TRIP-GLV-T09-01,2026-08-01T09:30:00.000Z,35.42888,128.98237,73,1500,1694.91,true,ok
GLV-T09,TRIP-GLV-T09-01,2026-08-01T09:32:00.000Z,35.42731,128.98150,74,1500,1697.24,true,ok
GLV-T09,TRIP-GLV-T09-01,2026-08-01T09:34:00.000Z,35.42573,128.98063,75,1500,1699.58,true,ok
GLV-T09,TRIP-GLV-T09-01,2026-08-01T09:36:00.000Z,35.42416,128.97976,76,1500,1701.91,true,ok
GLV-T09,TRIP-GLV-T09-01,2026-08-01T09:38:00.000Z,35.42258,128.97889,76,1500,1704.24,true,ok
GLV-T09,TRIP-GLV-T09-01,2026-08-01T09:40:00.000Z,35.42101,128.97802,76,1500,1706.57,true,ok
GLV-T09,TRIP-GLV-T09-01,2026-08-01T09:42:00.000Z,35.41943,128.97715,75,1500,1708.91,true,ok
GLV-T09,TRIP-GLV-T09-01,2026-08-01T09:44:00.000Z,35.41786,128.97627,75,1500,1711.24,true,ok
GLV-T09,TRIP-GLV-T09-01,2026-08-01T09:46:00.000Z,35.41628,128.97540,74,1500,1713.57,true,ok
GLV-T09,TRIP-GLV-T09-01,2026-08-01T09:48:00.000Z,35.41471,128.97453,73,1500,1715.91,true,ok
GLV-T09,TRIP-GLV-T09-01,2026-08-01T09:50:00.000Z,35.41313,128.97366,71,1500,1718.24,true,ok
GLV-T09,TRIP-GLV-T09-01,2026-08-01T09:52:00.000Z,35.41156,128.97279,70,1500,1720.57,true,ok
GLV-T09,TRIP-GLV-T09-01,2026-08-01T09:54:00.000Z,35.40998,128.97192,68,1500,1722.91,true,ok
GLV-T09,TRIP-GLV-T09-01,2026-08-01T09:56:00.000Z,35.40841,128.97104,66,1500,1725.24,true,ok
GLV-T09,TRIP-GLV-T09-01,2026-08-01T09:58:00.000Z,35.40683,128.97017,65,1500,1727.57,true,ok
GLV-T09,TRIP-GLV-T09-01,2026-08-01T10:00:00.000Z,35.40526,128.96930,64,1500,1729.90,true,ok
GLV-T09,TRIP-GLV-T09-01,2026-08-01T10:02:00.000Z,35.40368,128.96843,62,1500,1732.24,true,ok
GLV-T09,TRIP-GLV-T09-01,2026-08-01T10:04:00.000Z,35.40211,128.96756,61,1500,1734.57,true,ok
GLV-T09,TRIP-GLV-T09-01,2026-08-01T10:06:00.000Z,35.40053,128.96669,61,1500,1736.90,true,ok
GLV-T09,TRIP-GLV-T09-01,2026-08-01T10:08:00.000Z,35.39896,128.96582,60,1500,1739.24,true,ok
GLV-T09,TRIP-GLV-T09-01,2026-08-01T10:10:00.000Z,35.39738,128.96494,60,1500,1741.57,true,ok
GLV-T09,TRIP-GLV-T09-01,2026-08-01T10:12:00.000Z,35.39581,128.96407,60,1500,1743.90,true,ok
GLV-T09,TRIP-GLV-T09-01,2026-08-01T10:14:00.000Z,35.39423,128.96320,61,1500,1746.24,true,ok
GLV-T09,TRIP-GLV-T09-01,2026-08-01T10:16:00.000Z,35.39266,128.96233,61,1500,1748.57,true,ok
GLV-T09,TRIP-GLV-T09-01,2026-08-01T10:18:00.000Z,35.39108,128.96146,63,1500,1750.90,true,ok
GLV-T09,TRIP-GLV-T09-01,2026-08-01T10:20:00.000Z,35.38951,128.96059,64,1500,1753.23,true,ok
GLV-T09,TRIP-GLV-T09-01,2026-08-01T10:22:00.000Z,35.38793,128.95972,65,1500,1755.57,true,ok
GLV-T09,TRIP-GLV-T09-01,2026-08-01T10:24:00.000Z,35.38636,128.95884,67,1500,1757.90,true,ok
GLV-T09,TRIP-GLV-T09-01,2026-08-01T10:26:00.000Z,35.38478,128.95797,68,1500,1760.23,true,ok
GLV-T09,TRIP-GLV-T09-01,2026-08-01T10:28:00.000Z,35.38321,128.95710,70,1500,1762.57,true,ok
GLV-T09,TRIP-GLV-T09-01,2026-08-01T10:30:00.000Z,35.38163,128.95623,71,1500,1764.90,true,ok
GLV-T09,TRIP-GLV-T09-01,2026-08-01T10:32:00.000Z,35.38006,128.95536,73,1500,1767.23,true,ok
GLV-T09,TRIP-GLV-T09-01,2026-08-01T10:34:00.000Z,35.37848,128.95449,74,1500,1769.57,true,ok
GLV-T09,TRIP-GLV-T09-01,2026-08-01T10:36:00.000Z,35.37691,128.95362,75,1500,1771.90,true,ok
GLV-T09,TRIP-GLV-T09-01,2026-08-01T10:38:00.000Z,35.37533,128.95274,76,1500,1774.23,true,ok
GLV-T09,TRIP-GLV-T09-01,2026-08-01T10:40:00.000Z,35.37376,128.95187,76,1500,1776.56,true,ok
GLV-T09,TRIP-GLV-T09-01,2026-08-01T10:42:00.000Z,35.37218,128.95100,76,1500,1778.90,true,ok
GLV-T09,TRIP-GLV-T09-01,2026-08-01T10:44:00.000Z,35.37061,128.95013,76,1500,1781.23,true,ok
GLV-T09,TRIP-GLV-T09-01,2026-08-01T10:46:00.000Z,35.36903,128.94926,75,1500,1783.56,true,ok
GLV-T09,TRIP-GLV-T09-01,2026-08-01T10:48:00.000Z,35.36746,128.94839,74,1500,1785.90,true,ok
GLV-T09,TRIP-GLV-T09-01,2026-08-01T10:50:00.000Z,35.36588,128.94752,73,1500,1788.23,true,ok
GLV-T09,TRIP-GLV-T09-01,2026-08-01T10:52:00.000Z,35.36431,128.94664,72,1500,1790.56,true,ok
GLV-T09,TRIP-GLV-T09-01,2026-08-01T10:54:00.000Z,35.36273,128.94577,70,1500,1792.90,true,ok
GLV-T09,TRIP-GLV-T09-01,2026-08-01T10:56:00.000Z,35.36116,128.94490,69,1500,1795.23,true,ok
GLV-T09,TRIP-GLV-T09-01,2026-08-01T10:58:00.000Z,35.35958,128.94403,67,1500,1797.56,true,ok
GLV-T09,TRIP-GLV-T09-01,2026-08-01T11:00:00.000Z,35.35801,128.94316,66,1500,1799.89,true,ok
GLV-T09,TRIP-GLV-T09-01,2026-08-01T11:02:00.000Z,35.35643,128.94229,64,1500,1802.23,true,ok
GLV-T09,TRIP-GLV-T09-01,2026-08-01T11:04:00.000Z,35.35486,128.94141,63,1500,1804.56,true,ok
GLV-T09,TRIP-GLV-T09-01,2026-08-01T11:06:00.000Z,35.35328,128.94054,62,1500,1806.89,true,ok
GLV-T09,TRIP-GLV-T09-01,2026-08-01T11:08:00.000Z,35.35171,128.93967,61,1500,1809.23,true,ok
GLV-T09,TRIP-GLV-T09-01,2026-08-01T11:10:00.000Z,35.35013,128.93880,60,1500,1811.56,true,ok
GLV-T09,TRIP-GLV-T09-01,2026-08-01T11:12:00.000Z,35.34856,128.93793,60,1500,1813.89,true,ok
GLV-T09,TRIP-GLV-T09-01,2026-08-01T11:14:00.000Z,35.34698,128.93706,60,1500,1816.22,true,ok
GLV-T09,TRIP-GLV-T09-01,2026-08-01T11:16:00.000Z,35.34541,128.93619,60,1500,1818.56,true,ok
GLV-T09,TRIP-GLV-T09-01,2026-08-01T11:18:00.000Z,35.34383,128.93531,61,1500,1820.89,true,ok
GLV-T09,TRIP-GLV-T09-01,2026-08-01T11:20:00.000Z,35.34226,128.93444,62,1500,1823.22,true,ok
GLV-T09,TRIP-GLV-T09-01,2026-08-01T11:22:00.000Z,35.34068,128.93357,63,1500,1825.56,true,ok
GLV-T09,TRIP-GLV-T09-01,2026-08-01T11:24:00.000Z,35.33911,128.93270,65,1500,1827.89,true,ok
GLV-T09,TRIP-GLV-T09-01,2026-08-01T11:26:00.000Z,35.33753,128.93183,66,1500,1830.22,true,ok
GLV-T09,TRIP-GLV-T09-01,2026-08-01T11:28:00.000Z,35.33596,128.93096,68,1500,1832.56,true,ok
GLV-T09,TRIP-GLV-T09-01,2026-08-01T11:30:00.000Z,35.33438,128.93009,69,1500,1834.89,true,ok
GLV-T09,TRIP-GLV-T09-01,2026-08-01T11:32:00.000Z,35.33281,128.92921,71,1500,1837.22,true,ok
GLV-T09,TRIP-GLV-T09-01,2026-08-01T11:34:00.000Z,35.33123,128.92834,72,1500,1839.55,true,ok
GLV-T09,TRIP-GLV-T09-01,2026-08-01T11:36:00.000Z,35.32966,128.92747,74,1500,1841.89,true,ok
GLV-T09,TRIP-GLV-T09-01,2026-08-01T11:38:00.000Z,35.32808,128.92660,75,1500,1844.22,true,ok
GLV-T09,TRIP-GLV-T09-01,2026-08-01T11:40:00.000Z,35.32651,128.92573,75,1500,1846.55,true,ok
GLV-T09,TRIP-GLV-T09-01,2026-08-01T11:42:00.000Z,35.32493,128.92486,76,1500,1848.89,true,ok
GLV-T09,TRIP-GLV-T09-01,2026-08-01T11:44:00.000Z,35.32336,128.92399,76,1500,1851.22,true,ok
GLV-T09,TRIP-GLV-T09-01,2026-08-01T11:46:00.000Z,35.32178,128.92311,76,1500,1853.55,true,ok
GLV-T09,TRIP-GLV-T09-01,2026-08-01T11:48:00.000Z,35.32021,128.92224,75,1500,1855.89,true,ok
GLV-T09,TRIP-GLV-T09-01,2026-08-01T11:50:00.000Z,35.31863,128.92137,75,1500,1858.22,true,ok
GLV-T09,TRIP-GLV-T09-01,2026-08-01T11:52:00.000Z,35.31706,128.92050,74,1500,1860.55,true,ok
GLV-T09,TRIP-GLV-T09-01,2026-08-01T11:54:00.000Z,35.31548,128.91963,72,1500,1862.88,true,ok
GLV-T09,TRIP-GLV-T09-01,2026-08-01T11:56:00.000Z,35.31391,128.91876,71,1500,1865.22,true,ok
GLV-T09,TRIP-GLV-T09-01,2026-08-01T11:58:00.000Z,35.31233,128.91789,69,1500,1867.55,true,ok
GLV-T09,TRIP-GLV-T09-01,2026-08-01T12:00:00.000Z,35.31076,128.91701,68,1500,1869.88,true,ok
GLV-T09,TRIP-GLV-T09-01,2026-08-01T12:02:00.000Z,35.30918,128.91614,66,1500,1872.22,true,ok
GLV-T09,TRIP-GLV-T09-01,2026-08-01T12:04:00.000Z,35.30761,128.91527,65,1500,1874.55,true,ok
GLV-T09,TRIP-GLV-T09-01,2026-08-01T12:06:00.000Z,35.30603,128.91440,63,1500,1876.88,true,ok
GLV-T09,TRIP-GLV-T09-01,2026-08-01T12:08:00.000Z,35.30446,128.91353,62,1500,1879.22,true,ok
GLV-T09,TRIP-GLV-T09-01,2026-08-01T12:10:00.000Z,35.30288,128.91266,61,1500,1881.55,true,ok
GLV-T09,TRIP-GLV-T09-01,2026-08-01T12:12:00.000Z,35.30131,128.91178,60,1500,1883.88,true,ok
GLV-T09,TRIP-GLV-T09-01,2026-08-01T12:14:00.000Z,35.29973,128.91091,60,1500,1886.21,true,ok
GLV-T09,TRIP-GLV-T09-01,2026-08-01T12:16:00.000Z,35.29816,128.91004,60,1500,1888.55,true,ok
GLV-T09,TRIP-GLV-T09-01,2026-08-01T12:18:00.000Z,35.29658,128.90917,60,1500,1890.88,true,ok
GLV-T09,TRIP-GLV-T09-01,2026-08-01T12:20:00.000Z,35.29501,128.90830,61,1500,1893.21,true,ok
GLV-T09,TRIP-GLV-T09-01,2026-08-01T12:22:00.000Z,35.29343,128.90743,62,1500,1895.55,true,ok
GLV-T09,TRIP-GLV-T09-01,2026-08-01T12:24:00.000Z,35.29186,128.90656,63,1500,1897.88,true,ok
GLV-T09,TRIP-GLV-T09-01,2026-08-01T12:26:00.000Z,35.29028,128.90568,64,1500,1900.21,true,ok
GLV-T09,TRIP-GLV-T09-01,2026-08-01T12:28:00.000Z,35.28871,128.90481,66,1500,1902.55,true,ok
GLV-T09,TRIP-GLV-T09-01,2026-08-01T12:30:00.000Z,35.28713,128.90394,67,1500,1904.88,true,ok
GLV-T09,TRIP-GLV-T09-01,2026-08-01T12:32:00.000Z,35.28556,128.90307,69,1500,1907.21,true,ok
GLV-T09,TRIP-GLV-T09-01,2026-08-01T12:34:00.000Z,35.28398,128.90220,70,1500,1909.54,true,ok
GLV-T09,TRIP-GLV-T09-01,2026-08-01T12:36:00.000Z,35.28241,128.90133,72,1500,1911.88,true,ok
GLV-T09,TRIP-GLV-T09-01,2026-08-01T12:38:00.000Z,35.28083,128.90046,73,1500,1914.21,true,ok
GLV-T09,TRIP-GLV-T09-01,2026-08-01T12:40:00.000Z,35.27926,128.89958,74,1500,1916.54,true,ok
GLV-T09,TRIP-GLV-T09-01,2026-08-01T12:42:00.000Z,35.27768,128.89871,75,1500,1918.88,true,ok
GLV-T09,TRIP-GLV-T09-01,2026-08-01T12:44:00.000Z,35.27611,128.89784,76,1500,1921.21,true,ok
GLV-T09,TRIP-GLV-T09-01,2026-08-01T12:46:00.000Z,35.27453,128.89697,76,1500,1923.54,true,ok
GLV-T09,TRIP-GLV-T09-01,2026-08-01T12:48:00.000Z,35.27296,128.89610,76,1500,1925.87,true,ok
GLV-T09,TRIP-GLV-T09-01,2026-08-01T12:50:00.000Z,35.27138,128.89523,76,1500,1928.21,true,ok
GLV-T09,TRIP-GLV-T09-01,2026-08-01T12:52:00.000Z,35.26981,128.89436,75,1500,1930.54,true,ok
GLV-T09,TRIP-GLV-T09-01,2026-08-01T12:54:00.000Z,35.26823,128.89348,74,1500,1932.87,true,ok
GLV-T09,TRIP-GLV-T09-01,2026-08-01T12:56:00.000Z,35.26666,128.89261,73,1500,1935.21,true,ok
GLV-T09,TRIP-GLV-T09-01,2026-08-01T12:58:00.000Z,35.26508,128.89174,72,1500,1937.54,true,ok
GLV-T09,TRIP-GLV-T09-01,2026-08-01T13:00:00.000Z,35.26351,128.89087,70,1500,1939.87,true,ok
GLV-T09,TRIP-GLV-T09-01,2026-08-01T13:02:00.000Z,35.26193,128.89000,68,1500,1942.21,true,ok
GLV-T09,TRIP-GLV-T09-01,2026-08-01T13:04:00.000Z,35.26036,128.88913,67,1500,1944.54,true,ok
GLV-T09,TRIP-GLV-T09-01,2026-08-01T13:06:00.000Z,35.25878,128.88825,65,1500,1946.87,true,ok
GLV-T09,TRIP-GLV-T09-01,2026-08-01T13:08:00.000Z,35.25721,128.88738,64,1500,1949.20,true,ok
GLV-T09,TRIP-GLV-T09-01,2026-08-01T13:10:00.000Z,35.25563,128.88651,63,1500,1951.54,true,ok
GLV-T09,TRIP-GLV-T09-01,2026-08-01T13:12:00.000Z,35.25406,128.88564,62,1500,1953.87,true,ok
GLV-T09,TRIP-GLV-T09-01,2026-08-01T13:14:00.000Z,35.25248,128.88477,61,1500,1956.20,true,ok
GLV-T09,TRIP-GLV-T09-01,2026-08-01T13:16:00.000Z,35.25091,128.88390,60,1500,1958.54,true,ok
GLV-T09,TRIP-GLV-T09-01,2026-08-01T13:18:00.000Z,35.24933,128.88303,60,1500,1960.87,true,ok
GLV-T09,TRIP-GLV-T09-01,2026-08-01T13:20:00.000Z,35.24776,128.88215,60,1500,1963.20,true,ok
GLV-T09,TRIP-GLV-T09-01,2026-08-01T13:22:00.000Z,35.24618,128.88128,61,1500,1965.54,true,ok
GLV-T09,TRIP-GLV-T09-01,2026-08-01T13:24:00.000Z,35.24461,128.88041,61,1500,1967.87,true,ok
GLV-T09,TRIP-GLV-T09-01,2026-08-01T13:26:00.000Z,35.24303,128.87954,62,1500,1970.20,true,ok
GLV-T09,TRIP-GLV-T09-01,2026-08-01T13:28:00.000Z,35.24146,128.87867,63,1500,1972.53,true,ok
GLV-T09,TRIP-GLV-T09-01,2026-08-01T13:30:00.000Z,35.23988,128.87780,65,1500,1974.87,true,ok
GLV-T09,TRIP-GLV-T09-01,2026-08-01T13:32:00.000Z,35.23831,128.87693,66,1500,1977.20,true,ok
GLV-T09,TRIP-GLV-T09-01,2026-08-01T13:34:00.000Z,35.23673,128.87605,68,1500,1979.53,true,ok
GLV-T09,TRIP-GLV-T09-01,2026-08-01T13:36:00.000Z,35.23516,128.87518,70,1500,1981.87,true,ok
GLV-T09,TRIP-GLV-T09-01,2026-08-01T13:38:00.000Z,35.23359,128.87431,71,1500,1984.20,true,ok
GLV-T09,TRIP-GLV-T09-01,2026-08-01T13:40:00.000Z,35.23201,128.87344,73,1500,1986.53,true,ok
GLV-T09,TRIP-GLV-T09-01,2026-08-01T13:42:00.000Z,35.23044,128.87257,74,1500,1988.87,true,ok
GLV-T09,TRIP-GLV-T09-01,2026-08-01T13:44:00.000Z,35.22886,128.87170,75,1500,1991.20,true,ok
GLV-T09,TRIP-GLV-T09-01,2026-08-01T13:46:00.000Z,35.22729,128.87083,75,1500,1993.53,true,ok
GLV-T09,TRIP-GLV-T09-01,2026-08-01T13:48:00.000Z,35.22571,128.86995,76,1500,1995.86,true,ok
GLV-T09,TRIP-GLV-T09-01,2026-08-01T13:50:00.000Z,35.22414,128.86908,76,1500,1998.20,true,ok
GLV-T09,TRIP-GLV-T09-01,2026-08-01T13:52:00.000Z,35.22256,128.86821,76,1500,2000.53,true,ok
GLV-T09,TRIP-GLV-T09-01,2026-08-01T13:54:00.000Z,35.22099,128.86734,75,1500,2002.86,true,ok
GLV-T09,TRIP-GLV-T09-01,2026-08-01T13:56:00.000Z,35.21941,128.86647,74,1500,2005.20,true,ok
GLV-T09,TRIP-GLV-T09-01,2026-08-01T13:58:00.000Z,35.21784,128.86560,73,1500,2007.53,true,ok
GLV-T09,TRIP-GLV-T09-01,2026-08-01T14:00:00.000Z,35.21626,128.86473,72,1500,2009.86,true,ok
GLV-T09,TRIP-GLV-T09-01,2026-08-01T14:02:00.000Z,35.21469,128.86385,71,1500,2012.20,true,ok
GLV-T09,TRIP-GLV-T09-01,2026-08-01T14:04:00.000Z,35.21311,128.86298,69,1500,2014.53,true,ok
GLV-T09,TRIP-GLV-T09-01,2026-08-01T14:06:00.000Z,35.21154,128.86211,68,1500,2016.86,true,ok
GLV-T09,TRIP-GLV-T09-01,2026-08-01T14:08:00.000Z,35.20996,128.86124,66,1500,2019.19,true,ok
GLV-T09,TRIP-GLV-T09-01,2026-08-01T14:10:00.000Z,35.20839,128.86037,64,1500,2021.53,true,ok
GLV-T09,TRIP-GLV-T09-01,2026-08-01T14:12:00.000Z,35.20681,128.85950,63,1500,2023.86,true,ok
GLV-T09,TRIP-GLV-T09-01,2026-08-01T14:14:00.000Z,35.20524,128.85862,62,1500,2026.19,true,ok
GLV-T09,TRIP-GLV-T09-01,2026-08-01T14:16:00.000Z,35.20366,128.85775,61,1500,2028.53,true,ok
GLV-T09,TRIP-GLV-T09-01,2026-08-01T14:18:00.000Z,35.20209,128.85688,60,1500,2030.86,true,ok
GLV-T09,TRIP-GLV-T09-01,2026-08-01T14:20:00.000Z,35.20051,128.85601,60,1500,2033.19,true,ok
GLV-T09,TRIP-GLV-T09-01,2026-08-01T14:22:00.000Z,35.19894,128.85514,60,1500,2035.52,true,ok
GLV-T09,TRIP-GLV-T09-01,2026-08-01T14:24:00.000Z,35.19736,128.85427,60,1500,2037.86,true,ok
GLV-T09,TRIP-GLV-T09-01,2026-08-01T14:26:00.000Z,35.19579,128.85340,61,1500,2040.19,true,ok
GLV-T09,TRIP-GLV-T09-01,2026-08-01T14:28:00.000Z,35.19421,128.85252,62,1500,2042.52,true,ok
GLV-T09,TRIP-GLV-T09-01,2026-08-01T14:30:00.000Z,35.19264,128.85165,63,1500,2044.86,true,ok
GLV-T09,TRIP-GLV-T09-01,2026-08-01T14:32:00.000Z,35.19106,128.85078,64,1500,2047.19,true,ok
GLV-T09,TRIP-GLV-T09-01,2026-08-01T14:34:00.000Z,35.18949,128.84991,66,1500,2049.52,true,ok
GLV-T09,TRIP-GLV-T09-01,2026-08-01T14:36:00.000Z,35.18791,128.84904,67,1500,2051.86,true,ok
GLV-T09,TRIP-GLV-T09-01,2026-08-01T14:38:00.000Z,35.18634,128.84817,69,1500,2054.19,true,ok
GLV-T09,TRIP-GLV-T09-01,2026-08-01T14:40:00.000Z,35.18476,128.84730,71,1500,2056.52,true,ok
GLV-T09,TRIP-GLV-T09-01,2026-08-01T14:42:00.000Z,35.18319,128.84642,72,1500,2058.85,true,ok
GLV-T09,TRIP-GLV-T09-01,2026-08-01T14:44:00.000Z,35.18161,128.84555,73,1500,2061.19,true,ok
GLV-T09,TRIP-GLV-T09-01,2026-08-01T14:46:00.000Z,35.18004,128.84468,74,1500,2063.52,true,ok
GLV-T09,TRIP-GLV-T09-01,2026-08-01T14:48:00.000Z,35.17846,128.84381,75,1500,2065.85,true,ok
GLV-T09,TRIP-GLV-T09-01,2026-08-01T14:50:00.000Z,35.17689,128.84294,76,1500,2068.19,true,ok
GLV-T09,TRIP-GLV-T09-01,2026-08-01T14:52:00.000Z,35.17531,128.84207,76,1500,2070.52,true,ok
GLV-T09,TRIP-GLV-T09-01,2026-08-01T14:54:00.000Z,35.17374,128.84120,76,1500,2072.85,true,ok
GLV-T09,TRIP-GLV-T09-01,2026-08-01T14:56:00.000Z,35.17216,128.84032,76,1500,2075.19,true,ok
GLV-T09,TRIP-GLV-T09-01,2026-08-01T14:58:00.000Z,35.17059,128.83945,75,1500,2077.52,true,ok
GLV-T09,TRIP-GLV-T09-01,2026-08-01T15:00:00.000Z,35.16901,128.83858,74,1500,2079.85,true,ok
GLV-T09,TRIP-GLV-T09-01,2026-08-01T15:02:00.000Z,35.16744,128.83771,73,1500,2082.18,true,ok
GLV-T09,TRIP-GLV-T09-01,2026-08-01T15:04:00.000Z,35.16586,128.83684,71,1500,2084.52,true,ok
GLV-T09,TRIP-GLV-T09-01,2026-08-01T15:06:00.000Z,35.16429,128.83597,70,1500,2086.85,true,ok
GLV-T09,TRIP-GLV-T09-01,2026-08-01T15:08:00.000Z,35.16271,128.83510,68,1500,2089.18,true,ok
GLV-T09,TRIP-GLV-T09-01,2026-08-01T15:10:00.000Z,35.16114,128.83422,67,1500,2091.52,true,ok
GLV-T09,TRIP-GLV-T09-01,2026-08-01T15:12:00.000Z,35.15956,128.83335,65,1500,2093.85,true,ok
GLV-T09,TRIP-GLV-T09-01,2026-08-01T15:14:00.000Z,35.15799,128.83248,64,1500,2096.18,true,ok
GLV-T09,TRIP-GLV-T09-01,2026-08-01T15:16:00.000Z,35.15641,128.83161,62,1500,2098.52,true,ok
GLV-T09,TRIP-GLV-T09-01,2026-08-01T15:18:00.000Z,35.15484,128.83074,61,1500,2100.85,true,ok
GLV-T09,TRIP-GLV-T09-01,2026-08-01T15:20:00.000Z,35.15326,128.82987,61,1500,2103.18,true,ok
GLV-T09,TRIP-GLV-T09-01,2026-08-01T15:22:00.000Z,35.15169,128.82899,60,1500,2105.51,true,ok
GLV-T09,TRIP-GLV-T09-01,2026-08-01T15:24:00.000Z,35.15011,128.82812,60,1500,2107.85,true,ok
GLV-T09,TRIP-GLV-T09-01,2026-08-01T15:26:00.000Z,35.14854,128.82725,60,1500,2110.18,true,ok
GLV-T09,TRIP-GLV-T09-01,2026-08-01T15:28:00.000Z,35.14696,128.82638,61,1500,2112.51,true,ok
GLV-T09,TRIP-GLV-T09-01,2026-08-01T15:30:00.000Z,35.14539,128.82551,61,1500,2114.85,true,ok
GLV-T09,TRIP-GLV-T09-01,2026-08-01T15:32:00.000Z,35.14381,128.82464,62,1500,2117.18,true,ok
GLV-T09,TRIP-GLV-T09-01,2026-08-01T15:34:00.000Z,35.14224,128.82377,64,1500,2119.51,true,ok
GLV-T09,TRIP-GLV-T09-01,2026-08-01T15:36:00.000Z,35.14066,128.82289,65,1500,2121.85,true,ok
GLV-T09,TRIP-GLV-T09-01,2026-08-01T15:38:00.000Z,35.13909,128.82202,67,1500,2124.18,true,ok
GLV-T09,TRIP-GLV-T09-01,2026-08-01T15:40:00.000Z,35.13751,128.82115,68,1500,2126.51,true,ok
GLV-T09,TRIP-GLV-T09-01,2026-08-01T15:42:00.000Z,35.13594,128.82028,70,1500,2128.84,true,ok
GLV-T09,TRIP-GLV-T09-01,2026-08-01T15:44:00.000Z,35.13436,128.81941,71,1500,2131.18,true,ok
GLV-T09,TRIP-GLV-T09-01,2026-08-01T15:46:00.000Z,35.13279,128.81854,73,1500,2133.51,true,ok
GLV-T09,TRIP-GLV-T09-01,2026-08-01T15:48:00.000Z,35.13121,128.81767,74,1500,2135.84,true,ok
GLV-T09,TRIP-GLV-T09-01,2026-08-01T15:50:00.000Z,35.12964,128.81679,75,1500,2138.18,true,ok
GLV-T09,TRIP-GLV-T09-01,2026-08-01T15:52:00.000Z,35.12806,128.81592,76,1500,2140.51,true,ok
GLV-T09,TRIP-GLV-T09-01,2026-08-01T15:54:00.000Z,35.12649,128.81505,76,1500,2142.84,true,ok
GLV-T09,TRIP-GLV-T09-01,2026-08-01T15:56:00.000Z,35.12491,128.81418,76,1500,2145.17,true,ok
GLV-T09,TRIP-GLV-T09-01,2026-08-01T15:58:00.000Z,35.12334,128.81331,76,1500,2147.51,true,ok
GLV-T09,TRIP-GLV-T09-01,2026-08-01T16:00:00.000Z,35.12176,128.81244,75,1500,2149.84,true,ok
GLV-T09,TRIP-GLV-T09-01,2026-08-01T16:02:00.000Z,35.12019,128.81157,74,1500,2152.17,true,ok
GLV-T09,TRIP-GLV-T09-01,2026-08-01T16:04:00.000Z,35.11861,128.81069,73,1500,2154.51,true,ok
GLV-T09,TRIP-GLV-T09-01,2026-08-01T16:06:00.000Z,35.11704,128.80982,72,1500,2156.84,true,ok
GLV-T09,TRIP-GLV-T09-01,2026-08-01T16:08:00.000Z,35.11546,128.80895,70,1500,2159.17,true,ok
GLV-T09,TRIP-GLV-T09-01,2026-08-01T16:10:00.000Z,35.11389,128.80808,69,1500,2161.51,true,ok
GLV-T09,TRIP-GLV-T09-01,2026-08-01T16:12:00.000Z,35.11231,128.80721,67,1500,2163.84,true,ok
GLV-T09,TRIP-GLV-T09-01,2026-08-01T16:14:00.000Z,35.11074,128.80634,66,1500,2166.17,true,ok
GLV-T09,TRIP-GLV-T09-01,2026-08-01T16:16:00.000Z,35.10916,128.80546,64,1500,2168.50,true,ok
GLV-T09,TRIP-GLV-T09-01,2026-08-01T16:18:00.000Z,35.10759,128.80459,63,1500,2170.84,true,ok
GLV-T09,TRIP-GLV-T09-01,2026-08-01T16:20:00.000Z,35.10601,128.80372,62,1500,2173.17,true,ok
GLV-T09,TRIP-GLV-T09-01,2026-08-01T16:22:00.000Z,35.10444,128.80285,61,1500,2175.50,true,ok
GLV-T09,TRIP-GLV-T09-01,2026-08-01T16:24:00.000Z,35.10286,128.80198,60,1500,2177.84,true,ok
GLV-T09,TRIP-GLV-T09-01,2026-08-01T16:26:00.000Z,35.10129,128.80111,60,1500,2180.17,true,ok
GLV-T09,TRIP-GLV-T09-01,2026-08-01T16:28:00.000Z,35.09971,128.80024,60,1500,2182.50,true,ok
GLV-T09,TRIP-GLV-T09-01,2026-08-01T16:30:00.000Z,35.09814,128.79936,60,1500,2184.84,true,ok
GLV-T09,TRIP-GLV-T09-01,2026-08-01T16:32:00.000Z,35.09656,128.79849,61,1500,2187.17,true,ok
GLV-T09,TRIP-GLV-T09-01,2026-08-01T16:34:00.000Z,35.09499,128.79762,62,1500,2189.50,true,ok
GLV-T09,TRIP-GLV-T09-01,2026-08-01T16:36:00.000Z,35.09341,128.79675,63,1500,2191.83,true,ok
GLV-T09,TRIP-GLV-T09-01,2026-08-01T16:38:00.000Z,35.09184,128.79588,65,1500,2194.17,true,ok
GLV-T09,TRIP-GLV-T09-01,2026-08-01T16:40:00.000Z,35.09026,128.79501,66,1500,2196.50,true,ok
GLV-T09,TRIP-GLV-T09-01,2026-08-01T16:42:00.000Z,35.08869,128.79414,68,1500,2198.83,true,ok
GLV-T10,TRIP-GLV-T10-01,2026-07-31T21:00:00.000Z,35.08790,128.79370,68,1500,0.00,false,ok
GLV-T10,TRIP-GLV-T10-01,2026-07-31T21:02:00.000Z,35.08972,128.79471,70,1500,2.33,false,ok
GLV-T10,TRIP-GLV-T10-01,2026-07-31T21:04:00.000Z,35.09155,128.79572,71,1500,4.67,false,ok
GLV-T10,TRIP-GLV-T10-01,2026-07-31T21:06:00.000Z,35.09337,128.79673,73,1500,7.00,false,ok
GLV-T10,TRIP-GLV-T10-01,2026-07-31T21:08:00.000Z,35.09520,128.79774,74,1500,9.34,false,ok
GLV-T10,TRIP-GLV-T10-01,2026-07-31T21:10:00.000Z,35.09702,128.79875,75,1500,11.67,false,ok
GLV-T10,TRIP-GLV-T10-01,2026-07-31T21:12:00.000Z,35.09885,128.79976,75,1500,14.00,false,ok
GLV-T10,TRIP-GLV-T10-01,2026-07-31T21:14:00.000Z,35.10067,128.80077,76,1500,16.34,false,ok
GLV-T10,TRIP-GLV-T10-01,2026-07-31T21:16:00.000Z,35.10250,128.80178,76,1500,18.67,false,ok
GLV-T10,TRIP-GLV-T10-01,2026-07-31T21:18:00.000Z,35.10432,128.80279,76,1500,21.01,false,ok
GLV-T10,TRIP-GLV-T10-01,2026-07-31T21:20:00.000Z,35.10615,128.80380,75,1500,23.34,false,ok
GLV-T10,TRIP-GLV-T10-01,2026-07-31T21:22:00.000Z,35.10797,128.80481,74,1500,25.68,false,ok
GLV-T10,TRIP-GLV-T10-01,2026-07-31T21:24:00.000Z,35.10979,128.80581,73,1500,28.01,false,ok
GLV-T10,TRIP-GLV-T10-01,2026-07-31T21:26:00.000Z,35.11162,128.80682,72,1500,30.34,false,ok
GLV-T10,TRIP-GLV-T10-01,2026-07-31T21:28:00.000Z,35.11344,128.80783,71,1500,32.68,false,ok
GLV-T10,TRIP-GLV-T10-01,2026-07-31T21:30:00.000Z,35.11527,128.80884,69,1500,35.01,false,ok
GLV-T10,TRIP-GLV-T10-01,2026-07-31T21:32:00.000Z,35.11709,128.80985,68,1500,37.35,false,ok
GLV-T10,TRIP-GLV-T10-01,2026-07-31T21:34:00.000Z,35.11892,128.81086,66,1500,39.68,false,ok
GLV-T10,TRIP-GLV-T10-01,2026-07-31T21:36:00.000Z,35.12074,128.81187,64,1500,42.01,false,ok
GLV-T10,TRIP-GLV-T10-01,2026-07-31T21:38:00.000Z,35.12257,128.81288,63,1500,44.35,false,ok
GLV-T10,TRIP-GLV-T10-01,2026-07-31T21:40:00.000Z,35.12439,128.81389,62,1500,46.68,false,ok
GLV-T10,TRIP-GLV-T10-01,2026-07-31T21:42:00.000Z,35.12622,128.81490,61,1500,49.02,false,ok
GLV-T10,TRIP-GLV-T10-01,2026-07-31T21:44:00.000Z,35.12804,128.81591,60,1500,51.35,false,ok
GLV-T10,TRIP-GLV-T10-01,2026-07-31T21:46:00.000Z,35.12987,128.81692,60,1500,53.69,false,ok
GLV-T10,TRIP-GLV-T10-01,2026-07-31T21:48:00.000Z,35.13169,128.81793,60,1500,56.02,false,ok
GLV-T10,TRIP-GLV-T10-01,2026-07-31T21:50:00.000Z,35.13351,128.81894,60,1500,58.35,false,ok
GLV-T10,TRIP-GLV-T10-01,2026-07-31T21:52:00.000Z,35.13534,128.81995,61,1500,60.69,false,ok
GLV-T10,TRIP-GLV-T10-01,2026-07-31T21:54:00.000Z,35.13716,128.82096,62,1500,63.02,false,ok
GLV-T10,TRIP-GLV-T10-01,2026-07-31T21:56:00.000Z,35.13899,128.82197,63,1500,65.36,false,ok
GLV-T10,TRIP-GLV-T10-01,2026-07-31T21:58:00.000Z,35.14081,128.82298,64,1500,67.69,false,ok
GLV-T10,TRIP-GLV-T10-01,2026-07-31T22:00:00.000Z,35.14264,128.82399,66,1500,70.02,false,ok
GLV-T10,TRIP-GLV-T10-01,2026-07-31T22:02:00.000Z,35.14446,128.82500,67,1500,72.36,false,ok
GLV-T10,TRIP-GLV-T10-01,2026-07-31T22:04:00.000Z,35.14629,128.82601,69,1500,74.69,false,ok
GLV-T10,TRIP-GLV-T10-01,2026-07-31T22:06:00.000Z,35.14811,128.82702,70,1500,77.03,false,ok
GLV-T10,TRIP-GLV-T10-01,2026-07-31T22:08:00.000Z,35.14994,128.82803,72,1500,79.36,false,ok
GLV-T10,TRIP-GLV-T10-01,2026-07-31T22:10:00.000Z,35.15176,128.82904,73,1500,81.70,false,ok
GLV-T10,TRIP-GLV-T10-01,2026-07-31T22:12:00.000Z,35.15358,128.83004,74,1500,84.03,false,ok
GLV-T10,TRIP-GLV-T10-01,2026-07-31T22:14:00.000Z,35.15541,128.83105,75,1500,86.36,false,ok
GLV-T10,TRIP-GLV-T10-01,2026-07-31T22:16:00.000Z,35.15723,128.83206,76,1500,88.70,false,ok
GLV-T10,TRIP-GLV-T10-01,2026-07-31T22:18:00.000Z,35.15906,128.83307,76,1500,91.03,false,ok
GLV-T10,TRIP-GLV-T10-01,2026-07-31T22:20:00.000Z,35.16088,128.83408,76,1500,93.37,false,ok
GLV-T10,TRIP-GLV-T10-01,2026-07-31T22:22:00.000Z,35.16271,128.83509,76,1500,95.70,false,ok
GLV-T10,TRIP-GLV-T10-01,2026-07-31T22:24:00.000Z,35.16453,128.83610,75,1500,98.03,false,ok
GLV-T10,TRIP-GLV-T10-01,2026-07-31T22:26:00.000Z,35.16636,128.83711,74,1500,100.37,false,ok
GLV-T10,TRIP-GLV-T10-01,2026-07-31T22:28:00.000Z,35.16818,128.83812,73,1500,102.70,false,ok
GLV-T10,TRIP-GLV-T10-01,2026-07-31T22:30:00.000Z,35.17001,128.83913,71,1500,105.04,false,ok
GLV-T10,TRIP-GLV-T10-01,2026-07-31T22:32:00.000Z,35.17183,128.84014,70,1500,107.37,false,ok
GLV-T10,TRIP-GLV-T10-01,2026-07-31T22:34:00.000Z,35.17365,128.84115,68,1500,109.71,false,ok
GLV-T10,TRIP-GLV-T10-01,2026-07-31T22:36:00.000Z,35.17548,128.84216,67,1500,112.04,false,ok
GLV-T10,TRIP-GLV-T10-01,2026-07-31T22:38:00.000Z,35.17730,128.84317,65,1500,114.37,false,ok
GLV-T10,TRIP-GLV-T10-01,2026-07-31T22:40:00.000Z,35.17913,128.84418,64,1500,116.71,false,ok
GLV-T10,TRIP-GLV-T10-01,2026-07-31T22:42:00.000Z,35.18095,128.84519,62,1500,119.04,false,ok
GLV-T10,TRIP-GLV-T10-01,2026-07-31T22:44:00.000Z,35.18278,128.84620,61,1500,121.38,false,ok
GLV-T10,TRIP-GLV-T10-01,2026-07-31T22:46:00.000Z,35.18460,128.84721,61,1500,123.71,false,ok
GLV-T10,TRIP-GLV-T10-01,2026-07-31T22:48:00.000Z,35.18643,128.84822,60,1500,126.04,false,ok
GLV-T10,TRIP-GLV-T10-01,2026-07-31T22:50:00.000Z,35.18825,128.84923,60,1500,128.38,false,ok
GLV-T10,TRIP-GLV-T10-01,2026-07-31T22:52:00.000Z,35.19008,128.85024,60,1500,130.71,false,ok
GLV-T10,TRIP-GLV-T10-01,2026-07-31T22:54:00.000Z,35.19190,128.85125,61,1500,133.05,false,ok
GLV-T10,TRIP-GLV-T10-01,2026-07-31T22:56:00.000Z,35.19373,128.85226,61,1500,135.38,false,ok
GLV-T10,TRIP-GLV-T10-01,2026-07-31T22:58:00.000Z,35.19555,128.85327,62,1500,137.71,false,ok
GLV-T10,TRIP-GLV-T10-01,2026-07-31T23:00:00.000Z,35.19737,128.85427,64,1500,140.05,false,ok
GLV-T10,TRIP-GLV-T10-01,2026-07-31T23:02:00.000Z,35.19920,128.85528,65,1500,142.38,false,ok
GLV-T10,TRIP-GLV-T10-01,2026-07-31T23:04:00.000Z,35.20102,128.85629,67,1500,144.72,false,ok
GLV-T10,TRIP-GLV-T10-01,2026-07-31T23:06:00.000Z,35.20285,128.85730,68,1500,147.05,false,ok
GLV-T10,TRIP-GLV-T10-01,2026-07-31T23:08:00.000Z,35.20467,128.85831,70,1500,149.39,false,ok
GLV-T10,TRIP-GLV-T10-01,2026-07-31T23:10:00.000Z,35.20650,128.85932,71,1500,151.72,false,ok
GLV-T10,TRIP-GLV-T10-01,2026-07-31T23:12:00.000Z,35.20832,128.86033,73,1500,154.05,false,ok
GLV-T10,TRIP-GLV-T10-01,2026-07-31T23:14:00.000Z,35.21015,128.86134,74,1500,156.39,false,ok
GLV-T10,TRIP-GLV-T10-01,2026-07-31T23:16:00.000Z,35.21197,128.86235,75,1500,158.72,false,ok
GLV-T10,TRIP-GLV-T10-01,2026-07-31T23:18:00.000Z,35.21380,128.86336,76,1500,161.06,false,ok
GLV-T10,TRIP-GLV-T10-01,2026-07-31T23:20:00.000Z,35.21562,128.86437,76,1500,163.39,false,ok
GLV-T10,TRIP-GLV-T10-01,2026-07-31T23:22:00.000Z,35.21744,128.86538,76,1500,165.72,false,ok
GLV-T10,TRIP-GLV-T10-01,2026-07-31T23:24:00.000Z,35.21927,128.86639,76,1500,168.06,false,ok
GLV-T10,TRIP-GLV-T10-01,2026-07-31T23:26:00.000Z,35.22109,128.86740,75,1500,170.39,false,ok
GLV-T10,TRIP-GLV-T10-01,2026-07-31T23:28:00.000Z,35.22292,128.86841,74,1500,172.73,false,ok
GLV-T10,TRIP-GLV-T10-01,2026-07-31T23:30:00.000Z,35.22474,128.86942,73,1500,175.06,false,ok
GLV-T10,TRIP-GLV-T10-01,2026-07-31T23:32:00.000Z,35.22657,128.87043,72,1500,177.40,false,ok
GLV-T10,TRIP-GLV-T10-01,2026-07-31T23:34:00.000Z,35.22839,128.87144,70,1500,179.73,false,ok
GLV-T10,TRIP-GLV-T10-01,2026-07-31T23:36:00.000Z,35.23022,128.87245,69,1500,182.06,false,ok
GLV-T10,TRIP-GLV-T10-01,2026-07-31T23:38:00.000Z,35.23204,128.87346,67,1500,184.40,false,ok
GLV-T10,TRIP-GLV-T10-01,2026-07-31T23:40:00.000Z,35.23387,128.87447,66,1500,186.73,false,ok
GLV-T10,TRIP-GLV-T10-01,2026-07-31T23:42:00.000Z,35.23569,128.87548,64,1500,189.07,false,ok
GLV-T10,TRIP-GLV-T10-01,2026-07-31T23:44:00.000Z,35.23751,128.87649,63,1500,191.40,false,ok
GLV-T10,TRIP-GLV-T10-01,2026-07-31T23:46:00.000Z,35.23934,128.87750,62,1500,193.73,false,ok
GLV-T10,TRIP-GLV-T10-01,2026-07-31T23:48:00.000Z,35.24116,128.87850,61,1500,196.07,false,ok
GLV-T10,TRIP-GLV-T10-01,2026-07-31T23:50:00.000Z,35.24299,128.87951,60,1500,198.40,false,ok
GLV-T10,TRIP-GLV-T10-01,2026-07-31T23:52:00.000Z,35.24481,128.88052,60,1500,200.74,false,ok
GLV-T10,TRIP-GLV-T10-01,2026-07-31T23:54:00.000Z,35.24664,128.88153,60,1500,203.07,false,ok
GLV-T10,TRIP-GLV-T10-01,2026-07-31T23:56:00.000Z,35.24846,128.88254,60,1500,205.41,false,ok
GLV-T10,TRIP-GLV-T10-01,2026-07-31T23:58:00.000Z,35.25029,128.88355,61,1500,207.74,false,ok
GLV-T10,TRIP-GLV-T10-01,2026-08-01T00:00:00.000Z,35.25211,128.88456,62,1500,210.07,false,ok
GLV-T10,TRIP-GLV-T10-01,2026-08-01T00:02:00.000Z,35.25394,128.88557,63,1500,212.41,false,ok
GLV-T10,TRIP-GLV-T10-01,2026-08-01T00:04:00.000Z,35.25576,128.88658,65,1500,214.74,false,ok
GLV-T10,TRIP-GLV-T10-01,2026-08-01T00:06:00.000Z,35.25759,128.88759,66,1500,217.08,false,ok
GLV-T10,TRIP-GLV-T10-01,2026-08-01T00:08:00.000Z,35.25941,128.88860,68,1500,219.41,false,ok
GLV-T10,TRIP-GLV-T10-01,2026-08-01T00:10:00.000Z,35.26123,128.88961,69,1500,221.74,false,ok
GLV-T10,TRIP-GLV-T10-01,2026-08-01T00:12:00.000Z,35.26306,128.89062,71,1500,224.08,false,ok
GLV-T10,TRIP-GLV-T10-01,2026-08-01T00:14:00.000Z,35.26488,128.89163,72,1500,226.41,false,ok
GLV-T10,TRIP-GLV-T10-01,2026-08-01T00:16:00.000Z,35.26671,128.89264,73,1500,228.75,false,ok
GLV-T10,TRIP-GLV-T10-01,2026-08-01T00:18:00.000Z,35.26853,128.89365,75,1500,231.08,false,ok
GLV-T10,TRIP-GLV-T10-01,2026-08-01T00:20:00.000Z,35.27036,128.89466,75,1500,233.42,false,ok
GLV-T10,TRIP-GLV-T10-01,2026-08-01T00:22:00.000Z,35.27218,128.89567,76,1500,235.75,false,ok
GLV-T10,TRIP-GLV-T10-01,2026-08-01T00:24:00.000Z,35.27401,128.89668,76,1500,238.08,false,ok
GLV-T10,TRIP-GLV-T10-01,2026-08-01T00:26:00.000Z,35.27583,128.89769,76,1500,240.42,false,ok
GLV-T10,TRIP-GLV-T10-01,2026-08-01T00:28:00.000Z,35.27766,128.89870,75,1500,242.75,false,ok
GLV-T10,TRIP-GLV-T10-01,2026-08-01T00:30:00.000Z,35.27948,128.89971,75,1500,245.09,false,ok
GLV-T10,TRIP-GLV-T10-01,2026-08-01T00:32:00.000Z,35.28130,128.90072,74,1500,247.42,false,ok
GLV-T10,TRIP-GLV-T10-01,2026-08-01T00:34:00.000Z,35.28313,128.90173,72,1500,249.75,false,ok
GLV-T10,TRIP-GLV-T10-01,2026-08-01T00:36:00.000Z,35.28495,128.90273,71,1500,252.09,false,ok
GLV-T10,TRIP-GLV-T10-01,2026-08-01T00:38:00.000Z,35.28678,128.90374,70,1500,254.42,false,ok
GLV-T10,TRIP-GLV-T10-01,2026-08-01T00:40:00.000Z,35.28860,128.90475,68,1500,256.76,false,ok
GLV-T10,TRIP-GLV-T10-01,2026-08-01T00:42:00.000Z,35.29043,128.90576,66,1500,259.09,false,ok
GLV-T10,TRIP-GLV-T10-01,2026-08-01T00:44:00.000Z,35.29225,128.90677,65,1500,261.43,false,ok
GLV-T10,TRIP-GLV-T10-01,2026-08-01T00:46:00.000Z,35.29408,128.90778,63,1500,263.76,false,ok
GLV-T10,TRIP-GLV-T10-01,2026-08-01T00:48:00.000Z,35.29590,128.90879,62,1500,266.09,false,ok
GLV-T10,TRIP-GLV-T10-01,2026-08-01T00:50:00.000Z,35.29773,128.90980,61,1500,268.43,false,ok
GLV-T10,TRIP-GLV-T10-01,2026-08-01T00:52:00.000Z,35.29955,128.91081,61,1500,270.76,false,ok
GLV-T10,TRIP-GLV-T10-01,2026-08-01T00:54:00.000Z,35.30137,128.91182,60,1500,273.10,false,ok
GLV-T10,TRIP-GLV-T10-01,2026-08-01T00:56:00.000Z,35.30320,128.91283,60,1500,275.43,false,ok
GLV-T10,TRIP-GLV-T10-01,2026-08-01T00:58:00.000Z,35.30502,128.91384,60,1500,277.76,false,ok
GLV-T10,TRIP-GLV-T10-01,2026-08-01T01:00:00.000Z,35.30685,128.91485,61,1500,280.10,false,ok
GLV-T10,TRIP-GLV-T10-01,2026-08-01T01:02:00.000Z,35.30867,128.91586,62,1500,282.43,false,ok
GLV-T10,TRIP-GLV-T10-01,2026-08-01T01:04:00.000Z,35.31050,128.91687,63,1500,284.77,false,ok
GLV-T10,TRIP-GLV-T10-01,2026-08-01T01:06:00.000Z,35.31232,128.91788,64,1500,287.10,false,ok
GLV-T10,TRIP-GLV-T10-01,2026-08-01T01:08:00.000Z,35.31415,128.91889,65,1500,289.43,false,ok
GLV-T10,TRIP-GLV-T10-01,2026-08-01T01:10:00.000Z,35.31597,128.91990,67,1500,291.77,false,ok
GLV-T10,TRIP-GLV-T10-01,2026-08-01T01:12:00.000Z,35.31780,128.92091,69,1500,294.10,false,ok
GLV-T10,TRIP-GLV-T10-01,2026-08-01T01:14:00.000Z,35.31962,128.92192,70,1500,296.44,false,ok
GLV-T10,TRIP-GLV-T10-01,2026-08-01T01:16:00.000Z,35.32144,128.92293,72,1500,298.77,false,ok
GLV-T10,TRIP-GLV-T10-01,2026-08-01T01:18:00.000Z,35.32327,128.92394,73,1500,301.11,false,ok
GLV-T10,TRIP-GLV-T10-01,2026-08-01T01:20:00.000Z,35.32509,128.92495,74,1500,303.44,false,ok
GLV-T10,TRIP-GLV-T10-01,2026-08-01T01:22:00.000Z,35.32692,128.92596,75,1500,305.77,false,ok
GLV-T10,TRIP-GLV-T10-01,2026-08-01T01:24:00.000Z,35.32874,128.92696,76,1500,308.11,false,ok
GLV-T10,TRIP-GLV-T10-01,2026-08-01T01:26:00.000Z,35.33057,128.92797,76,1500,310.44,false,ok
GLV-T10,TRIP-GLV-T10-01,2026-08-01T01:28:00.000Z,35.33239,128.92898,76,1500,312.78,false,ok
GLV-T10,TRIP-GLV-T10-01,2026-08-01T01:30:00.000Z,35.33422,128.92999,76,1500,315.11,false,ok
GLV-T10,TRIP-GLV-T10-01,2026-08-01T01:32:00.000Z,35.33604,128.93100,75,1500,317.44,false,ok
GLV-T10,TRIP-GLV-T10-01,2026-08-01T01:34:00.000Z,35.33787,128.93201,74,1500,319.78,false,ok
GLV-T10,TRIP-GLV-T10-01,2026-08-01T01:36:00.000Z,35.33969,128.93302,73,1500,322.11,false,ok
GLV-T10,TRIP-GLV-T10-01,2026-08-01T01:38:00.000Z,35.34152,128.93403,72,1500,324.45,false,ok
GLV-T10,TRIP-GLV-T10-01,2026-08-01T01:40:00.000Z,35.34334,128.93504,70,1500,326.78,false,ok
GLV-T10,TRIP-GLV-T10-01,2026-08-01T01:42:00.000Z,35.34516,128.93605,69,1500,329.12,false,ok
GLV-T10,TRIP-GLV-T10-01,2026-08-01T01:44:00.000Z,35.34699,128.93706,67,1500,331.45,false,ok
GLV-T10,TRIP-GLV-T10-01,2026-08-01T01:46:00.000Z,35.34881,128.93807,65,1500,333.78,false,ok
GLV-T10,TRIP-GLV-T10-01,2026-08-01T01:48:00.000Z,35.35064,128.93908,64,1500,336.12,false,ok
GLV-T10,TRIP-GLV-T10-01,2026-08-01T01:50:00.000Z,35.35246,128.94009,63,1500,338.45,false,ok
GLV-T10,TRIP-GLV-T10-01,2026-08-01T01:52:00.000Z,35.35429,128.94110,62,1500,340.79,false,ok
GLV-T10,TRIP-GLV-T10-01,2026-08-01T01:54:00.000Z,35.35611,128.94211,61,1500,343.12,false,ok
GLV-T10,TRIP-GLV-T10-01,2026-08-01T01:56:00.000Z,35.35794,128.94312,60,1500,345.45,false,ok
GLV-T10,TRIP-GLV-T10-01,2026-08-01T01:58:00.000Z,35.35976,128.94413,60,1500,347.79,false,ok
GLV-T10,TRIP-GLV-T10-01,2026-08-01T02:00:00.000Z,35.36159,128.94514,60,1500,350.12,false,ok
GLV-T10,TRIP-GLV-T10-01,2026-08-01T02:02:00.000Z,35.36341,128.94615,60,1500,352.46,false,ok
GLV-T10,TRIP-GLV-T10-01,2026-08-01T02:04:00.000Z,35.36523,128.94716,61,1500,354.79,false,ok
GLV-T10,TRIP-GLV-T10-01,2026-08-01T02:06:00.000Z,35.36706,128.94817,62,1500,357.13,false,ok
GLV-T10,TRIP-GLV-T10-01,2026-08-01T02:08:00.000Z,35.36888,128.94918,63,1500,359.46,false,ok
GLV-T10,TRIP-GLV-T10-01,2026-08-01T02:10:00.000Z,35.37071,128.95019,65,1500,361.79,false,ok
GLV-T10,TRIP-GLV-T10-01,2026-08-01T02:12:00.000Z,35.37253,128.95119,66,1500,364.13,false,ok
GLV-T10,TRIP-GLV-T10-01,2026-08-01T02:14:00.000Z,35.37436,128.95220,68,1500,366.46,false,ok
GLV-T10,TRIP-GLV-T10-01,2026-08-01T02:16:00.000Z,35.37618,128.95321,69,1500,368.80,false,ok
GLV-T10,TRIP-GLV-T10-01,2026-08-01T02:18:00.000Z,35.37801,128.95422,71,1500,371.13,false,ok
GLV-T10,TRIP-GLV-T10-01,2026-08-01T02:20:00.000Z,35.37983,128.95523,72,1500,373.46,false,ok
GLV-T10,TRIP-GLV-T10-01,2026-08-01T02:22:00.000Z,35.38166,128.95624,74,1500,375.80,false,ok
GLV-T10,TRIP-GLV-T10-01,2026-08-01T02:24:00.000Z,35.38348,128.95725,75,1500,378.13,false,ok
GLV-T10,TRIP-GLV-T10-01,2026-08-01T02:26:00.000Z,35.38530,128.95826,75,1500,380.47,false,ok
GLV-T10,TRIP-GLV-T10-01,2026-08-01T02:28:00.000Z,35.38713,128.95927,76,1500,382.80,false,ok
GLV-T10,TRIP-GLV-T10-01,2026-08-01T02:30:00.000Z,35.38895,128.96028,76,1500,385.14,false,ok
GLV-T10,TRIP-GLV-T10-01,2026-08-01T02:32:00.000Z,35.39078,128.96129,76,1500,387.47,false,ok
GLV-T10,TRIP-GLV-T10-01,2026-08-01T02:34:00.000Z,35.39260,128.96230,75,1500,389.80,false,ok
GLV-T10,TRIP-GLV-T10-01,2026-08-01T02:36:00.000Z,35.39443,128.96331,75,1500,392.14,false,ok
GLV-T10,TRIP-GLV-T10-01,2026-08-01T02:38:00.000Z,35.39625,128.96432,73,1500,394.47,false,ok
GLV-T10,TRIP-GLV-T10-01,2026-08-01T02:40:00.000Z,35.39808,128.96533,72,1500,396.81,false,ok
GLV-T10,TRIP-GLV-T10-01,2026-08-01T02:42:00.000Z,35.39990,128.96634,71,1500,399.14,false,ok
GLV-T10,TRIP-GLV-T10-01,2026-08-01T02:44:00.000Z,35.40173,128.96735,69,1500,401.47,false,ok
GLV-T10,TRIP-GLV-T10-01,2026-08-01T02:46:00.000Z,35.40355,128.96836,68,1500,403.81,false,ok
GLV-T10,TRIP-GLV-T10-01,2026-08-01T02:48:00.000Z,35.40538,128.96937,66,1500,406.14,false,ok
GLV-T10,TRIP-GLV-T10-01,2026-08-01T02:50:00.000Z,35.40720,128.97038,65,1500,408.48,false,ok
GLV-T10,TRIP-GLV-T10-01,2026-08-01T02:52:00.000Z,35.40902,128.97139,63,1500,410.81,false,ok
GLV-T10,TRIP-GLV-T10-01,2026-08-01T02:54:00.000Z,35.41085,128.97240,62,1500,413.14,false,ok
GLV-T10,TRIP-GLV-T10-01,2026-08-01T02:56:00.000Z,35.41267,128.97341,61,1500,415.48,false,ok
GLV-T10,TRIP-GLV-T10-01,2026-08-01T02:58:00.000Z,35.41450,128.97442,60,1500,417.81,false,ok
GLV-T10,TRIP-GLV-T10-01,2026-08-01T03:00:00.000Z,35.41632,128.97542,60,1500,420.15,false,ok
GLV-T10,TRIP-GLV-T10-01,2026-08-01T03:02:00.000Z,35.41815,128.97643,60,1500,422.48,false,ok
GLV-T10,TRIP-GLV-T10-01,2026-08-01T03:04:00.000Z,35.41997,128.97744,60,1500,424.82,false,ok
GLV-T10,TRIP-GLV-T10-01,2026-08-01T03:06:00.000Z,35.42180,128.97845,61,1500,427.15,false,ok
GLV-T10,TRIP-GLV-T10-01,2026-08-01T03:08:00.000Z,35.42362,128.97946,62,1500,429.48,false,ok
GLV-T10,TRIP-GLV-T10-01,2026-08-01T03:10:00.000Z,35.42545,128.98047,63,1500,431.82,false,ok
GLV-T10,TRIP-GLV-T10-01,2026-08-01T03:12:00.000Z,35.42727,128.98148,64,1500,434.15,false,ok
GLV-T10,TRIP-GLV-T10-01,2026-08-01T03:14:00.000Z,35.42909,128.98249,66,1500,436.49,false,ok
GLV-T10,TRIP-GLV-T10-01,2026-08-01T03:16:00.000Z,35.43092,128.98350,67,1500,438.82,false,ok
GLV-T10,TRIP-GLV-T10-01,2026-08-01T03:18:00.000Z,35.43274,128.98451,69,1500,441.15,false,ok
GLV-T10,TRIP-GLV-T10-01,2026-08-01T03:20:00.000Z,35.43457,128.98552,70,1500,443.49,false,ok
GLV-T10,TRIP-GLV-T10-01,2026-08-01T03:22:00.000Z,35.43639,128.98653,72,1500,445.82,false,ok
GLV-T10,TRIP-GLV-T10-01,2026-08-01T03:24:00.000Z,35.43822,128.98754,73,1500,448.16,false,ok
GLV-T10,TRIP-GLV-T10-01,2026-08-01T03:26:00.000Z,35.44004,128.98855,74,1500,450.49,false,ok
GLV-T10,TRIP-GLV-T10-01,2026-08-01T03:28:00.000Z,35.44187,128.98956,75,1500,452.83,false,ok
GLV-T10,TRIP-GLV-T10-01,2026-08-01T03:30:00.000Z,35.44369,128.99057,76,1500,455.16,false,ok
GLV-T10,TRIP-GLV-T10-01,2026-08-01T03:32:00.000Z,35.44552,128.99158,76,1500,457.49,false,ok
GLV-T10,TRIP-GLV-T10-01,2026-08-01T03:34:00.000Z,35.44734,128.99259,76,1500,459.83,false,ok
GLV-T10,TRIP-GLV-T10-01,2026-08-01T03:36:00.000Z,35.44916,128.99360,76,1500,462.16,false,ok
GLV-T10,TRIP-GLV-T10-01,2026-08-01T03:38:00.000Z,35.45099,128.99461,75,1500,464.50,false,ok
GLV-T10,TRIP-GLV-T10-01,2026-08-01T03:40:00.000Z,35.45281,128.99562,74,1500,466.83,false,ok
GLV-T10,TRIP-GLV-T10-01,2026-08-01T03:42:00.000Z,35.45464,128.99663,73,1500,469.16,false,ok
GLV-T10,TRIP-GLV-T10-01,2026-08-01T03:44:00.000Z,35.45646,128.99764,71,1500,471.50,false,ok
GLV-T10,TRIP-GLV-T10-01,2026-08-01T03:46:00.000Z,35.45829,128.99865,70,1500,473.83,false,ok
GLV-T10,TRIP-GLV-T10-01,2026-08-01T03:48:00.000Z,35.46011,128.99965,68,1500,476.17,false,ok
GLV-T10,TRIP-GLV-T10-01,2026-08-01T03:50:00.000Z,35.46194,129.00066,67,1500,478.50,false,ok
GLV-T10,TRIP-GLV-T10-01,2026-08-01T03:52:00.000Z,35.46376,129.00167,65,1500,480.84,false,ok
GLV-T10,TRIP-GLV-T10-01,2026-08-01T03:54:00.000Z,35.46559,129.00268,64,1500,483.17,false,ok
GLV-T10,TRIP-GLV-T10-01,2026-08-01T03:56:00.000Z,35.46741,129.00369,62,1500,485.50,false,ok
GLV-T10,TRIP-GLV-T10-01,2026-08-01T03:58:00.000Z,35.46924,129.00470,61,1500,487.84,false,ok
GLV-T10,TRIP-GLV-T10-01,2026-08-01T04:00:00.000Z,35.47106,129.00571,61,1500,490.17,false,ok
GLV-T10,TRIP-GLV-T10-01,2026-08-01T04:02:00.000Z,35.47288,129.00672,60,1500,492.51,false,ok
GLV-T10,TRIP-GLV-T10-01,2026-08-01T04:04:00.000Z,35.47471,129.00773,60,1500,494.84,false,ok
GLV-T10,TRIP-GLV-T10-01,2026-08-01T04:06:00.000Z,35.47653,129.00874,60,1500,497.17,false,ok
GLV-T10,TRIP-GLV-T10-01,2026-08-01T04:08:00.000Z,35.47836,129.00975,61,1500,499.51,false,ok
GLV-T10,TRIP-GLV-T10-01,2026-08-01T04:10:00.000Z,35.48018,129.01076,61,1500,501.84,false,ok
GLV-T10,TRIP-GLV-T10-01,2026-08-01T04:12:00.000Z,35.48201,129.01177,62,1500,504.18,false,ok
GLV-T10,TRIP-GLV-T10-01,2026-08-01T04:14:00.000Z,35.48383,129.01278,64,1500,506.51,false,ok
GLV-T10,TRIP-GLV-T10-01,2026-08-01T04:16:00.000Z,35.48566,129.01379,65,1500,508.85,false,ok
GLV-T10,TRIP-GLV-T10-01,2026-08-01T04:18:00.000Z,35.48748,129.01480,67,1500,511.18,false,ok
GLV-T10,TRIP-GLV-T10-01,2026-08-01T04:20:00.000Z,35.48931,129.01581,68,1500,513.51,false,ok
GLV-T10,TRIP-GLV-T10-01,2026-08-01T04:22:00.000Z,35.49113,129.01682,70,1500,515.85,false,ok
GLV-T10,TRIP-GLV-T10-01,2026-08-01T04:24:00.000Z,35.49295,129.01783,71,1500,518.18,false,ok
GLV-T10,TRIP-GLV-T10-01,2026-08-01T04:26:00.000Z,35.49478,129.01884,73,1500,520.52,false,ok
GLV-T10,TRIP-GLV-T10-01,2026-08-01T04:28:00.000Z,35.49660,129.01985,74,1500,522.85,false,ok
GLV-T10,TRIP-GLV-T10-01,2026-08-01T04:30:00.000Z,35.49843,129.02086,75,1500,525.18,false,ok
GLV-T10,TRIP-GLV-T10-01,2026-08-01T04:32:00.000Z,35.50025,129.02187,76,1500,527.52,false,ok
GLV-T10,TRIP-GLV-T10-01,2026-08-01T04:34:00.000Z,35.50208,129.02288,76,1500,529.85,false,ok
GLV-T10,TRIP-GLV-T10-01,2026-08-01T04:36:00.000Z,35.50390,129.02388,76,1500,532.19,false,ok
GLV-T10,TRIP-GLV-T10-01,2026-08-01T04:38:00.000Z,35.50573,129.02489,76,1500,534.52,false,ok
GLV-T10,TRIP-GLV-T10-01,2026-08-01T04:40:00.000Z,35.50755,129.02590,75,1500,536.86,false,ok
GLV-T10,TRIP-GLV-T10-01,2026-08-01T04:42:00.000Z,35.50938,129.02691,74,1500,539.19,false,ok
GLV-T10,TRIP-GLV-T10-01,2026-08-01T04:44:00.000Z,35.51120,129.02792,73,1500,541.52,false,ok
GLV-T10,TRIP-GLV-T10-01,2026-08-01T04:46:00.000Z,35.51302,129.02893,72,1500,543.86,false,ok
GLV-T10,TRIP-GLV-T10-01,2026-08-01T04:48:00.000Z,35.51485,129.02994,71,1500,546.19,false,ok
GLV-T10,TRIP-GLV-T10-01,2026-08-01T04:50:00.000Z,35.51667,129.03095,69,1500,548.53,false,ok
GLV-T10,TRIP-GLV-T10-01,2026-08-01T04:52:00.000Z,35.51850,129.03196,67,1500,550.86,false,ok
GLV-T10,TRIP-GLV-T10-01,2026-08-01T04:54:00.000Z,35.52032,129.03297,66,1500,553.19,false,ok
GLV-T10,TRIP-GLV-T10-01,2026-08-01T04:56:00.000Z,35.52215,129.03398,64,1500,555.53,false,ok
GLV-T10,TRIP-GLV-T10-01,2026-08-01T04:58:00.000Z,35.52397,129.03499,63,1500,557.86,false,ok
GLV-T10,TRIP-GLV-T10-01,2026-08-01T05:00:00.000Z,35.52580,129.03600,62,1500,560.20,false,ok
GLV-T10,TRIP-GLV-T10-01,2026-08-01T05:02:00.000Z,35.52762,129.03701,61,1500,562.53,false,ok
GLV-T10,TRIP-GLV-T10-01,2026-08-01T05:04:00.000Z,35.52945,129.03802,60,1500,564.86,false,ok
GLV-T10,TRIP-GLV-T10-01,2026-08-01T05:06:00.000Z,35.53127,129.03903,60,1500,567.20,false,ok
GLV-T10,TRIP-GLV-T10-01,2026-08-01T05:08:00.000Z,35.53310,129.04004,60,1500,569.53,false,ok
GLV-T10,TRIP-GLV-T10-01,2026-08-01T05:10:00.000Z,35.53492,129.04105,60,1500,571.87,false,ok
GLV-T10,TRIP-GLV-T10-01,2026-08-01T05:12:00.000Z,35.53674,129.04206,61,1500,574.20,false,ok
GLV-T10,TRIP-GLV-T10-01,2026-08-01T05:14:00.000Z,35.53857,129.04307,62,1500,576.54,false,ok
GLV-T10,TRIP-GLV-T10-01,2026-08-01T05:16:00.000Z,35.54039,129.04408,63,1500,578.87,false,ok
GLV-T10,TRIP-GLV-T10-01,2026-08-01T05:18:00.000Z,35.54222,129.04509,64,1500,581.20,false,ok
GLV-T10,TRIP-GLV-T10-01,2026-08-01T05:20:00.000Z,35.54404,129.04610,66,1500,583.54,false,ok
GLV-T10,TRIP-GLV-T10-01,2026-08-01T05:22:00.000Z,35.54587,129.04711,67,1500,585.87,false,ok
GLV-T10,TRIP-GLV-T10-01,2026-08-01T05:24:00.000Z,35.54769,129.04811,69,1500,588.21,false,ok
GLV-T10,TRIP-GLV-T10-01,2026-08-01T05:26:00.000Z,35.54952,129.04912,71,1500,590.54,false,ok
GLV-T10,TRIP-GLV-T10-01,2026-08-01T05:28:00.000Z,35.55134,129.05013,72,1500,592.87,false,ok
GLV-T10,TRIP-GLV-T10-01,2026-08-01T05:30:00.000Z,35.55317,129.05114,73,1500,595.21,false,ok
GLV-T10,TRIP-GLV-T10-01,2026-08-01T05:32:00.000Z,35.55499,129.05215,74,1500,597.54,false,ok
GLV-T10,TRIP-GLV-T10-01,2026-08-01T05:34:00.000Z,35.55681,129.05316,75,1500,599.88,false,ok
GLV-T10,TRIP-GLV-T10-01,2026-08-01T05:36:00.000Z,35.55864,129.05417,76,1500,602.21,false,ok
GLV-T10,TRIP-GLV-T10-01,2026-08-01T05:38:00.000Z,35.56046,129.05518,76,1500,604.55,false,ok
GLV-T10,TRIP-GLV-T10-01,2026-08-01T05:40:00.000Z,35.56229,129.05619,76,1500,606.88,false,ok
GLV-T10,TRIP-GLV-T10-01,2026-08-01T05:42:00.000Z,35.56411,129.05720,75,1500,609.21,false,ok
GLV-T10,TRIP-GLV-T10-01,2026-08-01T05:44:00.000Z,35.56594,129.05821,75,1500,611.55,false,ok
GLV-T10,TRIP-GLV-T10-01,2026-08-01T05:46:00.000Z,35.56776,129.05922,74,1500,613.88,false,ok
GLV-T10,TRIP-GLV-T10-01,2026-08-01T05:48:00.000Z,35.56959,129.06023,73,1500,616.22,false,ok
GLV-T10,TRIP-GLV-T10-01,2026-08-01T05:50:00.000Z,35.57141,129.06124,71,1500,618.55,false,ok
GLV-T10,TRIP-GLV-T10-01,2026-08-01T05:52:00.000Z,35.57324,129.06225,70,1500,620.88,false,ok
GLV-T10,TRIP-GLV-T10-01,2026-08-01T05:54:00.000Z,35.57506,129.06326,68,1500,623.22,false,ok
GLV-T10,TRIP-GLV-T10-01,2026-08-01T05:56:00.000Z,35.57688,129.06427,66,1500,625.55,false,ok
GLV-T10,TRIP-GLV-T10-01,2026-08-01T05:58:00.000Z,35.57871,129.06528,65,1500,627.89,false,ok
GLV-T10,TRIP-GLV-T10-01,2026-08-01T06:00:00.000Z,35.58053,129.06629,64,1500,630.22,false,ok
GLV-T10,TRIP-GLV-T10-01,2026-08-01T06:02:00.000Z,35.58236,129.06730,62,1500,632.56,false,ok
GLV-T10,TRIP-GLV-T10-01,2026-08-01T06:04:00.000Z,35.58418,129.06831,61,1500,634.89,false,ok
GLV-T10,TRIP-GLV-T10-01,2026-08-01T06:06:00.000Z,35.58601,129.06932,61,1500,637.22,false,ok
GLV-T10,TRIP-GLV-T10-01,2026-08-01T06:08:00.000Z,35.58783,129.07033,60,1500,639.56,false,ok
GLV-T10,TRIP-GLV-T10-01,2026-08-01T06:10:00.000Z,35.58966,129.07134,60,1500,641.89,false,ok
GLV-T10,TRIP-GLV-T10-01,2026-08-01T06:12:00.000Z,35.59148,129.07234,60,1500,644.23,false,ok
GLV-T10,TRIP-GLV-T10-01,2026-08-01T06:14:00.000Z,35.59331,129.07335,61,1500,646.56,false,ok
GLV-T10,TRIP-GLV-T10-01,2026-08-01T06:16:00.000Z,35.59513,129.07436,61,1500,648.89,false,ok
GLV-T10,TRIP-GLV-T10-01,2026-08-01T06:18:00.000Z,35.59696,129.07537,63,1500,651.23,false,ok
GLV-T10,TRIP-GLV-T10-01,2026-08-01T06:20:00.000Z,35.59878,129.07638,64,1500,653.56,false,ok
GLV-T10,TRIP-GLV-T10-01,2026-08-01T06:22:00.000Z,35.60060,129.07739,65,1500,655.90,false,ok
GLV-T10,TRIP-GLV-T10-01,2026-08-01T06:24:00.000Z,35.60243,129.07840,67,1500,658.23,false,ok
GLV-T10,TRIP-GLV-T10-01,2026-08-01T06:26:00.000Z,35.60425,129.07941,68,1500,660.57,false,ok
GLV-T10,TRIP-GLV-T10-01,2026-08-01T06:28:00.000Z,35.60608,129.08042,70,1500,662.90,false,ok
GLV-T10,TRIP-GLV-T10-01,2026-08-01T06:30:00.000Z,35.60790,129.08143,71,1500,665.23,false,ok
GLV-T10,TRIP-GLV-T10-01,2026-08-01T06:32:00.000Z,35.60973,129.08244,73,1500,667.57,false,ok
GLV-T10,TRIP-GLV-T10-01,2026-08-01T06:34:00.000Z,35.61155,129.08345,74,1500,669.90,false,ok
GLV-T10,TRIP-GLV-T10-01,2026-08-01T06:36:00.000Z,35.61338,129.08446,75,1500,672.24,false,ok
GLV-T10,TRIP-GLV-T10-01,2026-08-01T06:38:00.000Z,35.61520,129.08547,76,1500,674.57,false,ok
GLV-T10,TRIP-GLV-T10-01,2026-08-01T06:40:00.000Z,35.61703,129.08648,76,1500,676.90,false,ok
GLV-T10,TRIP-GLV-T10-01,2026-08-01T06:42:00.000Z,35.61885,129.08749,76,1500,679.24,false,ok
GLV-T10,TRIP-GLV-T10-01,2026-08-01T06:44:00.000Z,35.62067,129.08850,76,1500,681.57,false,ok
GLV-T10,TRIP-GLV-T10-01,2026-08-01T06:46:00.000Z,35.62250,129.08951,75,1500,683.91,false,ok
GLV-T10,TRIP-GLV-T10-01,2026-08-01T06:48:00.000Z,35.62432,129.09052,74,1500,686.24,false,ok
GLV-T10,TRIP-GLV-T10-01,2026-08-01T06:50:00.000Z,35.62615,129.09153,73,1500,688.57,false,ok
GLV-T10,TRIP-GLV-T10-01,2026-08-01T06:52:00.000Z,35.62797,129.09254,72,1500,690.91,false,ok
GLV-T10,TRIP-GLV-T10-01,2026-08-01T06:54:00.000Z,35.62980,129.09355,70,1500,693.24,false,ok
GLV-T10,TRIP-GLV-T10-01,2026-08-01T06:56:00.000Z,35.63162,129.09456,69,1500,695.58,false,ok
GLV-T10,TRIP-GLV-T10-01,2026-08-01T06:58:00.000Z,35.63345,129.09557,67,1500,697.91,false,ok
GLV-T10,TRIP-GLV-T10-01,2026-08-01T07:00:00.000Z,35.63527,129.09657,66,1500,700.25,false,ok
GLV-T10,TRIP-GLV-T10-01,2026-08-01T07:02:00.000Z,35.63710,129.09758,64,1500,702.58,false,ok
GLV-T10,TRIP-GLV-T10-01,2026-08-01T07:04:00.000Z,35.63892,129.09859,63,1500,704.91,false,ok
GLV-T10,TRIP-GLV-T10-01,2026-08-01T07:06:00.000Z,35.64074,129.09960,62,1500,707.25,false,ok
GLV-T10,TRIP-GLV-T10-01,2026-08-01T07:08:00.000Z,35.64257,129.10061,61,1500,709.58,false,ok
GLV-T10,TRIP-GLV-T10-01,2026-08-01T07:10:00.000Z,35.64439,129.10162,60,1500,711.92,false,ok
GLV-T10,TRIP-GLV-T10-01,2026-08-01T07:12:00.000Z,35.64622,129.10263,60,1500,714.25,false,ok
GLV-T10,TRIP-GLV-T10-01,2026-08-01T07:14:00.000Z,35.64804,129.10364,60,1500,716.58,false,ok
GLV-T10,TRIP-GLV-T10-01,2026-08-01T07:16:00.000Z,35.64987,129.10465,60,1500,718.92,false,ok
GLV-T10,TRIP-GLV-T10-01,2026-08-01T07:18:00.000Z,35.65169,129.10566,61,1500,721.25,false,ok
GLV-T10,TRIP-GLV-T10-01,2026-08-01T07:20:00.000Z,35.65352,129.10667,62,1500,723.59,false,ok
GLV-T10,TRIP-GLV-T10-01,2026-08-01T07:22:00.000Z,35.65534,129.10768,63,1500,725.92,false,ok
GLV-T10,TRIP-GLV-T10-01,2026-08-01T07:24:00.000Z,35.65717,129.10869,65,1500,728.26,false,ok
GLV-T10,TRIP-GLV-T10-01,2026-08-01T07:26:00.000Z,35.65899,129.10970,66,1500,730.59,false,ok
GLV-T10,TRIP-GLV-T10-01,2026-08-01T07:28:00.000Z,35.66081,129.11071,68,1500,732.92,false,ok
GLV-T10,TRIP-GLV-T10-01,2026-08-01T07:30:00.000Z,35.66264,129.11172,69,1500,735.26,false,ok
GLV-T10,TRIP-GLV-T10-01,2026-08-01T07:32:00.000Z,35.66446,129.11273,71,1500,737.59,false,ok
GLV-T10,TRIP-GLV-T10-01,2026-08-01T07:34:00.000Z,35.66629,129.11374,72,1500,739.93,false,ok
GLV-T10,TRIP-GLV-T10-01,2026-08-01T07:36:00.000Z,35.66811,129.11475,74,1500,742.26,false,ok
GLV-T10,TRIP-GLV-T10-01,2026-08-01T07:38:00.000Z,35.66994,129.11576,75,1500,744.59,false,ok
GLV-T10,TRIP-GLV-T10-01,2026-08-01T07:40:00.000Z,35.67176,129.11677,75,1500,746.93,false,ok
GLV-T10,TRIP-GLV-T10-01,2026-08-01T07:42:00.000Z,35.67359,129.11778,76,1500,749.26,false,ok
GLV-T10,TRIP-GLV-T10-01,2026-08-01T07:44:00.000Z,35.67541,129.11879,76,1500,751.60,false,ok
GLV-T10,TRIP-GLV-T10-01,2026-08-01T07:46:00.000Z,35.67724,129.11980,76,1500,753.93,false,ok
GLV-T10,TRIP-GLV-T10-01,2026-08-01T07:48:00.000Z,35.67906,129.12080,75,1500,756.27,false,ok
GLV-T10,TRIP-GLV-T10-01,2026-08-01T07:50:00.000Z,35.68089,129.12181,75,1500,758.60,false,ok
GLV-T10,TRIP-GLV-T10-01,2026-08-01T07:52:00.000Z,35.68271,129.12282,74,1500,760.93,false,ok
GLV-T10,TRIP-GLV-T10-01,2026-08-01T07:54:00.000Z,35.68453,129.12383,72,1500,763.27,false,ok
GLV-T10,TRIP-GLV-T10-01,2026-08-01T07:56:00.000Z,35.68636,129.12484,71,1500,765.60,false,ok
GLV-T10,TRIP-GLV-T10-01,2026-08-01T07:58:00.000Z,35.68818,129.12585,69,1500,767.94,false,ok
GLV-T10,TRIP-GLV-T10-01,2026-08-01T08:00:00.000Z,35.69001,129.12686,68,1500,770.27,false,ok
GLV-T10,TRIP-GLV-T10-01,2026-08-01T08:02:00.000Z,35.69183,129.12787,66,1500,772.60,false,ok
GLV-T10,TRIP-GLV-T10-01,2026-08-01T08:04:00.000Z,35.69366,129.12888,65,1500,774.94,false,ok
GLV-T10,TRIP-GLV-T10-01,2026-08-01T08:06:00.000Z,35.69548,129.12989,63,1500,777.27,false,ok
GLV-T10,TRIP-GLV-T10-01,2026-08-01T08:08:00.000Z,35.69731,129.13090,62,1500,779.61,false,ok
GLV-T10,TRIP-GLV-T10-01,2026-08-01T08:10:00.000Z,35.69913,129.13191,61,1500,781.94,false,ok
GLV-T10,TRIP-GLV-T10-01,2026-08-01T08:12:00.000Z,35.70096,129.13292,60,1500,784.28,false,ok
GLV-T10,TRIP-GLV-T10-01,2026-08-01T08:14:00.000Z,35.70278,129.13393,60,1500,786.61,false,ok
GLV-T10,TRIP-GLV-T10-01,2026-08-01T08:16:00.000Z,35.70460,129.13494,60,1500,788.94,false,ok
GLV-T10,TRIP-GLV-T10-01,2026-08-01T08:18:00.000Z,35.70643,129.13595,60,1500,791.28,false,ok
GLV-T10,TRIP-GLV-T10-01,2026-08-01T08:20:00.000Z,35.70825,129.13696,61,1500,793.61,false,ok
GLV-T10,TRIP-GLV-T10-01,2026-08-01T08:22:00.000Z,35.71008,129.13797,62,1500,795.95,false,ok
GLV-T10,TRIP-GLV-T10-01,2026-08-01T08:24:00.000Z,35.71190,129.13898,63,1500,798.28,false,ok
GLV-T10,TRIP-GLV-T10-01,2026-08-01T08:26:00.000Z,35.71373,129.13999,64,1500,800.61,false,ok
GLV-T10,TRIP-GLV-T10-01,2026-08-01T08:28:00.000Z,35.71555,129.14100,66,1500,802.95,false,ok
GLV-T10,TRIP-GLV-T10-01,2026-08-01T08:30:00.000Z,35.71738,129.14201,67,1500,805.28,false,ok
GLV-T10,TRIP-GLV-T10-01,2026-08-01T08:32:00.000Z,35.71920,129.14302,69,1500,807.62,false,ok
GLV-T10,TRIP-GLV-T10-01,2026-08-01T08:34:00.000Z,35.72103,129.14403,70,1500,809.95,false,ok
GLV-T10,TRIP-GLV-T10-01,2026-08-01T08:36:00.000Z,35.72285,129.14503,72,1500,812.29,false,ok
GLV-T10,TRIP-GLV-T10-01,2026-08-01T08:38:00.000Z,35.72467,129.14604,73,1500,814.62,false,ok
GLV-T10,TRIP-GLV-T10-01,2026-08-01T08:40:00.000Z,35.72650,129.14705,74,1500,816.95,false,ok
GLV-T10,TRIP-GLV-T10-01,2026-08-01T08:42:00.000Z,35.72832,129.14806,75,1500,819.29,false,ok
GLV-T10,TRIP-GLV-T10-01,2026-08-01T08:44:00.000Z,35.73015,129.14907,76,1500,821.62,false,ok
GLV-T10,TRIP-GLV-T10-01,2026-08-01T08:46:00.000Z,35.73197,129.15008,76,1500,823.96,false,ok
GLV-T10,TRIP-GLV-T10-01,2026-08-01T08:48:00.000Z,35.73380,129.15109,76,1500,826.29,false,ok
GLV-T10,TRIP-GLV-T10-01,2026-08-01T08:50:00.000Z,35.73562,129.15210,76,1500,828.62,false,ok
GLV-T10,TRIP-GLV-T10-01,2026-08-01T08:52:00.000Z,35.73745,129.15311,75,1500,830.96,false,ok
GLV-T10,TRIP-GLV-T10-01,2026-08-01T08:54:00.000Z,35.73927,129.15412,74,1500,833.29,false,ok
GLV-T10,TRIP-GLV-T10-01,2026-08-01T08:56:00.000Z,35.74110,129.15513,73,1500,835.63,false,ok
GLV-T10,TRIP-GLV-T10-01,2026-08-01T08:58:00.000Z,35.74292,129.15614,72,1500,837.96,false,ok
GLV-T10,TRIP-GLV-T10-01,2026-08-01T09:00:00.000Z,35.74475,129.15715,70,1500,840.29,false,ok
GLV-T10,TRIP-GLV-T10-01,2026-08-01T09:02:00.000Z,35.74657,129.15816,68,1500,842.63,false,ok
GLV-T10,TRIP-GLV-T10-01,2026-08-01T09:04:00.000Z,35.74839,129.15917,67,1500,844.96,false,ok
GLV-T10,TRIP-GLV-T10-01,2026-08-01T09:06:00.000Z,35.75022,129.16018,65,1500,847.30,false,ok
GLV-T10,TRIP-GLV-T10-01,2026-08-01T09:08:00.000Z,35.75204,129.16119,64,1500,849.63,false,ok
GLV-T10,TRIP-GLV-T10-01,2026-08-01T09:10:00.000Z,35.75387,129.16220,63,1500,851.97,false,ok
GLV-T10,TRIP-GLV-T10-01,2026-08-01T09:12:00.000Z,35.75569,129.16321,62,1500,854.30,false,ok
GLV-T10,TRIP-GLV-T10-01,2026-08-01T09:14:00.000Z,35.75752,129.16422,61,1500,856.63,false,ok
GLV-T10,TRIP-GLV-T10-01,2026-08-01T09:16:00.000Z,35.75934,129.16523,60,1500,858.97,false,ok
GLV-T10,TRIP-GLV-T10-01,2026-08-01T09:18:00.000Z,35.76117,129.16624,60,1500,861.30,false,ok
GLV-T10,TRIP-GLV-T10-01,2026-08-01T09:20:00.000Z,35.76299,129.16725,60,1500,863.64,false,ok
GLV-T10,TRIP-GLV-T10-01,2026-08-01T09:22:00.000Z,35.76482,129.16826,61,1500,865.97,false,ok
GLV-T10,TRIP-GLV-T10-01,2026-08-01T09:24:00.000Z,35.76664,129.16926,61,1500,868.30,false,ok
GLV-T10,TRIP-GLV-T10-01,2026-08-01T09:26:00.000Z,35.76846,129.17027,62,1500,870.64,false,ok
GLV-T10,TRIP-GLV-T10-01,2026-08-01T09:28:00.000Z,35.77029,129.17128,63,1500,872.97,false,ok
GLV-T10,TRIP-GLV-T10-01,2026-08-01T09:30:00.000Z,35.77211,129.17229,65,1500,875.31,false,ok
GLV-T10,TRIP-GLV-T10-01,2026-08-01T09:32:00.000Z,35.77394,129.17330,66,1500,877.64,false,ok
GLV-T10,TRIP-GLV-T10-01,2026-08-01T09:34:00.000Z,35.77576,129.17431,68,1500,879.98,false,ok
GLV-T10,TRIP-GLV-T10-01,2026-08-01T09:36:00.000Z,35.77759,129.17532,70,1500,882.31,false,ok
GLV-T10,TRIP-GLV-T10-01,2026-08-01T09:38:00.000Z,35.77941,129.17633,71,1500,884.64,false,ok
GLV-T10,TRIP-GLV-T10-01,2026-08-01T09:40:00.000Z,35.78124,129.17734,73,1500,886.98,false,ok
GLV-T10,TRIP-GLV-T10-01,2026-08-01T09:42:00.000Z,35.78306,129.17835,74,1500,889.31,false,ok
GLV-T10,TRIP-GLV-T10-01,2026-08-01T09:44:00.000Z,35.78489,129.17936,75,1500,891.65,false,ok
GLV-T10,TRIP-GLV-T10-01,2026-08-01T09:46:00.000Z,35.78671,129.18037,75,1500,893.98,false,ok
GLV-T10,TRIP-GLV-T10-01,2026-08-01T09:48:00.000Z,35.78853,129.18138,76,1500,896.31,false,ok
GLV-T10,TRIP-GLV-T10-01,2026-08-01T09:50:00.000Z,35.79036,129.18239,76,1500,898.65,false,ok
GLV-T10,TRIP-GLV-T10-01,2026-08-01T09:52:00.000Z,35.79218,129.18340,76,1500,900.98,false,ok
GLV-T10,TRIP-GLV-T10-01,2026-08-01T09:54:00.000Z,35.79401,129.18441,75,1500,903.32,false,ok
GLV-T10,TRIP-GLV-T10-01,2026-08-01T09:56:00.000Z,35.79583,129.18542,74,1500,905.65,false,ok
GLV-T10,TRIP-GLV-T10-01,2026-08-01T09:58:00.000Z,35.79766,129.18643,73,1500,907.99,false,ok
GLV-T10,TRIP-GLV-T10-01,2026-08-01T10:00:00.000Z,35.79948,129.18744,72,1500,910.32,false,ok
GLV-T10,TRIP-GLV-T10-01,2026-08-01T10:02:00.000Z,35.80131,129.18845,71,1500,912.65,false,ok
GLV-T10,TRIP-GLV-T10-01,2026-08-01T10:04:00.000Z,35.80313,129.18946,69,1500,914.99,false,ok
GLV-T10,TRIP-GLV-T10-01,2026-08-01T10:06:00.000Z,35.80496,129.19047,68,1500,917.32,false,ok
GLV-T10,TRIP-GLV-T10-01,2026-08-01T10:08:00.000Z,35.80678,129.19148,66,1500,919.66,false,ok
GLV-T10,TRIP-GLV-T10-01,2026-08-01T10:10:00.000Z,35.80861,129.19249,64,1500,921.99,false,ok
GLV-T10,TRIP-GLV-T10-01,2026-08-01T10:12:00.000Z,35.81043,129.19349,63,1500,924.32,false,ok
GLV-T10,TRIP-GLV-T10-01,2026-08-01T10:14:00.000Z,35.81225,129.19450,62,1500,926.66,false,ok
GLV-T10,TRIP-GLV-T10-01,2026-08-01T10:16:00.000Z,35.81408,129.19551,61,1500,928.99,false,ok
GLV-T10,TRIP-GLV-T10-01,2026-08-01T10:18:00.000Z,35.81590,129.19652,60,1500,931.33,false,ok
GLV-T10,TRIP-GLV-T10-01,2026-08-01T10:20:00.000Z,35.81773,129.19753,60,1500,933.66,false,ok
GLV-T10,TRIP-GLV-T10-01,2026-08-01T10:22:00.000Z,35.81955,129.19854,60,1500,936.00,false,ok
GLV-T10,TRIP-GLV-T10-01,2026-08-01T10:24:00.000Z,35.82138,129.19955,60,1500,938.33,false,ok
GLV-T10,TRIP-GLV-T10-01,2026-08-01T10:26:00.000Z,35.82320,129.20056,61,1500,940.66,false,ok
GLV-T10,TRIP-GLV-T10-01,2026-08-01T10:28:00.000Z,35.82503,129.20157,62,1500,943.00,false,ok
GLV-T10,TRIP-GLV-T10-01,2026-08-01T10:30:00.000Z,35.82685,129.20258,63,1500,945.33,false,ok
GLV-T10,TRIP-GLV-T10-01,2026-08-01T10:32:00.000Z,35.82868,129.20359,64,1500,947.67,false,ok
GLV-T10,TRIP-GLV-T10-01,2026-08-01T10:34:00.000Z,35.83050,129.20460,66,1500,950.00,false,ok
GLV-T10,TRIP-GLV-T10-01,2026-08-01T01:00:00.000Z,35.83050,129.20460,68,1500,950.00,true,ok
GLV-T10,TRIP-GLV-T10-01,2026-08-01T01:02:00.000Z,35.82868,129.20359,70,1500,952.33,true,ok
GLV-T10,TRIP-GLV-T10-01,2026-08-01T01:04:00.000Z,35.82685,129.20258,71,1500,954.67,true,ok
GLV-T10,TRIP-GLV-T10-01,2026-08-01T01:06:00.000Z,35.82503,129.20157,73,1500,957.00,true,ok
GLV-T10,TRIP-GLV-T10-01,2026-08-01T01:08:00.000Z,35.82320,129.20056,74,1500,959.34,true,ok
GLV-T10,TRIP-GLV-T10-01,2026-08-01T01:10:00.000Z,35.82138,129.19955,75,1500,961.67,true,ok
GLV-T10,TRIP-GLV-T10-01,2026-08-01T01:12:00.000Z,35.81955,129.19854,75,1500,964.00,true,ok
GLV-T10,TRIP-GLV-T10-01,2026-08-01T01:14:00.000Z,35.81773,129.19753,76,1500,966.34,true,ok
GLV-T10,TRIP-GLV-T10-01,2026-08-01T01:16:00.000Z,35.81590,129.19652,76,1500,968.67,true,ok
GLV-T10,TRIP-GLV-T10-01,2026-08-01T01:18:00.000Z,35.81408,129.19551,76,1500,971.01,true,ok
GLV-T10,TRIP-GLV-T10-01,2026-08-01T01:20:00.000Z,35.81225,129.19450,75,1500,973.34,true,ok
GLV-T10,TRIP-GLV-T10-01,2026-08-01T01:22:00.000Z,35.81043,129.19349,74,1500,975.68,true,ok
GLV-T10,TRIP-GLV-T10-01,2026-08-01T01:24:00.000Z,35.80861,129.19249,73,1500,978.01,true,ok
GLV-T10,TRIP-GLV-T10-01,2026-08-01T01:26:00.000Z,35.80678,129.19148,72,1500,980.34,true,ok
GLV-T10,TRIP-GLV-T10-01,2026-08-01T01:28:00.000Z,35.80496,129.19047,71,1500,982.68,true,ok
GLV-T10,TRIP-GLV-T10-01,2026-08-01T01:30:00.000Z,35.80313,129.18946,69,1500,985.01,true,ok
GLV-T10,TRIP-GLV-T10-01,2026-08-01T01:32:00.000Z,35.80131,129.18845,68,1500,987.35,true,ok
GLV-T10,TRIP-GLV-T10-01,2026-08-01T01:34:00.000Z,35.79948,129.18744,66,1500,989.68,true,ok
GLV-T10,TRIP-GLV-T10-01,2026-08-01T01:36:00.000Z,35.79766,129.18643,64,1500,992.01,true,ok
GLV-T10,TRIP-GLV-T10-01,2026-08-01T01:38:00.000Z,35.79583,129.18542,63,1500,994.35,true,ok
GLV-T10,TRIP-GLV-T10-01,2026-08-01T01:40:00.000Z,35.79401,129.18441,62,1500,996.68,true,ok
GLV-T10,TRIP-GLV-T10-01,2026-08-01T01:42:00.000Z,35.79218,129.18340,61,1500,999.02,true,ok
GLV-T10,TRIP-GLV-T10-01,2026-08-01T01:44:00.000Z,35.79036,129.18239,60,1500,1001.35,true,ok
GLV-T10,TRIP-GLV-T10-01,2026-08-01T01:46:00.000Z,35.78853,129.18138,60,1500,1003.69,true,ok
GLV-T10,TRIP-GLV-T10-01,2026-08-01T01:48:00.000Z,35.78671,129.18037,60,1500,1006.02,true,ok
GLV-T10,TRIP-GLV-T10-01,2026-08-01T01:50:00.000Z,35.78489,129.17936,60,1500,1008.35,true,ok
GLV-T10,TRIP-GLV-T10-01,2026-08-01T01:52:00.000Z,35.78306,129.17835,61,1500,1010.69,true,ok
GLV-T10,TRIP-GLV-T10-01,2026-08-01T01:54:00.000Z,35.78124,129.17734,62,1500,1013.02,true,ok
GLV-T10,TRIP-GLV-T10-01,2026-08-01T01:56:00.000Z,35.77941,129.17633,63,1500,1015.36,true,ok
GLV-T10,TRIP-GLV-T10-01,2026-08-01T01:58:00.000Z,35.77759,129.17532,64,1500,1017.69,true,ok
GLV-T10,TRIP-GLV-T10-01,2026-08-01T02:00:00.000Z,35.77576,129.17431,66,1500,1020.02,true,ok
GLV-T10,TRIP-GLV-T10-01,2026-08-01T02:02:00.000Z,35.77394,129.17330,67,1500,1022.36,true,ok
GLV-T10,TRIP-GLV-T10-01,2026-08-01T02:04:00.000Z,35.77211,129.17229,69,1500,1024.69,true,ok
GLV-T10,TRIP-GLV-T10-01,2026-08-01T02:06:00.000Z,35.77029,129.17128,70,1500,1027.03,true,ok
GLV-T10,TRIP-GLV-T10-01,2026-08-01T02:08:00.000Z,35.76846,129.17027,72,1500,1029.36,true,ok
GLV-T10,TRIP-GLV-T10-01,2026-08-01T02:10:00.000Z,35.76664,129.16926,73,1500,1031.70,true,ok
GLV-T10,TRIP-GLV-T10-01,2026-08-01T02:12:00.000Z,35.76482,129.16826,74,1500,1034.03,true,ok
GLV-T10,TRIP-GLV-T10-01,2026-08-01T02:14:00.000Z,35.76299,129.16725,75,1500,1036.36,true,ok
GLV-T10,TRIP-GLV-T10-01,2026-08-01T02:16:00.000Z,35.76117,129.16624,76,1500,1038.70,true,ok
GLV-T10,TRIP-GLV-T10-01,2026-08-01T02:18:00.000Z,35.75934,129.16523,76,1500,1041.03,true,ok
GLV-T10,TRIP-GLV-T10-01,2026-08-01T02:20:00.000Z,35.75752,129.16422,76,1500,1043.37,true,ok
GLV-T10,TRIP-GLV-T10-01,2026-08-01T02:22:00.000Z,35.75569,129.16321,76,1500,1045.70,true,ok
GLV-T10,TRIP-GLV-T10-01,2026-08-01T02:24:00.000Z,35.75387,129.16220,75,1500,1048.03,true,ok
GLV-T10,TRIP-GLV-T10-01,2026-08-01T02:26:00.000Z,35.75204,129.16119,74,1500,1050.37,true,ok
GLV-T10,TRIP-GLV-T10-01,2026-08-01T02:28:00.000Z,35.75022,129.16018,73,1500,1052.70,true,ok
GLV-T10,TRIP-GLV-T10-01,2026-08-01T02:30:00.000Z,35.74839,129.15917,71,1500,1055.04,true,ok
GLV-T10,TRIP-GLV-T10-01,2026-08-01T02:32:00.000Z,35.74657,129.15816,70,1500,1057.37,true,ok
GLV-T10,TRIP-GLV-T10-01,2026-08-01T02:34:00.000Z,35.74475,129.15715,68,1500,1059.71,true,ok
GLV-T10,TRIP-GLV-T10-01,2026-08-01T02:36:00.000Z,35.74292,129.15614,67,1500,1062.04,true,ok
GLV-T10,TRIP-GLV-T10-01,2026-08-01T02:38:00.000Z,35.74110,129.15513,65,1500,1064.37,true,ok
GLV-T10,TRIP-GLV-T10-01,2026-08-01T02:40:00.000Z,35.73927,129.15412,64,1500,1066.71,true,ok
GLV-T10,TRIP-GLV-T10-01,2026-08-01T02:42:00.000Z,35.73745,129.15311,62,1500,1069.04,true,ok
GLV-T10,TRIP-GLV-T10-01,2026-08-01T02:44:00.000Z,35.73562,129.15210,61,1500,1071.38,true,ok
GLV-T10,TRIP-GLV-T10-01,2026-08-01T02:46:00.000Z,35.73380,129.15109,61,1500,1073.71,true,ok
GLV-T10,TRIP-GLV-T10-01,2026-08-01T02:48:00.000Z,35.73197,129.15008,60,1500,1076.04,true,ok
GLV-T10,TRIP-GLV-T10-01,2026-08-01T02:50:00.000Z,35.73015,129.14907,60,1500,1078.38,true,ok
GLV-T10,TRIP-GLV-T10-01,2026-08-01T02:52:00.000Z,35.72832,129.14806,60,1500,1080.71,true,ok
GLV-T10,TRIP-GLV-T10-01,2026-08-01T02:54:00.000Z,35.72650,129.14705,61,1500,1083.05,true,ok
GLV-T10,TRIP-GLV-T10-01,2026-08-01T02:56:00.000Z,35.72467,129.14604,61,1500,1085.38,true,ok
GLV-T10,TRIP-GLV-T10-01,2026-08-01T02:58:00.000Z,35.72285,129.14503,62,1500,1087.71,true,ok
GLV-T10,TRIP-GLV-T10-01,2026-08-01T03:00:00.000Z,35.72103,129.14403,64,1500,1090.05,true,ok
GLV-T10,TRIP-GLV-T10-01,2026-08-01T03:02:00.000Z,35.71920,129.14302,65,1500,1092.38,true,ok
GLV-T10,TRIP-GLV-T10-01,2026-08-01T03:04:00.000Z,35.71738,129.14201,67,1500,1094.72,true,ok
GLV-T10,TRIP-GLV-T10-01,2026-08-01T03:06:00.000Z,35.71555,129.14100,68,1500,1097.05,true,ok
GLV-T10,TRIP-GLV-T10-01,2026-08-01T03:08:00.000Z,35.71373,129.13999,70,1500,1099.39,true,ok
GLV-T10,TRIP-GLV-T10-01,2026-08-01T03:10:00.000Z,35.71190,129.13898,71,1500,1101.72,true,ok
GLV-T10,TRIP-GLV-T10-01,2026-08-01T03:12:00.000Z,35.71008,129.13797,73,1500,1104.05,true,ok
GLV-T10,TRIP-GLV-T10-01,2026-08-01T03:14:00.000Z,35.70825,129.13696,74,1500,1106.39,true,ok
GLV-T10,TRIP-GLV-T10-01,2026-08-01T03:16:00.000Z,35.70643,129.13595,75,1500,1108.72,true,ok
GLV-T10,TRIP-GLV-T10-01,2026-08-01T03:18:00.000Z,35.70460,129.13494,76,1500,1111.06,true,ok
GLV-T10,TRIP-GLV-T10-01,2026-08-01T03:20:00.000Z,35.70278,129.13393,76,1500,1113.39,true,ok
GLV-T10,TRIP-GLV-T10-01,2026-08-01T03:22:00.000Z,35.70096,129.13292,76,1500,1115.72,true,ok
GLV-T10,TRIP-GLV-T10-01,2026-08-01T03:24:00.000Z,35.69913,129.13191,76,1500,1118.06,true,ok
GLV-T10,TRIP-GLV-T10-01,2026-08-01T03:26:00.000Z,35.69731,129.13090,75,1500,1120.39,true,ok
GLV-T10,TRIP-GLV-T10-01,2026-08-01T03:28:00.000Z,35.69548,129.12989,74,1500,1122.73,true,ok
GLV-T10,TRIP-GLV-T10-01,2026-08-01T03:30:00.000Z,35.69366,129.12888,73,1500,1125.06,true,ok
GLV-T10,TRIP-GLV-T10-01,2026-08-01T03:32:00.000Z,35.69183,129.12787,72,1500,1127.40,true,ok
GLV-T10,TRIP-GLV-T10-01,2026-08-01T03:34:00.000Z,35.69001,129.12686,70,1500,1129.73,true,ok
GLV-T10,TRIP-GLV-T10-01,2026-08-01T03:36:00.000Z,35.68818,129.12585,69,1500,1132.06,true,ok
GLV-T10,TRIP-GLV-T10-01,2026-08-01T03:38:00.000Z,35.68636,129.12484,67,1500,1134.40,true,ok
GLV-T10,TRIP-GLV-T10-01,2026-08-01T03:40:00.000Z,35.68453,129.12383,66,1500,1136.73,true,ok
GLV-T10,TRIP-GLV-T10-01,2026-08-01T03:42:00.000Z,35.68271,129.12282,64,1500,1139.07,true,ok
GLV-T10,TRIP-GLV-T10-01,2026-08-01T03:44:00.000Z,35.68089,129.12181,63,1500,1141.40,true,ok
GLV-T10,TRIP-GLV-T10-01,2026-08-01T03:46:00.000Z,35.67906,129.12080,62,1500,1143.73,true,ok
GLV-T10,TRIP-GLV-T10-01,2026-08-01T03:48:00.000Z,35.67724,129.11980,61,1500,1146.07,true,ok
GLV-T10,TRIP-GLV-T10-01,2026-08-01T03:50:00.000Z,35.67541,129.11879,60,1500,1148.40,true,ok
GLV-T10,TRIP-GLV-T10-01,2026-08-01T03:52:00.000Z,35.67359,129.11778,60,1500,1150.74,true,ok
GLV-T10,TRIP-GLV-T10-01,2026-08-01T03:54:00.000Z,35.67176,129.11677,60,1500,1153.07,true,ok
GLV-T10,TRIP-GLV-T10-01,2026-08-01T03:56:00.000Z,35.66994,129.11576,60,1500,1155.41,true,ok
GLV-T10,TRIP-GLV-T10-01,2026-08-01T03:58:00.000Z,35.66811,129.11475,61,1500,1157.74,true,ok
GLV-T10,TRIP-GLV-T10-01,2026-08-01T04:00:00.000Z,35.66629,129.11374,62,1500,1160.07,true,ok
GLV-T10,TRIP-GLV-T10-01,2026-08-01T04:02:00.000Z,35.66446,129.11273,63,1500,1162.41,true,ok
GLV-T10,TRIP-GLV-T10-01,2026-08-01T04:04:00.000Z,35.66264,129.11172,65,1500,1164.74,true,ok
GLV-T10,TRIP-GLV-T10-01,2026-08-01T04:06:00.000Z,35.66081,129.11071,66,1500,1167.08,true,ok
GLV-T10,TRIP-GLV-T10-01,2026-08-01T04:08:00.000Z,35.65899,129.10970,68,1500,1169.41,true,ok
GLV-T10,TRIP-GLV-T10-01,2026-08-01T04:10:00.000Z,35.65717,129.10869,69,1500,1171.74,true,ok
GLV-T10,TRIP-GLV-T10-01,2026-08-01T04:12:00.000Z,35.65534,129.10768,71,1500,1174.08,true,ok
GLV-T10,TRIP-GLV-T10-01,2026-08-01T04:14:00.000Z,35.65352,129.10667,72,1500,1176.41,true,ok
GLV-T10,TRIP-GLV-T10-01,2026-08-01T04:16:00.000Z,35.65169,129.10566,73,1500,1178.75,true,ok
GLV-T10,TRIP-GLV-T10-01,2026-08-01T04:18:00.000Z,35.64987,129.10465,75,1500,1181.08,true,ok
GLV-T10,TRIP-GLV-T10-01,2026-08-01T04:20:00.000Z,35.64804,129.10364,75,1500,1183.42,true,ok
GLV-T10,TRIP-GLV-T10-01,2026-08-01T04:22:00.000Z,35.64622,129.10263,76,1500,1185.75,true,ok
GLV-T10,TRIP-GLV-T10-01,2026-08-01T04:24:00.000Z,35.64439,129.10162,76,1500,1188.08,true,ok
GLV-T10,TRIP-GLV-T10-01,2026-08-01T04:26:00.000Z,35.64257,129.10061,76,1500,1190.42,true,ok
GLV-T10,TRIP-GLV-T10-01,2026-08-01T04:28:00.000Z,35.64074,129.09960,75,1500,1192.75,true,ok
GLV-T10,TRIP-GLV-T10-01,2026-08-01T04:30:00.000Z,35.63892,129.09859,75,1500,1195.09,true,ok
GLV-T10,TRIP-GLV-T10-01,2026-08-01T04:32:00.000Z,35.63710,129.09758,74,1500,1197.42,true,ok
GLV-T10,TRIP-GLV-T10-01,2026-08-01T04:34:00.000Z,35.63527,129.09657,72,1500,1199.75,true,ok
GLV-T10,TRIP-GLV-T10-01,2026-08-01T04:36:00.000Z,35.63345,129.09557,71,1500,1202.09,true,ok
GLV-T10,TRIP-GLV-T10-01,2026-08-01T04:38:00.000Z,35.63162,129.09456,70,1500,1204.42,true,ok
GLV-T10,TRIP-GLV-T10-01,2026-08-01T04:40:00.000Z,35.62980,129.09355,68,1500,1206.76,true,ok
GLV-T10,TRIP-GLV-T10-01,2026-08-01T04:42:00.000Z,35.62797,129.09254,66,1500,1209.09,true,ok
GLV-T10,TRIP-GLV-T10-01,2026-08-01T04:44:00.000Z,35.62615,129.09153,65,1500,1211.43,true,ok
GLV-T10,TRIP-GLV-T10-01,2026-08-01T04:46:00.000Z,35.62432,129.09052,63,1500,1213.76,true,ok
GLV-T10,TRIP-GLV-T10-01,2026-08-01T04:48:00.000Z,35.62250,129.08951,62,1500,1216.09,true,ok
GLV-T10,TRIP-GLV-T10-01,2026-08-01T04:50:00.000Z,35.62067,129.08850,61,1500,1218.43,true,ok
GLV-T10,TRIP-GLV-T10-01,2026-08-01T04:52:00.000Z,35.61885,129.08749,61,1500,1220.76,true,ok
GLV-T10,TRIP-GLV-T10-01,2026-08-01T04:54:00.000Z,35.61703,129.08648,60,1500,1223.10,true,ok
GLV-T10,TRIP-GLV-T10-01,2026-08-01T04:56:00.000Z,35.61520,129.08547,60,1500,1225.43,true,ok
GLV-T10,TRIP-GLV-T10-01,2026-08-01T04:58:00.000Z,35.61338,129.08446,60,1500,1227.76,true,ok
GLV-T10,TRIP-GLV-T10-01,2026-08-01T05:00:00.000Z,35.61155,129.08345,61,1500,1230.10,true,ok
GLV-T10,TRIP-GLV-T10-01,2026-08-01T05:02:00.000Z,35.60973,129.08244,62,1500,1232.43,true,ok
GLV-T10,TRIP-GLV-T10-01,2026-08-01T05:04:00.000Z,35.60790,129.08143,63,1500,1234.77,true,ok
GLV-T10,TRIP-GLV-T10-01,2026-08-01T05:06:00.000Z,35.60608,129.08042,64,1500,1237.10,true,ok
GLV-T10,TRIP-GLV-T10-01,2026-08-01T05:08:00.000Z,35.60425,129.07941,65,1500,1239.43,true,ok
GLV-T10,TRIP-GLV-T10-01,2026-08-01T05:10:00.000Z,35.60243,129.07840,67,1500,1241.77,true,ok
GLV-T10,TRIP-GLV-T10-01,2026-08-01T05:12:00.000Z,35.60060,129.07739,69,1500,1244.10,true,ok
GLV-T10,TRIP-GLV-T10-01,2026-08-01T05:14:00.000Z,35.59878,129.07638,70,1500,1246.44,true,ok
GLV-T10,TRIP-GLV-T10-01,2026-08-01T05:16:00.000Z,35.59696,129.07537,72,1500,1248.77,true,ok
GLV-T10,TRIP-GLV-T10-01,2026-08-01T05:18:00.000Z,35.59513,129.07436,73,1500,1251.11,true,ok
GLV-T10,TRIP-GLV-T10-01,2026-08-01T05:20:00.000Z,35.59331,129.07335,74,1500,1253.44,true,ok
GLV-T10,TRIP-GLV-T10-01,2026-08-01T05:22:00.000Z,35.59148,129.07234,75,1500,1255.77,true,ok
GLV-T10,TRIP-GLV-T10-01,2026-08-01T05:24:00.000Z,35.58966,129.07134,76,1500,1258.11,true,ok
GLV-T10,TRIP-GLV-T10-01,2026-08-01T05:26:00.000Z,35.58783,129.07033,76,1500,1260.44,true,ok
GLV-T10,TRIP-GLV-T10-01,2026-08-01T05:28:00.000Z,35.58601,129.06932,76,1500,1262.78,true,ok
GLV-T10,TRIP-GLV-T10-01,2026-08-01T05:30:00.000Z,35.58418,129.06831,76,1500,1265.11,true,ok
GLV-T10,TRIP-GLV-T10-01,2026-08-01T05:32:00.000Z,35.58236,129.06730,75,1500,1267.44,true,ok
GLV-T10,TRIP-GLV-T10-01,2026-08-01T05:34:00.000Z,35.58053,129.06629,74,1500,1269.78,true,ok
GLV-T10,TRIP-GLV-T10-01,2026-08-01T05:36:00.000Z,35.57871,129.06528,73,1500,1272.11,true,ok
GLV-T10,TRIP-GLV-T10-01,2026-08-01T05:38:00.000Z,35.57688,129.06427,72,1500,1274.45,true,ok
GLV-T10,TRIP-GLV-T10-01,2026-08-01T05:40:00.000Z,35.57506,129.06326,70,1500,1276.78,true,ok
GLV-T10,TRIP-GLV-T10-01,2026-08-01T05:42:00.000Z,35.57324,129.06225,69,1500,1279.12,true,ok
GLV-T10,TRIP-GLV-T10-01,2026-08-01T05:44:00.000Z,35.57141,129.06124,67,1500,1281.45,true,ok
GLV-T10,TRIP-GLV-T10-01,2026-08-01T05:46:00.000Z,35.56959,129.06023,65,1500,1283.78,true,ok
GLV-T10,TRIP-GLV-T10-01,2026-08-01T05:48:00.000Z,35.56776,129.05922,64,1500,1286.12,true,ok
GLV-T10,TRIP-GLV-T10-01,2026-08-01T05:50:00.000Z,35.56594,129.05821,63,1500,1288.45,true,ok
GLV-T10,TRIP-GLV-T10-01,2026-08-01T05:52:00.000Z,35.56411,129.05720,62,1500,1290.79,true,ok
GLV-T10,TRIP-GLV-T10-01,2026-08-01T05:54:00.000Z,35.56229,129.05619,61,1500,1293.12,true,ok
GLV-T10,TRIP-GLV-T10-01,2026-08-01T05:56:00.000Z,35.56046,129.05518,60,1500,1295.45,true,ok
GLV-T10,TRIP-GLV-T10-01,2026-08-01T05:58:00.000Z,35.55864,129.05417,60,1500,1297.79,true,ok
GLV-T10,TRIP-GLV-T10-01,2026-08-01T06:00:00.000Z,35.55681,129.05316,60,1500,1300.12,true,ok
GLV-T10,TRIP-GLV-T10-01,2026-08-01T06:02:00.000Z,35.55499,129.05215,60,1500,1302.46,true,ok
GLV-T10,TRIP-GLV-T10-01,2026-08-01T06:04:00.000Z,35.55317,129.05114,61,1500,1304.79,true,ok
GLV-T10,TRIP-GLV-T10-01,2026-08-01T06:06:00.000Z,35.55134,129.05013,62,1500,1307.13,true,ok
GLV-T10,TRIP-GLV-T10-01,2026-08-01T06:08:00.000Z,35.54952,129.04912,63,1500,1309.46,true,ok
GLV-T10,TRIP-GLV-T10-01,2026-08-01T06:10:00.000Z,35.54769,129.04811,65,1500,1311.79,true,ok
GLV-T10,TRIP-GLV-T10-01,2026-08-01T06:12:00.000Z,35.54587,129.04711,66,1500,1314.13,true,ok
GLV-T10,TRIP-GLV-T10-01,2026-08-01T06:14:00.000Z,35.54404,129.04610,68,1500,1316.46,true,ok
GLV-T10,TRIP-GLV-T10-01,2026-08-01T06:16:00.000Z,35.54222,129.04509,69,1500,1318.80,true,ok
GLV-T10,TRIP-GLV-T10-01,2026-08-01T06:18:00.000Z,35.54039,129.04408,71,1500,1321.13,true,ok
GLV-T10,TRIP-GLV-T10-01,2026-08-01T06:20:00.000Z,35.53857,129.04307,72,1500,1323.46,true,ok
GLV-T10,TRIP-GLV-T10-01,2026-08-01T06:22:00.000Z,35.53674,129.04206,74,1500,1325.80,true,ok
GLV-T10,TRIP-GLV-T10-01,2026-08-01T06:24:00.000Z,35.53492,129.04105,75,1500,1328.13,true,ok
GLV-T10,TRIP-GLV-T10-01,2026-08-01T06:26:00.000Z,35.53310,129.04004,75,1500,1330.47,true,ok
GLV-T10,TRIP-GLV-T10-01,2026-08-01T06:28:00.000Z,35.53127,129.03903,76,1500,1332.80,true,ok
GLV-T10,TRIP-GLV-T10-01,2026-08-01T06:30:00.000Z,35.52945,129.03802,76,1500,1335.14,true,ok
GLV-T10,TRIP-GLV-T10-01,2026-08-01T06:32:00.000Z,35.52762,129.03701,76,1500,1337.47,true,ok
GLV-T10,TRIP-GLV-T10-01,2026-08-01T06:34:00.000Z,35.52580,129.03600,75,1500,1339.80,true,ok
GLV-T10,TRIP-GLV-T10-01,2026-08-01T06:36:00.000Z,35.52397,129.03499,75,1500,1342.14,true,ok
GLV-T10,TRIP-GLV-T10-01,2026-08-01T06:38:00.000Z,35.52215,129.03398,73,1500,1344.47,true,ok
GLV-T10,TRIP-GLV-T10-01,2026-08-01T06:40:00.000Z,35.52032,129.03297,72,1500,1346.81,true,ok
GLV-T10,TRIP-GLV-T10-01,2026-08-01T06:42:00.000Z,35.51850,129.03196,71,1500,1349.14,true,ok
GLV-T10,TRIP-GLV-T10-01,2026-08-01T06:44:00.000Z,35.51667,129.03095,69,1500,1351.47,true,ok
GLV-T10,TRIP-GLV-T10-01,2026-08-01T06:46:00.000Z,35.51485,129.02994,68,1500,1353.81,true,ok
GLV-T10,TRIP-GLV-T10-01,2026-08-01T06:48:00.000Z,35.51302,129.02893,66,1500,1356.14,true,ok
GLV-T10,TRIP-GLV-T10-01,2026-08-01T06:50:00.000Z,35.51120,129.02792,65,1500,1358.48,true,ok
GLV-T10,TRIP-GLV-T10-01,2026-08-01T06:52:00.000Z,35.50938,129.02691,63,1500,1360.81,true,ok
GLV-T10,TRIP-GLV-T10-01,2026-08-01T06:54:00.000Z,35.50755,129.02590,62,1500,1363.14,true,ok
GLV-T10,TRIP-GLV-T10-01,2026-08-01T06:56:00.000Z,35.50573,129.02489,61,1500,1365.48,true,ok
GLV-T10,TRIP-GLV-T10-01,2026-08-01T06:58:00.000Z,35.50390,129.02388,60,1500,1367.81,true,ok
GLV-T10,TRIP-GLV-T10-01,2026-08-01T07:00:00.000Z,35.50208,129.02288,60,1500,1370.15,true,ok
GLV-T10,TRIP-GLV-T10-01,2026-08-01T07:02:00.000Z,35.50025,129.02187,60,1500,1372.48,true,ok
GLV-T10,TRIP-GLV-T10-01,2026-08-01T07:04:00.000Z,35.49843,129.02086,60,1500,1374.82,true,ok
GLV-T10,TRIP-GLV-T10-01,2026-08-01T07:06:00.000Z,35.49660,129.01985,61,1500,1377.15,true,ok
GLV-T10,TRIP-GLV-T10-01,2026-08-01T07:08:00.000Z,35.49478,129.01884,62,1500,1379.48,true,ok
GLV-T10,TRIP-GLV-T10-01,2026-08-01T07:10:00.000Z,35.49295,129.01783,63,1500,1381.82,true,ok
GLV-T10,TRIP-GLV-T10-01,2026-08-01T07:12:00.000Z,35.49113,129.01682,64,1500,1384.15,true,ok
GLV-T10,TRIP-GLV-T10-01,2026-08-01T07:14:00.000Z,35.48931,129.01581,66,1500,1386.49,true,ok
GLV-T10,TRIP-GLV-T10-01,2026-08-01T07:16:00.000Z,35.48748,129.01480,67,1500,1388.82,true,ok
GLV-T10,TRIP-GLV-T10-01,2026-08-01T07:18:00.000Z,35.48566,129.01379,69,1500,1391.15,true,ok
GLV-T10,TRIP-GLV-T10-01,2026-08-01T07:20:00.000Z,35.48383,129.01278,70,1500,1393.49,true,ok
GLV-T10,TRIP-GLV-T10-01,2026-08-01T07:22:00.000Z,35.48201,129.01177,72,1500,1395.82,true,ok
GLV-T10,TRIP-GLV-T10-01,2026-08-01T07:24:00.000Z,35.48018,129.01076,73,1500,1398.16,true,ok
GLV-T10,TRIP-GLV-T10-01,2026-08-01T07:26:00.000Z,35.47836,129.00975,74,1500,1400.49,true,ok
GLV-T10,TRIP-GLV-T10-01,2026-08-01T07:28:00.000Z,35.47653,129.00874,75,1500,1402.83,true,ok
GLV-T10,TRIP-GLV-T10-01,2026-08-01T07:30:00.000Z,35.47471,129.00773,76,1500,1405.16,true,ok
GLV-T10,TRIP-GLV-T10-01,2026-08-01T07:32:00.000Z,35.47288,129.00672,76,1500,1407.49,true,ok
GLV-T10,TRIP-GLV-T10-01,2026-08-01T07:34:00.000Z,35.47106,129.00571,76,1500,1409.83,true,ok
GLV-T10,TRIP-GLV-T10-01,2026-08-01T07:36:00.000Z,35.46924,129.00470,76,1500,1412.16,true,ok
GLV-T10,TRIP-GLV-T10-01,2026-08-01T07:38:00.000Z,35.46741,129.00369,75,1500,1414.50,true,ok
GLV-T10,TRIP-GLV-T10-01,2026-08-01T07:40:00.000Z,35.46559,129.00268,74,1500,1416.83,true,ok
GLV-T10,TRIP-GLV-T10-01,2026-08-01T07:42:00.000Z,35.46376,129.00167,73,1500,1419.16,true,ok
GLV-T10,TRIP-GLV-T10-01,2026-08-01T07:44:00.000Z,35.46194,129.00066,71,1500,1421.50,true,ok
GLV-T10,TRIP-GLV-T10-01,2026-08-01T07:46:00.000Z,35.46011,128.99965,70,1500,1423.83,true,ok
GLV-T10,TRIP-GLV-T10-01,2026-08-01T07:48:00.000Z,35.45829,128.99865,68,1500,1426.17,true,ok
GLV-T10,TRIP-GLV-T10-01,2026-08-01T07:50:00.000Z,35.45646,128.99764,67,1500,1428.50,true,ok
GLV-T10,TRIP-GLV-T10-01,2026-08-01T07:52:00.000Z,35.45464,128.99663,65,1500,1430.84,true,ok
GLV-T10,TRIP-GLV-T10-01,2026-08-01T07:54:00.000Z,35.45281,128.99562,64,1500,1433.17,true,ok
GLV-T10,TRIP-GLV-T10-01,2026-08-01T07:56:00.000Z,35.45099,128.99461,62,1500,1435.50,true,ok
GLV-T10,TRIP-GLV-T10-01,2026-08-01T07:58:00.000Z,35.44916,128.99360,61,1500,1437.84,true,ok
GLV-T10,TRIP-GLV-T10-01,2026-08-01T08:00:00.000Z,35.44734,128.99259,61,1500,1440.17,true,ok
GLV-T10,TRIP-GLV-T10-01,2026-08-01T08:02:00.000Z,35.44552,128.99158,60,1500,1442.51,true,ok
GLV-T10,TRIP-GLV-T10-01,2026-08-01T08:04:00.000Z,35.44369,128.99057,60,1500,1444.84,true,ok
GLV-T10,TRIP-GLV-T10-01,2026-08-01T08:06:00.000Z,35.44187,128.98956,60,1500,1447.17,true,ok
GLV-T10,TRIP-GLV-T10-01,2026-08-01T08:08:00.000Z,35.44004,128.98855,61,1500,1449.51,true,ok
GLV-T10,TRIP-GLV-T10-01,2026-08-01T08:10:00.000Z,35.43822,128.98754,61,1500,1451.84,true,ok
GLV-T10,TRIP-GLV-T10-01,2026-08-01T08:12:00.000Z,35.43639,128.98653,62,1500,1454.18,true,ok
GLV-T10,TRIP-GLV-T10-01,2026-08-01T08:14:00.000Z,35.43457,128.98552,64,1500,1456.51,true,ok
GLV-T10,TRIP-GLV-T10-01,2026-08-01T08:16:00.000Z,35.43274,128.98451,65,1500,1458.85,true,ok
GLV-T10,TRIP-GLV-T10-01,2026-08-01T08:18:00.000Z,35.43092,128.98350,67,1500,1461.18,true,ok
GLV-T10,TRIP-GLV-T10-01,2026-08-01T08:20:00.000Z,35.42909,128.98249,68,1500,1463.51,true,ok
GLV-T10,TRIP-GLV-T10-01,2026-08-01T08:22:00.000Z,35.42727,128.98148,70,1500,1465.85,true,ok
GLV-T10,TRIP-GLV-T10-01,2026-08-01T08:24:00.000Z,35.42545,128.98047,71,1500,1468.18,true,ok
GLV-T10,TRIP-GLV-T10-01,2026-08-01T08:26:00.000Z,35.42362,128.97946,73,1500,1470.52,true,ok
GLV-T10,TRIP-GLV-T10-01,2026-08-01T08:28:00.000Z,35.42180,128.97845,74,1500,1472.85,true,ok
GLV-T10,TRIP-GLV-T10-01,2026-08-01T08:30:00.000Z,35.41997,128.97744,75,1500,1475.18,true,ok
GLV-T10,TRIP-GLV-T10-01,2026-08-01T08:32:00.000Z,35.41815,128.97643,76,1500,1477.52,true,ok
GLV-T10,TRIP-GLV-T10-01,2026-08-01T08:34:00.000Z,35.41632,128.97542,76,1500,1479.85,true,ok
GLV-T10,TRIP-GLV-T10-01,2026-08-01T08:36:00.000Z,35.41450,128.97442,76,1500,1482.19,true,ok
GLV-T10,TRIP-GLV-T10-01,2026-08-01T08:38:00.000Z,35.41267,128.97341,76,1500,1484.52,true,ok
GLV-T10,TRIP-GLV-T10-01,2026-08-01T08:40:00.000Z,35.41085,128.97240,75,1500,1486.86,true,ok
GLV-T10,TRIP-GLV-T10-01,2026-08-01T08:42:00.000Z,35.40902,128.97139,74,1500,1489.19,true,ok
GLV-T10,TRIP-GLV-T10-01,2026-08-01T08:44:00.000Z,35.40720,128.97038,73,1500,1491.52,true,ok
GLV-T10,TRIP-GLV-T10-01,2026-08-01T08:46:00.000Z,35.40538,128.96937,72,1500,1493.86,true,ok
GLV-T10,TRIP-GLV-T10-01,2026-08-01T08:48:00.000Z,35.40355,128.96836,71,1500,1496.19,true,ok
GLV-T10,TRIP-GLV-T10-01,2026-08-01T08:50:00.000Z,35.40173,128.96735,69,1500,1498.53,true,ok
GLV-T10,TRIP-GLV-T10-01,2026-08-01T08:52:00.000Z,35.39990,128.96634,67,1500,1500.86,true,ok
GLV-T10,TRIP-GLV-T10-01,2026-08-01T08:54:00.000Z,35.39808,128.96533,66,1500,1503.19,true,ok
GLV-T10,TRIP-GLV-T10-01,2026-08-01T08:56:00.000Z,35.39625,128.96432,64,1500,1505.53,true,ok
GLV-T10,TRIP-GLV-T10-01,2026-08-01T08:58:00.000Z,35.39443,128.96331,63,1500,1507.86,true,ok
GLV-T10,TRIP-GLV-T10-01,2026-08-01T09:00:00.000Z,35.39260,128.96230,62,1500,1510.20,true,ok
GLV-T10,TRIP-GLV-T10-01,2026-08-01T09:02:00.000Z,35.39078,128.96129,61,1500,1512.53,true,ok
GLV-T10,TRIP-GLV-T10-01,2026-08-01T09:04:00.000Z,35.38895,128.96028,60,1500,1514.86,true,ok
GLV-T10,TRIP-GLV-T10-01,2026-08-01T09:06:00.000Z,35.38713,128.95927,60,1500,1517.20,true,ok
GLV-T10,TRIP-GLV-T10-01,2026-08-01T09:08:00.000Z,35.38530,128.95826,60,1500,1519.53,true,ok
GLV-T10,TRIP-GLV-T10-01,2026-08-01T09:10:00.000Z,35.38348,128.95725,60,1500,1521.87,true,ok
GLV-T10,TRIP-GLV-T10-01,2026-08-01T09:12:00.000Z,35.38166,128.95624,61,1500,1524.20,true,ok
GLV-T10,TRIP-GLV-T10-01,2026-08-01T09:14:00.000Z,35.37983,128.95523,62,1500,1526.54,true,ok
GLV-T10,TRIP-GLV-T10-01,2026-08-01T09:16:00.000Z,35.37801,128.95422,63,1500,1528.87,true,ok
GLV-T10,TRIP-GLV-T10-01,2026-08-01T09:18:00.000Z,35.37618,128.95321,64,1500,1531.20,true,ok
GLV-T10,TRIP-GLV-T10-01,2026-08-01T09:20:00.000Z,35.37436,128.95220,66,1500,1533.54,true,ok
GLV-T10,TRIP-GLV-T10-01,2026-08-01T09:22:00.000Z,35.37253,128.95119,67,1500,1535.87,true,ok
GLV-T10,TRIP-GLV-T10-01,2026-08-01T09:24:00.000Z,35.37071,128.95019,69,1500,1538.21,true,ok
GLV-T10,TRIP-GLV-T10-01,2026-08-01T09:26:00.000Z,35.36888,128.94918,71,1500,1540.54,true,ok
GLV-T10,TRIP-GLV-T10-01,2026-08-01T09:28:00.000Z,35.36706,128.94817,72,1500,1542.87,true,ok
GLV-T10,TRIP-GLV-T10-01,2026-08-01T09:30:00.000Z,35.36523,128.94716,73,1500,1545.21,true,ok
GLV-T10,TRIP-GLV-T10-01,2026-08-01T09:32:00.000Z,35.36341,128.94615,74,1500,1547.54,true,ok
GLV-T10,TRIP-GLV-T10-01,2026-08-01T09:34:00.000Z,35.36159,128.94514,75,1500,1549.88,true,ok
GLV-T10,TRIP-GLV-T10-01,2026-08-01T09:36:00.000Z,35.35976,128.94413,76,1500,1552.21,true,ok
GLV-T10,TRIP-GLV-T10-01,2026-08-01T09:38:00.000Z,35.35794,128.94312,76,1500,1554.55,true,ok
GLV-T10,TRIP-GLV-T10-01,2026-08-01T09:40:00.000Z,35.35611,128.94211,76,1500,1556.88,true,ok
GLV-T10,TRIP-GLV-T10-01,2026-08-01T09:42:00.000Z,35.35429,128.94110,75,1500,1559.21,true,ok
GLV-T10,TRIP-GLV-T10-01,2026-08-01T09:44:00.000Z,35.35246,128.94009,75,1500,1561.55,true,ok
GLV-T10,TRIP-GLV-T10-01,2026-08-01T09:46:00.000Z,35.35064,128.93908,74,1500,1563.88,true,ok
GLV-T10,TRIP-GLV-T10-01,2026-08-01T09:48:00.000Z,35.34881,128.93807,73,1500,1566.22,true,ok
GLV-T10,TRIP-GLV-T10-01,2026-08-01T09:50:00.000Z,35.34699,128.93706,71,1500,1568.55,true,ok
GLV-T10,TRIP-GLV-T10-01,2026-08-01T09:52:00.000Z,35.34516,128.93605,70,1500,1570.88,true,ok
GLV-T10,TRIP-GLV-T10-01,2026-08-01T09:54:00.000Z,35.34334,128.93504,68,1500,1573.22,true,ok
GLV-T10,TRIP-GLV-T10-01,2026-08-01T09:56:00.000Z,35.34152,128.93403,66,1500,1575.55,true,ok
GLV-T10,TRIP-GLV-T10-01,2026-08-01T09:58:00.000Z,35.33969,128.93302,65,1500,1577.89,true,ok
GLV-T10,TRIP-GLV-T10-01,2026-08-01T10:00:00.000Z,35.33787,128.93201,64,1500,1580.22,true,ok
GLV-T10,TRIP-GLV-T10-01,2026-08-01T10:02:00.000Z,35.33604,128.93100,62,1500,1582.56,true,ok
GLV-T10,TRIP-GLV-T10-01,2026-08-01T10:04:00.000Z,35.33422,128.92999,61,1500,1584.89,true,ok
GLV-T10,TRIP-GLV-T10-01,2026-08-01T10:06:00.000Z,35.33239,128.92898,61,1500,1587.22,true,ok
GLV-T10,TRIP-GLV-T10-01,2026-08-01T10:08:00.000Z,35.33057,128.92797,60,1500,1589.56,true,ok
GLV-T10,TRIP-GLV-T10-01,2026-08-01T10:10:00.000Z,35.32874,128.92696,60,1500,1591.89,true,ok
GLV-T10,TRIP-GLV-T10-01,2026-08-01T10:12:00.000Z,35.32692,128.92596,60,1500,1594.23,true,ok
GLV-T10,TRIP-GLV-T10-01,2026-08-01T10:14:00.000Z,35.32509,128.92495,61,1500,1596.56,true,ok
GLV-T10,TRIP-GLV-T10-01,2026-08-01T10:16:00.000Z,35.32327,128.92394,61,1500,1598.89,true,ok
GLV-T10,TRIP-GLV-T10-01,2026-08-01T10:18:00.000Z,35.32144,128.92293,63,1500,1601.23,true,ok
GLV-T10,TRIP-GLV-T10-01,2026-08-01T10:20:00.000Z,35.31962,128.92192,64,1500,1603.56,true,ok
GLV-T10,TRIP-GLV-T10-01,2026-08-01T10:22:00.000Z,35.31780,128.92091,65,1500,1605.90,true,ok
GLV-T10,TRIP-GLV-T10-01,2026-08-01T10:24:00.000Z,35.31597,128.91990,67,1500,1608.23,true,ok
GLV-T10,TRIP-GLV-T10-01,2026-08-01T10:26:00.000Z,35.31415,128.91889,68,1500,1610.57,true,ok
GLV-T10,TRIP-GLV-T10-01,2026-08-01T10:28:00.000Z,35.31232,128.91788,70,1500,1612.90,true,ok
GLV-T10,TRIP-GLV-T10-01,2026-08-01T10:30:00.000Z,35.31050,128.91687,71,1500,1615.23,true,ok
GLV-T10,TRIP-GLV-T10-01,2026-08-01T10:32:00.000Z,35.30867,128.91586,73,1500,1617.57,true,ok
GLV-T10,TRIP-GLV-T10-01,2026-08-01T10:34:00.000Z,35.30685,128.91485,74,1500,1619.90,true,ok
GLV-T10,TRIP-GLV-T10-01,2026-08-01T10:36:00.000Z,35.30502,128.91384,75,1500,1622.24,true,ok
GLV-T10,TRIP-GLV-T10-01,2026-08-01T10:38:00.000Z,35.30320,128.91283,76,1500,1624.57,true,ok
GLV-T10,TRIP-GLV-T10-01,2026-08-01T10:40:00.000Z,35.30137,128.91182,76,1500,1626.90,true,ok
GLV-T10,TRIP-GLV-T10-01,2026-08-01T10:42:00.000Z,35.29955,128.91081,76,1500,1629.24,true,ok
GLV-T10,TRIP-GLV-T10-01,2026-08-01T10:44:00.000Z,35.29773,128.90980,76,1500,1631.57,true,ok
GLV-T10,TRIP-GLV-T10-01,2026-08-01T10:46:00.000Z,35.29590,128.90879,75,1500,1633.91,true,ok
GLV-T10,TRIP-GLV-T10-01,2026-08-01T10:48:00.000Z,35.29408,128.90778,74,1500,1636.24,true,ok
GLV-T10,TRIP-GLV-T10-01,2026-08-01T10:50:00.000Z,35.29225,128.90677,73,1500,1638.57,true,ok
GLV-T10,TRIP-GLV-T10-01,2026-08-01T10:52:00.000Z,35.29043,128.90576,72,1500,1640.91,true,ok
GLV-T10,TRIP-GLV-T10-01,2026-08-01T10:54:00.000Z,35.28860,128.90475,70,1500,1643.24,true,ok
GLV-T10,TRIP-GLV-T10-01,2026-08-01T10:56:00.000Z,35.28678,128.90374,69,1500,1645.58,true,ok
GLV-T10,TRIP-GLV-T10-01,2026-08-01T10:58:00.000Z,35.28495,128.90273,67,1500,1647.91,true,ok
GLV-T10,TRIP-GLV-T10-01,2026-08-01T11:00:00.000Z,35.28313,128.90173,66,1500,1650.25,true,ok
GLV-T10,TRIP-GLV-T10-01,2026-08-01T11:02:00.000Z,35.28130,128.90072,64,1500,1652.58,true,ok
GLV-T10,TRIP-GLV-T10-01,2026-08-01T11:04:00.000Z,35.27948,128.89971,63,1500,1654.91,true,ok
GLV-T10,TRIP-GLV-T10-01,2026-08-01T11:06:00.000Z,35.27766,128.89870,62,1500,1657.25,true,ok
GLV-T10,TRIP-GLV-T10-01,2026-08-01T11:08:00.000Z,35.27583,128.89769,61,1500,1659.58,true,ok
GLV-T10,TRIP-GLV-T10-01,2026-08-01T11:10:00.000Z,35.27401,128.89668,60,1500,1661.92,true,ok
GLV-T10,TRIP-GLV-T10-01,2026-08-01T11:12:00.000Z,35.27218,128.89567,60,1500,1664.25,true,ok
GLV-T10,TRIP-GLV-T10-01,2026-08-01T11:14:00.000Z,35.27036,128.89466,60,1500,1666.58,true,ok
GLV-T10,TRIP-GLV-T10-01,2026-08-01T11:16:00.000Z,35.26853,128.89365,60,1500,1668.92,true,ok
GLV-T10,TRIP-GLV-T10-01,2026-08-01T11:18:00.000Z,35.26671,128.89264,61,1500,1671.25,true,ok
GLV-T10,TRIP-GLV-T10-01,2026-08-01T11:20:00.000Z,35.26488,128.89163,62,1500,1673.59,true,ok
GLV-T10,TRIP-GLV-T10-01,2026-08-01T11:22:00.000Z,35.26306,128.89062,63,1500,1675.92,true,ok
GLV-T10,TRIP-GLV-T10-01,2026-08-01T11:24:00.000Z,35.26123,128.88961,65,1500,1678.26,true,ok
GLV-T10,TRIP-GLV-T10-01,2026-08-01T11:26:00.000Z,35.25941,128.88860,66,1500,1680.59,true,ok
GLV-T10,TRIP-GLV-T10-01,2026-08-01T11:28:00.000Z,35.25759,128.88759,68,1500,1682.92,true,ok
GLV-T10,TRIP-GLV-T10-01,2026-08-01T11:30:00.000Z,35.25576,128.88658,69,1500,1685.26,true,ok
GLV-T10,TRIP-GLV-T10-01,2026-08-01T11:32:00.000Z,35.25394,128.88557,71,1500,1687.59,true,ok
GLV-T10,TRIP-GLV-T10-01,2026-08-01T11:34:00.000Z,35.25211,128.88456,72,1500,1689.93,true,ok
GLV-T10,TRIP-GLV-T10-01,2026-08-01T11:36:00.000Z,35.25029,128.88355,74,1500,1692.26,true,ok
GLV-T10,TRIP-GLV-T10-01,2026-08-01T11:38:00.000Z,35.24846,128.88254,75,1500,1694.59,true,ok
GLV-T10,TRIP-GLV-T10-01,2026-08-01T11:40:00.000Z,35.24664,128.88153,75,1500,1696.93,true,ok
GLV-T10,TRIP-GLV-T10-01,2026-08-01T11:42:00.000Z,35.24481,128.88052,76,1500,1699.26,true,ok
GLV-T10,TRIP-GLV-T10-01,2026-08-01T11:44:00.000Z,35.24299,128.87951,76,1500,1701.60,true,ok
GLV-T10,TRIP-GLV-T10-01,2026-08-01T11:46:00.000Z,35.24116,128.87850,76,1500,1703.93,true,ok
GLV-T10,TRIP-GLV-T10-01,2026-08-01T11:48:00.000Z,35.23934,128.87750,75,1500,1706.27,true,ok
GLV-T10,TRIP-GLV-T10-01,2026-08-01T11:50:00.000Z,35.23751,128.87649,75,1500,1708.60,true,ok
GLV-T10,TRIP-GLV-T10-01,2026-08-01T11:52:00.000Z,35.23569,128.87548,74,1500,1710.93,true,ok
GLV-T10,TRIP-GLV-T10-01,2026-08-01T11:54:00.000Z,35.23387,128.87447,72,1500,1713.27,true,ok
GLV-T10,TRIP-GLV-T10-01,2026-08-01T11:56:00.000Z,35.23204,128.87346,71,1500,1715.60,true,ok
GLV-T10,TRIP-GLV-T10-01,2026-08-01T11:58:00.000Z,35.23022,128.87245,69,1500,1717.94,true,ok
GLV-T10,TRIP-GLV-T10-01,2026-08-01T12:00:00.000Z,35.22839,128.87144,68,1500,1720.27,true,ok
GLV-T10,TRIP-GLV-T10-01,2026-08-01T12:02:00.000Z,35.22657,128.87043,66,1500,1722.60,true,ok
GLV-T10,TRIP-GLV-T10-01,2026-08-01T12:04:00.000Z,35.22474,128.86942,65,1500,1724.94,true,ok
GLV-T10,TRIP-GLV-T10-01,2026-08-01T12:06:00.000Z,35.22292,128.86841,63,1500,1727.27,true,ok
GLV-T10,TRIP-GLV-T10-01,2026-08-01T12:08:00.000Z,35.22109,128.86740,62,1500,1729.61,true,ok
GLV-T10,TRIP-GLV-T10-01,2026-08-01T12:10:00.000Z,35.21927,128.86639,61,1500,1731.94,true,ok
GLV-T10,TRIP-GLV-T10-01,2026-08-01T12:12:00.000Z,35.21744,128.86538,60,1500,1734.28,true,ok
GLV-T10,TRIP-GLV-T10-01,2026-08-01T12:14:00.000Z,35.21562,128.86437,60,1500,1736.61,true,ok
GLV-T10,TRIP-GLV-T10-01,2026-08-01T12:16:00.000Z,35.21380,128.86336,60,1500,1738.94,true,ok
GLV-T10,TRIP-GLV-T10-01,2026-08-01T12:18:00.000Z,35.21197,128.86235,60,1500,1741.28,true,ok
GLV-T10,TRIP-GLV-T10-01,2026-08-01T12:20:00.000Z,35.21015,128.86134,61,1500,1743.61,true,ok
GLV-T10,TRIP-GLV-T10-01,2026-08-01T12:22:00.000Z,35.20832,128.86033,62,1500,1745.95,true,ok
GLV-T10,TRIP-GLV-T10-01,2026-08-01T12:24:00.000Z,35.20650,128.85932,63,1500,1748.28,true,ok
GLV-T10,TRIP-GLV-T10-01,2026-08-01T12:26:00.000Z,35.20467,128.85831,64,1500,1750.61,true,ok
GLV-T10,TRIP-GLV-T10-01,2026-08-01T12:28:00.000Z,35.20285,128.85730,66,1500,1752.95,true,ok
GLV-T10,TRIP-GLV-T10-01,2026-08-01T12:30:00.000Z,35.20102,128.85629,67,1500,1755.28,true,ok
GLV-T10,TRIP-GLV-T10-01,2026-08-01T12:32:00.000Z,35.19920,128.85528,69,1500,1757.62,true,ok
GLV-T10,TRIP-GLV-T10-01,2026-08-01T12:34:00.000Z,35.19737,128.85427,70,1500,1759.95,true,ok
GLV-T10,TRIP-GLV-T10-01,2026-08-01T12:36:00.000Z,35.19555,128.85327,72,1500,1762.29,true,ok
GLV-T10,TRIP-GLV-T10-01,2026-08-01T12:38:00.000Z,35.19373,128.85226,73,1500,1764.62,true,ok
GLV-T10,TRIP-GLV-T10-01,2026-08-01T12:40:00.000Z,35.19190,128.85125,74,1500,1766.95,true,ok
GLV-T10,TRIP-GLV-T10-01,2026-08-01T12:42:00.000Z,35.19008,128.85024,75,1500,1769.29,true,ok
GLV-T10,TRIP-GLV-T10-01,2026-08-01T12:44:00.000Z,35.18825,128.84923,76,1500,1771.62,true,ok
GLV-T10,TRIP-GLV-T10-01,2026-08-01T12:46:00.000Z,35.18643,128.84822,76,1500,1773.96,true,ok
GLV-T10,TRIP-GLV-T10-01,2026-08-01T12:48:00.000Z,35.18460,128.84721,76,1500,1776.29,true,ok
GLV-T10,TRIP-GLV-T10-01,2026-08-01T12:50:00.000Z,35.18278,128.84620,76,1500,1778.62,true,ok
GLV-T10,TRIP-GLV-T10-01,2026-08-01T12:52:00.000Z,35.18095,128.84519,75,1500,1780.96,true,ok
GLV-T10,TRIP-GLV-T10-01,2026-08-01T12:54:00.000Z,35.17913,128.84418,74,1500,1783.29,true,ok
GLV-T10,TRIP-GLV-T10-01,2026-08-01T12:56:00.000Z,35.17730,128.84317,73,1500,1785.63,true,ok
GLV-T10,TRIP-GLV-T10-01,2026-08-01T12:58:00.000Z,35.17548,128.84216,72,1500,1787.96,true,ok
GLV-T10,TRIP-GLV-T10-01,2026-08-01T13:00:00.000Z,35.17365,128.84115,70,1500,1790.29,true,ok
GLV-T10,TRIP-GLV-T10-01,2026-08-01T13:02:00.000Z,35.17183,128.84014,68,1500,1792.63,true,ok
GLV-T10,TRIP-GLV-T10-01,2026-08-01T13:04:00.000Z,35.17001,128.83913,67,1500,1794.96,true,ok
GLV-T10,TRIP-GLV-T10-01,2026-08-01T13:06:00.000Z,35.16818,128.83812,65,1500,1797.30,true,ok
GLV-T10,TRIP-GLV-T10-01,2026-08-01T13:08:00.000Z,35.16636,128.83711,64,1500,1799.63,true,ok
GLV-T10,TRIP-GLV-T10-01,2026-08-01T13:10:00.000Z,35.16453,128.83610,63,1500,1801.97,true,ok
GLV-T10,TRIP-GLV-T10-01,2026-08-01T13:12:00.000Z,35.16271,128.83509,62,1500,1804.30,true,ok
GLV-T10,TRIP-GLV-T10-01,2026-08-01T13:14:00.000Z,35.16088,128.83408,61,1500,1806.63,true,ok
GLV-T10,TRIP-GLV-T10-01,2026-08-01T13:16:00.000Z,35.15906,128.83307,60,1500,1808.97,true,ok
GLV-T10,TRIP-GLV-T10-01,2026-08-01T13:18:00.000Z,35.15723,128.83206,60,1500,1811.30,true,ok
GLV-T10,TRIP-GLV-T10-01,2026-08-01T13:20:00.000Z,35.15541,128.83105,60,1500,1813.64,true,ok
GLV-T10,TRIP-GLV-T10-01,2026-08-01T13:22:00.000Z,35.15358,128.83004,61,1500,1815.97,true,ok
GLV-T10,TRIP-GLV-T10-01,2026-08-01T13:24:00.000Z,35.15176,128.82904,61,1500,1818.30,true,ok
GLV-T10,TRIP-GLV-T10-01,2026-08-01T13:26:00.000Z,35.14994,128.82803,62,1500,1820.64,true,ok
GLV-T10,TRIP-GLV-T10-01,2026-08-01T13:28:00.000Z,35.14811,128.82702,63,1500,1822.97,true,ok
GLV-T10,TRIP-GLV-T10-01,2026-08-01T13:30:00.000Z,35.14629,128.82601,65,1500,1825.31,true,ok
GLV-T10,TRIP-GLV-T10-01,2026-08-01T13:32:00.000Z,35.14446,128.82500,66,1500,1827.64,true,ok
GLV-T10,TRIP-GLV-T10-01,2026-08-01T13:34:00.000Z,35.14264,128.82399,68,1500,1829.98,true,ok
GLV-T10,TRIP-GLV-T10-01,2026-08-01T13:36:00.000Z,35.14081,128.82298,70,1500,1832.31,true,ok
GLV-T10,TRIP-GLV-T10-01,2026-08-01T13:38:00.000Z,35.13899,128.82197,71,1500,1834.64,true,ok
GLV-T10,TRIP-GLV-T10-01,2026-08-01T13:40:00.000Z,35.13716,128.82096,73,1500,1836.98,true,ok
GLV-T10,TRIP-GLV-T10-01,2026-08-01T13:42:00.000Z,35.13534,128.81995,74,1500,1839.31,true,ok
GLV-T10,TRIP-GLV-T10-01,2026-08-01T13:44:00.000Z,35.13351,128.81894,75,1500,1841.65,true,ok
GLV-T10,TRIP-GLV-T10-01,2026-08-01T13:46:00.000Z,35.13169,128.81793,75,1500,1843.98,true,ok
GLV-T10,TRIP-GLV-T10-01,2026-08-01T13:48:00.000Z,35.12987,128.81692,76,1500,1846.31,true,ok
GLV-T10,TRIP-GLV-T10-01,2026-08-01T13:50:00.000Z,35.12804,128.81591,76,1500,1848.65,true,ok
GLV-T10,TRIP-GLV-T10-01,2026-08-01T13:52:00.000Z,35.12622,128.81490,76,1500,1850.98,true,ok
GLV-T10,TRIP-GLV-T10-01,2026-08-01T13:54:00.000Z,35.12439,128.81389,75,1500,1853.32,true,ok
GLV-T10,TRIP-GLV-T10-01,2026-08-01T13:56:00.000Z,35.12257,128.81288,74,1500,1855.65,true,ok
GLV-T10,TRIP-GLV-T10-01,2026-08-01T13:58:00.000Z,35.12074,128.81187,73,1500,1857.99,true,ok
GLV-T10,TRIP-GLV-T10-01,2026-08-01T14:00:00.000Z,35.11892,128.81086,72,1500,1860.32,true,ok
GLV-T10,TRIP-GLV-T10-01,2026-08-01T14:02:00.000Z,35.11709,128.80985,71,1500,1862.65,true,ok
GLV-T10,TRIP-GLV-T10-01,2026-08-01T14:04:00.000Z,35.11527,128.80884,69,1500,1864.99,true,ok
GLV-T10,TRIP-GLV-T10-01,2026-08-01T14:06:00.000Z,35.11344,128.80783,68,1500,1867.32,true,ok
GLV-T10,TRIP-GLV-T10-01,2026-08-01T14:08:00.000Z,35.11162,128.80682,66,1500,1869.66,true,ok
GLV-T10,TRIP-GLV-T10-01,2026-08-01T14:10:00.000Z,35.10979,128.80581,64,1500,1871.99,true,ok
GLV-T10,TRIP-GLV-T10-01,2026-08-01T14:12:00.000Z,35.10797,128.80481,63,1500,1874.32,true,ok
GLV-T10,TRIP-GLV-T10-01,2026-08-01T14:14:00.000Z,35.10615,128.80380,62,1500,1876.66,true,ok
GLV-T10,TRIP-GLV-T10-01,2026-08-01T14:16:00.000Z,35.10432,128.80279,61,1500,1878.99,true,ok
GLV-T10,TRIP-GLV-T10-01,2026-08-01T14:18:00.000Z,35.10250,128.80178,60,1500,1881.33,true,ok
GLV-T10,TRIP-GLV-T10-01,2026-08-01T14:20:00.000Z,35.10067,128.80077,60,1500,1883.66,true,ok
GLV-T10,TRIP-GLV-T10-01,2026-08-01T14:22:00.000Z,35.09885,128.79976,60,1500,1886.00,true,ok
GLV-T10,TRIP-GLV-T10-01,2026-08-01T14:24:00.000Z,35.09702,128.79875,60,1500,1888.33,true,ok
GLV-T10,TRIP-GLV-T10-01,2026-08-01T14:26:00.000Z,35.09520,128.79774,61,1500,1890.66,true,ok
GLV-T10,TRIP-GLV-T10-01,2026-08-01T14:28:00.000Z,35.09337,128.79673,62,1500,1893.00,true,ok
GLV-T10,TRIP-GLV-T10-01,2026-08-01T14:30:00.000Z,35.09155,128.79572,63,1500,1895.33,true,ok
GLV-T10,TRIP-GLV-T10-01,2026-08-01T14:32:00.000Z,35.08972,128.79471,64,1500,1897.67,true,ok
GLV-T10,TRIP-GLV-T10-01,2026-08-01T14:34:00.000Z,35.08790,128.79370,66,1500,1900.00,true,ok
GLV-T11,TRIP-GLV-T11-01,2026-07-31T21:00:00.000Z,35.08790,128.79370,68,1500,0.00,false,ok
GLV-T11,TRIP-GLV-T11-01,2026-07-31T21:02:00.000Z,35.08923,128.79444,70,1500,2.33,false,ok
GLV-T11,TRIP-GLV-T11-01,2026-07-31T21:04:00.000Z,35.09057,128.79518,71,1500,4.67,false,ok
GLV-T11,TRIP-GLV-T11-01,2026-07-31T21:06:00.000Z,35.09190,128.79591,73,1500,7.00,false,ok
GLV-T11,TRIP-GLV-T11-01,2026-07-31T21:08:00.000Z,35.09323,128.79665,74,1500,9.34,false,ok
GLV-T11,TRIP-GLV-T11-01,2026-07-31T21:10:00.000Z,35.09457,128.79739,75,1500,11.67,false,ok
GLV-T11,TRIP-GLV-T11-01,2026-07-31T21:12:00.000Z,35.09590,128.79813,75,1500,14.00,false,ok
GLV-T11,TRIP-GLV-T11-01,2026-07-31T21:14:00.000Z,35.09723,128.79886,76,1500,16.34,false,ok
GLV-T11,TRIP-GLV-T11-01,2026-07-31T21:16:00.000Z,35.09857,128.79960,76,1500,18.67,false,ok
GLV-T11,TRIP-GLV-T11-01,2026-07-31T21:18:00.000Z,35.09990,128.80034,76,1500,21.01,false,ok
GLV-T11,TRIP-GLV-T11-01,2026-07-31T21:20:00.000Z,35.10123,128.80108,75,1500,23.34,false,ok
GLV-T11,TRIP-GLV-T11-01,2026-07-31T21:22:00.000Z,35.10257,128.80181,74,1500,25.67,false,ok
GLV-T11,TRIP-GLV-T11-01,2026-07-31T21:24:00.000Z,35.10390,128.80255,73,1500,28.01,false,ok
GLV-T11,TRIP-GLV-T11-01,2026-07-31T21:26:00.000Z,35.10523,128.80329,72,1500,30.34,false,ok
GLV-T11,TRIP-GLV-T11-01,2026-07-31T21:28:00.000Z,35.10656,128.80403,71,1500,32.68,false,ok
GLV-T11,TRIP-GLV-T11-01,2026-07-31T21:30:00.000Z,35.10790,128.80477,69,1500,35.01,false,ok
GLV-T11,TRIP-GLV-T11-01,2026-07-31T21:32:00.000Z,35.10923,128.80550,68,1500,37.34,false,ok
GLV-T11,TRIP-GLV-T11-01,2026-07-31T21:34:00.000Z,35.11056,128.80624,66,1500,39.68,false,ok
GLV-T11,TRIP-GLV-T11-01,2026-07-31T21:36:00.000Z,35.11190,128.80698,64,1500,42.01,false,ok
GLV-T11,TRIP-GLV-T11-01,2026-07-31T21:38:00.000Z,35.11323,128.80772,63,1500,44.34,false,ok
GLV-T11,TRIP-GLV-T11-01,2026-07-31T21:40:00.000Z,35.11456,128.80845,62,1500,46.68,false,ok
GLV-T11,TRIP-GLV-T11-01,2026-07-31T21:42:00.000Z,35.11590,128.80919,61,1500,49.01,false,ok
GLV-T11,TRIP-GLV-T11-01,2026-07-31T21:44:00.000Z,35.11723,128.80993,60,1500,51.35,false,ok
GLV-T11,TRIP-GLV-T11-01,2026-07-31T21:46:00.000Z,35.11856,128.81067,60,1500,53.68,false,ok
GLV-T11,TRIP-GLV-T11-01,2026-07-31T21:48:00.000Z,35.11990,128.81140,60,1500,56.01,false,ok
GLV-T11,TRIP-GLV-T11-01,2026-07-31T21:50:00.000Z,35.12123,128.81214,60,1500,58.35,false,ok
GLV-T11,TRIP-GLV-T11-01,2026-07-31T21:52:00.000Z,35.12256,128.81288,61,1500,60.68,false,ok
GLV-T11,TRIP-GLV-T11-01,2026-07-31T21:54:00.000Z,35.12390,128.81362,62,1500,63.02,false,ok
GLV-T11,TRIP-GLV-T11-01,2026-07-31T21:56:00.000Z,35.12523,128.81436,63,1500,65.35,false,ok
GLV-T11,TRIP-GLV-T11-01,2026-07-31T21:58:00.000Z,35.12656,128.81509,64,1500,67.68,false,ok
GLV-T11,TRIP-GLV-T11-01,2026-07-31T22:00:00.000Z,35.12790,128.81583,66,1500,70.02,false,ok
GLV-T11,TRIP-GLV-T11-01,2026-07-31T22:02:00.000Z,35.12923,128.81657,67,1500,72.35,false,ok
GLV-T11,TRIP-GLV-T11-01,2026-07-31T22:04:00.000Z,35.13056,128.81731,69,1500,74.69,false,ok
GLV-T11,TRIP-GLV-T11-01,2026-07-31T22:06:00.000Z,35.13190,128.81804,70,1500,77.02,false,ok
GLV-T11,TRIP-GLV-T11-01,2026-07-31T22:08:00.000Z,35.13323,128.81878,72,1500,79.35,false,ok
GLV-T11,TRIP-GLV-T11-01,2026-07-31T22:10:00.000Z,35.13456,128.81952,73,1500,81.69,false,ok
GLV-T11,TRIP-GLV-T11-01,2026-07-31T22:12:00.000Z,35.13590,128.82026,74,1500,84.02,false,ok
GLV-T11,TRIP-GLV-T11-01,2026-07-31T22:14:00.000Z,35.13723,128.82099,75,1500,86.36,false,ok
GLV-T11,TRIP-GLV-T11-01,2026-07-31T22:16:00.000Z,35.13856,128.82173,76,1500,88.69,false,ok
GLV-T11,TRIP-GLV-T11-01,2026-07-31T22:18:00.000Z,35.13990,128.82247,76,1500,91.02,false,ok
GLV-T11,TRIP-GLV-T11-01,2026-07-31T22:20:00.000Z,35.14123,128.82321,76,1500,93.36,false,ok
GLV-T11,TRIP-GLV-T11-01,2026-07-31T22:22:00.000Z,35.14256,128.82395,76,1500,95.69,false,ok
GLV-T11,TRIP-GLV-T11-01,2026-07-31T22:24:00.000Z,35.14389,128.82468,75,1500,98.03,false,ok
GLV-T11,TRIP-GLV-T11-01,2026-07-31T22:26:00.000Z,35.14523,128.82542,74,1500,100.36,false,ok
GLV-T11,TRIP-GLV-T11-01,2026-07-31T22:28:00.000Z,35.14656,128.82616,73,1500,102.69,false,ok
GLV-T11,TRIP-GLV-T11-01,2026-07-31T22:30:00.000Z,35.14789,128.82690,71,1500,105.03,false,ok
GLV-T11,TRIP-GLV-T11-01,2026-07-31T22:32:00.000Z,35.14923,128.82763,70,1500,107.36,false,ok
GLV-T11,TRIP-GLV-T11-01,2026-07-31T22:34:00.000Z,35.15056,128.82837,68,1500,109.69,false,ok
GLV-T11,TRIP-GLV-T11-01,2026-07-31T22:36:00.000Z,35.15189,128.82911,67,1500,112.03,false,ok
GLV-T11,TRIP-GLV-T11-01,2026-07-31T22:38:00.000Z,35.15323,128.82985,65,1500,114.36,false,ok
GLV-T11,TRIP-GLV-T11-01,2026-07-31T22:40:00.000Z,35.15456,128.83059,64,1500,116.70,false,ok
GLV-T11,TRIP-GLV-T11-01,2026-07-31T22:42:00.000Z,35.15589,128.83132,62,1500,119.03,false,ok
GLV-T11,TRIP-GLV-T11-01,2026-07-31T22:44:00.000Z,35.15723,128.83206,61,1500,121.36,false,ok
GLV-T11,TRIP-GLV-T11-01,2026-07-31T22:46:00.000Z,35.15856,128.83280,61,1500,123.70,false,ok
GLV-T11,TRIP-GLV-T11-01,2026-07-31T22:48:00.000Z,35.15989,128.83354,60,1500,126.03,false,ok
GLV-T11,TRIP-GLV-T11-01,2026-07-31T22:50:00.000Z,35.16123,128.83427,60,1500,128.37,false,ok
GLV-T11,TRIP-GLV-T11-01,2026-07-31T22:52:00.000Z,35.16256,128.83501,60,1500,130.70,false,ok
GLV-T11,TRIP-GLV-T11-01,2026-07-31T22:54:00.000Z,35.16389,128.83575,61,1500,133.03,false,ok
GLV-T11,TRIP-GLV-T11-01,2026-07-31T22:56:00.000Z,35.16523,128.83649,61,1500,135.37,false,ok
GLV-T11,TRIP-GLV-T11-01,2026-07-31T22:58:00.000Z,35.16656,128.83722,62,1500,137.70,false,ok
GLV-T11,TRIP-GLV-T11-01,2026-07-31T23:00:00.000Z,35.16789,128.83796,64,1500,140.04,false,ok
GLV-T11,TRIP-GLV-T11-01,2026-07-31T23:02:00.000Z,35.16923,128.83870,65,1500,142.37,false,ok
GLV-T11,TRIP-GLV-T11-01,2026-07-31T23:04:00.000Z,35.17056,128.83944,67,1500,144.70,false,ok
GLV-T11,TRIP-GLV-T11-01,2026-07-31T23:06:00.000Z,35.17189,128.84018,68,1500,147.04,false,ok
GLV-T11,TRIP-GLV-T11-01,2026-07-31T23:08:00.000Z,35.17323,128.84091,70,1500,149.37,false,ok
GLV-T11,TRIP-GLV-T11-01,2026-07-31T23:10:00.000Z,35.17456,128.84165,71,1500,151.71,false,ok
GLV-T11,TRIP-GLV-T11-01,2026-07-31T23:12:00.000Z,35.17589,128.84239,73,1500,154.04,false,ok
GLV-T11,TRIP-GLV-T11-01,2026-07-31T23:14:00.000Z,35.17723,128.84313,74,1500,156.37,false,ok
GLV-T11,TRIP-GLV-T11-01,2026-07-31T23:16:00.000Z,35.17856,128.84386,75,1500,158.71,false,ok
GLV-T11,TRIP-GLV-T11-01,2026-07-31T23:18:00.000Z,35.17989,128.84460,76,1500,161.04,false,ok
GLV-T11,TRIP-GLV-T11-01,2026-07-31T23:20:00.000Z,35.18122,128.84534,76,1500,163.38,false,ok
GLV-T11,TRIP-GLV-T11-01,2026-07-31T23:22:00.000Z,35.18256,128.84608,76,1500,165.71,false,ok
GLV-T11,TRIP-GLV-T11-01,2026-07-31T23:24:00.000Z,35.18389,128.84681,76,1500,168.04,false,ok
GLV-T11,TRIP-GLV-T11-01,2026-07-31T23:26:00.000Z,35.18522,128.84755,75,1500,170.38,false,ok
GLV-T11,TRIP-GLV-T11-01,2026-07-31T23:28:00.000Z,35.18656,128.84829,74,1500,172.71,false,ok
GLV-T11,TRIP-GLV-T11-01,2026-07-31T23:30:00.000Z,35.18789,128.84903,73,1500,175.04,false,ok
GLV-T11,TRIP-GLV-T11-01,2026-07-31T23:32:00.000Z,35.18922,128.84977,72,1500,177.38,false,ok
GLV-T11,TRIP-GLV-T11-01,2026-07-31T23:34:00.000Z,35.19056,128.85050,70,1500,179.71,false,ok
GLV-T11,TRIP-GLV-T11-01,2026-07-31T23:36:00.000Z,35.19189,128.85124,69,1500,182.05,false,ok
GLV-T11,TRIP-GLV-T11-01,2026-07-31T23:38:00.000Z,35.19322,128.85198,67,1500,184.38,false,ok
GLV-T11,TRIP-GLV-T11-01,2026-07-31T23:40:00.000Z,35.19456,128.85272,66,1500,186.71,false,ok
GLV-T11,TRIP-GLV-T11-01,2026-07-31T23:42:00.000Z,35.19589,128.85345,64,1500,189.05,false,ok
GLV-T11,TRIP-GLV-T11-01,2026-07-31T23:44:00.000Z,35.19722,128.85419,63,1500,191.38,false,ok
GLV-T11,TRIP-GLV-T11-01,2026-07-31T23:46:00.000Z,35.19856,128.85493,62,1500,193.72,false,ok
GLV-T11,TRIP-GLV-T11-01,2026-07-31T23:48:00.000Z,35.19989,128.85567,61,1500,196.05,false,ok
GLV-T11,TRIP-GLV-T11-01,2026-07-31T23:50:00.000Z,35.20122,128.85640,60,1500,198.38,false,ok
GLV-T11,TRIP-GLV-T11-01,2026-07-31T23:52:00.000Z,35.20256,128.85714,60,1500,200.72,false,ok
GLV-T11,TRIP-GLV-T11-01,2026-07-31T23:54:00.000Z,35.20389,128.85788,60,1500,203.05,false,ok
GLV-T11,TRIP-GLV-T11-01,2026-07-31T23:56:00.000Z,35.20522,128.85862,60,1500,205.39,false,ok
GLV-T11,TRIP-GLV-T11-01,2026-07-31T23:58:00.000Z,35.20656,128.85936,61,1500,207.72,false,ok
GLV-T11,TRIP-GLV-T11-01,2026-08-01T00:00:00.000Z,35.20789,128.86009,62,1500,210.05,false,ok
GLV-T11,TRIP-GLV-T11-01,2026-08-01T00:02:00.000Z,35.20922,128.86083,63,1500,212.39,false,ok
GLV-T11,TRIP-GLV-T11-01,2026-08-01T00:04:00.000Z,35.21056,128.86157,65,1500,214.72,false,ok
GLV-T11,TRIP-GLV-T11-01,2026-08-01T00:06:00.000Z,35.21189,128.86231,66,1500,217.06,false,ok
GLV-T11,TRIP-GLV-T11-01,2026-08-01T00:08:00.000Z,35.21322,128.86304,68,1500,219.39,false,ok
GLV-T11,TRIP-GLV-T11-01,2026-08-01T00:10:00.000Z,35.21456,128.86378,69,1500,221.72,false,ok
GLV-T11,TRIP-GLV-T11-01,2026-08-01T00:12:00.000Z,35.21589,128.86452,71,1500,224.06,false,ok
GLV-T11,TRIP-GLV-T11-01,2026-08-01T00:14:00.000Z,35.21722,128.86526,72,1500,226.39,false,ok
GLV-T11,TRIP-GLV-T11-01,2026-08-01T00:16:00.000Z,35.21855,128.86599,73,1500,228.73,false,ok
GLV-T11,TRIP-GLV-T11-01,2026-08-01T00:18:00.000Z,35.21989,128.86673,75,1500,231.06,false,ok
GLV-T11,TRIP-GLV-T11-01,2026-08-01T00:20:00.000Z,35.22122,128.86747,75,1500,233.39,false,ok
GLV-T11,TRIP-GLV-T11-01,2026-08-01T00:22:00.000Z,35.22255,128.86821,76,1500,235.73,false,ok
GLV-T11,TRIP-GLV-T11-01,2026-08-01T00:24:00.000Z,35.22389,128.86895,76,1500,238.06,false,ok
GLV-T11,TRIP-GLV-T11-01,2026-08-01T00:26:00.000Z,35.22522,128.86968,76,1500,240.39,false,ok
GLV-T11,TRIP-GLV-T11-01,2026-08-01T00:28:00.000Z,35.22655,128.87042,75,1500,242.73,false,ok
GLV-T11,TRIP-GLV-T11-01,2026-08-01T00:30:00.000Z,35.22789,128.87116,75,1500,245.06,false,ok
GLV-T11,TRIP-GLV-T11-01,2026-08-01T00:32:00.000Z,35.22922,128.87190,74,1500,247.40,false,ok
GLV-T11,TRIP-GLV-T11-01,2026-08-01T00:34:00.000Z,35.23055,128.87263,72,1500,249.73,false,ok
GLV-T11,TRIP-GLV-T11-01,2026-08-01T00:36:00.000Z,35.23189,128.87337,71,1500,252.06,false,ok
GLV-T11,TRIP-GLV-T11-01,2026-08-01T00:38:00.000Z,35.23322,128.87411,70,1500,254.40,false,ok
GLV-T11,TRIP-GLV-T11-01,2026-08-01T00:40:00.000Z,35.23455,128.87485,68,1500,256.73,false,ok
GLV-T11,TRIP-GLV-T11-01,2026-08-01T00:42:00.000Z,35.23589,128.87558,66,1500,259.07,false,ok
GLV-T11,TRIP-GLV-T11-01,2026-08-01T00:44:00.000Z,35.23722,128.87632,65,1500,261.40,false,ok
GLV-T11,TRIP-GLV-T11-01,2026-08-01T00:46:00.000Z,35.23855,128.87706,63,1500,263.73,false,ok
GLV-T11,TRIP-GLV-T11-01,2026-08-01T00:48:00.000Z,35.23989,128.87780,62,1500,266.07,false,ok
GLV-T11,TRIP-GLV-T11-01,2026-08-01T00:50:00.000Z,35.24122,128.87854,61,1500,268.40,false,ok
GLV-T11,TRIP-GLV-T11-01,2026-08-01T00:52:00.000Z,35.24255,128.87927,61,1500,270.74,false,ok
GLV-T11,TRIP-GLV-T11-01,2026-08-01T00:54:00.000Z,35.24389,128.88001,60,1500,273.07,false,ok
GLV-T11,TRIP-GLV-T11-01,2026-08-01T00:56:00.000Z,35.24522,128.88075,60,1500,275.40,false,ok
GLV-T11,TRIP-GLV-T11-01,2026-08-01T00:58:00.000Z,35.24655,128.88149,60,1500,277.74,false,ok
GLV-T11,TRIP-GLV-T11-01,2026-08-01T01:00:00.000Z,35.24789,128.88222,61,1500,280.07,false,ok
GLV-T11,TRIP-GLV-T11-01,2026-08-01T01:02:00.000Z,35.24922,128.88296,62,1500,282.41,false,ok
GLV-T11,TRIP-GLV-T11-01,2026-08-01T01:04:00.000Z,35.25055,128.88370,63,1500,284.74,false,ok
GLV-T11,TRIP-GLV-T11-01,2026-08-01T01:06:00.000Z,35.25189,128.88444,64,1500,287.07,false,ok
GLV-T11,TRIP-GLV-T11-01,2026-08-01T01:08:00.000Z,35.25322,128.88518,65,1500,289.41,false,ok
GLV-T11,TRIP-GLV-T11-01,2026-08-01T01:10:00.000Z,35.25455,128.88591,67,1500,291.74,false,ok
GLV-T11,TRIP-GLV-T11-01,2026-08-01T01:12:00.000Z,35.25588,128.88665,69,1500,294.08,false,ok
GLV-T11,TRIP-GLV-T11-01,2026-08-01T01:14:00.000Z,35.25722,128.88739,70,1500,296.41,false,ok
GLV-T11,TRIP-GLV-T11-01,2026-08-01T01:16:00.000Z,35.25855,128.88813,72,1500,298.74,false,ok
GLV-T11,TRIP-GLV-T11-01,2026-08-01T01:18:00.000Z,35.25988,128.88886,73,1500,301.08,false,ok
GLV-T11,TRIP-GLV-T11-01,2026-08-01T01:20:00.000Z,35.26122,128.88960,74,1500,303.41,false,ok
GLV-T11,TRIP-GLV-T11-01,2026-08-01T01:22:00.000Z,35.26255,128.89034,75,1500,305.75,false,ok
GLV-T11,TRIP-GLV-T11-01,2026-08-01T01:24:00.000Z,35.26388,128.89108,76,1500,308.08,false,ok
GLV-T11,TRIP-GLV-T11-01,2026-08-01T01:26:00.000Z,35.26522,128.89181,76,1500,310.41,false,ok
GLV-T11,TRIP-GLV-T11-01,2026-08-01T01:28:00.000Z,35.26655,128.89255,76,1500,312.75,false,ok
GLV-T11,TRIP-GLV-T11-01,2026-08-01T01:30:00.000Z,35.26788,128.89329,76,1500,315.08,false,ok
GLV-T11,TRIP-GLV-T11-01,2026-08-01T01:32:00.000Z,35.26922,128.89403,75,1500,317.41,false,ok
GLV-T11,TRIP-GLV-T11-01,2026-08-01T01:34:00.000Z,35.27055,128.89477,74,1500,319.75,false,ok
GLV-T11,TRIP-GLV-T11-01,2026-08-01T01:36:00.000Z,35.27188,128.89550,73,1500,322.08,false,ok
GLV-T11,TRIP-GLV-T11-01,2026-08-01T01:38:00.000Z,35.27322,128.89624,72,1500,324.42,false,ok
GLV-T11,TRIP-GLV-T11-01,2026-08-01T01:40:00.000Z,35.27455,128.89698,70,1500,326.75,false,ok
GLV-T11,TRIP-GLV-T11-01,2026-08-01T01:42:00.000Z,35.27588,128.89772,69,1500,329.08,false,ok
GLV-T11,TRIP-GLV-T11-01,2026-08-01T01:44:00.000Z,35.27722,128.89845,67,1500,331.42,false,ok
GLV-T11,TRIP-GLV-T11-01,2026-08-01T01:46:00.000Z,35.27855,128.89919,65,1500,333.75,false,ok
GLV-T11,TRIP-GLV-T11-01,2026-08-01T01:48:00.000Z,35.27988,128.89993,64,1500,336.09,false,ok
GLV-T11,TRIP-GLV-T11-01,2026-08-01T01:50:00.000Z,35.28122,128.90067,63,1500,338.42,false,ok
GLV-T11,TRIP-GLV-T11-01,2026-08-01T01:52:00.000Z,35.28255,128.90140,62,1500,340.75,false,ok
GLV-T11,TRIP-GLV-T11-01,2026-08-01T01:54:00.000Z,35.28388,128.90214,61,1500,343.09,false,ok
GLV-T11,TRIP-GLV-T11-01,2026-08-01T01:56:00.000Z,35.28522,128.90288,60,1500,345.42,false,ok
GLV-T11,TRIP-GLV-T11-01,2026-08-01T01:58:00.000Z,35.28655,128.90362,60,1500,347.76,false,ok
GLV-T11,TRIP-GLV-T11-01,2026-08-01T02:00:00.000Z,35.28788,128.90436,60,1500,350.09,false,ok
GLV-T11,TRIP-GLV-T11-01,2026-08-01T02:02:00.000Z,35.28922,128.90509,60,1500,352.42,false,ok
GLV-T11,TRIP-GLV-T11-01,2026-08-01T02:04:00.000Z,35.29055,128.90583,61,1500,354.76,false,ok
GLV-T11,TRIP-GLV-T11-01,2026-08-01T02:06:00.000Z,35.29188,128.90657,62,1500,357.09,false,ok
GLV-T11,TRIP-GLV-T11-01,2026-08-01T02:08:00.000Z,35.29321,128.90731,63,1500,359.43,false,ok
GLV-T11,TRIP-GLV-T11-01,2026-08-01T02:10:00.000Z,35.29455,128.90804,65,1500,361.76,false,ok
GLV-T11,TRIP-GLV-T11-01,2026-08-01T02:12:00.000Z,35.29588,128.90878,66,1500,364.09,false,ok
GLV-T11,TRIP-GLV-T11-01,2026-08-01T02:14:00.000Z,35.29721,128.90952,68,1500,366.43,false,ok
GLV-T11,TRIP-GLV-T11-01,2026-08-01T02:16:00.000Z,35.29855,128.91026,69,1500,368.76,false,ok
GLV-T11,TRIP-GLV-T11-01,2026-08-01T02:18:00.000Z,35.29988,128.91099,71,1500,371.10,false,ok
GLV-T11,TRIP-GLV-T11-01,2026-08-01T02:20:00.000Z,35.30121,128.91173,72,1500,373.43,false,ok
GLV-T11,TRIP-GLV-T11-01,2026-08-01T02:22:00.000Z,35.30255,128.91247,74,1500,375.76,false,ok
GLV-T11,TRIP-GLV-T11-01,2026-08-01T02:24:00.000Z,35.30388,128.91321,75,1500,378.10,false,ok
GLV-T11,TRIP-GLV-T11-01,2026-08-01T02:26:00.000Z,35.30521,128.91395,75,1500,380.43,false,ok
GLV-T11,TRIP-GLV-T11-01,2026-08-01T02:28:00.000Z,35.30655,128.91468,76,1500,382.76,false,ok
GLV-T11,TRIP-GLV-T11-01,2026-08-01T02:30:00.000Z,35.30788,128.91542,76,1500,385.10,false,ok
GLV-T11,TRIP-GLV-T11-01,2026-08-01T02:32:00.000Z,35.30921,128.91616,76,1500,387.43,false,ok
GLV-T11,TRIP-GLV-T11-01,2026-08-01T02:34:00.000Z,35.31055,128.91690,75,1500,389.77,false,ok
GLV-T11,TRIP-GLV-T11-01,2026-08-01T02:36:00.000Z,35.31188,128.91763,75,1500,392.10,false,ok
GLV-T11,TRIP-GLV-T11-01,2026-08-01T02:38:00.000Z,35.31321,128.91837,73,1500,394.43,false,ok
GLV-T11,TRIP-GLV-T11-01,2026-08-01T02:40:00.000Z,35.31455,128.91911,72,1500,396.77,false,ok
GLV-T11,TRIP-GLV-T11-01,2026-08-01T02:42:00.000Z,35.31588,128.91985,71,1500,399.10,false,ok
GLV-T11,TRIP-GLV-T11-01,2026-08-01T02:44:00.000Z,35.31721,128.92058,69,1500,401.44,false,ok
GLV-T11,TRIP-GLV-T11-01,2026-08-01T02:46:00.000Z,35.31855,128.92132,68,1500,403.77,false,ok
GLV-T11,TRIP-GLV-T11-01,2026-08-01T02:48:00.000Z,35.31988,128.92206,66,1500,406.10,false,ok
GLV-T11,TRIP-GLV-T11-01,2026-08-01T02:50:00.000Z,35.32121,128.92280,65,1500,408.44,false,ok
GLV-T11,TRIP-GLV-T11-01,2026-08-01T02:52:00.000Z,35.32255,128.92354,63,1500,410.77,false,ok
GLV-T11,TRIP-GLV-T11-01,2026-08-01T02:54:00.000Z,35.32388,128.92427,62,1500,413.11,false,ok
GLV-T11,TRIP-GLV-T11-01,2026-08-01T02:56:00.000Z,35.32521,128.92501,61,1500,415.44,false,ok
GLV-T11,TRIP-GLV-T11-01,2026-08-01T02:58:00.000Z,35.32655,128.92575,60,1500,417.77,false,ok
GLV-T11,TRIP-GLV-T11-01,2026-08-01T03:00:00.000Z,35.32788,128.92649,60,1500,420.11,false,ok
GLV-T11,TRIP-GLV-T11-01,2026-08-01T03:02:00.000Z,35.32921,128.92722,60,1500,422.44,false,ok
GLV-T11,TRIP-GLV-T11-01,2026-08-01T03:04:00.000Z,35.33054,128.92796,60,1500,424.78,false,ok
GLV-T11,TRIP-GLV-T11-01,2026-08-01T03:06:00.000Z,35.33188,128.92870,61,1500,427.11,false,ok
GLV-T11,TRIP-GLV-T11-01,2026-08-01T03:08:00.000Z,35.33321,128.92944,62,1500,429.44,false,ok
GLV-T11,TRIP-GLV-T11-01,2026-08-01T03:10:00.000Z,35.33454,128.93017,63,1500,431.78,false,ok
GLV-T11,TRIP-GLV-T11-01,2026-08-01T03:12:00.000Z,35.33588,128.93091,64,1500,434.11,false,ok
GLV-T11,TRIP-GLV-T11-01,2026-08-01T03:14:00.000Z,35.33721,128.93165,66,1500,436.45,false,ok
GLV-T11,TRIP-GLV-T11-01,2026-08-01T03:16:00.000Z,35.33854,128.93239,67,1500,438.78,false,ok
GLV-T11,TRIP-GLV-T11-01,2026-08-01T03:18:00.000Z,35.33988,128.93313,69,1500,441.11,false,ok
GLV-T11,TRIP-GLV-T11-01,2026-08-01T03:20:00.000Z,35.34121,128.93386,70,1500,443.45,false,ok
GLV-T11,TRIP-GLV-T11-01,2026-08-01T03:22:00.000Z,35.34254,128.93460,72,1500,445.78,false,ok
GLV-T11,TRIP-GLV-T11-01,2026-08-01T03:24:00.000Z,35.34388,128.93534,73,1500,448.11,false,ok
GLV-T11,TRIP-GLV-T11-01,2026-08-01T03:26:00.000Z,35.34521,128.93608,74,1500,450.45,false,ok
GLV-T11,TRIP-GLV-T11-01,2026-08-01T03:28:00.000Z,35.34654,128.93681,75,1500,452.78,false,ok
GLV-T11,TRIP-GLV-T11-01,2026-08-01T03:30:00.000Z,35.34788,128.93755,76,1500,455.12,false,ok
GLV-T11,TRIP-GLV-T11-01,2026-08-01T03:32:00.000Z,35.34921,128.93829,76,1500,457.45,false,ok
GLV-T11,TRIP-GLV-T11-01,2026-08-01T03:34:00.000Z,35.35054,128.93903,76,1500,459.78,false,ok
GLV-T11,TRIP-GLV-T11-01,2026-08-01T03:36:00.000Z,35.35188,128.93976,76,1500,462.12,false,ok
GLV-T11,TRIP-GLV-T11-01,2026-08-01T03:38:00.000Z,35.35321,128.94050,75,1500,464.45,false,ok
GLV-T11,TRIP-GLV-T11-01,2026-08-01T03:40:00.000Z,35.35454,128.94124,74,1500,466.79,false,ok
GLV-T11,TRIP-GLV-T11-01,2026-08-01T03:42:00.000Z,35.35588,128.94198,73,1500,469.12,false,ok
GLV-T11,TRIP-GLV-T11-01,2026-08-01T03:44:00.000Z,35.35721,128.94272,71,1500,471.45,false,ok
GLV-T11,TRIP-GLV-T11-01,2026-08-01T03:46:00.000Z,35.35854,128.94345,70,1500,473.79,false,ok
GLV-T11,TRIP-GLV-T11-01,2026-08-01T03:48:00.000Z,35.35988,128.94419,68,1500,476.12,false,ok
GLV-T11,TRIP-GLV-T11-01,2026-08-01T03:50:00.000Z,35.36121,128.94493,67,1500,478.46,false,ok
GLV-T11,TRIP-GLV-T11-01,2026-08-01T03:52:00.000Z,35.36254,128.94567,65,1500,480.79,false,ok
GLV-T11,TRIP-GLV-T11-01,2026-08-01T03:54:00.000Z,35.36388,128.94640,64,1500,483.12,false,ok
GLV-T11,TRIP-GLV-T11-01,2026-08-01T03:56:00.000Z,35.36521,128.94714,62,1500,485.46,false,ok
GLV-T11,TRIP-GLV-T11-01,2026-08-01T03:58:00.000Z,35.36654,128.94788,61,1500,487.79,false,ok
GLV-T11,TRIP-GLV-T11-01,2026-08-01T04:00:00.000Z,35.36787,128.94862,61,1500,490.13,false,ok
GLV-T11,TRIP-GLV-T11-01,2026-08-01T04:02:00.000Z,35.36921,128.94936,60,1500,492.46,false,ok
GLV-T11,TRIP-GLV-T11-01,2026-08-01T04:04:00.000Z,35.37054,128.95009,60,1500,494.79,false,ok
GLV-T11,TRIP-GLV-T11-01,2026-08-01T04:06:00.000Z,35.37187,128.95083,60,1500,497.13,false,ok
GLV-T11,TRIP-GLV-T11-01,2026-08-01T04:08:00.000Z,35.37321,128.95157,61,1500,499.46,false,ok
GLV-T11,TRIP-GLV-T11-01,2026-08-01T04:10:00.000Z,35.37454,128.95231,61,1500,501.80,false,ok
GLV-T11,TRIP-GLV-T11-01,2026-08-01T04:12:00.000Z,35.37587,128.95304,62,1500,504.13,false,ok
GLV-T11,TRIP-GLV-T11-01,2026-08-01T04:14:00.000Z,35.37721,128.95378,64,1500,506.46,false,ok
GLV-T11,TRIP-GLV-T11-01,2026-08-01T04:16:00.000Z,35.37854,128.95452,65,1500,508.80,false,ok
GLV-T11,TRIP-GLV-T11-01,2026-08-01T04:18:00.000Z,35.37987,128.95526,67,1500,511.13,false,ok
GLV-T11,TRIP-GLV-T11-01,2026-08-01T04:20:00.000Z,35.38121,128.95599,68,1500,513.46,false,ok
GLV-T11,TRIP-GLV-T11-01,2026-08-01T04:22:00.000Z,35.38254,128.95673,70,1500,515.80,false,ok
GLV-T11,TRIP-GLV-T11-01,2026-08-01T04:24:00.000Z,35.38387,128.95747,71,1500,518.13,false,ok
GLV-T11,TRIP-GLV-T11-01,2026-08-01T04:26:00.000Z,35.38521,128.95821,73,1500,520.47,false,ok
GLV-T11,TRIP-GLV-T11-01,2026-08-01T04:28:00.000Z,35.38654,128.95895,74,1500,522.80,false,ok
GLV-T11,TRIP-GLV-T11-01,2026-08-01T04:30:00.000Z,35.38787,128.95968,75,1500,525.13,false,ok
GLV-T11,TRIP-GLV-T11-01,2026-08-01T04:32:00.000Z,35.38921,128.96042,76,1500,527.47,false,ok
GLV-T11,TRIP-GLV-T11-01,2026-08-01T04:34:00.000Z,35.39054,128.96116,76,1500,529.80,false,ok
GLV-T11,TRIP-GLV-T11-01,2026-08-01T04:36:00.000Z,35.39187,128.96190,76,1500,532.14,false,ok
GLV-T11,TRIP-GLV-T11-01,2026-08-01T04:38:00.000Z,35.39321,128.96263,76,1500,534.47,false,ok
GLV-T11,TRIP-GLV-T11-01,2026-08-01T04:40:00.000Z,35.39454,128.96337,75,1500,536.80,false,ok
GLV-T11,TRIP-GLV-T11-01,2026-08-01T04:42:00.000Z,35.39587,128.96411,74,1500,539.14,false,ok
GLV-T11,TRIP-GLV-T11-01,2026-08-01T04:44:00.000Z,35.39721,128.96485,73,1500,541.47,false,ok
GLV-T11,TRIP-GLV-T11-01,2026-08-01T04:46:00.000Z,35.39854,128.96558,72,1500,543.81,false,ok
GLV-T11,TRIP-GLV-T11-01,2026-08-01T04:48:00.000Z,35.39987,128.96632,71,1500,546.14,false,ok
GLV-T11,TRIP-GLV-T11-01,2026-08-01T04:50:00.000Z,35.40121,128.96706,69,1500,548.47,false,ok
GLV-T11,TRIP-GLV-T11-01,2026-08-01T04:52:00.000Z,35.40254,128.96780,67,1500,550.81,false,ok
GLV-T11,TRIP-GLV-T11-01,2026-08-01T04:54:00.000Z,35.40387,128.96854,66,1500,553.14,false,ok
GLV-T11,TRIP-GLV-T11-01,2026-08-01T04:56:00.000Z,35.40520,128.96927,64,1500,555.48,false,ok
GLV-T11,TRIP-GLV-T11-01,2026-08-01T04:58:00.000Z,35.40654,128.97001,63,1500,557.81,false,ok
GLV-T11,TRIP-GLV-T11-01,2026-08-01T05:00:00.000Z,35.40787,128.97075,62,1500,560.14,false,ok
GLV-T11,TRIP-GLV-T11-01,2026-08-01T05:02:00.000Z,35.40920,128.97149,61,1500,562.48,false,ok
GLV-T11,TRIP-GLV-T11-01,2026-08-01T05:04:00.000Z,35.41054,128.97222,60,1500,564.81,false,ok
GLV-T11,TRIP-GLV-T11-01,2026-08-01T05:06:00.000Z,35.41187,128.97296,60,1500,567.15,false,ok
GLV-T11,TRIP-GLV-T11-01,2026-08-01T05:08:00.000Z,35.41320,128.97370,60,1500,569.48,false,ok
GLV-T11,TRIP-GLV-T11-01,2026-08-01T05:10:00.000Z,35.41454,128.97444,60,1500,571.81,false,ok
GLV-T11,TRIP-GLV-T11-01,2026-08-01T05:12:00.000Z,35.41587,128.97517,61,1500,574.15,false,ok
GLV-T11,TRIP-GLV-T11-01,2026-08-01T05:14:00.000Z,35.41720,128.97591,62,1500,576.48,false,ok
GLV-T11,TRIP-GLV-T11-01,2026-08-01T05:16:00.000Z,35.41854,128.97665,63,1500,578.82,false,ok
GLV-T11,TRIP-GLV-T11-01,2026-08-01T05:18:00.000Z,35.41987,128.97739,64,1500,581.15,false,ok
GLV-T11,TRIP-GLV-T11-01,2026-08-01T05:20:00.000Z,35.42120,128.97813,66,1500,583.48,false,ok
GLV-T11,TRIP-GLV-T11-01,2026-08-01T05:22:00.000Z,35.42254,128.97886,67,1500,585.82,false,ok
GLV-T11,TRIP-GLV-T11-01,2026-08-01T05:24:00.000Z,35.42387,128.97960,69,1500,588.15,false,ok
GLV-T11,TRIP-GLV-T11-01,2026-08-01T05:26:00.000Z,35.42520,128.98034,71,1500,590.48,false,ok
GLV-T11,TRIP-GLV-T11-01,2026-08-01T05:28:00.000Z,35.42654,128.98108,72,1500,592.82,false,ok
GLV-T11,TRIP-GLV-T11-01,2026-08-01T05:30:00.000Z,35.42787,128.98181,73,1500,595.15,false,ok
GLV-T11,TRIP-GLV-T11-01,2026-08-01T05:32:00.000Z,35.42920,128.98255,74,1500,597.49,false,ok
GLV-T11,TRIP-GLV-T11-01,2026-08-01T05:34:00.000Z,35.43054,128.98329,75,1500,599.82,false,ok
GLV-T11,TRIP-GLV-T11-01,2026-08-01T05:36:00.000Z,35.43187,128.98403,76,1500,602.15,false,ok
GLV-T11,TRIP-GLV-T11-01,2026-08-01T05:38:00.000Z,35.43320,128.98476,76,1500,604.49,false,ok
GLV-T11,TRIP-GLV-T11-01,2026-08-01T05:40:00.000Z,35.43454,128.98550,76,1500,606.82,false,ok
GLV-T11,TRIP-GLV-T11-01,2026-08-01T05:42:00.000Z,35.43587,128.98624,75,1500,609.16,false,ok
GLV-T11,TRIP-GLV-T11-01,2026-08-01T05:44:00.000Z,35.43720,128.98698,75,1500,611.49,false,ok
GLV-T11,TRIP-GLV-T11-01,2026-08-01T05:46:00.000Z,35.43854,128.98772,74,1500,613.82,false,ok
GLV-T11,TRIP-GLV-T11-01,2026-08-01T05:48:00.000Z,35.43987,128.98845,73,1500,616.16,false,ok
GLV-T11,TRIP-GLV-T11-01,2026-08-01T05:50:00.000Z,35.44120,128.98919,71,1500,618.49,false,ok
GLV-T11,TRIP-GLV-T11-01,2026-08-01T05:52:00.000Z,35.44253,128.98993,70,1500,620.83,false,ok
GLV-T11,TRIP-GLV-T11-01,2026-08-01T05:54:00.000Z,35.44387,128.99067,68,1500,623.16,false,ok
GLV-T11,TRIP-GLV-T11-01,2026-08-01T05:56:00.000Z,35.44520,128.99140,66,1500,625.49,false,ok
GLV-T11,TRIP-GLV-T11-01,2026-08-01T05:58:00.000Z,35.44653,128.99214,65,1500,627.83,false,ok
GLV-T11,TRIP-GLV-T11-01,2026-08-01T06:00:00.000Z,35.44787,128.99288,64,1500,630.16,false,ok
GLV-T11,TRIP-GLV-T11-01,2026-08-01T06:02:00.000Z,35.44920,128.99362,62,1500,632.50,false,ok
GLV-T11,TRIP-GLV-T11-01,2026-08-01T06:04:00.000Z,35.45053,128.99435,61,1500,634.83,false,ok
GLV-T11,TRIP-GLV-T11-01,2026-08-01T06:06:00.000Z,35.45187,128.99509,61,1500,637.16,false,ok
GLV-T11,TRIP-GLV-T11-01,2026-08-01T06:08:00.000Z,35.45320,128.99583,60,1500,639.50,false,ok
GLV-T11,TRIP-GLV-T11-01,2026-08-01T06:10:00.000Z,35.45453,128.99657,60,1500,641.83,false,ok
GLV-T11,TRIP-GLV-T11-01,2026-08-01T06:12:00.000Z,35.45587,128.99731,60,1500,644.17,false,ok
GLV-T11,TRIP-GLV-T11-01,2026-08-01T06:14:00.000Z,35.45720,128.99804,61,1500,646.50,false,ok
GLV-T11,TRIP-GLV-T11-01,2026-08-01T06:16:00.000Z,35.45853,128.99878,61,1500,648.83,false,ok
GLV-T11,TRIP-GLV-T11-01,2026-08-01T06:18:00.000Z,35.45987,128.99952,63,1500,651.17,false,ok
GLV-T11,TRIP-GLV-T11-01,2026-08-01T06:20:00.000Z,35.46120,129.00026,64,1500,653.50,false,ok
GLV-T11,TRIP-GLV-T11-01,2026-08-01T06:22:00.000Z,35.46253,129.00099,65,1500,655.83,false,ok
GLV-T11,TRIP-GLV-T11-01,2026-08-01T06:24:00.000Z,35.46387,129.00173,67,1500,658.17,false,ok
GLV-T11,TRIP-GLV-T11-01,2026-08-01T06:26:00.000Z,35.46520,129.00247,68,1500,660.50,false,ok
GLV-T11,TRIP-GLV-T11-01,2026-08-01T06:28:00.000Z,35.46653,129.00321,70,1500,662.84,false,ok
GLV-T11,TRIP-GLV-T11-01,2026-08-01T06:30:00.000Z,35.46787,129.00395,71,1500,665.17,false,ok
GLV-T11,TRIP-GLV-T11-01,2026-08-01T06:32:00.000Z,35.46920,129.00468,73,1500,667.50,false,ok
GLV-T11,TRIP-GLV-T11-01,2026-08-01T06:34:00.000Z,35.47053,129.00542,74,1500,669.84,false,ok
GLV-T11,TRIP-GLV-T11-01,2026-08-01T06:36:00.000Z,35.47187,129.00616,75,1500,672.17,false,ok
GLV-T11,TRIP-GLV-T11-01,2026-08-01T06:38:00.000Z,35.47320,129.00690,76,1500,674.51,false,ok
GLV-T11,TRIP-GLV-T11-01,2026-08-01T06:40:00.000Z,35.47453,129.00763,76,1500,676.84,false,ok
GLV-T11,TRIP-GLV-T11-01,2026-08-01T06:42:00.000Z,35.47587,129.00837,76,1500,679.17,false,ok
GLV-T11,TRIP-GLV-T11-01,2026-08-01T06:44:00.000Z,35.47720,129.00911,76,1500,681.51,false,ok
GLV-T11,TRIP-GLV-T11-01,2026-08-01T06:46:00.000Z,35.47853,129.00985,75,1500,683.84,false,ok
GLV-T11,TRIP-GLV-T11-01,2026-08-01T06:48:00.000Z,35.47986,129.01058,74,1500,686.18,false,ok
GLV-T11,TRIP-GLV-T11-01,2026-08-01T06:50:00.000Z,35.48120,129.01132,73,1500,688.51,false,ok
GLV-T11,TRIP-GLV-T11-01,2026-08-01T06:52:00.000Z,35.48253,129.01206,72,1500,690.84,false,ok
GLV-T11,TRIP-GLV-T11-01,2026-08-01T06:54:00.000Z,35.48386,129.01280,70,1500,693.18,false,ok
GLV-T11,TRIP-GLV-T11-01,2026-08-01T06:56:00.000Z,35.48520,129.01354,69,1500,695.51,false,ok
GLV-T11,TRIP-GLV-T11-01,2026-08-01T06:58:00.000Z,35.48653,129.01427,67,1500,697.85,false,ok
GLV-T11,TRIP-GLV-T11-01,2026-08-01T07:00:00.000Z,35.48786,129.01501,66,1500,700.18,false,ok
GLV-T11,TRIP-GLV-T11-01,2026-08-01T07:02:00.000Z,35.48920,129.01575,64,1500,702.51,false,ok
GLV-T11,TRIP-GLV-T11-01,2026-08-01T07:04:00.000Z,35.49053,129.01649,63,1500,704.85,false,ok
GLV-T11,TRIP-GLV-T11-01,2026-08-01T07:06:00.000Z,35.49186,129.01722,62,1500,707.18,false,ok
GLV-T11,TRIP-GLV-T11-01,2026-08-01T07:08:00.000Z,35.49320,129.01796,61,1500,709.52,false,ok
GLV-T11,TRIP-GLV-T11-01,2026-08-01T07:10:00.000Z,35.49453,129.01870,60,1500,711.85,false,ok
GLV-T11,TRIP-GLV-T11-01,2026-08-01T07:12:00.000Z,35.49586,129.01944,60,1500,714.18,false,ok
GLV-T11,TRIP-GLV-T11-01,2026-08-01T07:14:00.000Z,35.49720,129.02017,60,1500,716.52,false,ok
GLV-T11,TRIP-GLV-T11-01,2026-08-01T07:16:00.000Z,35.49853,129.02091,60,1500,718.85,false,ok
GLV-T11,TRIP-GLV-T11-01,2026-08-01T07:18:00.000Z,35.49986,129.02165,61,1500,721.18,false,ok
GLV-T11,TRIP-GLV-T11-01,2026-08-01T07:20:00.000Z,35.50120,129.02239,62,1500,723.52,false,ok
GLV-T11,TRIP-GLV-T11-01,2026-08-01T07:22:00.000Z,35.50253,129.02313,63,1500,725.85,false,ok
GLV-T11,TRIP-GLV-T11-01,2026-08-01T07:24:00.000Z,35.50386,129.02386,65,1500,728.19,false,ok
GLV-T11,TRIP-GLV-T11-01,2026-08-01T07:26:00.000Z,35.50520,129.02460,66,1500,730.52,false,ok
GLV-T11,TRIP-GLV-T11-01,2026-08-01T07:28:00.000Z,35.50653,129.02534,68,1500,732.85,false,ok
GLV-T11,TRIP-GLV-T11-01,2026-08-01T07:30:00.000Z,35.50786,129.02608,69,1500,735.19,false,ok
GLV-T11,TRIP-GLV-T11-01,2026-08-01T07:32:00.000Z,35.50920,129.02681,71,1500,737.52,false,ok
GLV-T11,TRIP-GLV-T11-01,2026-08-01T07:34:00.000Z,35.51053,129.02755,72,1500,739.86,false,ok
GLV-T11,TRIP-GLV-T11-01,2026-08-01T07:36:00.000Z,35.51186,129.02829,74,1500,742.19,false,ok
GLV-T11,TRIP-GLV-T11-01,2026-08-01T07:38:00.000Z,35.51320,129.02903,75,1500,744.52,false,ok
GLV-T11,TRIP-GLV-T11-01,2026-08-01T07:40:00.000Z,35.51453,129.02976,75,1500,746.86,false,ok
GLV-T11,TRIP-GLV-T11-01,2026-08-01T07:42:00.000Z,35.51586,129.03050,76,1500,749.19,false,ok
GLV-T11,TRIP-GLV-T11-01,2026-08-01T07:44:00.000Z,35.51719,129.03124,76,1500,751.53,false,ok
GLV-T11,TRIP-GLV-T11-01,2026-08-01T07:46:00.000Z,35.51853,129.03198,76,1500,753.86,false,ok
GLV-T11,TRIP-GLV-T11-01,2026-08-01T07:48:00.000Z,35.51986,129.03272,75,1500,756.19,false,ok
GLV-T11,TRIP-GLV-T11-01,2026-08-01T07:50:00.000Z,35.52119,129.03345,75,1500,758.53,false,ok
GLV-T11,TRIP-GLV-T11-01,2026-08-01T07:52:00.000Z,35.52253,129.03419,74,1500,760.86,false,ok
GLV-T11,TRIP-GLV-T11-01,2026-08-01T07:54:00.000Z,35.52386,129.03493,72,1500,763.20,false,ok
GLV-T11,TRIP-GLV-T11-01,2026-08-01T07:56:00.000Z,35.52519,129.03567,71,1500,765.53,false,ok
GLV-T11,TRIP-GLV-T11-01,2026-08-01T07:58:00.000Z,35.52653,129.03640,69,1500,767.86,false,ok
GLV-T11,TRIP-GLV-T11-01,2026-08-01T08:00:00.000Z,35.52786,129.03714,68,1500,770.20,false,ok
GLV-T11,TRIP-GLV-T11-01,2026-08-01T08:02:00.000Z,35.52919,129.03788,66,1500,772.53,false,ok
GLV-T11,TRIP-GLV-T11-01,2026-08-01T08:04:00.000Z,35.53053,129.03862,65,1500,774.87,false,ok
GLV-T11,TRIP-GLV-T11-01,2026-08-01T08:06:00.000Z,35.53186,129.03935,63,1500,777.20,false,ok
GLV-T11,TRIP-GLV-T11-01,2026-08-01T08:08:00.000Z,35.53319,129.04009,62,1500,779.53,false,ok
GLV-T11,TRIP-GLV-T11-01,2026-08-01T08:10:00.000Z,35.53453,129.04083,61,1500,781.87,false,ok
GLV-T11,TRIP-GLV-T11-01,2026-08-01T08:12:00.000Z,35.53586,129.04157,60,1500,784.20,false,ok
GLV-T11,TRIP-GLV-T11-01,2026-08-01T08:14:00.000Z,35.53719,129.04231,60,1500,786.54,false,ok
GLV-T11,TRIP-GLV-T11-01,2026-08-01T08:16:00.000Z,35.53853,129.04304,60,1500,788.87,false,ok
GLV-T11,TRIP-GLV-T11-01,2026-08-01T08:18:00.000Z,35.53986,129.04378,60,1500,791.20,false,ok
GLV-T11,TRIP-GLV-T11-01,2026-08-01T08:20:00.000Z,35.54119,129.04452,61,1500,793.54,false,ok
GLV-T11,TRIP-GLV-T11-01,2026-08-01T08:22:00.000Z,35.54253,129.04526,62,1500,795.87,false,ok
GLV-T11,TRIP-GLV-T11-01,2026-08-01T08:24:00.000Z,35.54386,129.04599,63,1500,798.20,false,ok
GLV-T11,TRIP-GLV-T11-01,2026-08-01T08:26:00.000Z,35.54519,129.04673,64,1500,800.54,false,ok
GLV-T11,TRIP-GLV-T11-01,2026-08-01T08:28:00.000Z,35.54653,129.04747,66,1500,802.87,false,ok
GLV-T11,TRIP-GLV-T11-01,2026-08-01T08:30:00.000Z,35.54786,129.04821,67,1500,805.21,false,ok
GLV-T11,TRIP-GLV-T11-01,2026-08-01T08:32:00.000Z,35.54919,129.04894,69,1500,807.54,false,ok
GLV-T11,TRIP-GLV-T11-01,2026-08-01T08:34:00.000Z,35.55053,129.04968,70,1500,809.87,false,ok
GLV-T11,TRIP-GLV-T11-01,2026-08-01T08:36:00.000Z,35.55186,129.05042,72,1500,812.21,false,ok
GLV-T11,TRIP-GLV-T11-01,2026-08-01T08:38:00.000Z,35.55319,129.05116,73,1500,814.54,false,ok
GLV-T11,TRIP-GLV-T11-01,2026-08-01T08:40:00.000Z,35.55452,129.05190,74,1500,816.88,false,ok
GLV-T11,TRIP-GLV-T11-01,2026-08-01T08:42:00.000Z,35.55586,129.05263,75,1500,819.21,false,ok
GLV-T11,TRIP-GLV-T11-01,2026-08-01T08:44:00.000Z,35.55719,129.05337,76,1500,821.54,false,ok
GLV-T11,TRIP-GLV-T11-01,2026-08-01T08:46:00.000Z,35.55852,129.05411,76,1500,823.88,false,ok
GLV-T11,TRIP-GLV-T11-01,2026-08-01T08:48:00.000Z,35.55986,129.05485,76,1500,826.21,false,ok
GLV-T11,TRIP-GLV-T11-01,2026-08-01T08:50:00.000Z,35.56119,129.05558,76,1500,828.55,false,ok
GLV-T11,TRIP-GLV-T11-01,2026-08-01T08:52:00.000Z,35.56252,129.05632,75,1500,830.88,false,ok
GLV-T11,TRIP-GLV-T11-01,2026-08-01T08:54:00.000Z,35.56386,129.05706,74,1500,833.21,false,ok
GLV-T11,TRIP-GLV-T11-01,2026-08-01T08:56:00.000Z,35.56519,129.05780,73,1500,835.55,false,ok
GLV-T11,TRIP-GLV-T11-01,2026-08-01T08:58:00.000Z,35.56652,129.05854,72,1500,837.88,false,ok
GLV-T11,TRIP-GLV-T11-01,2026-08-01T09:00:00.000Z,35.56786,129.05927,70,1500,840.22,false,ok
GLV-T11,TRIP-GLV-T11-01,2026-08-01T09:02:00.000Z,35.56919,129.06001,68,1500,842.55,false,ok
GLV-T11,TRIP-GLV-T11-01,2026-08-01T09:04:00.000Z,35.57052,129.06075,67,1500,844.88,false,ok
GLV-T11,TRIP-GLV-T11-01,2026-08-01T09:06:00.000Z,35.57186,129.06149,65,1500,847.22,false,ok
GLV-T11,TRIP-GLV-T11-01,2026-08-01T09:08:00.000Z,35.57319,129.06222,64,1500,849.55,false,ok
GLV-T11,TRIP-GLV-T11-01,2026-08-01T09:10:00.000Z,35.57452,129.06296,63,1500,851.89,false,ok
GLV-T11,TRIP-GLV-T11-01,2026-08-01T09:12:00.000Z,35.57586,129.06370,62,1500,854.22,false,ok
GLV-T11,TRIP-GLV-T11-01,2026-08-01T09:14:00.000Z,35.57719,129.06444,61,1500,856.55,false,ok
GLV-T11,TRIP-GLV-T11-01,2026-08-01T09:16:00.000Z,35.57852,129.06517,60,1500,858.89,false,ok
GLV-T11,TRIP-GLV-T11-01,2026-08-01T09:18:00.000Z,35.57986,129.06591,60,1500,861.22,false,ok
GLV-T11,TRIP-GLV-T11-01,2026-08-01T09:20:00.000Z,35.58119,129.06665,60,1500,863.55,false,ok
GLV-T11,TRIP-GLV-T11-01,2026-08-01T09:22:00.000Z,35.58252,129.06739,61,1500,865.89,false,ok
GLV-T11,TRIP-GLV-T11-01,2026-08-01T09:24:00.000Z,35.58386,129.06813,61,1500,868.22,false,ok
GLV-T11,TRIP-GLV-T11-01,2026-08-01T09:26:00.000Z,35.58519,129.06886,62,1500,870.56,false,ok
GLV-T11,TRIP-GLV-T11-01,2026-08-01T09:28:00.000Z,35.58652,129.06960,63,1500,872.89,false,ok
GLV-T11,TRIP-GLV-T11-01,2026-08-01T09:30:00.000Z,35.58786,129.07034,65,1500,875.22,false,ok
GLV-T11,TRIP-GLV-T11-01,2026-08-01T09:32:00.000Z,35.58919,129.07108,66,1500,877.56,false,ok
GLV-T11,TRIP-GLV-T11-01,2026-08-01T09:34:00.000Z,35.59052,129.07181,68,1500,879.89,false,ok
GLV-T11,TRIP-GLV-T11-01,2026-08-01T09:36:00.000Z,35.59185,129.07255,70,1500,882.23,false,ok
GLV-T11,TRIP-GLV-T11-01,2026-08-01T09:38:00.000Z,35.59319,129.07329,71,1500,884.56,false,ok
GLV-T11,TRIP-GLV-T11-01,2026-08-01T09:40:00.000Z,35.59452,129.07403,73,1500,886.89,false,ok
GLV-T11,TRIP-GLV-T11-01,2026-08-01T09:42:00.000Z,35.59585,129.07476,74,1500,889.23,false,ok
GLV-T11,TRIP-GLV-T11-01,2026-08-01T09:44:00.000Z,35.59719,129.07550,75,1500,891.56,false,ok
GLV-T11,TRIP-GLV-T11-01,2026-08-01T09:46:00.000Z,35.59852,129.07624,75,1500,893.90,false,ok
GLV-T11,TRIP-GLV-T11-01,2026-08-01T09:48:00.000Z,35.59985,129.07698,76,1500,896.23,false,ok
GLV-T11,TRIP-GLV-T11-01,2026-08-01T09:50:00.000Z,35.60119,129.07772,76,1500,898.56,false,ok
GLV-T11,TRIP-GLV-T11-01,2026-08-01T09:52:00.000Z,35.60252,129.07845,76,1500,900.90,false,ok
GLV-T11,TRIP-GLV-T11-01,2026-08-01T09:54:00.000Z,35.60385,129.07919,75,1500,903.23,false,ok
GLV-T11,TRIP-GLV-T11-01,2026-08-01T09:56:00.000Z,35.60519,129.07993,74,1500,905.57,false,ok
GLV-T11,TRIP-GLV-T11-01,2026-08-01T09:58:00.000Z,35.60652,129.08067,73,1500,907.90,false,ok
GLV-T11,TRIP-GLV-T11-01,2026-08-01T10:00:00.000Z,35.60785,129.08140,72,1500,910.23,false,ok
GLV-T11,TRIP-GLV-T11-01,2026-08-01T10:02:00.000Z,35.60919,129.08214,71,1500,912.57,false,ok
GLV-T11,TRIP-GLV-T11-01,2026-08-01T10:04:00.000Z,35.61052,129.08288,69,1500,914.90,false,ok
GLV-T11,TRIP-GLV-T11-01,2026-08-01T10:06:00.000Z,35.61185,129.08362,68,1500,917.24,false,ok
GLV-T11,TRIP-GLV-T11-01,2026-08-01T10:08:00.000Z,35.61319,129.08435,66,1500,919.57,false,ok
GLV-T11,TRIP-GLV-T11-01,2026-08-01T10:10:00.000Z,35.61452,129.08509,64,1500,921.90,false,ok
GLV-T11,TRIP-GLV-T11-01,2026-08-01T10:12:00.000Z,35.61585,129.08583,63,1500,924.24,false,ok
GLV-T11,TRIP-GLV-T11-01,2026-08-01T10:14:00.000Z,35.61719,129.08657,62,1500,926.57,false,ok
GLV-T11,TRIP-GLV-T11-01,2026-08-01T10:16:00.000Z,35.61852,129.08731,61,1500,928.90,false,ok
GLV-T11,TRIP-GLV-T11-01,2026-08-01T10:18:00.000Z,35.61985,129.08804,60,1500,931.24,false,ok
GLV-T11,TRIP-GLV-T11-01,2026-08-01T10:20:00.000Z,35.62119,129.08878,60,1500,933.57,false,ok
GLV-T11,TRIP-GLV-T11-01,2026-08-01T10:22:00.000Z,35.62252,129.08952,60,1500,935.91,false,ok
GLV-T11,TRIP-GLV-T11-01,2026-08-01T10:24:00.000Z,35.62385,129.09026,60,1500,938.24,false,ok
GLV-T11,TRIP-GLV-T11-01,2026-08-01T10:26:00.000Z,35.62519,129.09099,61,1500,940.57,false,ok
GLV-T11,TRIP-GLV-T11-01,2026-08-01T10:28:00.000Z,35.62652,129.09173,62,1500,942.91,false,ok
GLV-T11,TRIP-GLV-T11-01,2026-08-01T10:30:00.000Z,35.62785,129.09247,63,1500,945.24,false,ok
GLV-T11,TRIP-GLV-T11-01,2026-08-01T10:32:00.000Z,35.62918,129.09321,64,1500,947.58,false,ok
GLV-T11,TRIP-GLV-T11-01,2026-08-01T10:34:00.000Z,35.63052,129.09394,66,1500,949.91,false,ok
GLV-T11,TRIP-GLV-T11-01,2026-08-01T10:36:00.000Z,35.63185,129.09468,67,1500,952.24,false,ok
GLV-T11,TRIP-GLV-T11-01,2026-08-01T10:38:00.000Z,35.63318,129.09542,69,1500,954.58,false,ok
GLV-T11,TRIP-GLV-T11-01,2026-08-01T10:40:00.000Z,35.63452,129.09616,71,1500,956.91,false,ok
GLV-T11,TRIP-GLV-T11-01,2026-08-01T10:42:00.000Z,35.63585,129.09690,72,1500,959.25,false,ok
GLV-T11,TRIP-GLV-T11-01,2026-08-01T10:44:00.000Z,35.63718,129.09763,73,1500,961.58,false,ok
GLV-T11,TRIP-GLV-T11-01,2026-08-01T10:46:00.000Z,35.63852,129.09837,74,1500,963.91,false,ok
GLV-T11,TRIP-GLV-T11-01,2026-08-01T10:48:00.000Z,35.63985,129.09911,75,1500,966.25,false,ok
GLV-T11,TRIP-GLV-T11-01,2026-08-01T10:50:00.000Z,35.64118,129.09985,76,1500,968.58,false,ok
GLV-T11,TRIP-GLV-T11-01,2026-08-01T10:52:00.000Z,35.64252,129.10058,76,1500,970.92,false,ok
GLV-T11,TRIP-GLV-T11-01,2026-08-01T10:54:00.000Z,35.64385,129.10132,76,1500,973.25,false,ok
GLV-T11,TRIP-GLV-T11-01,2026-08-01T10:56:00.000Z,35.64518,129.10206,76,1500,975.58,false,ok
GLV-T11,TRIP-GLV-T11-01,2026-08-01T10:58:00.000Z,35.64652,129.10280,75,1500,977.92,false,ok
GLV-T11,TRIP-GLV-T11-01,2026-08-01T11:00:00.000Z,35.64785,129.10353,74,1500,980.25,false,ok
GLV-T11,TRIP-GLV-T11-01,2026-08-01T11:02:00.000Z,35.64918,129.10427,73,1500,982.59,false,ok
GLV-T11,TRIP-GLV-T11-01,2026-08-01T11:04:00.000Z,35.65052,129.10501,71,1500,984.92,false,ok
GLV-T11,TRIP-GLV-T11-01,2026-08-01T11:06:00.000Z,35.65185,129.10575,70,1500,987.25,false,ok
GLV-T11,TRIP-GLV-T11-01,2026-08-01T11:08:00.000Z,35.65318,129.10649,68,1500,989.59,false,ok
GLV-T11,TRIP-GLV-T11-01,2026-08-01T11:10:00.000Z,35.65452,129.10722,67,1500,991.92,false,ok
GLV-T11,TRIP-GLV-T11-01,2026-08-01T11:12:00.000Z,35.65585,129.10796,65,1500,994.25,false,ok
GLV-T11,TRIP-GLV-T11-01,2026-08-01T11:14:00.000Z,35.65718,129.10870,64,1500,996.59,false,ok
GLV-T11,TRIP-GLV-T11-01,2026-08-01T11:16:00.000Z,35.65852,129.10944,62,1500,998.92,false,ok
GLV-T11,TRIP-GLV-T11-01,2026-08-01T11:18:00.000Z,35.65985,129.11017,61,1500,1001.26,false,ok
GLV-T11,TRIP-GLV-T11-01,2026-08-01T11:20:00.000Z,35.66118,129.11091,61,1500,1003.59,false,ok
GLV-T11,TRIP-GLV-T11-01,2026-08-01T11:22:00.000Z,35.66252,129.11165,60,1500,1005.92,false,ok
GLV-T11,TRIP-GLV-T11-01,2026-08-01T11:24:00.000Z,35.66385,129.11239,60,1500,1008.26,false,ok
GLV-T11,TRIP-GLV-T11-01,2026-08-01T11:26:00.000Z,35.66518,129.11312,60,1500,1010.59,false,ok
GLV-T11,TRIP-GLV-T11-01,2026-08-01T11:28:00.000Z,35.66651,129.11386,61,1500,1012.93,false,ok
GLV-T11,TRIP-GLV-T11-01,2026-08-01T11:30:00.000Z,35.66785,129.11460,61,1500,1015.26,false,ok
GLV-T11,TRIP-GLV-T11-01,2026-08-01T11:32:00.000Z,35.66918,129.11534,62,1500,1017.59,false,ok
GLV-T11,TRIP-GLV-T11-01,2026-08-01T11:34:00.000Z,35.67051,129.11608,64,1500,1019.93,false,ok
GLV-T11,TRIP-GLV-T11-01,2026-08-01T11:36:00.000Z,35.67185,129.11681,65,1500,1022.26,false,ok
GLV-T11,TRIP-GLV-T11-01,2026-08-01T11:38:00.000Z,35.67318,129.11755,67,1500,1024.60,false,ok
GLV-T11,TRIP-GLV-T11-01,2026-08-01T11:40:00.000Z,35.67451,129.11829,68,1500,1026.93,false,ok
GLV-T11,TRIP-GLV-T11-01,2026-08-01T11:42:00.000Z,35.67585,129.11903,70,1500,1029.26,false,ok
GLV-T11,TRIP-GLV-T11-01,2026-08-01T11:44:00.000Z,35.67718,129.11976,71,1500,1031.60,false,ok
GLV-T11,TRIP-GLV-T11-01,2026-08-01T11:46:00.000Z,35.67851,129.12050,73,1500,1033.93,false,ok
GLV-T11,TRIP-GLV-T11-01,2026-08-01T11:48:00.000Z,35.67985,129.12124,74,1500,1036.27,false,ok
GLV-T11,TRIP-GLV-T11-01,2026-08-01T11:50:00.000Z,35.68118,129.12198,75,1500,1038.60,false,ok
GLV-T11,TRIP-GLV-T11-01,2026-08-01T11:52:00.000Z,35.68251,129.12272,76,1500,1040.93,false,ok
GLV-T11,TRIP-GLV-T11-01,2026-08-01T11:54:00.000Z,35.68385,129.12345,76,1500,1043.27,false,ok
GLV-T11,TRIP-GLV-T11-01,2026-08-01T11:56:00.000Z,35.68518,129.12419,76,1500,1045.60,false,ok
GLV-T11,TRIP-GLV-T11-01,2026-08-01T11:58:00.000Z,35.68651,129.12493,76,1500,1047.94,false,ok
GLV-T11,TRIP-GLV-T11-01,2026-08-01T12:00:00.000Z,35.68785,129.12567,75,1500,1050.27,false,ok
GLV-T11,TRIP-GLV-T11-01,2026-08-01T12:02:00.000Z,35.68918,129.12640,74,1500,1052.60,false,ok
GLV-T11,TRIP-GLV-T11-01,2026-08-01T12:04:00.000Z,35.69051,129.12714,73,1500,1054.94,false,ok
GLV-T11,TRIP-GLV-T11-01,2026-08-01T12:06:00.000Z,35.69185,129.12788,72,1500,1057.27,false,ok
GLV-T11,TRIP-GLV-T11-01,2026-08-01T12:08:00.000Z,35.69318,129.12862,70,1500,1059.61,false,ok
GLV-T11,TRIP-GLV-T11-01,2026-08-01T12:10:00.000Z,35.69451,129.12935,69,1500,1061.94,false,ok
GLV-T11,TRIP-GLV-T11-01,2026-08-01T12:12:00.000Z,35.69585,129.13009,67,1500,1064.27,false,ok
GLV-T11,TRIP-GLV-T11-01,2026-08-01T12:14:00.000Z,35.69718,129.13083,66,1500,1066.61,false,ok
GLV-T11,TRIP-GLV-T11-01,2026-08-01T12:16:00.000Z,35.69851,129.13157,64,1500,1068.94,false,ok
GLV-T11,TRIP-GLV-T11-01,2026-08-01T12:18:00.000Z,35.69985,129.13231,63,1500,1071.27,false,ok
GLV-T11,TRIP-GLV-T11-01,2026-08-01T12:20:00.000Z,35.70118,129.13304,62,1500,1073.61,false,ok
GLV-T11,TRIP-GLV-T11-01,2026-08-01T12:22:00.000Z,35.70251,129.13378,61,1500,1075.94,false,ok
GLV-T11,TRIP-GLV-T11-01,2026-08-01T12:24:00.000Z,35.70384,129.13452,60,1500,1078.28,false,ok
GLV-T11,TRIP-GLV-T11-01,2026-08-01T12:26:00.000Z,35.70518,129.13526,60,1500,1080.61,false,ok
GLV-T11,TRIP-GLV-T11-01,2026-08-01T12:28:00.000Z,35.70651,129.13599,60,1500,1082.94,false,ok
GLV-T11,TRIP-GLV-T11-01,2026-08-01T12:30:00.000Z,35.70784,129.13673,60,1500,1085.28,false,ok
GLV-T11,TRIP-GLV-T11-01,2026-08-01T12:32:00.000Z,35.70918,129.13747,61,1500,1087.61,false,ok
GLV-T11,TRIP-GLV-T11-01,2026-08-01T12:34:00.000Z,35.71051,129.13821,62,1500,1089.95,false,ok
GLV-T11,TRIP-GLV-T11-01,2026-08-01T12:36:00.000Z,35.71184,129.13894,63,1500,1092.28,false,ok
GLV-T11,TRIP-GLV-T11-01,2026-08-01T12:38:00.000Z,35.71318,129.13968,65,1500,1094.61,false,ok
GLV-T11,TRIP-GLV-T11-01,2026-08-01T12:40:00.000Z,35.71451,129.14042,66,1500,1096.95,false,ok
GLV-T11,TRIP-GLV-T11-01,2026-08-01T12:42:00.000Z,35.71584,129.14116,68,1500,1099.28,false,ok
GLV-T11,TRIP-GLV-T11-01,2026-08-01T12:44:00.000Z,35.71718,129.14190,69,1500,1101.62,false,ok
GLV-T11,TRIP-GLV-T11-01,2026-08-01T12:46:00.000Z,35.71851,129.14263,71,1500,1103.95,false,ok
GLV-T11,TRIP-GLV-T11-01,2026-08-01T12:48:00.000Z,35.71984,129.14337,72,1500,1106.28,false,ok
GLV-T11,TRIP-GLV-T11-01,2026-08-01T12:50:00.000Z,35.72118,129.14411,73,1500,1108.62,false,ok
GLV-T11,TRIP-GLV-T11-01,2026-08-01T12:52:00.000Z,35.72251,129.14485,75,1500,1110.95,false,ok
GLV-T11,TRIP-GLV-T11-01,2026-08-01T12:54:00.000Z,35.72384,129.14558,75,1500,1113.29,false,ok
GLV-T11,TRIP-GLV-T11-01,2026-08-01T12:56:00.000Z,35.72518,129.14632,76,1500,1115.62,false,ok
GLV-T11,TRIP-GLV-T11-01,2026-08-01T12:58:00.000Z,35.72651,129.14706,76,1500,1117.95,false,ok
GLV-T11,TRIP-GLV-T11-01,2026-08-01T13:00:00.000Z,35.72784,129.14780,76,1500,1120.29,false,ok
GLV-T11,TRIP-GLV-T11-01,2026-08-01T13:02:00.000Z,35.72918,129.14853,75,1500,1122.62,false,ok
GLV-T11,TRIP-GLV-T11-01,2026-08-01T13:04:00.000Z,35.73051,129.14927,75,1500,1124.96,false,ok
GLV-T11,TRIP-GLV-T11-01,2026-08-01T13:06:00.000Z,35.73184,129.15001,74,1500,1127.29,false,ok
GLV-T11,TRIP-GLV-T11-01,2026-08-01T13:08:00.000Z,35.73318,129.15075,72,1500,1129.62,false,ok
GLV-T11,TRIP-GLV-T11-01,2026-08-01T13:10:00.000Z,35.73451,129.15149,71,1500,1131.96,false,ok
GLV-T11,TRIP-GLV-T11-01,2026-08-01T13:12:00.000Z,35.73584,129.15222,70,1500,1134.29,false,ok
GLV-T11,TRIP-GLV-T11-01,2026-08-01T13:14:00.000Z,35.73718,129.15296,68,1500,1136.62,false,ok
GLV-T11,TRIP-GLV-T11-01,2026-08-01T13:16:00.000Z,35.73851,129.15370,66,1500,1138.96,false,ok
GLV-T11,TRIP-GLV-T11-01,2026-08-01T13:18:00.000Z,35.73984,129.15444,65,1500,1141.29,false,ok
GLV-T11,TRIP-GLV-T11-01,2026-08-01T13:20:00.000Z,35.74117,129.15517,63,1500,1143.63,false,ok
GLV-T11,TRIP-GLV-T11-01,2026-08-01T13:22:00.000Z,35.74251,129.15591,62,1500,1145.96,false,ok
GLV-T11,TRIP-GLV-T11-01,2026-08-01T13:24:00.000Z,35.74384,129.15665,61,1500,1148.29,false,ok
GLV-T11,TRIP-GLV-T11-01,2026-08-01T13:26:00.000Z,35.74517,129.15739,61,1500,1150.63,false,ok
GLV-T11,TRIP-GLV-T11-01,2026-08-01T13:28:00.000Z,35.74651,129.15812,60,1500,1152.96,false,ok
GLV-T11,TRIP-GLV-T11-01,2026-08-01T13:30:00.000Z,35.74784,129.15886,60,1500,1155.30,false,ok
GLV-T11,TRIP-GLV-T11-01,2026-08-01T13:32:00.000Z,35.74917,129.15960,60,1500,1157.63,false,ok
GLV-T11,TRIP-GLV-T11-01,2026-08-01T13:34:00.000Z,35.75051,129.16034,61,1500,1159.96,false,ok
GLV-T11,TRIP-GLV-T11-01,2026-08-01T13:36:00.000Z,35.75184,129.16108,62,1500,1162.30,false,ok
GLV-T11,TRIP-GLV-T11-01,2026-08-01T13:38:00.000Z,35.75317,129.16181,63,1500,1164.63,false,ok
GLV-T11,TRIP-GLV-T11-01,2026-08-01T13:40:00.000Z,35.75451,129.16255,64,1500,1166.97,false,ok
GLV-T11,TRIP-GLV-T11-01,2026-08-01T13:42:00.000Z,35.75584,129.16329,65,1500,1169.30,false,ok
GLV-T11,TRIP-GLV-T11-01,2026-08-01T13:44:00.000Z,35.75717,129.16403,67,1500,1171.63,false,ok
GLV-T11,TRIP-GLV-T11-01,2026-08-01T13:46:00.000Z,35.75851,129.16476,69,1500,1173.97,false,ok
GLV-T11,TRIP-GLV-T11-01,2026-08-01T13:48:00.000Z,35.75984,129.16550,70,1500,1176.30,false,ok
GLV-T11,TRIP-GLV-T11-01,2026-08-01T13:50:00.000Z,35.76117,129.16624,72,1500,1178.64,false,ok
GLV-T11,TRIP-GLV-T11-01,2026-08-01T13:52:00.000Z,35.76251,129.16698,73,1500,1180.97,false,ok
GLV-T11,TRIP-GLV-T11-01,2026-08-01T13:54:00.000Z,35.76384,129.16771,74,1500,1183.30,false,ok
GLV-T11,TRIP-GLV-T11-01,2026-08-01T13:56:00.000Z,35.76517,129.16845,75,1500,1185.64,false,ok
GLV-T11,TRIP-GLV-T11-01,2026-08-01T13:58:00.000Z,35.76651,129.16919,76,1500,1187.97,false,ok
GLV-T11,TRIP-GLV-T11-01,2026-08-01T14:00:00.000Z,35.76784,129.16993,76,1500,1190.31,false,ok
GLV-T11,TRIP-GLV-T11-01,2026-08-01T14:02:00.000Z,35.76917,129.17067,76,1500,1192.64,false,ok
GLV-T11,TRIP-GLV-T11-01,2026-08-01T14:04:00.000Z,35.77051,129.17140,76,1500,1194.97,false,ok
GLV-T11,TRIP-GLV-T11-01,2026-08-01T14:06:00.000Z,35.77184,129.17214,75,1500,1197.31,false,ok
GLV-T11,TRIP-GLV-T11-01,2026-08-01T14:08:00.000Z,35.77317,129.17288,74,1500,1199.64,false,ok
GLV-T11,TRIP-GLV-T11-01,2026-08-01T14:10:00.000Z,35.77451,129.17362,73,1500,1201.97,false,ok
GLV-T11,TRIP-GLV-T11-01,2026-08-01T14:12:00.000Z,35.77584,129.17435,72,1500,1204.31,false,ok
GLV-T11,TRIP-GLV-T11-01,2026-08-01T14:14:00.000Z,35.77717,129.17509,70,1500,1206.64,false,ok
GLV-T11,TRIP-GLV-T11-01,2026-08-01T14:16:00.000Z,35.77850,129.17583,69,1500,1208.98,false,ok
GLV-T11,TRIP-GLV-T11-01,2026-08-01T14:18:00.000Z,35.77984,129.17657,67,1500,1211.31,false,ok
GLV-T11,TRIP-GLV-T11-01,2026-08-01T14:20:00.000Z,35.78117,129.17731,65,1500,1213.64,false,ok
GLV-T11,TRIP-GLV-T11-01,2026-08-01T14:22:00.000Z,35.78250,129.17804,64,1500,1215.98,false,ok
GLV-T11,TRIP-GLV-T11-01,2026-08-01T14:24:00.000Z,35.78384,129.17878,63,1500,1218.31,false,ok
GLV-T11,TRIP-GLV-T11-01,2026-08-01T14:26:00.000Z,35.78517,129.17952,62,1500,1220.65,false,ok
GLV-T11,TRIP-GLV-T11-01,2026-08-01T14:28:00.000Z,35.78650,129.18026,61,1500,1222.98,false,ok
GLV-T11,TRIP-GLV-T11-01,2026-08-01T14:30:00.000Z,35.78784,129.18099,60,1500,1225.31,false,ok
GLV-T11,TRIP-GLV-T11-01,2026-08-01T14:32:00.000Z,35.78917,129.18173,60,1500,1227.65,false,ok
GLV-T11,TRIP-GLV-T11-01,2026-08-01T14:34:00.000Z,35.79050,129.18247,60,1500,1229.98,false,ok
GLV-T11,TRIP-GLV-T11-01,2026-08-01T14:36:00.000Z,35.79184,129.18321,61,1500,1232.32,false,ok
GLV-T11,TRIP-GLV-T11-01,2026-08-01T14:38:00.000Z,35.79317,129.18394,61,1500,1234.65,false,ok
GLV-T11,TRIP-GLV-T11-01,2026-08-01T14:40:00.000Z,35.79450,129.18468,62,1500,1236.98,false,ok
GLV-T11,TRIP-GLV-T11-01,2026-08-01T14:42:00.000Z,35.79584,129.18542,63,1500,1239.32,false,ok
GLV-T11,TRIP-GLV-T11-01,2026-08-01T14:44:00.000Z,35.79717,129.18616,65,1500,1241.65,false,ok
GLV-T11,TRIP-GLV-T11-01,2026-08-01T14:46:00.000Z,35.79850,129.18690,66,1500,1243.99,false,ok
GLV-T11,TRIP-GLV-T11-01,2026-08-01T14:48:00.000Z,35.79984,129.18763,68,1500,1246.32,false,ok
GLV-T11,TRIP-GLV-T11-01,2026-08-01T14:50:00.000Z,35.80117,129.18837,69,1500,1248.65,false,ok
GLV-T11,TRIP-GLV-T11-01,2026-08-01T14:52:00.000Z,35.80250,129.18911,71,1500,1250.99,false,ok
GLV-T11,TRIP-GLV-T11-01,2026-08-01T14:54:00.000Z,35.80384,129.18985,72,1500,1253.32,false,ok
GLV-T11,TRIP-GLV-T11-01,2026-08-01T14:56:00.000Z,35.80517,129.19058,74,1500,1255.66,false,ok
GLV-T11,TRIP-GLV-T11-01,2026-08-01T14:58:00.000Z,35.80650,129.19132,75,1500,1257.99,false,ok
GLV-T11,TRIP-GLV-T11-01,2026-08-01T15:00:00.000Z,35.80784,129.19206,75,1500,1260.32,false,ok
GLV-T11,TRIP-GLV-T11-01,2026-08-01T15:02:00.000Z,35.80917,129.19280,76,1500,1262.66,false,ok
GLV-T11,TRIP-GLV-T11-01,2026-08-01T15:04:00.000Z,35.81050,129.19353,76,1500,1264.99,false,ok
GLV-T11,TRIP-GLV-T11-01,2026-08-01T15:06:00.000Z,35.81184,129.19427,76,1500,1267.32,false,ok
GLV-T11,TRIP-GLV-T11-01,2026-08-01T15:08:00.000Z,35.81317,129.19501,75,1500,1269.66,false,ok
GLV-T11,TRIP-GLV-T11-01,2026-08-01T15:10:00.000Z,35.81450,129.19575,75,1500,1271.99,false,ok
GLV-T11,TRIP-GLV-T11-01,2026-08-01T15:12:00.000Z,35.81583,129.19649,73,1500,1274.33,false,ok
GLV-T11,TRIP-GLV-T11-01,2026-08-01T15:14:00.000Z,35.81717,129.19722,72,1500,1276.66,false,ok
GLV-T11,TRIP-GLV-T11-01,2026-08-01T15:16:00.000Z,35.81850,129.19796,71,1500,1278.99,false,ok
GLV-T11,TRIP-GLV-T11-01,2026-08-01T15:18:00.000Z,35.81983,129.19870,69,1500,1281.33,false,ok
GLV-T11,TRIP-GLV-T11-01,2026-08-01T15:20:00.000Z,35.82117,129.19944,68,1500,1283.66,false,ok
GLV-T11,TRIP-GLV-T11-01,2026-08-01T15:22:00.000Z,35.82250,129.20017,66,1500,1286.00,false,ok
GLV-T11,TRIP-GLV-T11-01,2026-08-01T15:24:00.000Z,35.82383,129.20091,65,1500,1288.33,false,ok
GLV-T11,TRIP-GLV-T11-01,2026-08-01T15:26:00.000Z,35.82517,129.20165,63,1500,1290.66,false,ok
GLV-T11,TRIP-GLV-T11-01,2026-08-01T15:28:00.000Z,35.82650,129.20239,62,1500,1293.00,false,ok
GLV-T11,TRIP-GLV-T11-01,2026-08-01T15:30:00.000Z,35.82783,129.20312,61,1500,1295.33,false,ok
GLV-T11,TRIP-GLV-T11-01,2026-08-01T15:32:00.000Z,35.82917,129.20386,60,1500,1297.67,false,ok
GLV-T11,TRIP-GLV-T11-01,2026-08-01T15:34:00.000Z,35.83050,129.20460,60,1500,1300.00,false,ok
GLV-T11,TRIP-GLV-T11-01,2026-08-01T01:00:00.000Z,35.83050,129.20460,68,1500,1300.00,true,ok
GLV-T11,TRIP-GLV-T11-01,2026-08-01T01:02:00.000Z,35.82917,129.20386,70,1500,1302.33,true,ok
GLV-T11,TRIP-GLV-T11-01,2026-08-01T01:04:00.000Z,35.82783,129.20312,71,1500,1304.67,true,ok
GLV-T11,TRIP-GLV-T11-01,2026-08-01T01:06:00.000Z,35.82650,129.20239,73,1500,1307.00,true,ok
GLV-T11,TRIP-GLV-T11-01,2026-08-01T01:08:00.000Z,35.82517,129.20165,74,1500,1309.34,true,ok
GLV-T11,TRIP-GLV-T11-01,2026-08-01T01:10:00.000Z,35.82383,129.20091,75,1500,1311.67,true,ok
GLV-T11,TRIP-GLV-T11-01,2026-08-01T01:12:00.000Z,35.82250,129.20017,75,1500,1314.00,true,ok
GLV-T11,TRIP-GLV-T11-01,2026-08-01T01:14:00.000Z,35.82117,129.19944,76,1500,1316.34,true,ok
GLV-T11,TRIP-GLV-T11-01,2026-08-01T01:16:00.000Z,35.81983,129.19870,76,1500,1318.67,true,ok
GLV-T11,TRIP-GLV-T11-01,2026-08-01T01:18:00.000Z,35.81850,129.19796,76,1500,1321.01,true,ok
GLV-T11,TRIP-GLV-T11-01,2026-08-01T01:20:00.000Z,35.81717,129.19722,75,1500,1323.34,true,ok
GLV-T11,TRIP-GLV-T11-01,2026-08-01T01:22:00.000Z,35.81583,129.19649,74,1500,1325.67,true,ok
GLV-T11,TRIP-GLV-T11-01,2026-08-01T01:24:00.000Z,35.81450,129.19575,73,1500,1328.01,true,ok
GLV-T11,TRIP-GLV-T11-01,2026-08-01T01:26:00.000Z,35.81317,129.19501,72,1500,1330.34,true,ok
GLV-T11,TRIP-GLV-T11-01,2026-08-01T01:28:00.000Z,35.81184,129.19427,71,1500,1332.68,true,ok
GLV-T11,TRIP-GLV-T11-01,2026-08-01T01:30:00.000Z,35.81050,129.19353,69,1500,1335.01,true,ok
GLV-T11,TRIP-GLV-T11-01,2026-08-01T01:32:00.000Z,35.80917,129.19280,68,1500,1337.34,true,ok
GLV-T11,TRIP-GLV-T11-01,2026-08-01T01:34:00.000Z,35.80784,129.19206,66,1500,1339.68,true,ok
GLV-T11,TRIP-GLV-T11-01,2026-08-01T01:36:00.000Z,35.80650,129.19132,64,1500,1342.01,true,ok
GLV-T11,TRIP-GLV-T11-01,2026-08-01T01:38:00.000Z,35.80517,129.19058,63,1500,1344.34,true,ok
GLV-T11,TRIP-GLV-T11-01,2026-08-01T01:40:00.000Z,35.80384,129.18985,62,1500,1346.68,true,ok
GLV-T11,TRIP-GLV-T11-01,2026-08-01T01:42:00.000Z,35.80250,129.18911,61,1500,1349.01,true,ok
GLV-T11,TRIP-GLV-T11-01,2026-08-01T01:44:00.000Z,35.80117,129.18837,60,1500,1351.35,true,ok
GLV-T11,TRIP-GLV-T11-01,2026-08-01T01:46:00.000Z,35.79984,129.18763,60,1500,1353.68,true,ok
GLV-T11,TRIP-GLV-T11-01,2026-08-01T01:48:00.000Z,35.79850,129.18690,60,1500,1356.01,true,ok
GLV-T11,TRIP-GLV-T11-01,2026-08-01T01:50:00.000Z,35.79717,129.18616,60,1500,1358.35,true,ok
GLV-T11,TRIP-GLV-T11-01,2026-08-01T01:52:00.000Z,35.79584,129.18542,61,1500,1360.68,true,ok
GLV-T11,TRIP-GLV-T11-01,2026-08-01T01:54:00.000Z,35.79450,129.18468,62,1500,1363.02,true,ok
GLV-T11,TRIP-GLV-T11-01,2026-08-01T01:56:00.000Z,35.79317,129.18394,63,1500,1365.35,true,ok
GLV-T11,TRIP-GLV-T11-01,2026-08-01T01:58:00.000Z,35.79184,129.18321,64,1500,1367.68,true,ok
GLV-T11,TRIP-GLV-T11-01,2026-08-01T02:00:00.000Z,35.79050,129.18247,66,1500,1370.02,true,ok
GLV-T11,TRIP-GLV-T11-01,2026-08-01T02:02:00.000Z,35.78917,129.18173,67,1500,1372.35,true,ok
GLV-T11,TRIP-GLV-T11-01,2026-08-01T02:04:00.000Z,35.78784,129.18099,69,1500,1374.69,true,ok
GLV-T11,TRIP-GLV-T11-01,2026-08-01T02:06:00.000Z,35.78650,129.18026,70,1500,1377.02,true,ok
GLV-T11,TRIP-GLV-T11-01,2026-08-01T02:08:00.000Z,35.78517,129.17952,72,1500,1379.35,true,ok
GLV-T11,TRIP-GLV-T11-01,2026-08-01T02:10:00.000Z,35.78384,129.17878,73,1500,1381.69,true,ok
GLV-T11,TRIP-GLV-T11-01,2026-08-01T02:12:00.000Z,35.78250,129.17804,74,1500,1384.02,true,ok
GLV-T11,TRIP-GLV-T11-01,2026-08-01T02:14:00.000Z,35.78117,129.17731,75,1500,1386.36,true,ok
GLV-T11,TRIP-GLV-T11-01,2026-08-01T02:16:00.000Z,35.77984,129.17657,76,1500,1388.69,true,ok
GLV-T11,TRIP-GLV-T11-01,2026-08-01T02:18:00.000Z,35.77850,129.17583,76,1500,1391.02,true,ok
GLV-T11,TRIP-GLV-T11-01,2026-08-01T02:20:00.000Z,35.77717,129.17509,76,1500,1393.36,true,ok
GLV-T11,TRIP-GLV-T11-01,2026-08-01T02:22:00.000Z,35.77584,129.17435,76,1500,1395.69,true,ok
GLV-T11,TRIP-GLV-T11-01,2026-08-01T02:24:00.000Z,35.77451,129.17362,75,1500,1398.03,true,ok
GLV-T11,TRIP-GLV-T11-01,2026-08-01T02:26:00.000Z,35.77317,129.17288,74,1500,1400.36,true,ok
GLV-T11,TRIP-GLV-T11-01,2026-08-01T02:28:00.000Z,35.77184,129.17214,73,1500,1402.69,true,ok
GLV-T11,TRIP-GLV-T11-01,2026-08-01T02:30:00.000Z,35.77051,129.17140,71,1500,1405.03,true,ok
GLV-T11,TRIP-GLV-T11-01,2026-08-01T02:32:00.000Z,35.76917,129.17067,70,1500,1407.36,true,ok
GLV-T11,TRIP-GLV-T11-01,2026-08-01T02:34:00.000Z,35.76784,129.16993,68,1500,1409.69,true,ok
GLV-T11,TRIP-GLV-T11-01,2026-08-01T02:36:00.000Z,35.76651,129.16919,67,1500,1412.03,true,ok
GLV-T11,TRIP-GLV-T11-01,2026-08-01T02:38:00.000Z,35.76517,129.16845,65,1500,1414.36,true,ok
GLV-T11,TRIP-GLV-T11-01,2026-08-01T02:40:00.000Z,35.76384,129.16771,64,1500,1416.70,true,ok
GLV-T11,TRIP-GLV-T11-01,2026-08-01T02:42:00.000Z,35.76251,129.16698,62,1500,1419.03,true,ok
GLV-T11,TRIP-GLV-T11-01,2026-08-01T02:44:00.000Z,35.76117,129.16624,61,1500,1421.36,true,ok
GLV-T11,TRIP-GLV-T11-01,2026-08-01T02:46:00.000Z,35.75984,129.16550,61,1500,1423.70,true,ok
GLV-T11,TRIP-GLV-T11-01,2026-08-01T02:48:00.000Z,35.75851,129.16476,60,1500,1426.03,true,ok
GLV-T11,TRIP-GLV-T11-01,2026-08-01T02:50:00.000Z,35.75717,129.16403,60,1500,1428.37,true,ok
GLV-T11,TRIP-GLV-T11-01,2026-08-01T02:52:00.000Z,35.75584,129.16329,60,1500,1430.70,true,ok
GLV-T11,TRIP-GLV-T11-01,2026-08-01T02:54:00.000Z,35.75451,129.16255,61,1500,1433.03,true,ok
GLV-T11,TRIP-GLV-T11-01,2026-08-01T02:56:00.000Z,35.75317,129.16181,61,1500,1435.37,true,ok
GLV-T11,TRIP-GLV-T11-01,2026-08-01T02:58:00.000Z,35.75184,129.16108,62,1500,1437.70,true,ok
GLV-T11,TRIP-GLV-T11-01,2026-08-01T03:00:00.000Z,35.75051,129.16034,64,1500,1440.04,true,ok
GLV-T11,TRIP-GLV-T11-01,2026-08-01T03:02:00.000Z,35.74917,129.15960,65,1500,1442.37,true,ok
GLV-T11,TRIP-GLV-T11-01,2026-08-01T03:04:00.000Z,35.74784,129.15886,67,1500,1444.70,true,ok
GLV-T11,TRIP-GLV-T11-01,2026-08-01T03:06:00.000Z,35.74651,129.15812,68,1500,1447.04,true,ok
GLV-T11,TRIP-GLV-T11-01,2026-08-01T03:08:00.000Z,35.74517,129.15739,70,1500,1449.37,true,ok
GLV-T11,TRIP-GLV-T11-01,2026-08-01T03:10:00.000Z,35.74384,129.15665,71,1500,1451.71,true,ok
GLV-T11,TRIP-GLV-T11-01,2026-08-01T03:12:00.000Z,35.74251,129.15591,73,1500,1454.04,true,ok
GLV-T11,TRIP-GLV-T11-01,2026-08-01T03:14:00.000Z,35.74117,129.15517,74,1500,1456.37,true,ok
GLV-T11,TRIP-GLV-T11-01,2026-08-01T03:16:00.000Z,35.73984,129.15444,75,1500,1458.71,true,ok
GLV-T11,TRIP-GLV-T11-01,2026-08-01T03:18:00.000Z,35.73851,129.15370,76,1500,1461.04,true,ok
GLV-T11,TRIP-GLV-T11-01,2026-08-01T03:20:00.000Z,35.73718,129.15296,76,1500,1463.38,true,ok
GLV-T11,TRIP-GLV-T11-01,2026-08-01T03:22:00.000Z,35.73584,129.15222,76,1500,1465.71,true,ok
GLV-T11,TRIP-GLV-T11-01,2026-08-01T03:24:00.000Z,35.73451,129.15149,76,1500,1468.04,true,ok
GLV-T11,TRIP-GLV-T11-01,2026-08-01T03:26:00.000Z,35.73318,129.15075,75,1500,1470.38,true,ok
GLV-T11,TRIP-GLV-T11-01,2026-08-01T03:28:00.000Z,35.73184,129.15001,74,1500,1472.71,true,ok
GLV-T11,TRIP-GLV-T11-01,2026-08-01T03:30:00.000Z,35.73051,129.14927,73,1500,1475.04,true,ok
GLV-T11,TRIP-GLV-T11-01,2026-08-01T03:32:00.000Z,35.72918,129.14853,72,1500,1477.38,true,ok
GLV-T11,TRIP-GLV-T11-01,2026-08-01T03:34:00.000Z,35.72784,129.14780,70,1500,1479.71,true,ok
GLV-T11,TRIP-GLV-T11-01,2026-08-01T03:36:00.000Z,35.72651,129.14706,69,1500,1482.05,true,ok
GLV-T11,TRIP-GLV-T11-01,2026-08-01T03:38:00.000Z,35.72518,129.14632,67,1500,1484.38,true,ok
GLV-T11,TRIP-GLV-T11-01,2026-08-01T03:40:00.000Z,35.72384,129.14558,66,1500,1486.71,true,ok
GLV-T11,TRIP-GLV-T11-01,2026-08-01T03:42:00.000Z,35.72251,129.14485,64,1500,1489.05,true,ok
GLV-T11,TRIP-GLV-T11-01,2026-08-01T03:44:00.000Z,35.72118,129.14411,63,1500,1491.38,true,ok
GLV-T11,TRIP-GLV-T11-01,2026-08-01T03:46:00.000Z,35.71984,129.14337,62,1500,1493.72,true,ok
GLV-T11,TRIP-GLV-T11-01,2026-08-01T03:48:00.000Z,35.71851,129.14263,61,1500,1496.05,true,ok
GLV-T11,TRIP-GLV-T11-01,2026-08-01T03:50:00.000Z,35.71718,129.14190,60,1500,1498.38,true,ok
GLV-T11,TRIP-GLV-T11-01,2026-08-01T03:52:00.000Z,35.71584,129.14116,60,1500,1500.72,true,ok
GLV-T11,TRIP-GLV-T11-01,2026-08-01T03:54:00.000Z,35.71451,129.14042,60,1500,1503.05,true,ok
GLV-T11,TRIP-GLV-T11-01,2026-08-01T03:56:00.000Z,35.71318,129.13968,60,1500,1505.39,true,ok
GLV-T11,TRIP-GLV-T11-01,2026-08-01T03:58:00.000Z,35.71184,129.13894,61,1500,1507.72,true,ok
GLV-T11,TRIP-GLV-T11-01,2026-08-01T04:00:00.000Z,35.71051,129.13821,62,1500,1510.05,true,ok
GLV-T11,TRIP-GLV-T11-01,2026-08-01T04:02:00.000Z,35.70918,129.13747,63,1500,1512.39,true,ok
GLV-T11,TRIP-GLV-T11-01,2026-08-01T04:04:00.000Z,35.70784,129.13673,65,1500,1514.72,true,ok
GLV-T11,TRIP-GLV-T11-01,2026-08-01T04:06:00.000Z,35.70651,129.13599,66,1500,1517.06,true,ok
GLV-T11,TRIP-GLV-T11-01,2026-08-01T04:08:00.000Z,35.70518,129.13526,68,1500,1519.39,true,ok
GLV-T11,TRIP-GLV-T11-01,2026-08-01T04:10:00.000Z,35.70384,129.13452,69,1500,1521.72,true,ok
GLV-T11,TRIP-GLV-T11-01,2026-08-01T04:12:00.000Z,35.70251,129.13378,71,1500,1524.06,true,ok
GLV-T11,TRIP-GLV-T11-01,2026-08-01T04:14:00.000Z,35.70118,129.13304,72,1500,1526.39,true,ok
GLV-T11,TRIP-GLV-T11-01,2026-08-01T04:16:00.000Z,35.69985,129.13231,73,1500,1528.73,true,ok
GLV-T11,TRIP-GLV-T11-01,2026-08-01T04:18:00.000Z,35.69851,129.13157,75,1500,1531.06,true,ok
GLV-T11,TRIP-GLV-T11-01,2026-08-01T04:20:00.000Z,35.69718,129.13083,75,1500,1533.39,true,ok
GLV-T11,TRIP-GLV-T11-01,2026-08-01T04:22:00.000Z,35.69585,129.13009,76,1500,1535.73,true,ok
GLV-T11,TRIP-GLV-T11-01,2026-08-01T04:24:00.000Z,35.69451,129.12935,76,1500,1538.06,true,ok
GLV-T11,TRIP-GLV-T11-01,2026-08-01T04:26:00.000Z,35.69318,129.12862,76,1500,1540.39,true,ok
GLV-T11,TRIP-GLV-T11-01,2026-08-01T04:28:00.000Z,35.69185,129.12788,75,1500,1542.73,true,ok
GLV-T11,TRIP-GLV-T11-01,2026-08-01T04:30:00.000Z,35.69051,129.12714,75,1500,1545.06,true,ok
GLV-T11,TRIP-GLV-T11-01,2026-08-01T04:32:00.000Z,35.68918,129.12640,74,1500,1547.40,true,ok
GLV-T11,TRIP-GLV-T11-01,2026-08-01T04:34:00.000Z,35.68785,129.12567,72,1500,1549.73,true,ok
GLV-T11,TRIP-GLV-T11-01,2026-08-01T04:36:00.000Z,35.68651,129.12493,71,1500,1552.06,true,ok
GLV-T11,TRIP-GLV-T11-01,2026-08-01T04:38:00.000Z,35.68518,129.12419,70,1500,1554.40,true,ok
GLV-T11,TRIP-GLV-T11-01,2026-08-01T04:40:00.000Z,35.68385,129.12345,68,1500,1556.73,true,ok
GLV-T11,TRIP-GLV-T11-01,2026-08-01T04:42:00.000Z,35.68251,129.12272,66,1500,1559.07,true,ok
GLV-T11,TRIP-GLV-T11-01,2026-08-01T04:44:00.000Z,35.68118,129.12198,65,1500,1561.40,true,ok
GLV-T11,TRIP-GLV-T11-01,2026-08-01T04:46:00.000Z,35.67985,129.12124,63,1500,1563.73,true,ok
GLV-T11,TRIP-GLV-T11-01,2026-08-01T04:48:00.000Z,35.67851,129.12050,62,1500,1566.07,true,ok
GLV-T11,TRIP-GLV-T11-01,2026-08-01T04:50:00.000Z,35.67718,129.11976,61,1500,1568.40,true,ok
GLV-T11,TRIP-GLV-T11-01,2026-08-01T04:52:00.000Z,35.67585,129.11903,61,1500,1570.74,true,ok
GLV-T11,TRIP-GLV-T11-01,2026-08-01T04:54:00.000Z,35.67451,129.11829,60,1500,1573.07,true,ok
GLV-T11,TRIP-GLV-T11-01,2026-08-01T04:56:00.000Z,35.67318,129.11755,60,1500,1575.40,true,ok
GLV-T11,TRIP-GLV-T11-01,2026-08-01T04:58:00.000Z,35.67185,129.11681,60,1500,1577.74,true,ok
GLV-T11,TRIP-GLV-T11-01,2026-08-01T05:00:00.000Z,35.67051,129.11608,61,1500,1580.07,true,ok
GLV-T11,TRIP-GLV-T11-01,2026-08-01T05:02:00.000Z,35.66918,129.11534,62,1500,1582.41,true,ok
GLV-T11,TRIP-GLV-T11-01,2026-08-01T05:04:00.000Z,35.66785,129.11460,63,1500,1584.74,true,ok
GLV-T11,TRIP-GLV-T11-01,2026-08-01T05:06:00.000Z,35.66651,129.11386,64,1500,1587.07,true,ok
GLV-T11,TRIP-GLV-T11-01,2026-08-01T05:08:00.000Z,35.66518,129.11312,65,1500,1589.41,true,ok
GLV-T11,TRIP-GLV-T11-01,2026-08-01T05:10:00.000Z,35.66385,129.11239,67,1500,1591.74,true,ok
GLV-T11,TRIP-GLV-T11-01,2026-08-01T05:12:00.000Z,35.66252,129.11165,69,1500,1594.08,true,ok
GLV-T11,TRIP-GLV-T11-01,2026-08-01T05:14:00.000Z,35.66118,129.11091,70,1500,1596.41,true,ok
GLV-T11,TRIP-GLV-T11-01,2026-08-01T05:16:00.000Z,35.65985,129.11017,72,1500,1598.74,true,ok
GLV-T11,TRIP-GLV-T11-01,2026-08-01T05:18:00.000Z,35.65852,129.10944,73,1500,1601.08,true,ok
GLV-T11,TRIP-GLV-T11-01,2026-08-01T05:20:00.000Z,35.65718,129.10870,74,1500,1603.41,true,ok
GLV-T11,TRIP-GLV-T11-01,2026-08-01T05:22:00.000Z,35.65585,129.10796,75,1500,1605.75,true,ok
GLV-T11,TRIP-GLV-T11-01,2026-08-01T05:24:00.000Z,35.65452,129.10722,76,1500,1608.08,true,ok
GLV-T11,TRIP-GLV-T11-01,2026-08-01T05:26:00.000Z,35.65318,129.10649,76,1500,1610.41,true,ok
GLV-T11,TRIP-GLV-T11-01,2026-08-01T05:28:00.000Z,35.65185,129.10575,76,1500,1612.75,true,ok
GLV-T11,TRIP-GLV-T11-01,2026-08-01T05:30:00.000Z,35.65052,129.10501,76,1500,1615.08,true,ok
GLV-T11,TRIP-GLV-T11-01,2026-08-01T05:32:00.000Z,35.64918,129.10427,75,1500,1617.41,true,ok
GLV-T11,TRIP-GLV-T11-01,2026-08-01T05:34:00.000Z,35.64785,129.10353,74,1500,1619.75,true,ok
GLV-T11,TRIP-GLV-T11-01,2026-08-01T05:36:00.000Z,35.64652,129.10280,73,1500,1622.08,true,ok
GLV-T11,TRIP-GLV-T11-01,2026-08-01T05:38:00.000Z,35.64518,129.10206,72,1500,1624.42,true,ok
GLV-T11,TRIP-GLV-T11-01,2026-08-01T05:40:00.000Z,35.64385,129.10132,70,1500,1626.75,true,ok
GLV-T11,TRIP-GLV-T11-01,2026-08-01T05:42:00.000Z,35.64252,129.10058,69,1500,1629.08,true,ok
GLV-T11,TRIP-GLV-T11-01,2026-08-01T05:44:00.000Z,35.64118,129.09985,67,1500,1631.42,true,ok
GLV-T11,TRIP-GLV-T11-01,2026-08-01T05:46:00.000Z,35.63985,129.09911,65,1500,1633.75,true,ok
GLV-T11,TRIP-GLV-T11-01,2026-08-01T05:48:00.000Z,35.63852,129.09837,64,1500,1636.09,true,ok
GLV-T11,TRIP-GLV-T11-01,2026-08-01T05:50:00.000Z,35.63718,129.09763,63,1500,1638.42,true,ok
GLV-T11,TRIP-GLV-T11-01,2026-08-01T05:52:00.000Z,35.63585,129.09690,62,1500,1640.75,true,ok
GLV-T11,TRIP-GLV-T11-01,2026-08-01T05:54:00.000Z,35.63452,129.09616,61,1500,1643.09,true,ok
GLV-T11,TRIP-GLV-T11-01,2026-08-01T05:56:00.000Z,35.63318,129.09542,60,1500,1645.42,true,ok
GLV-T11,TRIP-GLV-T11-01,2026-08-01T05:58:00.000Z,35.63185,129.09468,60,1500,1647.76,true,ok
GLV-T11,TRIP-GLV-T11-01,2026-08-01T06:00:00.000Z,35.63052,129.09394,60,1500,1650.09,true,ok
GLV-T11,TRIP-GLV-T11-01,2026-08-01T06:02:00.000Z,35.62918,129.09321,60,1500,1652.42,true,ok
GLV-T11,TRIP-GLV-T11-01,2026-08-01T06:04:00.000Z,35.62785,129.09247,61,1500,1654.76,true,ok
GLV-T11,TRIP-GLV-T11-01,2026-08-01T06:06:00.000Z,35.62652,129.09173,62,1500,1657.09,true,ok
GLV-T11,TRIP-GLV-T11-01,2026-08-01T06:08:00.000Z,35.62519,129.09099,63,1500,1659.43,true,ok
GLV-T11,TRIP-GLV-T11-01,2026-08-01T06:10:00.000Z,35.62385,129.09026,65,1500,1661.76,true,ok
GLV-T11,TRIP-GLV-T11-01,2026-08-01T06:12:00.000Z,35.62252,129.08952,66,1500,1664.09,true,ok
GLV-T11,TRIP-GLV-T11-01,2026-08-01T06:14:00.000Z,35.62119,129.08878,68,1500,1666.43,true,ok
GLV-T11,TRIP-GLV-T11-01,2026-08-01T06:16:00.000Z,35.61985,129.08804,69,1500,1668.76,true,ok
GLV-T11,TRIP-GLV-T11-01,2026-08-01T06:18:00.000Z,35.61852,129.08731,71,1500,1671.10,true,ok
GLV-T11,TRIP-GLV-T11-01,2026-08-01T06:20:00.000Z,35.61719,129.08657,72,1500,1673.43,true,ok
GLV-T11,TRIP-GLV-T11-01,2026-08-01T06:22:00.000Z,35.61585,129.08583,74,1500,1675.76,true,ok
GLV-T11,TRIP-GLV-T11-01,2026-08-01T06:24:00.000Z,35.61452,129.08509,75,1500,1678.10,true,ok
GLV-T11,TRIP-GLV-T11-01,2026-08-01T06:26:00.000Z,35.61319,129.08435,75,1500,1680.43,true,ok
GLV-T11,TRIP-GLV-T11-01,2026-08-01T06:28:00.000Z,35.61185,129.08362,76,1500,1682.76,true,ok
GLV-T11,TRIP-GLV-T11-01,2026-08-01T06:30:00.000Z,35.61052,129.08288,76,1500,1685.10,true,ok
GLV-T11,TRIP-GLV-T11-01,2026-08-01T06:32:00.000Z,35.60919,129.08214,76,1500,1687.43,true,ok
GLV-T11,TRIP-GLV-T11-01,2026-08-01T06:34:00.000Z,35.60785,129.08140,75,1500,1689.77,true,ok
GLV-T11,TRIP-GLV-T11-01,2026-08-01T06:36:00.000Z,35.60652,129.08067,75,1500,1692.10,true,ok
GLV-T11,TRIP-GLV-T11-01,2026-08-01T06:38:00.000Z,35.60519,129.07993,73,1500,1694.43,true,ok
GLV-T11,TRIP-GLV-T11-01,2026-08-01T06:40:00.000Z,35.60385,129.07919,72,1500,1696.77,true,ok
GLV-T11,TRIP-GLV-T11-01,2026-08-01T06:42:00.000Z,35.60252,129.07845,71,1500,1699.10,true,ok
GLV-T11,TRIP-GLV-T11-01,2026-08-01T06:44:00.000Z,35.60119,129.07772,69,1500,1701.44,true,ok
GLV-T11,TRIP-GLV-T11-01,2026-08-01T06:46:00.000Z,35.59985,129.07698,68,1500,1703.77,true,ok
GLV-T11,TRIP-GLV-T11-01,2026-08-01T06:48:00.000Z,35.59852,129.07624,66,1500,1706.10,true,ok
GLV-T11,TRIP-GLV-T11-01,2026-08-01T06:50:00.000Z,35.59719,129.07550,65,1500,1708.44,true,ok
GLV-T11,TRIP-GLV-T11-01,2026-08-01T06:52:00.000Z,35.59585,129.07476,63,1500,1710.77,true,ok
GLV-T11,TRIP-GLV-T11-01,2026-08-01T06:54:00.000Z,35.59452,129.07403,62,1500,1713.11,true,ok
GLV-T11,TRIP-GLV-T11-01,2026-08-01T06:56:00.000Z,35.59319,129.07329,61,1500,1715.44,true,ok
GLV-T11,TRIP-GLV-T11-01,2026-08-01T06:58:00.000Z,35.59185,129.07255,60,1500,1717.77,true,ok
GLV-T11,TRIP-GLV-T11-01,2026-08-01T07:00:00.000Z,35.59052,129.07181,60,1500,1720.11,true,ok
GLV-T11,TRIP-GLV-T11-01,2026-08-01T07:02:00.000Z,35.58919,129.07108,60,1500,1722.44,true,ok
GLV-T11,TRIP-GLV-T11-01,2026-08-01T07:04:00.000Z,35.58786,129.07034,60,1500,1724.78,true,ok
GLV-T11,TRIP-GLV-T11-01,2026-08-01T07:06:00.000Z,35.58652,129.06960,61,1500,1727.11,true,ok
GLV-T11,TRIP-GLV-T11-01,2026-08-01T07:08:00.000Z,35.58519,129.06886,62,1500,1729.44,true,ok
GLV-T11,TRIP-GLV-T11-01,2026-08-01T07:10:00.000Z,35.58386,129.06813,63,1500,1731.78,true,ok
GLV-T11,TRIP-GLV-T11-01,2026-08-01T07:12:00.000Z,35.58252,129.06739,64,1500,1734.11,true,ok
GLV-T11,TRIP-GLV-T11-01,2026-08-01T07:14:00.000Z,35.58119,129.06665,66,1500,1736.45,true,ok
GLV-T11,TRIP-GLV-T11-01,2026-08-01T07:16:00.000Z,35.57986,129.06591,67,1500,1738.78,true,ok
GLV-T11,TRIP-GLV-T11-01,2026-08-01T07:18:00.000Z,35.57852,129.06517,69,1500,1741.11,true,ok
GLV-T11,TRIP-GLV-T11-01,2026-08-01T07:20:00.000Z,35.57719,129.06444,70,1500,1743.45,true,ok
GLV-T11,TRIP-GLV-T11-01,2026-08-01T07:22:00.000Z,35.57586,129.06370,72,1500,1745.78,true,ok
GLV-T11,TRIP-GLV-T11-01,2026-08-01T07:24:00.000Z,35.57452,129.06296,73,1500,1748.11,true,ok
GLV-T11,TRIP-GLV-T11-01,2026-08-01T07:26:00.000Z,35.57319,129.06222,74,1500,1750.45,true,ok
GLV-T11,TRIP-GLV-T11-01,2026-08-01T07:28:00.000Z,35.57186,129.06149,75,1500,1752.78,true,ok
GLV-T11,TRIP-GLV-T11-01,2026-08-01T07:30:00.000Z,35.57052,129.06075,76,1500,1755.12,true,ok
GLV-T11,TRIP-GLV-T11-01,2026-08-01T07:32:00.000Z,35.56919,129.06001,76,1500,1757.45,true,ok
GLV-T11,TRIP-GLV-T11-01,2026-08-01T07:34:00.000Z,35.56786,129.05927,76,1500,1759.78,true,ok
GLV-T11,TRIP-GLV-T11-01,2026-08-01T07:36:00.000Z,35.56652,129.05854,76,1500,1762.12,true,ok
GLV-T11,TRIP-GLV-T11-01,2026-08-01T07:38:00.000Z,35.56519,129.05780,75,1500,1764.45,true,ok
GLV-T11,TRIP-GLV-T11-01,2026-08-01T07:40:00.000Z,35.56386,129.05706,74,1500,1766.79,true,ok
GLV-T11,TRIP-GLV-T11-01,2026-08-01T07:42:00.000Z,35.56252,129.05632,73,1500,1769.12,true,ok
GLV-T11,TRIP-GLV-T11-01,2026-08-01T07:44:00.000Z,35.56119,129.05558,71,1500,1771.45,true,ok
GLV-T11,TRIP-GLV-T11-01,2026-08-01T07:46:00.000Z,35.55986,129.05485,70,1500,1773.79,true,ok
GLV-T11,TRIP-GLV-T11-01,2026-08-01T07:48:00.000Z,35.55852,129.05411,68,1500,1776.12,true,ok
GLV-T11,TRIP-GLV-T11-01,2026-08-01T07:50:00.000Z,35.55719,129.05337,67,1500,1778.46,true,ok
GLV-T11,TRIP-GLV-T11-01,2026-08-01T07:52:00.000Z,35.55586,129.05263,65,1500,1780.79,true,ok
GLV-T11,TRIP-GLV-T11-01,2026-08-01T07:54:00.000Z,35.55452,129.05190,64,1500,1783.12,true,ok
GLV-T11,TRIP-GLV-T11-01,2026-08-01T07:56:00.000Z,35.55319,129.05116,62,1500,1785.46,true,ok
GLV-T11,TRIP-GLV-T11-01,2026-08-01T07:58:00.000Z,35.55186,129.05042,61,1500,1787.79,true,ok
GLV-T11,TRIP-GLV-T11-01,2026-08-01T08:00:00.000Z,35.55053,129.04968,61,1500,1790.13,true,ok
GLV-T11,TRIP-GLV-T11-01,2026-08-01T08:02:00.000Z,35.54919,129.04894,60,1500,1792.46,true,ok
GLV-T11,TRIP-GLV-T11-01,2026-08-01T08:04:00.000Z,35.54786,129.04821,60,1500,1794.79,true,ok
GLV-T11,TRIP-GLV-T11-01,2026-08-01T08:06:00.000Z,35.54653,129.04747,60,1500,1797.13,true,ok
GLV-T11,TRIP-GLV-T11-01,2026-08-01T08:08:00.000Z,35.54519,129.04673,61,1500,1799.46,true,ok
GLV-T11,TRIP-GLV-T11-01,2026-08-01T08:10:00.000Z,35.54386,129.04599,61,1500,1801.80,true,ok
GLV-T11,TRIP-GLV-T11-01,2026-08-01T08:12:00.000Z,35.54253,129.04526,62,1500,1804.13,true,ok
GLV-T11,TRIP-GLV-T11-01,2026-08-01T08:14:00.000Z,35.54119,129.04452,64,1500,1806.46,true,ok
GLV-T11,TRIP-GLV-T11-01,2026-08-01T08:16:00.000Z,35.53986,129.04378,65,1500,1808.80,true,ok
GLV-T11,TRIP-GLV-T11-01,2026-08-01T08:18:00.000Z,35.53853,129.04304,67,1500,1811.13,true,ok
GLV-T11,TRIP-GLV-T11-01,2026-08-01T08:20:00.000Z,35.53719,129.04231,68,1500,1813.46,true,ok
GLV-T11,TRIP-GLV-T11-01,2026-08-01T08:22:00.000Z,35.53586,129.04157,70,1500,1815.80,true,ok
GLV-T11,TRIP-GLV-T11-01,2026-08-01T08:24:00.000Z,35.53453,129.04083,71,1500,1818.13,true,ok
GLV-T11,TRIP-GLV-T11-01,2026-08-01T08:26:00.000Z,35.53319,129.04009,73,1500,1820.47,true,ok
GLV-T11,TRIP-GLV-T11-01,2026-08-01T08:28:00.000Z,35.53186,129.03935,74,1500,1822.80,true,ok
GLV-T11,TRIP-GLV-T11-01,2026-08-01T08:30:00.000Z,35.53053,129.03862,75,1500,1825.13,true,ok
GLV-T11,TRIP-GLV-T11-01,2026-08-01T08:32:00.000Z,35.52919,129.03788,76,1500,1827.47,true,ok
GLV-T11,TRIP-GLV-T11-01,2026-08-01T08:34:00.000Z,35.52786,129.03714,76,1500,1829.80,true,ok
GLV-T11,TRIP-GLV-T11-01,2026-08-01T08:36:00.000Z,35.52653,129.03640,76,1500,1832.14,true,ok
GLV-T11,TRIP-GLV-T11-01,2026-08-01T08:38:00.000Z,35.52519,129.03567,76,1500,1834.47,true,ok
GLV-T11,TRIP-GLV-T11-01,2026-08-01T08:40:00.000Z,35.52386,129.03493,75,1500,1836.80,true,ok
GLV-T11,TRIP-GLV-T11-01,2026-08-01T08:42:00.000Z,35.52253,129.03419,74,1500,1839.14,true,ok
GLV-T11,TRIP-GLV-T11-01,2026-08-01T08:44:00.000Z,35.52119,129.03345,73,1500,1841.47,true,ok
GLV-T11,TRIP-GLV-T11-01,2026-08-01T08:46:00.000Z,35.51986,129.03272,72,1500,1843.81,true,ok
GLV-T11,TRIP-GLV-T11-01,2026-08-01T08:48:00.000Z,35.51853,129.03198,71,1500,1846.14,true,ok
GLV-T11,TRIP-GLV-T11-01,2026-08-01T08:50:00.000Z,35.51719,129.03124,69,1500,1848.47,true,ok
GLV-T11,TRIP-GLV-T11-01,2026-08-01T08:52:00.000Z,35.51586,129.03050,67,1500,1850.81,true,ok
GLV-T11,TRIP-GLV-T11-01,2026-08-01T08:54:00.000Z,35.51453,129.02976,66,1500,1853.14,true,ok
GLV-T11,TRIP-GLV-T11-01,2026-08-01T08:56:00.000Z,35.51320,129.02903,64,1500,1855.48,true,ok
GLV-T11,TRIP-GLV-T11-01,2026-08-01T08:58:00.000Z,35.51186,129.02829,63,1500,1857.81,true,ok
GLV-T11,TRIP-GLV-T11-01,2026-08-01T09:00:00.000Z,35.51053,129.02755,62,1500,1860.14,true,ok
GLV-T11,TRIP-GLV-T11-01,2026-08-01T09:02:00.000Z,35.50920,129.02681,61,1500,1862.48,true,ok
GLV-T11,TRIP-GLV-T11-01,2026-08-01T09:04:00.000Z,35.50786,129.02608,60,1500,1864.81,true,ok
GLV-T11,TRIP-GLV-T11-01,2026-08-01T09:06:00.000Z,35.50653,129.02534,60,1500,1867.15,true,ok
GLV-T11,TRIP-GLV-T11-01,2026-08-01T09:08:00.000Z,35.50520,129.02460,60,1500,1869.48,true,ok
GLV-T11,TRIP-GLV-T11-01,2026-08-01T09:10:00.000Z,35.50386,129.02386,60,1500,1871.81,true,ok
GLV-T11,TRIP-GLV-T11-01,2026-08-01T09:12:00.000Z,35.50253,129.02313,61,1500,1874.15,true,ok
GLV-T11,TRIP-GLV-T11-01,2026-08-01T09:14:00.000Z,35.50120,129.02239,62,1500,1876.48,true,ok
GLV-T11,TRIP-GLV-T11-01,2026-08-01T09:16:00.000Z,35.49986,129.02165,63,1500,1878.82,true,ok
GLV-T11,TRIP-GLV-T11-01,2026-08-01T09:18:00.000Z,35.49853,129.02091,64,1500,1881.15,true,ok
GLV-T11,TRIP-GLV-T11-01,2026-08-01T09:20:00.000Z,35.49720,129.02017,66,1500,1883.48,true,ok
GLV-T11,TRIP-GLV-T11-01,2026-08-01T09:22:00.000Z,35.49586,129.01944,67,1500,1885.82,true,ok
GLV-T11,TRIP-GLV-T11-01,2026-08-01T09:24:00.000Z,35.49453,129.01870,69,1500,1888.15,true,ok
GLV-T11,TRIP-GLV-T11-01,2026-08-01T09:26:00.000Z,35.49320,129.01796,71,1500,1890.48,true,ok
GLV-T11,TRIP-GLV-T11-01,2026-08-01T09:28:00.000Z,35.49186,129.01722,72,1500,1892.82,true,ok
GLV-T11,TRIP-GLV-T11-01,2026-08-01T09:30:00.000Z,35.49053,129.01649,73,1500,1895.15,true,ok
GLV-T11,TRIP-GLV-T11-01,2026-08-01T09:32:00.000Z,35.48920,129.01575,74,1500,1897.49,true,ok
GLV-T11,TRIP-GLV-T11-01,2026-08-01T09:34:00.000Z,35.48786,129.01501,75,1500,1899.82,true,ok
GLV-T11,TRIP-GLV-T11-01,2026-08-01T09:36:00.000Z,35.48653,129.01427,76,1500,1902.15,true,ok
GLV-T11,TRIP-GLV-T11-01,2026-08-01T09:38:00.000Z,35.48520,129.01354,76,1500,1904.49,true,ok
GLV-T11,TRIP-GLV-T11-01,2026-08-01T09:40:00.000Z,35.48386,129.01280,76,1500,1906.82,true,ok
GLV-T11,TRIP-GLV-T11-01,2026-08-01T09:42:00.000Z,35.48253,129.01206,75,1500,1909.16,true,ok
GLV-T11,TRIP-GLV-T11-01,2026-08-01T09:44:00.000Z,35.48120,129.01132,75,1500,1911.49,true,ok
GLV-T11,TRIP-GLV-T11-01,2026-08-01T09:46:00.000Z,35.47986,129.01058,74,1500,1913.82,true,ok
GLV-T11,TRIP-GLV-T11-01,2026-08-01T09:48:00.000Z,35.47853,129.00985,73,1500,1916.16,true,ok
GLV-T11,TRIP-GLV-T11-01,2026-08-01T09:50:00.000Z,35.47720,129.00911,71,1500,1918.49,true,ok
GLV-T11,TRIP-GLV-T11-01,2026-08-01T09:52:00.000Z,35.47587,129.00837,70,1500,1920.83,true,ok
GLV-T11,TRIP-GLV-T11-01,2026-08-01T09:54:00.000Z,35.47453,129.00763,68,1500,1923.16,true,ok
GLV-T11,TRIP-GLV-T11-01,2026-08-01T09:56:00.000Z,35.47320,129.00690,66,1500,1925.49,true,ok
GLV-T11,TRIP-GLV-T11-01,2026-08-01T09:58:00.000Z,35.47187,129.00616,65,1500,1927.83,true,ok
GLV-T11,TRIP-GLV-T11-01,2026-08-01T10:00:00.000Z,35.47053,129.00542,64,1500,1930.16,true,ok
GLV-T11,TRIP-GLV-T11-01,2026-08-01T10:02:00.000Z,35.46920,129.00468,62,1500,1932.50,true,ok
GLV-T11,TRIP-GLV-T11-01,2026-08-01T10:04:00.000Z,35.46787,129.00395,61,1500,1934.83,true,ok
GLV-T11,TRIP-GLV-T11-01,2026-08-01T10:06:00.000Z,35.46653,129.00321,61,1500,1937.16,true,ok
GLV-T11,TRIP-GLV-T11-01,2026-08-01T10:08:00.000Z,35.46520,129.00247,60,1500,1939.50,true,ok
GLV-T11,TRIP-GLV-T11-01,2026-08-01T10:10:00.000Z,35.46387,129.00173,60,1500,1941.83,true,ok
GLV-T11,TRIP-GLV-T11-01,2026-08-01T10:12:00.000Z,35.46253,129.00099,60,1500,1944.17,true,ok
GLV-T11,TRIP-GLV-T11-01,2026-08-01T10:14:00.000Z,35.46120,129.00026,61,1500,1946.50,true,ok
GLV-T11,TRIP-GLV-T11-01,2026-08-01T10:16:00.000Z,35.45987,128.99952,61,1500,1948.83,true,ok
GLV-T11,TRIP-GLV-T11-01,2026-08-01T10:18:00.000Z,35.45853,128.99878,63,1500,1951.17,true,ok
GLV-T11,TRIP-GLV-T11-01,2026-08-01T10:20:00.000Z,35.45720,128.99804,64,1500,1953.50,true,ok
GLV-T11,TRIP-GLV-T11-01,2026-08-01T10:22:00.000Z,35.45587,128.99731,65,1500,1955.83,true,ok
GLV-T11,TRIP-GLV-T11-01,2026-08-01T10:24:00.000Z,35.45453,128.99657,67,1500,1958.17,true,ok
GLV-T11,TRIP-GLV-T11-01,2026-08-01T10:26:00.000Z,35.45320,128.99583,68,1500,1960.50,true,ok
GLV-T11,TRIP-GLV-T11-01,2026-08-01T10:28:00.000Z,35.45187,128.99509,70,1500,1962.84,true,ok
GLV-T11,TRIP-GLV-T11-01,2026-08-01T10:30:00.000Z,35.45053,128.99435,71,1500,1965.17,true,ok
GLV-T11,TRIP-GLV-T11-01,2026-08-01T10:32:00.000Z,35.44920,128.99362,73,1500,1967.50,true,ok
GLV-T11,TRIP-GLV-T11-01,2026-08-01T10:34:00.000Z,35.44787,128.99288,74,1500,1969.84,true,ok
GLV-T11,TRIP-GLV-T11-01,2026-08-01T10:36:00.000Z,35.44653,128.99214,75,1500,1972.17,true,ok
GLV-T11,TRIP-GLV-T11-01,2026-08-01T10:38:00.000Z,35.44520,128.99140,76,1500,1974.51,true,ok
GLV-T11,TRIP-GLV-T11-01,2026-08-01T10:40:00.000Z,35.44387,128.99067,76,1500,1976.84,true,ok
GLV-T11,TRIP-GLV-T11-01,2026-08-01T10:42:00.000Z,35.44253,128.98993,76,1500,1979.17,true,ok
GLV-T11,TRIP-GLV-T11-01,2026-08-01T10:44:00.000Z,35.44120,128.98919,76,1500,1981.51,true,ok
GLV-T11,TRIP-GLV-T11-01,2026-08-01T10:46:00.000Z,35.43987,128.98845,75,1500,1983.84,true,ok
GLV-T11,TRIP-GLV-T11-01,2026-08-01T10:48:00.000Z,35.43854,128.98772,74,1500,1986.18,true,ok
GLV-T11,TRIP-GLV-T11-01,2026-08-01T10:50:00.000Z,35.43720,128.98698,73,1500,1988.51,true,ok
GLV-T11,TRIP-GLV-T11-01,2026-08-01T10:52:00.000Z,35.43587,128.98624,72,1500,1990.84,true,ok
GLV-T11,TRIP-GLV-T11-01,2026-08-01T10:54:00.000Z,35.43454,128.98550,70,1500,1993.18,true,ok
GLV-T11,TRIP-GLV-T11-01,2026-08-01T10:56:00.000Z,35.43320,128.98476,69,1500,1995.51,true,ok
GLV-T11,TRIP-GLV-T11-01,2026-08-01T10:58:00.000Z,35.43187,128.98403,67,1500,1997.85,true,ok
GLV-T11,TRIP-GLV-T11-01,2026-08-01T11:00:00.000Z,35.43054,128.98329,66,1500,2000.18,true,ok
GLV-T11,TRIP-GLV-T11-01,2026-08-01T11:02:00.000Z,35.42920,128.98255,64,1500,2002.51,true,ok
GLV-T11,TRIP-GLV-T11-01,2026-08-01T11:04:00.000Z,35.42787,128.98181,63,1500,2004.85,true,ok
GLV-T11,TRIP-GLV-T11-01,2026-08-01T11:06:00.000Z,35.42654,128.98108,62,1500,2007.18,true,ok
GLV-T11,TRIP-GLV-T11-01,2026-08-01T11:08:00.000Z,35.42520,128.98034,61,1500,2009.52,true,ok
GLV-T11,TRIP-GLV-T11-01,2026-08-01T11:10:00.000Z,35.42387,128.97960,60,1500,2011.85,true,ok
GLV-T11,TRIP-GLV-T11-01,2026-08-01T11:12:00.000Z,35.42254,128.97886,60,1500,2014.18,true,ok
GLV-T11,TRIP-GLV-T11-01,2026-08-01T11:14:00.000Z,35.42120,128.97813,60,1500,2016.52,true,ok
GLV-T11,TRIP-GLV-T11-01,2026-08-01T11:16:00.000Z,35.41987,128.97739,60,1500,2018.85,true,ok
GLV-T11,TRIP-GLV-T11-01,2026-08-01T11:18:00.000Z,35.41854,128.97665,61,1500,2021.18,true,ok
GLV-T11,TRIP-GLV-T11-01,2026-08-01T11:20:00.000Z,35.41720,128.97591,62,1500,2023.52,true,ok
GLV-T11,TRIP-GLV-T11-01,2026-08-01T11:22:00.000Z,35.41587,128.97517,63,1500,2025.85,true,ok
GLV-T11,TRIP-GLV-T11-01,2026-08-01T11:24:00.000Z,35.41454,128.97444,65,1500,2028.19,true,ok
GLV-T11,TRIP-GLV-T11-01,2026-08-01T11:26:00.000Z,35.41320,128.97370,66,1500,2030.52,true,ok
GLV-T11,TRIP-GLV-T11-01,2026-08-01T11:28:00.000Z,35.41187,128.97296,68,1500,2032.85,true,ok
GLV-T11,TRIP-GLV-T11-01,2026-08-01T11:30:00.000Z,35.41054,128.97222,69,1500,2035.19,true,ok
GLV-T11,TRIP-GLV-T11-01,2026-08-01T11:32:00.000Z,35.40920,128.97149,71,1500,2037.52,true,ok
GLV-T11,TRIP-GLV-T11-01,2026-08-01T11:34:00.000Z,35.40787,128.97075,72,1500,2039.86,true,ok
GLV-T11,TRIP-GLV-T11-01,2026-08-01T11:36:00.000Z,35.40654,128.97001,74,1500,2042.19,true,ok
GLV-T11,TRIP-GLV-T11-01,2026-08-01T11:38:00.000Z,35.40520,128.96927,75,1500,2044.52,true,ok
GLV-T11,TRIP-GLV-T11-01,2026-08-01T11:40:00.000Z,35.40387,128.96854,75,1500,2046.86,true,ok
GLV-T11,TRIP-GLV-T11-01,2026-08-01T11:42:00.000Z,35.40254,128.96780,76,1500,2049.19,true,ok
GLV-T11,TRIP-GLV-T11-01,2026-08-01T11:44:00.000Z,35.40121,128.96706,76,1500,2051.53,true,ok
GLV-T11,TRIP-GLV-T11-01,2026-08-01T11:46:00.000Z,35.39987,128.96632,76,1500,2053.86,true,ok
GLV-T11,TRIP-GLV-T11-01,2026-08-01T11:48:00.000Z,35.39854,128.96558,75,1500,2056.19,true,ok
GLV-T11,TRIP-GLV-T11-01,2026-08-01T11:50:00.000Z,35.39721,128.96485,75,1500,2058.53,true,ok
GLV-T11,TRIP-GLV-T11-01,2026-08-01T11:52:00.000Z,35.39587,128.96411,74,1500,2060.86,true,ok
GLV-T11,TRIP-GLV-T11-01,2026-08-01T11:54:00.000Z,35.39454,128.96337,72,1500,2063.20,true,ok
GLV-T11,TRIP-GLV-T11-01,2026-08-01T11:56:00.000Z,35.39321,128.96263,71,1500,2065.53,true,ok
GLV-T11,TRIP-GLV-T11-01,2026-08-01T11:58:00.000Z,35.39187,128.96190,69,1500,2067.86,true,ok
GLV-T11,TRIP-GLV-T11-01,2026-08-01T12:00:00.000Z,35.39054,128.96116,68,1500,2070.20,true,ok
GLV-T11,TRIP-GLV-T11-01,2026-08-01T12:02:00.000Z,35.38921,128.96042,66,1500,2072.53,true,ok
GLV-T11,TRIP-GLV-T11-01,2026-08-01T12:04:00.000Z,35.38787,128.95968,65,1500,2074.87,true,ok
GLV-T11,TRIP-GLV-T11-01,2026-08-01T12:06:00.000Z,35.38654,128.95895,63,1500,2077.20,true,ok
GLV-T11,TRIP-GLV-T11-01,2026-08-01T12:08:00.000Z,35.38521,128.95821,62,1500,2079.53,true,ok
GLV-T11,TRIP-GLV-T11-01,2026-08-01T12:10:00.000Z,35.38387,128.95747,61,1500,2081.87,true,ok
GLV-T11,TRIP-GLV-T11-01,2026-08-01T12:12:00.000Z,35.38254,128.95673,60,1500,2084.20,true,ok
GLV-T11,TRIP-GLV-T11-01,2026-08-01T12:14:00.000Z,35.38121,128.95599,60,1500,2086.54,true,ok
GLV-T11,TRIP-GLV-T11-01,2026-08-01T12:16:00.000Z,35.37987,128.95526,60,1500,2088.87,true,ok
GLV-T11,TRIP-GLV-T11-01,2026-08-01T12:18:00.000Z,35.37854,128.95452,60,1500,2091.20,true,ok
GLV-T11,TRIP-GLV-T11-01,2026-08-01T12:20:00.000Z,35.37721,128.95378,61,1500,2093.54,true,ok
GLV-T11,TRIP-GLV-T11-01,2026-08-01T12:22:00.000Z,35.37587,128.95304,62,1500,2095.87,true,ok
GLV-T11,TRIP-GLV-T11-01,2026-08-01T12:24:00.000Z,35.37454,128.95231,63,1500,2098.20,true,ok
GLV-T11,TRIP-GLV-T11-01,2026-08-01T12:26:00.000Z,35.37321,128.95157,64,1500,2100.54,true,ok
GLV-T11,TRIP-GLV-T11-01,2026-08-01T12:28:00.000Z,35.37187,128.95083,66,1500,2102.87,true,ok
GLV-T11,TRIP-GLV-T11-01,2026-08-01T12:30:00.000Z,35.37054,128.95009,67,1500,2105.21,true,ok
GLV-T11,TRIP-GLV-T11-01,2026-08-01T12:32:00.000Z,35.36921,128.94936,69,1500,2107.54,true,ok
GLV-T11,TRIP-GLV-T11-01,2026-08-01T12:34:00.000Z,35.36787,128.94862,70,1500,2109.87,true,ok
GLV-T11,TRIP-GLV-T11-01,2026-08-01T12:36:00.000Z,35.36654,128.94788,72,1500,2112.21,true,ok
GLV-T11,TRIP-GLV-T11-01,2026-08-01T12:38:00.000Z,35.36521,128.94714,73,1500,2114.54,true,ok
GLV-T11,TRIP-GLV-T11-01,2026-08-01T12:40:00.000Z,35.36388,128.94640,74,1500,2116.88,true,ok
GLV-T11,TRIP-GLV-T11-01,2026-08-01T12:42:00.000Z,35.36254,128.94567,75,1500,2119.21,true,ok
GLV-T11,TRIP-GLV-T11-01,2026-08-01T12:44:00.000Z,35.36121,128.94493,76,1500,2121.54,true,ok
GLV-T11,TRIP-GLV-T11-01,2026-08-01T12:46:00.000Z,35.35988,128.94419,76,1500,2123.88,true,ok
GLV-T11,TRIP-GLV-T11-01,2026-08-01T12:48:00.000Z,35.35854,128.94345,76,1500,2126.21,true,ok
GLV-T11,TRIP-GLV-T11-01,2026-08-01T12:50:00.000Z,35.35721,128.94272,76,1500,2128.55,true,ok
GLV-T11,TRIP-GLV-T11-01,2026-08-01T12:52:00.000Z,35.35588,128.94198,75,1500,2130.88,true,ok
GLV-T11,TRIP-GLV-T11-01,2026-08-01T12:54:00.000Z,35.35454,128.94124,74,1500,2133.21,true,ok
GLV-T11,TRIP-GLV-T11-01,2026-08-01T12:56:00.000Z,35.35321,128.94050,73,1500,2135.55,true,ok
GLV-T11,TRIP-GLV-T11-01,2026-08-01T12:58:00.000Z,35.35188,128.93976,72,1500,2137.88,true,ok
GLV-T11,TRIP-GLV-T11-01,2026-08-01T13:00:00.000Z,35.35054,128.93903,70,1500,2140.22,true,ok
GLV-T11,TRIP-GLV-T11-01,2026-08-01T13:02:00.000Z,35.34921,128.93829,68,1500,2142.55,true,ok
GLV-T11,TRIP-GLV-T11-01,2026-08-01T13:04:00.000Z,35.34788,128.93755,67,1500,2144.88,true,ok
GLV-T11,TRIP-GLV-T11-01,2026-08-01T13:06:00.000Z,35.34654,128.93681,65,1500,2147.22,true,ok
GLV-T11,TRIP-GLV-T11-01,2026-08-01T13:08:00.000Z,35.34521,128.93608,64,1500,2149.55,true,ok
GLV-T11,TRIP-GLV-T11-01,2026-08-01T13:10:00.000Z,35.34388,128.93534,63,1500,2151.89,true,ok
GLV-T11,TRIP-GLV-T11-01,2026-08-01T13:12:00.000Z,35.34254,128.93460,62,1500,2154.22,true,ok
GLV-T11,TRIP-GLV-T11-01,2026-08-01T13:14:00.000Z,35.34121,128.93386,61,1500,2156.55,true,ok
GLV-T11,TRIP-GLV-T11-01,2026-08-01T13:16:00.000Z,35.33988,128.93313,60,1500,2158.89,true,ok
GLV-T11,TRIP-GLV-T11-01,2026-08-01T13:18:00.000Z,35.33854,128.93239,60,1500,2161.22,true,ok
GLV-T11,TRIP-GLV-T11-01,2026-08-01T13:20:00.000Z,35.33721,128.93165,60,1500,2163.55,true,ok
GLV-T11,TRIP-GLV-T11-01,2026-08-01T13:22:00.000Z,35.33588,128.93091,61,1500,2165.89,true,ok
GLV-T11,TRIP-GLV-T11-01,2026-08-01T13:24:00.000Z,35.33454,128.93017,61,1500,2168.22,true,ok
GLV-T11,TRIP-GLV-T11-01,2026-08-01T13:26:00.000Z,35.33321,128.92944,62,1500,2170.56,true,ok
GLV-T11,TRIP-GLV-T11-01,2026-08-01T13:28:00.000Z,35.33188,128.92870,63,1500,2172.89,true,ok
GLV-T11,TRIP-GLV-T11-01,2026-08-01T13:30:00.000Z,35.33054,128.92796,65,1500,2175.22,true,ok
GLV-T11,TRIP-GLV-T11-01,2026-08-01T13:32:00.000Z,35.32921,128.92722,66,1500,2177.56,true,ok
GLV-T11,TRIP-GLV-T11-01,2026-08-01T13:34:00.000Z,35.32788,128.92649,68,1500,2179.89,true,ok
GLV-T11,TRIP-GLV-T11-01,2026-08-01T13:36:00.000Z,35.32655,128.92575,70,1500,2182.23,true,ok
GLV-T11,TRIP-GLV-T11-01,2026-08-01T13:38:00.000Z,35.32521,128.92501,71,1500,2184.56,true,ok
GLV-T11,TRIP-GLV-T11-01,2026-08-01T13:40:00.000Z,35.32388,128.92427,73,1500,2186.89,true,ok
GLV-T11,TRIP-GLV-T11-01,2026-08-01T13:42:00.000Z,35.32255,128.92354,74,1500,2189.23,true,ok
GLV-T11,TRIP-GLV-T11-01,2026-08-01T13:44:00.000Z,35.32121,128.92280,75,1500,2191.56,true,ok
GLV-T11,TRIP-GLV-T11-01,2026-08-01T13:46:00.000Z,35.31988,128.92206,75,1500,2193.90,true,ok
GLV-T11,TRIP-GLV-T11-01,2026-08-01T13:48:00.000Z,35.31855,128.92132,76,1500,2196.23,true,ok
GLV-T11,TRIP-GLV-T11-01,2026-08-01T13:50:00.000Z,35.31721,128.92058,76,1500,2198.56,true,ok
GLV-T11,TRIP-GLV-T11-01,2026-08-01T13:52:00.000Z,35.31588,128.91985,76,1500,2200.90,true,ok
GLV-T11,TRIP-GLV-T11-01,2026-08-01T13:54:00.000Z,35.31455,128.91911,75,1500,2203.23,true,ok
GLV-T11,TRIP-GLV-T11-01,2026-08-01T13:56:00.000Z,35.31321,128.91837,74,1500,2205.57,true,ok
GLV-T11,TRIP-GLV-T11-01,2026-08-01T13:58:00.000Z,35.31188,128.91763,73,1500,2207.90,true,ok
GLV-T11,TRIP-GLV-T11-01,2026-08-01T14:00:00.000Z,35.31055,128.91690,72,1500,2210.23,true,ok
GLV-T11,TRIP-GLV-T11-01,2026-08-01T14:02:00.000Z,35.30921,128.91616,71,1500,2212.57,true,ok
GLV-T11,TRIP-GLV-T11-01,2026-08-01T14:04:00.000Z,35.30788,128.91542,69,1500,2214.90,true,ok
GLV-T11,TRIP-GLV-T11-01,2026-08-01T14:06:00.000Z,35.30655,128.91468,68,1500,2217.24,true,ok
GLV-T11,TRIP-GLV-T11-01,2026-08-01T14:08:00.000Z,35.30521,128.91395,66,1500,2219.57,true,ok
GLV-T11,TRIP-GLV-T11-01,2026-08-01T14:10:00.000Z,35.30388,128.91321,64,1500,2221.90,true,ok
GLV-T11,TRIP-GLV-T11-01,2026-08-01T14:12:00.000Z,35.30255,128.91247,63,1500,2224.24,true,ok
GLV-T11,TRIP-GLV-T11-01,2026-08-01T14:14:00.000Z,35.30121,128.91173,62,1500,2226.57,true,ok
GLV-T11,TRIP-GLV-T11-01,2026-08-01T14:16:00.000Z,35.29988,128.91099,61,1500,2228.90,true,ok
GLV-T11,TRIP-GLV-T11-01,2026-08-01T14:18:00.000Z,35.29855,128.91026,60,1500,2231.24,true,ok
GLV-T11,TRIP-GLV-T11-01,2026-08-01T14:20:00.000Z,35.29721,128.90952,60,1500,2233.57,true,ok
GLV-T11,TRIP-GLV-T11-01,2026-08-01T14:22:00.000Z,35.29588,128.90878,60,1500,2235.91,true,ok
GLV-T11,TRIP-GLV-T11-01,2026-08-01T14:24:00.000Z,35.29455,128.90804,60,1500,2238.24,true,ok
GLV-T11,TRIP-GLV-T11-01,2026-08-01T14:26:00.000Z,35.29321,128.90731,61,1500,2240.57,true,ok
GLV-T11,TRIP-GLV-T11-01,2026-08-01T14:28:00.000Z,35.29188,128.90657,62,1500,2242.91,true,ok
GLV-T11,TRIP-GLV-T11-01,2026-08-01T14:30:00.000Z,35.29055,128.90583,63,1500,2245.24,true,ok
GLV-T11,TRIP-GLV-T11-01,2026-08-01T14:32:00.000Z,35.28922,128.90509,64,1500,2247.58,true,ok
GLV-T11,TRIP-GLV-T11-01,2026-08-01T14:34:00.000Z,35.28788,128.90436,66,1500,2249.91,true,ok
GLV-T11,TRIP-GLV-T11-01,2026-08-01T14:36:00.000Z,35.28655,128.90362,67,1500,2252.24,true,ok
GLV-T11,TRIP-GLV-T11-01,2026-08-01T14:38:00.000Z,35.28522,128.90288,69,1500,2254.58,true,ok
GLV-T11,TRIP-GLV-T11-01,2026-08-01T14:40:00.000Z,35.28388,128.90214,71,1500,2256.91,true,ok
GLV-T11,TRIP-GLV-T11-01,2026-08-01T14:42:00.000Z,35.28255,128.90140,72,1500,2259.25,true,ok
GLV-T11,TRIP-GLV-T11-01,2026-08-01T14:44:00.000Z,35.28122,128.90067,73,1500,2261.58,true,ok
GLV-T11,TRIP-GLV-T11-01,2026-08-01T14:46:00.000Z,35.27988,128.89993,74,1500,2263.91,true,ok
GLV-T11,TRIP-GLV-T11-01,2026-08-01T14:48:00.000Z,35.27855,128.89919,75,1500,2266.25,true,ok
GLV-T11,TRIP-GLV-T11-01,2026-08-01T14:50:00.000Z,35.27722,128.89845,76,1500,2268.58,true,ok
GLV-T11,TRIP-GLV-T11-01,2026-08-01T14:52:00.000Z,35.27588,128.89772,76,1500,2270.92,true,ok
GLV-T11,TRIP-GLV-T11-01,2026-08-01T14:54:00.000Z,35.27455,128.89698,76,1500,2273.25,true,ok
GLV-T11,TRIP-GLV-T11-01,2026-08-01T14:56:00.000Z,35.27322,128.89624,76,1500,2275.58,true,ok
GLV-T11,TRIP-GLV-T11-01,2026-08-01T14:58:00.000Z,35.27188,128.89550,75,1500,2277.92,true,ok
GLV-T11,TRIP-GLV-T11-01,2026-08-01T15:00:00.000Z,35.27055,128.89477,74,1500,2280.25,true,ok
GLV-T11,TRIP-GLV-T11-01,2026-08-01T15:02:00.000Z,35.26922,128.89403,73,1500,2282.59,true,ok
GLV-T11,TRIP-GLV-T11-01,2026-08-01T15:04:00.000Z,35.26788,128.89329,71,1500,2284.92,true,ok
GLV-T11,TRIP-GLV-T11-01,2026-08-01T15:06:00.000Z,35.26655,128.89255,70,1500,2287.25,true,ok
GLV-T11,TRIP-GLV-T11-01,2026-08-01T15:08:00.000Z,35.26522,128.89181,68,1500,2289.59,true,ok
GLV-T11,TRIP-GLV-T11-01,2026-08-01T15:10:00.000Z,35.26388,128.89108,67,1500,2291.92,true,ok
GLV-T11,TRIP-GLV-T11-01,2026-08-01T15:12:00.000Z,35.26255,128.89034,65,1500,2294.25,true,ok
GLV-T11,TRIP-GLV-T11-01,2026-08-01T15:14:00.000Z,35.26122,128.88960,64,1500,2296.59,true,ok
GLV-T11,TRIP-GLV-T11-01,2026-08-01T15:16:00.000Z,35.25988,128.88886,62,1500,2298.92,true,ok
GLV-T11,TRIP-GLV-T11-01,2026-08-01T15:18:00.000Z,35.25855,128.88813,61,1500,2301.26,true,ok
GLV-T11,TRIP-GLV-T11-01,2026-08-01T15:20:00.000Z,35.25722,128.88739,61,1500,2303.59,true,ok
GLV-T11,TRIP-GLV-T11-01,2026-08-01T15:22:00.000Z,35.25588,128.88665,60,1500,2305.92,true,ok
GLV-T11,TRIP-GLV-T11-01,2026-08-01T15:24:00.000Z,35.25455,128.88591,60,1500,2308.26,true,ok
GLV-T11,TRIP-GLV-T11-01,2026-08-01T15:26:00.000Z,35.25322,128.88518,60,1500,2310.59,true,ok
GLV-T11,TRIP-GLV-T11-01,2026-08-01T15:28:00.000Z,35.25189,128.88444,61,1500,2312.93,true,ok
GLV-T11,TRIP-GLV-T11-01,2026-08-01T15:30:00.000Z,35.25055,128.88370,61,1500,2315.26,true,ok
GLV-T11,TRIP-GLV-T11-01,2026-08-01T15:32:00.000Z,35.24922,128.88296,62,1500,2317.59,true,ok
GLV-T11,TRIP-GLV-T11-01,2026-08-01T15:34:00.000Z,35.24789,128.88222,64,1500,2319.93,true,ok
GLV-T11,TRIP-GLV-T11-01,2026-08-01T15:36:00.000Z,35.24655,128.88149,65,1500,2322.26,true,ok
GLV-T11,TRIP-GLV-T11-01,2026-08-01T15:38:00.000Z,35.24522,128.88075,67,1500,2324.60,true,ok
GLV-T11,TRIP-GLV-T11-01,2026-08-01T15:40:00.000Z,35.24389,128.88001,68,1500,2326.93,true,ok
GLV-T11,TRIP-GLV-T11-01,2026-08-01T15:42:00.000Z,35.24255,128.87927,70,1500,2329.26,true,ok
GLV-T11,TRIP-GLV-T11-01,2026-08-01T15:44:00.000Z,35.24122,128.87854,71,1500,2331.60,true,ok
GLV-T11,TRIP-GLV-T11-01,2026-08-01T15:46:00.000Z,35.23989,128.87780,73,1500,2333.93,true,ok
GLV-T11,TRIP-GLV-T11-01,2026-08-01T15:48:00.000Z,35.23855,128.87706,74,1500,2336.27,true,ok
GLV-T11,TRIP-GLV-T11-01,2026-08-01T15:50:00.000Z,35.23722,128.87632,75,1500,2338.60,true,ok
GLV-T11,TRIP-GLV-T11-01,2026-08-01T15:52:00.000Z,35.23589,128.87558,76,1500,2340.93,true,ok
GLV-T11,TRIP-GLV-T11-01,2026-08-01T15:54:00.000Z,35.23455,128.87485,76,1500,2343.27,true,ok
GLV-T11,TRIP-GLV-T11-01,2026-08-01T15:56:00.000Z,35.23322,128.87411,76,1500,2345.60,true,ok
GLV-T11,TRIP-GLV-T11-01,2026-08-01T15:58:00.000Z,35.23189,128.87337,76,1500,2347.94,true,ok
GLV-T11,TRIP-GLV-T11-01,2026-08-01T16:00:00.000Z,35.23055,128.87263,75,1500,2350.27,true,ok
GLV-T11,TRIP-GLV-T11-01,2026-08-01T16:02:00.000Z,35.22922,128.87190,74,1500,2352.60,true,ok
GLV-T11,TRIP-GLV-T11-01,2026-08-01T16:04:00.000Z,35.22789,128.87116,73,1500,2354.94,true,ok
GLV-T11,TRIP-GLV-T11-01,2026-08-01T16:06:00.000Z,35.22655,128.87042,72,1500,2357.27,true,ok
GLV-T11,TRIP-GLV-T11-01,2026-08-01T16:08:00.000Z,35.22522,128.86968,70,1500,2359.61,true,ok
GLV-T11,TRIP-GLV-T11-01,2026-08-01T16:10:00.000Z,35.22389,128.86895,69,1500,2361.94,true,ok
GLV-T11,TRIP-GLV-T11-01,2026-08-01T16:12:00.000Z,35.22255,128.86821,67,1500,2364.27,true,ok
GLV-T11,TRIP-GLV-T11-01,2026-08-01T16:14:00.000Z,35.22122,128.86747,66,1500,2366.61,true,ok
GLV-T11,TRIP-GLV-T11-01,2026-08-01T16:16:00.000Z,35.21989,128.86673,64,1500,2368.94,true,ok
GLV-T11,TRIP-GLV-T11-01,2026-08-01T16:18:00.000Z,35.21855,128.86599,63,1500,2371.27,true,ok
GLV-T11,TRIP-GLV-T11-01,2026-08-01T16:20:00.000Z,35.21722,128.86526,62,1500,2373.61,true,ok
GLV-T11,TRIP-GLV-T11-01,2026-08-01T16:22:00.000Z,35.21589,128.86452,61,1500,2375.94,true,ok
GLV-T11,TRIP-GLV-T11-01,2026-08-01T16:24:00.000Z,35.21456,128.86378,60,1500,2378.28,true,ok
GLV-T11,TRIP-GLV-T11-01,2026-08-01T16:26:00.000Z,35.21322,128.86304,60,1500,2380.61,true,ok
GLV-T11,TRIP-GLV-T11-01,2026-08-01T16:28:00.000Z,35.21189,128.86231,60,1500,2382.94,true,ok
GLV-T11,TRIP-GLV-T11-01,2026-08-01T16:30:00.000Z,35.21056,128.86157,60,1500,2385.28,true,ok
GLV-T11,TRIP-GLV-T11-01,2026-08-01T16:32:00.000Z,35.20922,128.86083,61,1500,2387.61,true,ok
GLV-T11,TRIP-GLV-T11-01,2026-08-01T16:34:00.000Z,35.20789,128.86009,62,1500,2389.95,true,ok
GLV-T11,TRIP-GLV-T11-01,2026-08-01T16:36:00.000Z,35.20656,128.85936,63,1500,2392.28,true,ok
GLV-T11,TRIP-GLV-T11-01,2026-08-01T16:38:00.000Z,35.20522,128.85862,65,1500,2394.61,true,ok
GLV-T11,TRIP-GLV-T11-01,2026-08-01T16:40:00.000Z,35.20389,128.85788,66,1500,2396.95,true,ok
GLV-T11,TRIP-GLV-T11-01,2026-08-01T16:42:00.000Z,35.20256,128.85714,68,1500,2399.28,true,ok
GLV-T11,TRIP-GLV-T11-01,2026-08-01T16:44:00.000Z,35.20122,128.85640,69,1500,2401.62,true,ok
GLV-T11,TRIP-GLV-T11-01,2026-08-01T16:46:00.000Z,35.19989,128.85567,71,1500,2403.95,true,ok
GLV-T11,TRIP-GLV-T11-01,2026-08-01T16:48:00.000Z,35.19856,128.85493,72,1500,2406.28,true,ok
GLV-T11,TRIP-GLV-T11-01,2026-08-01T16:50:00.000Z,35.19722,128.85419,73,1500,2408.62,true,ok
GLV-T11,TRIP-GLV-T11-01,2026-08-01T16:52:00.000Z,35.19589,128.85345,75,1500,2410.95,true,ok
GLV-T11,TRIP-GLV-T11-01,2026-08-01T16:54:00.000Z,35.19456,128.85272,75,1500,2413.29,true,ok
GLV-T11,TRIP-GLV-T11-01,2026-08-01T16:56:00.000Z,35.19322,128.85198,76,1500,2415.62,true,ok
GLV-T11,TRIP-GLV-T11-01,2026-08-01T16:58:00.000Z,35.19189,128.85124,76,1500,2417.95,true,ok
GLV-T11,TRIP-GLV-T11-01,2026-08-01T17:00:00.000Z,35.19056,128.85050,76,1500,2420.29,true,ok
GLV-T11,TRIP-GLV-T11-01,2026-08-01T17:02:00.000Z,35.18922,128.84977,75,1500,2422.62,true,ok
GLV-T11,TRIP-GLV-T11-01,2026-08-01T17:04:00.000Z,35.18789,128.84903,75,1500,2424.96,true,ok
GLV-T11,TRIP-GLV-T11-01,2026-08-01T17:06:00.000Z,35.18656,128.84829,74,1500,2427.29,true,ok
GLV-T11,TRIP-GLV-T11-01,2026-08-01T17:08:00.000Z,35.18522,128.84755,72,1500,2429.62,true,ok
GLV-T11,TRIP-GLV-T11-01,2026-08-01T17:10:00.000Z,35.18389,128.84681,71,1500,2431.96,true,ok
GLV-T11,TRIP-GLV-T11-01,2026-08-01T17:12:00.000Z,35.18256,128.84608,70,1500,2434.29,true,ok
GLV-T11,TRIP-GLV-T11-01,2026-08-01T17:14:00.000Z,35.18122,128.84534,68,1500,2436.62,true,ok
GLV-T11,TRIP-GLV-T11-01,2026-08-01T17:16:00.000Z,35.17989,128.84460,66,1500,2438.96,true,ok
GLV-T11,TRIP-GLV-T11-01,2026-08-01T17:18:00.000Z,35.17856,128.84386,65,1500,2441.29,true,ok
GLV-T11,TRIP-GLV-T11-01,2026-08-01T17:20:00.000Z,35.17723,128.84313,63,1500,2443.63,true,ok
GLV-T11,TRIP-GLV-T11-01,2026-08-01T17:22:00.000Z,35.17589,128.84239,62,1500,2445.96,true,ok
GLV-T11,TRIP-GLV-T11-01,2026-08-01T17:24:00.000Z,35.17456,128.84165,61,1500,2448.29,true,ok
GLV-T11,TRIP-GLV-T11-01,2026-08-01T17:26:00.000Z,35.17323,128.84091,61,1500,2450.63,true,ok
GLV-T11,TRIP-GLV-T11-01,2026-08-01T17:28:00.000Z,35.17189,128.84018,60,1500,2452.96,true,ok
GLV-T11,TRIP-GLV-T11-01,2026-08-01T17:30:00.000Z,35.17056,128.83944,60,1500,2455.30,true,ok
GLV-T11,TRIP-GLV-T11-01,2026-08-01T17:32:00.000Z,35.16923,128.83870,60,1500,2457.63,true,ok
GLV-T11,TRIP-GLV-T11-01,2026-08-01T17:34:00.000Z,35.16789,128.83796,61,1500,2459.96,true,ok
GLV-T11,TRIP-GLV-T11-01,2026-08-01T17:36:00.000Z,35.16656,128.83722,62,1500,2462.30,true,ok
GLV-T11,TRIP-GLV-T11-01,2026-08-01T17:38:00.000Z,35.16523,128.83649,63,1500,2464.63,true,ok
GLV-T11,TRIP-GLV-T11-01,2026-08-01T17:40:00.000Z,35.16389,128.83575,64,1500,2466.97,true,ok
GLV-T11,TRIP-GLV-T11-01,2026-08-01T17:42:00.000Z,35.16256,128.83501,65,1500,2469.30,true,ok
GLV-T11,TRIP-GLV-T11-01,2026-08-01T17:44:00.000Z,35.16123,128.83427,67,1500,2471.63,true,ok
GLV-T11,TRIP-GLV-T11-01,2026-08-01T17:46:00.000Z,35.15989,128.83354,69,1500,2473.97,true,ok
GLV-T11,TRIP-GLV-T11-01,2026-08-01T17:48:00.000Z,35.15856,128.83280,70,1500,2476.30,true,ok
GLV-T11,TRIP-GLV-T11-01,2026-08-01T17:50:00.000Z,35.15723,128.83206,72,1500,2478.64,true,ok
GLV-T11,TRIP-GLV-T11-01,2026-08-01T17:52:00.000Z,35.15589,128.83132,73,1500,2480.97,true,ok
GLV-T11,TRIP-GLV-T11-01,2026-08-01T17:54:00.000Z,35.15456,128.83059,74,1500,2483.30,true,ok
GLV-T11,TRIP-GLV-T11-01,2026-08-01T17:56:00.000Z,35.15323,128.82985,75,1500,2485.64,true,ok
GLV-T11,TRIP-GLV-T11-01,2026-08-01T17:58:00.000Z,35.15189,128.82911,76,1500,2487.97,true,ok
GLV-T11,TRIP-GLV-T11-01,2026-08-01T18:00:00.000Z,35.15056,128.82837,76,1500,2490.31,true,ok
GLV-T11,TRIP-GLV-T11-01,2026-08-01T18:02:00.000Z,35.14923,128.82763,76,1500,2492.64,true,ok
GLV-T11,TRIP-GLV-T11-01,2026-08-01T18:04:00.000Z,35.14789,128.82690,76,1500,2494.97,true,ok
GLV-T11,TRIP-GLV-T11-01,2026-08-01T18:06:00.000Z,35.14656,128.82616,75,1500,2497.31,true,ok
GLV-T11,TRIP-GLV-T11-01,2026-08-01T18:08:00.000Z,35.14523,128.82542,74,1500,2499.64,true,ok
GLV-T11,TRIP-GLV-T11-01,2026-08-01T18:10:00.000Z,35.14389,128.82468,73,1500,2501.97,true,ok
GLV-T11,TRIP-GLV-T11-01,2026-08-01T18:12:00.000Z,35.14256,128.82395,72,1500,2504.31,true,ok
GLV-T11,TRIP-GLV-T11-01,2026-08-01T18:14:00.000Z,35.14123,128.82321,70,1500,2506.64,true,ok
GLV-T11,TRIP-GLV-T11-01,2026-08-01T18:16:00.000Z,35.13990,128.82247,69,1500,2508.98,true,ok
GLV-T11,TRIP-GLV-T11-01,2026-08-01T18:18:00.000Z,35.13856,128.82173,67,1500,2511.31,true,ok
GLV-T11,TRIP-GLV-T11-01,2026-08-01T18:20:00.000Z,35.13723,128.82099,65,1500,2513.64,true,ok
GLV-T11,TRIP-GLV-T11-01,2026-08-01T18:22:00.000Z,35.13590,128.82026,64,1500,2515.98,true,ok
GLV-T11,TRIP-GLV-T11-01,2026-08-01T18:24:00.000Z,35.13456,128.81952,63,1500,2518.31,true,ok
GLV-T11,TRIP-GLV-T11-01,2026-08-01T18:26:00.000Z,35.13323,128.81878,62,1500,2520.65,true,ok
GLV-T11,TRIP-GLV-T11-01,2026-08-01T18:28:00.000Z,35.13190,128.81804,61,1500,2522.98,true,ok
GLV-T11,TRIP-GLV-T11-01,2026-08-01T18:30:00.000Z,35.13056,128.81731,60,1500,2525.31,true,ok
GLV-T11,TRIP-GLV-T11-01,2026-08-01T18:32:00.000Z,35.12923,128.81657,60,1500,2527.65,true,ok
GLV-T11,TRIP-GLV-T11-01,2026-08-01T18:34:00.000Z,35.12790,128.81583,60,1500,2529.98,true,ok
GLV-T11,TRIP-GLV-T11-01,2026-08-01T18:36:00.000Z,35.12656,128.81509,61,1500,2532.32,true,ok
GLV-T11,TRIP-GLV-T11-01,2026-08-01T18:38:00.000Z,35.12523,128.81436,61,1500,2534.65,true,ok
GLV-T11,TRIP-GLV-T11-01,2026-08-01T18:40:00.000Z,35.12390,128.81362,62,1500,2536.98,true,ok
GLV-T11,TRIP-GLV-T11-01,2026-08-01T18:42:00.000Z,35.12256,128.81288,63,1500,2539.32,true,ok
GLV-T11,TRIP-GLV-T11-01,2026-08-01T18:44:00.000Z,35.12123,128.81214,65,1500,2541.65,true,ok
GLV-T11,TRIP-GLV-T11-01,2026-08-01T18:46:00.000Z,35.11990,128.81140,66,1500,2543.99,true,ok
GLV-T11,TRIP-GLV-T11-01,2026-08-01T18:48:00.000Z,35.11856,128.81067,68,1500,2546.32,true,ok
GLV-T11,TRIP-GLV-T11-01,2026-08-01T18:50:00.000Z,35.11723,128.80993,69,1500,2548.65,true,ok
GLV-T11,TRIP-GLV-T11-01,2026-08-01T18:52:00.000Z,35.11590,128.80919,71,1500,2550.99,true,ok
GLV-T11,TRIP-GLV-T11-01,2026-08-01T18:54:00.000Z,35.11456,128.80845,72,1500,2553.32,true,ok
GLV-T11,TRIP-GLV-T11-01,2026-08-01T18:56:00.000Z,35.11323,128.80772,74,1500,2555.66,true,ok
GLV-T11,TRIP-GLV-T11-01,2026-08-01T18:58:00.000Z,35.11190,128.80698,75,1500,2557.99,true,ok
GLV-T11,TRIP-GLV-T11-01,2026-08-01T19:00:00.000Z,35.11056,128.80624,75,1500,2560.32,true,ok
GLV-T11,TRIP-GLV-T11-01,2026-08-01T19:02:00.000Z,35.10923,128.80550,76,1500,2562.66,true,ok
GLV-T11,TRIP-GLV-T11-01,2026-08-01T19:04:00.000Z,35.10790,128.80477,76,1500,2564.99,true,ok
GLV-T11,TRIP-GLV-T11-01,2026-08-01T19:06:00.000Z,35.10656,128.80403,76,1500,2567.32,true,ok
GLV-T11,TRIP-GLV-T11-01,2026-08-01T19:08:00.000Z,35.10523,128.80329,75,1500,2569.66,true,ok
GLV-T11,TRIP-GLV-T11-01,2026-08-01T19:10:00.000Z,35.10390,128.80255,75,1500,2571.99,true,ok
GLV-T11,TRIP-GLV-T11-01,2026-08-01T19:12:00.000Z,35.10257,128.80181,73,1500,2574.33,true,ok
GLV-T11,TRIP-GLV-T11-01,2026-08-01T19:14:00.000Z,35.10123,128.80108,72,1500,2576.66,true,ok
GLV-T11,TRIP-GLV-T11-01,2026-08-01T19:16:00.000Z,35.09990,128.80034,71,1500,2578.99,true,ok
GLV-T11,TRIP-GLV-T11-01,2026-08-01T19:18:00.000Z,35.09857,128.79960,69,1500,2581.33,true,ok
GLV-T11,TRIP-GLV-T11-01,2026-08-01T19:20:00.000Z,35.09723,128.79886,68,1500,2583.66,true,ok
GLV-T11,TRIP-GLV-T11-01,2026-08-01T19:22:00.000Z,35.09590,128.79813,66,1500,2586.00,true,ok
GLV-T11,TRIP-GLV-T11-01,2026-08-01T19:24:00.000Z,35.09457,128.79739,65,1500,2588.33,true,ok
GLV-T11,TRIP-GLV-T11-01,2026-08-01T19:26:00.000Z,35.09323,128.79665,63,1500,2590.66,true,ok
GLV-T11,TRIP-GLV-T11-01,2026-08-01T19:28:00.000Z,35.09190,128.79591,62,1500,2593.00,true,ok
GLV-T11,TRIP-GLV-T11-01,2026-08-01T19:30:00.000Z,35.09057,128.79518,61,1500,2595.33,true,ok
GLV-T11,TRIP-GLV-T11-01,2026-08-01T19:32:00.000Z,35.08923,128.79444,60,1500,2597.67,true,ok
GLV-T11,TRIP-GLV-T11-01,2026-08-01T19:34:00.000Z,35.08790,128.79370,60,1500,2600.00,true,ok
GLV-C01,TRIP-GLV-C01-01,2026-07-31T21:00:00.000Z,35.08790,128.79370,68,1500,0.00,false,ok
GLV-C01,TRIP-GLV-C01-01,2026-07-31T21:02:00.000Z,35.09079,128.79530,70,1500,2.33,false,ok
GLV-C01,TRIP-GLV-C01-01,2026-07-31T21:04:00.000Z,35.09368,128.79690,71,1500,4.67,false,ok
GLV-C01,TRIP-GLV-C01-01,2026-07-31T21:06:00.000Z,35.09657,128.79850,73,1500,7.00,false,ok
GLV-C01,TRIP-GLV-C01-01,2026-07-31T21:08:00.000Z,35.09946,128.80010,74,1500,9.34,false,ok
GLV-C01,TRIP-GLV-C01-01,2026-07-31T21:10:00.000Z,35.10235,128.80169,75,1500,11.67,false,ok
GLV-C01,TRIP-GLV-C01-01,2026-07-31T21:12:00.000Z,35.10524,128.80329,75,1500,14.01,false,ok
GLV-C01,TRIP-GLV-C01-01,2026-07-31T21:14:00.000Z,35.10813,128.80489,76,1500,16.34,false,ok
GLV-C01,TRIP-GLV-C01-01,2026-07-31T21:16:00.000Z,35.11102,128.80649,76,1500,18.68,false,ok
GLV-C01,TRIP-GLV-C01-01,2026-07-31T21:18:00.000Z,35.11391,128.80809,76,1500,21.01,false,ok
GLV-C01,TRIP-GLV-C01-01,2026-07-31T21:20:00.000Z,35.11679,128.80969,75,1500,23.35,false,ok
GLV-C01,TRIP-GLV-C01-01,2026-07-31T21:22:00.000Z,35.11968,128.81129,74,1500,25.68,false,ok
GLV-C01,TRIP-GLV-C01-01,2026-07-31T21:24:00.000Z,35.12257,128.81289,73,1500,28.02,false,ok
GLV-C01,TRIP-GLV-C01-01,2026-07-31T21:26:00.000Z,35.12546,128.81448,72,1500,30.35,false,ok
GLV-C01,TRIP-GLV-C01-01,2026-07-31T21:28:00.000Z,35.12835,128.81608,71,1500,32.68,false,ok
GLV-C01,TRIP-GLV-C01-01,2026-07-31T21:30:00.000Z,35.13124,128.81768,69,1500,35.02,false,ok
GLV-C01,TRIP-GLV-C01-01,2026-07-31T21:32:00.000Z,35.13413,128.81928,68,1500,37.35,false,ok
GLV-C01,TRIP-GLV-C01-01,2026-07-31T21:34:00.000Z,35.13702,128.82088,66,1500,39.69,false,ok
GLV-C01,TRIP-GLV-C01-01,2026-07-31T21:36:00.000Z,35.13991,128.82248,64,1500,42.02,false,ok
GLV-C01,TRIP-GLV-C01-01,2026-07-31T21:38:00.000Z,35.14280,128.82408,63,1500,44.36,false,ok
GLV-C01,TRIP-GLV-C01-01,2026-07-31T21:40:00.000Z,35.14569,128.82568,62,1500,46.69,false,ok
GLV-C01,TRIP-GLV-C01-01,2026-07-31T21:42:00.000Z,35.14858,128.82728,61,1500,49.03,false,ok
GLV-C01,TRIP-GLV-C01-01,2026-07-31T21:44:00.000Z,35.15147,128.82887,60,1500,51.36,false,ok
GLV-C01,TRIP-GLV-C01-01,2026-07-31T21:46:00.000Z,35.15436,128.83047,60,1500,53.70,false,ok
GLV-C01,TRIP-GLV-C01-01,2026-07-31T21:48:00.000Z,35.15725,128.83207,60,1500,56.03,false,ok
GLV-C01,TRIP-GLV-C01-01,2026-07-31T21:50:00.000Z,35.16014,128.83367,60,1500,58.37,false,ok
GLV-C01,TRIP-GLV-C01-01,2026-07-31T21:52:00.000Z,35.16303,128.83527,61,1500,60.70,false,ok
GLV-C01,TRIP-GLV-C01-01,2026-07-31T21:54:00.000Z,35.16592,128.83687,62,1500,63.04,false,ok
GLV-C01,TRIP-GLV-C01-01,2026-07-31T21:56:00.000Z,35.16881,128.83847,63,1500,65.37,false,ok
GLV-C01,TRIP-GLV-C01-01,2026-07-31T21:58:00.000Z,35.17170,128.84007,64,1500,67.70,false,ok
GLV-C01,TRIP-GLV-C01-01,2026-07-31T22:00:00.000Z,35.17458,128.84166,66,1500,70.04,false,ok
GLV-C01,TRIP-GLV-C01-01,2026-07-31T22:02:00.000Z,35.17747,128.84326,67,1500,72.37,false,ok
GLV-C01,TRIP-GLV-C01-01,2026-07-31T22:04:00.000Z,35.18036,128.84486,69,1500,74.71,false,ok
GLV-C01,TRIP-GLV-C01-01,2026-07-31T22:06:00.000Z,35.18325,128.84646,70,1500,77.04,false,ok
GLV-C01,TRIP-GLV-C01-01,2026-07-31T22:08:00.000Z,35.18614,128.84806,72,1500,79.38,false,ok
GLV-C01,TRIP-GLV-C01-01,2026-07-31T22:10:00.000Z,35.18903,128.84966,73,1500,81.71,false,ok
GLV-C01,TRIP-GLV-C01-01,2026-07-31T22:12:00.000Z,35.19192,128.85126,74,1500,84.05,false,ok
GLV-C01,TRIP-GLV-C01-01,2026-07-31T22:14:00.000Z,35.19481,128.85286,75,1500,86.38,false,ok
GLV-C01,TRIP-GLV-C01-01,2026-07-31T22:16:00.000Z,35.19770,128.85446,76,1500,88.72,false,ok
GLV-C01,TRIP-GLV-C01-01,2026-07-31T22:18:00.000Z,35.20059,128.85605,76,1500,91.05,false,ok
GLV-C01,TRIP-GLV-C01-01,2026-07-31T22:20:00.000Z,35.20348,128.85765,76,1500,93.39,false,ok
GLV-C01,TRIP-GLV-C01-01,2026-07-31T22:22:00.000Z,35.20637,128.85925,76,1500,95.72,false,ok
GLV-C01,TRIP-GLV-C01-01,2026-07-31T22:24:00.000Z,35.20926,128.86085,75,1500,98.05,false,ok
GLV-C01,TRIP-GLV-C01-01,2026-07-31T22:26:00.000Z,35.21215,128.86245,74,1500,100.39,false,ok
GLV-C01,TRIP-GLV-C01-01,2026-07-31T22:28:00.000Z,35.21504,128.86405,73,1500,102.72,false,ok
GLV-C01,TRIP-GLV-C01-01,2026-07-31T22:30:00.000Z,35.21793,128.86565,71,1500,105.06,false,ok
GLV-C01,TRIP-GLV-C01-01,2026-07-31T22:32:00.000Z,35.22082,128.86725,70,1500,107.39,false,ok
GLV-C01,TRIP-GLV-C01-01,2026-07-31T22:34:00.000Z,35.22371,128.86885,68,1500,109.73,false,ok
GLV-C01,TRIP-GLV-C01-01,2026-07-31T22:36:00.000Z,35.22660,128.87044,67,1500,112.06,false,ok
GLV-C01,TRIP-GLV-C01-01,2026-07-31T22:38:00.000Z,35.22949,128.87204,65,1500,114.40,false,ok
GLV-C01,TRIP-GLV-C01-01,2026-07-31T22:40:00.000Z,35.23237,128.87364,64,1500,116.73,false,ok
GLV-C01,TRIP-GLV-C01-01,2026-07-31T22:42:00.000Z,35.23526,128.87524,62,1500,119.07,false,ok
GLV-C01,TRIP-GLV-C01-01,2026-07-31T22:44:00.000Z,35.23815,128.87684,61,1500,121.40,false,ok
GLV-C01,TRIP-GLV-C01-01,2026-07-31T22:46:00.000Z,35.24104,128.87844,61,1500,123.74,false,ok
GLV-C01,TRIP-GLV-C01-01,2026-07-31T22:48:00.000Z,35.24393,128.88004,60,1500,126.07,false,ok
GLV-C01,TRIP-GLV-C01-01,2026-07-31T22:50:00.000Z,35.24682,128.88164,60,1500,128.40,false,ok
GLV-C01,TRIP-GLV-C01-01,2026-07-31T22:52:00.000Z,35.24971,128.88323,60,1500,130.74,false,ok
GLV-C01,TRIP-GLV-C01-01,2026-07-31T22:54:00.000Z,35.25260,128.88483,61,1500,133.07,false,ok
GLV-C01,TRIP-GLV-C01-01,2026-07-31T22:56:00.000Z,35.25549,128.88643,61,1500,135.41,false,ok
GLV-C01,TRIP-GLV-C01-01,2026-07-31T22:58:00.000Z,35.25838,128.88803,62,1500,137.74,false,ok
GLV-C01,TRIP-GLV-C01-01,2026-07-31T23:00:00.000Z,35.26127,128.88963,64,1500,140.08,false,ok
GLV-C01,TRIP-GLV-C01-01,2026-07-31T23:02:00.000Z,35.26416,128.89123,65,1500,142.41,false,ok
GLV-C01,TRIP-GLV-C01-01,2026-07-31T23:04:00.000Z,35.26705,128.89283,67,1500,144.75,false,ok
GLV-C01,TRIP-GLV-C01-01,2026-07-31T23:06:00.000Z,35.26994,128.89443,68,1500,147.08,false,ok
GLV-C01,TRIP-GLV-C01-01,2026-07-31T23:08:00.000Z,35.27283,128.89603,70,1500,149.42,false,ok
GLV-C01,TRIP-GLV-C01-01,2026-07-31T23:10:00.000Z,35.27572,128.89762,71,1500,151.75,false,ok
GLV-C01,TRIP-GLV-C01-01,2026-07-31T23:12:00.000Z,35.27861,128.89922,73,1500,154.09,false,ok
GLV-C01,TRIP-GLV-C01-01,2026-07-31T23:14:00.000Z,35.28150,128.90082,74,1500,156.42,false,ok
GLV-C01,TRIP-GLV-C01-01,2026-07-31T23:16:00.000Z,35.28439,128.90242,75,1500,158.75,false,ok
GLV-C01,TRIP-GLV-C01-01,2026-07-31T23:18:00.000Z,35.28728,128.90402,76,1500,161.09,false,ok
GLV-C01,TRIP-GLV-C01-01,2026-07-31T23:20:00.000Z,35.29016,128.90562,76,1500,163.42,false,ok
GLV-C01,TRIP-GLV-C01-01,2026-07-31T23:22:00.000Z,35.29305,128.90722,76,1500,165.76,false,ok
GLV-C01,TRIP-GLV-C01-01,2026-07-31T23:24:00.000Z,35.29594,128.90882,76,1500,168.09,false,ok
GLV-C01,TRIP-GLV-C01-01,2026-07-31T23:26:00.000Z,35.29883,128.91041,75,1500,170.43,false,ok
GLV-C01,TRIP-GLV-C01-01,2026-07-31T23:28:00.000Z,35.30172,128.91201,74,1500,172.76,false,ok
GLV-C01,TRIP-GLV-C01-01,2026-07-31T23:30:00.000Z,35.30461,128.91361,73,1500,175.10,false,ok
GLV-C01,TRIP-GLV-C01-01,2026-07-31T23:32:00.000Z,35.30750,128.91521,72,1500,177.43,false,ok
GLV-C01,TRIP-GLV-C01-01,2026-07-31T23:34:00.000Z,35.31039,128.91681,70,1500,179.77,false,ok
GLV-C01,TRIP-GLV-C01-01,2026-07-31T23:36:00.000Z,35.31328,128.91841,69,1500,182.10,false,ok
GLV-C01,TRIP-GLV-C01-01,2026-07-31T23:38:00.000Z,35.31617,128.92001,67,1500,184.44,false,ok
GLV-C01,TRIP-GLV-C01-01,2026-07-31T23:40:00.000Z,35.31906,128.92161,66,1500,186.77,false,ok
GLV-C01,TRIP-GLV-C01-01,2026-07-31T23:42:00.000Z,35.32195,128.92321,64,1500,189.11,false,ok
GLV-C01,TRIP-GLV-C01-01,2026-07-31T23:44:00.000Z,35.32484,128.92480,63,1500,191.44,false,ok
GLV-C01,TRIP-GLV-C01-01,2026-07-31T23:46:00.000Z,35.32773,128.92640,62,1500,193.77,false,ok
GLV-C01,TRIP-GLV-C01-01,2026-07-31T23:48:00.000Z,35.33062,128.92800,61,1500,196.11,false,ok
GLV-C01,TRIP-GLV-C01-01,2026-07-31T23:50:00.000Z,35.33351,128.92960,60,1500,198.44,false,ok
GLV-C01,TRIP-GLV-C01-01,2026-07-31T23:52:00.000Z,35.33640,128.93120,60,1500,200.78,false,ok
GLV-C01,TRIP-GLV-C01-01,2026-07-31T23:54:00.000Z,35.33929,128.93280,60,1500,203.11,false,ok
GLV-C01,TRIP-GLV-C01-01,2026-07-31T23:56:00.000Z,35.34218,128.93440,60,1500,205.45,false,ok
GLV-C01,TRIP-GLV-C01-01,2026-07-31T23:58:00.000Z,35.34506,128.93600,61,1500,207.78,false,ok
GLV-C01,TRIP-GLV-C01-01,2026-08-01T00:00:00.000Z,35.34795,128.93759,62,1500,210.12,false,ok
GLV-C01,TRIP-GLV-C01-01,2026-08-01T00:02:00.000Z,35.35084,128.93919,63,1500,212.45,false,ok
GLV-C01,TRIP-GLV-C01-01,2026-08-01T00:04:00.000Z,35.35373,128.94079,65,1500,214.79,false,ok
GLV-C01,TRIP-GLV-C01-01,2026-08-01T00:06:00.000Z,35.35662,128.94239,66,1500,217.12,false,ok
GLV-C01,TRIP-GLV-C01-01,2026-08-01T00:08:00.000Z,35.35951,128.94399,68,1500,219.46,false,ok
GLV-C01,TRIP-GLV-C01-01,2026-08-01T00:10:00.000Z,35.36240,128.94559,69,1500,221.79,false,ok
GLV-C01,TRIP-GLV-C01-01,2026-08-01T00:12:00.000Z,35.36529,128.94719,71,1500,224.12,false,ok
GLV-C01,TRIP-GLV-C01-01,2026-08-01T00:14:00.000Z,35.36818,128.94879,72,1500,226.46,false,ok
GLV-C01,TRIP-GLV-C01-01,2026-08-01T00:16:00.000Z,35.37107,128.95039,73,1500,228.79,false,ok
GLV-C01,TRIP-GLV-C01-01,2026-08-01T00:18:00.000Z,35.37396,128.95198,75,1500,231.13,false,ok
GLV-C01,TRIP-GLV-C01-01,2026-08-01T00:20:00.000Z,35.37685,128.95358,75,1500,233.46,false,ok
GLV-C01,TRIP-GLV-C01-01,2026-08-01T00:22:00.000Z,35.37974,128.95518,76,1500,235.80,false,ok
GLV-C01,TRIP-GLV-C01-01,2026-08-01T00:24:00.000Z,35.38263,128.95678,76,1500,238.13,false,ok
GLV-C01,TRIP-GLV-C01-01,2026-08-01T00:26:00.000Z,35.38552,128.95838,76,1500,240.47,false,ok
GLV-C01,TRIP-GLV-C01-01,2026-08-01T00:28:00.000Z,35.38841,128.95998,75,1500,242.80,false,ok
GLV-C01,TRIP-GLV-C01-01,2026-08-01T00:30:00.000Z,35.39130,128.96158,75,1500,245.14,false,ok
GLV-C01,TRIP-GLV-C01-01,2026-08-01T00:32:00.000Z,35.39419,128.96318,74,1500,247.47,false,ok
GLV-C01,TRIP-GLV-C01-01,2026-08-01T00:34:00.000Z,35.39708,128.96478,72,1500,249.81,false,ok
GLV-C01,TRIP-GLV-C01-01,2026-08-01T00:36:00.000Z,35.39997,128.96637,71,1500,252.14,false,ok
GLV-C01,TRIP-GLV-C01-01,2026-08-01T00:38:00.000Z,35.40285,128.96797,70,1500,254.47,false,ok
GLV-C01,TRIP-GLV-C01-01,2026-08-01T00:40:00.000Z,35.40574,128.96957,68,1500,256.81,false,ok
GLV-C01,TRIP-GLV-C01-01,2026-08-01T00:42:00.000Z,35.40863,128.97117,66,1500,259.14,false,ok
GLV-C01,TRIP-GLV-C01-01,2026-08-01T00:44:00.000Z,35.41152,128.97277,65,1500,261.48,false,ok
GLV-C01,TRIP-GLV-C01-01,2026-08-01T00:46:00.000Z,35.41441,128.97437,63,1500,263.81,false,ok
GLV-C01,TRIP-GLV-C01-01,2026-08-01T00:48:00.000Z,35.41730,128.97597,62,1500,266.15,false,ok
GLV-C01,TRIP-GLV-C01-01,2026-08-01T00:50:00.000Z,35.42019,128.97757,61,1500,268.48,false,ok
GLV-C01,TRIP-GLV-C01-01,2026-08-01T00:52:00.000Z,35.42308,128.97916,61,1500,270.82,false,ok
GLV-C01,TRIP-GLV-C01-01,2026-08-01T00:54:00.000Z,35.42597,128.98076,60,1500,273.15,false,ok
GLV-C01,TRIP-GLV-C01-01,2026-08-01T00:56:00.000Z,35.42886,128.98236,60,1500,275.49,false,ok
GLV-C01,TRIP-GLV-C01-01,2026-08-01T00:58:00.000Z,35.43175,128.98396,60,1500,277.82,false,ok
GLV-C01,TRIP-GLV-C01-01,2026-08-01T01:00:00.000Z,35.43464,128.98556,61,1500,280.16,false,ok
GLV-C01,TRIP-GLV-C01-01,2026-08-01T01:02:00.000Z,35.43753,128.98716,62,1500,282.49,false,ok
GLV-C01,TRIP-GLV-C01-01,2026-08-01T01:04:00.000Z,35.44042,128.98876,63,1500,284.82,false,ok
GLV-C01,TRIP-GLV-C01-01,2026-08-01T01:06:00.000Z,35.44331,128.99036,64,1500,287.16,false,ok
GLV-C01,TRIP-GLV-C01-01,2026-08-01T01:08:00.000Z,35.44620,128.99196,65,1500,289.49,false,ok
GLV-C01,TRIP-GLV-C01-01,2026-08-01T01:10:00.000Z,35.44909,128.99355,67,1500,291.83,false,ok
GLV-C01,TRIP-GLV-C01-01,2026-08-01T01:12:00.000Z,35.45198,128.99515,69,1500,294.16,false,ok
GLV-C01,TRIP-GLV-C01-01,2026-08-01T01:14:00.000Z,35.45487,128.99675,70,1500,296.50,false,ok
GLV-C01,TRIP-GLV-C01-01,2026-08-01T01:16:00.000Z,35.45776,128.99835,72,1500,298.83,false,ok
GLV-C01,TRIP-GLV-C01-01,2026-08-01T01:18:00.000Z,35.46064,128.99995,73,1500,301.17,false,ok
GLV-C01,TRIP-GLV-C01-01,2026-08-01T01:20:00.000Z,35.46353,129.00155,74,1500,303.50,false,ok
GLV-C01,TRIP-GLV-C01-01,2026-08-01T01:22:00.000Z,35.46642,129.00315,75,1500,305.84,false,ok
GLV-C01,TRIP-GLV-C01-01,2026-08-01T01:24:00.000Z,35.46931,129.00475,76,1500,308.17,false,ok
GLV-C01,TRIP-GLV-C01-01,2026-08-01T01:26:00.000Z,35.47220,129.00634,76,1500,310.51,false,ok
GLV-C01,TRIP-GLV-C01-01,2026-08-01T01:28:00.000Z,35.47509,129.00794,76,1500,312.84,false,ok
GLV-C01,TRIP-GLV-C01-01,2026-08-01T01:30:00.000Z,35.47798,129.00954,76,1500,315.18,false,ok
GLV-C01,TRIP-GLV-C01-01,2026-08-01T01:32:00.000Z,35.48087,129.01114,75,1500,317.51,false,ok
GLV-C01,TRIP-GLV-C01-01,2026-08-01T01:34:00.000Z,35.48376,129.01274,74,1500,319.84,false,ok
GLV-C01,TRIP-GLV-C01-01,2026-08-01T01:36:00.000Z,35.48665,129.01434,73,1500,322.18,false,ok
GLV-C01,TRIP-GLV-C01-01,2026-08-01T01:38:00.000Z,35.48954,129.01594,72,1500,324.51,false,ok
GLV-C01,TRIP-GLV-C01-01,2026-08-01T01:40:00.000Z,35.49243,129.01754,70,1500,326.85,false,ok
GLV-C01,TRIP-GLV-C01-01,2026-08-01T01:42:00.000Z,35.49532,129.01914,69,1500,329.18,false,ok
GLV-C01,TRIP-GLV-C01-01,2026-08-01T01:44:00.000Z,35.49821,129.02073,67,1500,331.52,false,ok
GLV-C01,TRIP-GLV-C01-01,2026-08-01T01:46:00.000Z,35.50110,129.02233,65,1500,333.85,false,ok
GLV-C01,TRIP-GLV-C01-01,2026-08-01T01:48:00.000Z,35.50399,129.02393,64,1500,336.19,false,ok
GLV-C01,TRIP-GLV-C01-01,2026-08-01T01:50:00.000Z,35.50688,129.02553,63,1500,338.52,false,ok
GLV-C01,TRIP-GLV-C01-01,2026-08-01T01:52:00.000Z,35.50977,129.02713,62,1500,340.86,false,ok
GLV-C01,TRIP-GLV-C01-01,2026-08-01T01:54:00.000Z,35.51266,129.02873,61,1500,343.19,false,ok
GLV-C01,TRIP-GLV-C01-01,2026-08-01T01:56:00.000Z,35.51555,129.03033,60,1500,345.53,false,ok
GLV-C01,TRIP-GLV-C01-01,2026-08-01T01:58:00.000Z,35.51843,129.03193,60,1500,347.86,false,ok
GLV-C01,TRIP-GLV-C01-01,2026-08-01T02:00:00.000Z,35.52132,129.03352,60,1500,350.19,false,ok
GLV-C01,TRIP-GLV-C01-01,2026-08-01T02:02:00.000Z,35.52421,129.03512,60,1500,352.53,false,ok
GLV-C01,TRIP-GLV-C01-01,2026-08-01T02:04:00.000Z,35.52710,129.03672,61,1500,354.86,false,ok
GLV-C01,TRIP-GLV-C01-01,2026-08-01T02:06:00.000Z,35.52999,129.03832,62,1500,357.20,false,ok
GLV-C01,TRIP-GLV-C01-01,2026-08-01T02:08:00.000Z,35.53288,129.03992,63,1500,359.53,false,ok
GLV-C01,TRIP-GLV-C01-01,2026-08-01T02:10:00.000Z,35.53577,129.04152,65,1500,361.87,false,ok
GLV-C01,TRIP-GLV-C01-01,2026-08-01T02:12:00.000Z,35.53866,129.04312,66,1500,364.20,false,ok
GLV-C01,TRIP-GLV-C01-01,2026-08-01T02:14:00.000Z,35.54155,129.04472,68,1500,366.54,false,ok
GLV-C01,TRIP-GLV-C01-01,2026-08-01T02:16:00.000Z,35.54444,129.04632,69,1500,368.87,false,ok
GLV-C01,TRIP-GLV-C01-01,2026-08-01T02:18:00.000Z,35.54733,129.04791,71,1500,371.21,false,ok
GLV-C01,TRIP-GLV-C01-01,2026-08-01T02:20:00.000Z,35.55022,129.04951,72,1500,373.54,false,ok
GLV-C01,TRIP-GLV-C01-01,2026-08-01T02:22:00.000Z,35.55311,129.05111,74,1500,375.88,false,ok
GLV-C01,TRIP-GLV-C01-01,2026-08-01T02:24:00.000Z,35.55600,129.05271,75,1500,378.21,false,ok
GLV-C01,TRIP-GLV-C01-01,2026-08-01T02:26:00.000Z,35.55889,129.05431,75,1500,380.54,false,ok
GLV-C01,TRIP-GLV-C01-01,2026-08-01T02:28:00.000Z,35.56178,129.05591,76,1500,382.88,false,ok
GLV-C01,TRIP-GLV-C01-01,2026-08-01T02:30:00.000Z,35.56467,129.05751,76,1500,385.21,false,ok
GLV-C01,TRIP-GLV-C01-01,2026-08-01T02:32:00.000Z,35.56756,129.05911,76,1500,387.55,false,ok
GLV-C01,TRIP-GLV-C01-01,2026-08-01T02:34:00.000Z,35.57045,129.06071,75,1500,389.88,false,ok
GLV-C01,TRIP-GLV-C01-01,2026-08-01T02:36:00.000Z,35.57334,129.06230,75,1500,392.22,false,ok
GLV-C01,TRIP-GLV-C01-01,2026-08-01T02:38:00.000Z,35.57622,129.06390,73,1500,394.55,false,ok
GLV-C01,TRIP-GLV-C01-01,2026-08-01T02:40:00.000Z,35.57911,129.06550,72,1500,396.89,false,ok
GLV-C01,TRIP-GLV-C01-01,2026-08-01T02:42:00.000Z,35.58200,129.06710,71,1500,399.22,false,ok
GLV-C01,TRIP-GLV-C01-01,2026-08-01T02:44:00.000Z,35.58489,129.06870,69,1500,401.56,false,ok
GLV-C01,TRIP-GLV-C01-01,2026-08-01T02:46:00.000Z,35.58778,129.07030,68,1500,403.89,false,ok
GLV-C01,TRIP-GLV-C01-01,2026-08-01T02:48:00.000Z,35.59067,129.07190,66,1500,406.23,false,ok
GLV-C01,TRIP-GLV-C01-01,2026-08-01T02:50:00.000Z,35.59356,129.07350,65,1500,408.56,false,ok
GLV-C01,TRIP-GLV-C01-01,2026-08-01T02:52:00.000Z,35.59645,129.07509,63,1500,410.89,false,ok
GLV-C01,TRIP-GLV-C01-01,2026-08-01T02:54:00.000Z,35.59934,129.07669,62,1500,413.23,false,ok
GLV-C01,TRIP-GLV-C01-01,2026-08-01T02:56:00.000Z,35.60223,129.07829,61,1500,415.56,false,ok
GLV-C01,TRIP-GLV-C01-01,2026-08-01T02:58:00.000Z,35.60512,129.07989,60,1500,417.90,false,ok
GLV-C01,TRIP-GLV-C01-01,2026-08-01T03:00:00.000Z,35.60801,129.08149,60,1500,420.23,false,ok
GLV-C01,TRIP-GLV-C01-01,2026-08-01T03:02:00.000Z,35.61090,129.08309,60,1500,422.57,false,ok
GLV-C01,TRIP-GLV-C01-01,2026-08-01T03:04:00.000Z,35.61379,129.08469,60,1500,424.90,false,ok
GLV-C01,TRIP-GLV-C01-01,2026-08-01T03:06:00.000Z,35.61668,129.08629,61,1500,427.24,false,ok
GLV-C01,TRIP-GLV-C01-01,2026-08-01T03:08:00.000Z,35.61957,129.08789,62,1500,429.57,false,ok
GLV-C01,TRIP-GLV-C01-01,2026-08-01T03:10:00.000Z,35.62246,129.08948,63,1500,431.91,false,ok
GLV-C01,TRIP-GLV-C01-01,2026-08-01T03:12:00.000Z,35.62535,129.09108,64,1500,434.24,false,ok
GLV-C01,TRIP-GLV-C01-01,2026-08-01T03:14:00.000Z,35.62824,129.09268,66,1500,436.58,false,ok
GLV-C01,TRIP-GLV-C01-01,2026-08-01T03:16:00.000Z,35.63112,129.09428,67,1500,438.91,false,ok
GLV-C01,TRIP-GLV-C01-01,2026-08-01T03:18:00.000Z,35.63401,129.09588,69,1500,441.25,false,ok
GLV-C01,TRIP-GLV-C01-01,2026-08-01T03:20:00.000Z,35.63690,129.09748,70,1500,443.58,false,ok
GLV-C01,TRIP-GLV-C01-01,2026-08-01T03:22:00.000Z,35.63979,129.09908,72,1500,445.91,false,ok
GLV-C01,TRIP-GLV-C01-01,2026-08-01T03:24:00.000Z,35.64268,129.10068,73,1500,448.25,false,ok
GLV-C01,TRIP-GLV-C01-01,2026-08-01T03:26:00.000Z,35.64557,129.10227,74,1500,450.58,false,ok
GLV-C01,TRIP-GLV-C01-01,2026-08-01T03:28:00.000Z,35.64846,129.10387,75,1500,452.92,false,ok
GLV-C01,TRIP-GLV-C01-01,2026-08-01T03:30:00.000Z,35.65135,129.10547,76,1500,455.25,false,ok
GLV-C01,TRIP-GLV-C01-01,2026-08-01T03:32:00.000Z,35.65424,129.10707,76,1500,457.59,false,ok
GLV-C01,TRIP-GLV-C01-01,2026-08-01T03:34:00.000Z,35.65713,129.10867,76,1500,459.92,false,ok
GLV-C01,TRIP-GLV-C01-01,2026-08-01T03:36:00.000Z,35.66002,129.11027,76,1500,462.26,false,ok
GLV-C01,TRIP-GLV-C01-01,2026-08-01T03:38:00.000Z,35.66291,129.11187,75,1500,464.59,false,ok
GLV-C01,TRIP-GLV-C01-01,2026-08-01T03:40:00.000Z,35.66580,129.11347,74,1500,466.93,false,ok
GLV-C01,TRIP-GLV-C01-01,2026-08-01T03:42:00.000Z,35.66869,129.11507,73,1500,469.26,false,ok
GLV-C01,TRIP-GLV-C01-01,2026-08-01T03:44:00.000Z,35.67158,129.11666,71,1500,471.60,false,ok
GLV-C01,TRIP-GLV-C01-01,2026-08-01T03:46:00.000Z,35.67447,129.11826,70,1500,473.93,false,ok
GLV-C01,TRIP-GLV-C01-01,2026-08-01T03:48:00.000Z,35.67736,129.11986,68,1500,476.26,false,ok
GLV-C01,TRIP-GLV-C01-01,2026-08-01T03:50:00.000Z,35.68025,129.12146,67,1500,478.60,false,ok
GLV-C01,TRIP-GLV-C01-01,2026-08-01T03:52:00.000Z,35.68314,129.12306,65,1500,480.93,false,ok
GLV-C01,TRIP-GLV-C01-01,2026-08-01T03:54:00.000Z,35.68603,129.12466,64,1500,483.27,false,ok
GLV-C01,TRIP-GLV-C01-01,2026-08-01T03:56:00.000Z,35.68891,129.12626,62,1500,485.60,false,ok
GLV-C01,TRIP-GLV-C01-01,2026-08-01T03:58:00.000Z,35.69180,129.12786,61,1500,487.94,false,ok
GLV-C01,TRIP-GLV-C01-01,2026-08-01T04:00:00.000Z,35.69469,129.12945,61,1500,490.27,false,ok
GLV-C01,TRIP-GLV-C01-01,2026-08-01T04:02:00.000Z,35.69758,129.13105,60,1500,492.61,false,ok
GLV-C01,TRIP-GLV-C01-01,2026-08-01T04:04:00.000Z,35.70047,129.13265,60,1500,494.94,false,ok
GLV-C01,TRIP-GLV-C01-01,2026-08-01T04:06:00.000Z,35.70336,129.13425,60,1500,497.28,false,ok
GLV-C01,TRIP-GLV-C01-01,2026-08-01T04:08:00.000Z,35.70625,129.13585,61,1500,499.61,false,ok
GLV-C01,TRIP-GLV-C01-01,2026-08-01T04:10:00.000Z,35.70914,129.13745,61,1500,501.95,false,ok
GLV-C01,TRIP-GLV-C01-01,2026-08-01T04:12:00.000Z,35.71203,129.13905,62,1500,504.28,false,ok
GLV-C01,TRIP-GLV-C01-01,2026-08-01T04:14:00.000Z,35.71492,129.14065,64,1500,506.61,false,ok
GLV-C01,TRIP-GLV-C01-01,2026-08-01T04:16:00.000Z,35.71781,129.14225,65,1500,508.95,false,ok
GLV-C01,TRIP-GLV-C01-01,2026-08-01T04:18:00.000Z,35.72070,129.14384,67,1500,511.28,false,ok
GLV-C01,TRIP-GLV-C01-01,2026-08-01T04:20:00.000Z,35.72359,129.14544,68,1500,513.62,false,ok
GLV-C01,TRIP-GLV-C01-01,2026-08-01T04:22:00.000Z,35.72648,129.14704,70,1500,515.95,false,ok
GLV-C01,TRIP-GLV-C01-01,2026-08-01T04:24:00.000Z,35.72937,129.14864,71,1500,518.29,false,ok
GLV-C01,TRIP-GLV-C01-01,2026-08-01T04:26:00.000Z,35.73226,129.15024,73,1500,520.62,false,ok
GLV-C01,TRIP-GLV-C01-01,2026-08-01T04:28:00.000Z,35.73515,129.15184,74,1500,522.96,false,ok
GLV-C01,TRIP-GLV-C01-01,2026-08-01T04:30:00.000Z,35.73804,129.15344,75,1500,525.29,false,ok
GLV-C01,TRIP-GLV-C01-01,2026-08-01T04:32:00.000Z,35.74093,129.15504,76,1500,527.63,false,ok
GLV-C01,TRIP-GLV-C01-01,2026-08-01T04:34:00.000Z,35.74382,129.15664,76,1500,529.96,false,ok
GLV-C01,TRIP-GLV-C01-01,2026-08-01T04:36:00.000Z,35.74670,129.15823,76,1500,532.30,false,ok
GLV-C01,TRIP-GLV-C01-01,2026-08-01T04:38:00.000Z,35.74959,129.15983,76,1500,534.63,false,ok
GLV-C01,TRIP-GLV-C01-01,2026-08-01T04:40:00.000Z,35.75248,129.16143,75,1500,536.96,false,ok
GLV-C01,TRIP-GLV-C01-01,2026-08-01T04:42:00.000Z,35.75537,129.16303,74,1500,539.30,false,ok
GLV-C01,TRIP-GLV-C01-01,2026-08-01T04:44:00.000Z,35.75826,129.16463,73,1500,541.63,false,ok
GLV-C01,TRIP-GLV-C01-01,2026-08-01T04:46:00.000Z,35.76115,129.16623,72,1500,543.97,false,ok
GLV-C01,TRIP-GLV-C01-01,2026-08-01T04:48:00.000Z,35.76404,129.16783,71,1500,546.30,false,ok
GLV-C01,TRIP-GLV-C01-01,2026-08-01T04:50:00.000Z,35.76693,129.16943,69,1500,548.64,false,ok
GLV-C01,TRIP-GLV-C01-01,2026-08-01T04:52:00.000Z,35.76982,129.17102,67,1500,550.97,false,ok
GLV-C01,TRIP-GLV-C01-01,2026-08-01T04:54:00.000Z,35.77271,129.17262,66,1500,553.31,false,ok
GLV-C01,TRIP-GLV-C01-01,2026-08-01T04:56:00.000Z,35.77560,129.17422,64,1500,555.64,false,ok
GLV-C01,TRIP-GLV-C01-01,2026-08-01T04:58:00.000Z,35.77849,129.17582,63,1500,557.98,false,ok
GLV-C01,TRIP-GLV-C01-01,2026-08-01T05:00:00.000Z,35.78138,129.17742,62,1500,560.31,false,ok
GLV-C01,TRIP-GLV-C01-01,2026-08-01T05:02:00.000Z,35.78427,129.17902,61,1500,562.65,false,ok
GLV-C01,TRIP-GLV-C01-01,2026-08-01T05:04:00.000Z,35.78716,129.18062,60,1500,564.98,false,ok
GLV-C01,TRIP-GLV-C01-01,2026-08-01T05:06:00.000Z,35.79005,129.18222,60,1500,567.32,false,ok
GLV-C01,TRIP-GLV-C01-01,2026-08-01T05:08:00.000Z,35.79294,129.18382,60,1500,569.65,false,ok
GLV-C01,TRIP-GLV-C01-01,2026-08-01T05:10:00.000Z,35.79583,129.18541,60,1500,571.98,false,ok
GLV-C01,TRIP-GLV-C01-01,2026-08-01T05:12:00.000Z,35.79872,129.18701,61,1500,574.32,false,ok
GLV-C01,TRIP-GLV-C01-01,2026-08-01T05:14:00.000Z,35.80161,129.18861,62,1500,576.65,false,ok
GLV-C01,TRIP-GLV-C01-01,2026-08-01T05:16:00.000Z,35.80449,129.19021,63,1500,578.99,false,ok
GLV-C01,TRIP-GLV-C01-01,2026-08-01T05:18:00.000Z,35.80738,129.19181,64,1500,581.32,false,ok
GLV-C01,TRIP-GLV-C01-01,2026-08-01T05:20:00.000Z,35.81027,129.19341,66,1500,583.66,false,ok
GLV-C01,TRIP-GLV-C01-01,2026-08-01T05:22:00.000Z,35.81316,129.19501,67,1500,585.99,false,ok
GLV-C01,TRIP-GLV-C01-01,2026-08-01T05:24:00.000Z,35.81605,129.19661,69,1500,588.33,false,ok
GLV-C01,TRIP-GLV-C01-01,2026-08-01T05:26:00.000Z,35.81894,129.19820,71,1500,590.66,false,ok
GLV-C01,TRIP-GLV-C01-01,2026-08-01T05:28:00.000Z,35.82183,129.19980,72,1500,593.00,false,ok
GLV-C01,TRIP-GLV-C01-01,2026-08-01T05:30:00.000Z,35.82472,129.20140,73,1500,595.33,false,ok
GLV-C01,TRIP-GLV-C01-01,2026-08-01T05:32:00.000Z,35.82761,129.20300,74,1500,597.67,false,ok
GLV-C01,TRIP-GLV-C01-01,2026-08-01T05:34:00.000Z,35.83050,129.20460,75,1500,600.00,false,ok
GLV-C02,TRIP-GLV-C02-01,2026-07-31T21:00:00.000Z,35.08790,128.79370,68,1500,0.00,false,ok
GLV-C02,TRIP-GLV-C02-01,2026-07-31T21:02:00.000Z,35.09105,128.79544,70,1500,2.34,false,ok
GLV-C02,TRIP-GLV-C02-01,2026-07-31T21:04:00.000Z,35.09421,128.79719,71,1500,4.67,false,ok
GLV-C02,TRIP-GLV-C02-01,2026-07-31T21:06:00.000Z,35.09736,128.79893,73,1500,7.01,false,ok
GLV-C02,TRIP-GLV-C02-01,2026-07-31T21:08:00.000Z,35.10051,128.80068,74,1500,9.34,false,ok
GLV-C02,TRIP-GLV-C02-01,2026-07-31T21:10:00.000Z,35.10367,128.80242,75,1500,11.68,false,ok
GLV-C02,TRIP-GLV-C02-01,2026-07-31T21:12:00.000Z,35.10682,128.80417,75,1500,14.01,false,ok
GLV-C02,TRIP-GLV-C02-01,2026-07-31T21:14:00.000Z,35.10997,128.80591,76,1500,16.35,false,ok
GLV-C02,TRIP-GLV-C02-01,2026-07-31T21:16:00.000Z,35.11313,128.80766,76,1500,18.68,false,ok
GLV-C02,TRIP-GLV-C02-01,2026-07-31T21:18:00.000Z,35.11628,128.80940,76,1500,21.02,false,ok
GLV-C02,TRIP-GLV-C02-01,2026-07-31T21:20:00.000Z,35.11943,128.81115,75,1500,23.35,false,ok
GLV-C02,TRIP-GLV-C02-01,2026-07-31T21:22:00.000Z,35.12259,128.81289,74,1500,25.69,false,ok
GLV-C02,TRIP-GLV-C02-01,2026-07-31T21:24:00.000Z,35.12574,128.81464,73,1500,28.03,false,ok
GLV-C02,TRIP-GLV-C02-01,2026-07-31T21:26:00.000Z,35.12889,128.81638,72,1500,30.36,false,ok
GLV-C02,TRIP-GLV-C02-01,2026-07-31T21:28:00.000Z,35.13205,128.81813,71,1500,32.70,false,ok
GLV-C02,TRIP-GLV-C02-01,2026-07-31T21:30:00.000Z,35.13520,128.81987,69,1500,35.03,false,ok
GLV-C02,TRIP-GLV-C02-01,2026-07-31T21:32:00.000Z,35.13835,128.82162,68,1500,37.37,false,ok
GLV-C02,TRIP-GLV-C02-01,2026-07-31T21:34:00.000Z,35.14151,128.82336,66,1500,39.70,false,ok
GLV-C02,TRIP-GLV-C02-01,2026-07-31T21:36:00.000Z,35.14466,128.82511,64,1500,42.04,false,ok
GLV-C02,TRIP-GLV-C02-01,2026-07-31T21:38:00.000Z,35.14781,128.82685,63,1500,44.37,false,ok
GLV-C02,TRIP-GLV-C02-01,2026-07-31T21:40:00.000Z,35.15097,128.82860,62,1500,46.71,false,ok
GLV-C02,TRIP-GLV-C02-01,2026-07-31T21:42:00.000Z,35.15412,128.83034,61,1500,49.04,false,ok
GLV-C02,TRIP-GLV-C02-01,2026-07-31T21:44:00.000Z,35.15727,128.83209,60,1500,51.38,false,ok
GLV-C02,TRIP-GLV-C02-01,2026-07-31T21:46:00.000Z,35.16043,128.83383,60,1500,53.72,false,ok
GLV-C02,TRIP-GLV-C02-01,2026-07-31T21:48:00.000Z,35.16358,128.83558,60,1500,56.05,false,ok
GLV-C02,TRIP-GLV-C02-01,2026-07-31T21:50:00.000Z,35.16673,128.83732,60,1500,58.39,false,ok
GLV-C02,TRIP-GLV-C02-01,2026-07-31T21:52:00.000Z,35.16989,128.83906,61,1500,60.72,false,ok
GLV-C02,TRIP-GLV-C02-01,2026-07-31T21:54:00.000Z,35.17304,128.84081,62,1500,63.06,false,ok
GLV-C02,TRIP-GLV-C02-01,2026-07-31T21:56:00.000Z,35.17619,128.84255,63,1500,65.39,false,ok
GLV-C02,TRIP-GLV-C02-01,2026-07-31T21:58:00.000Z,35.17935,128.84430,64,1500,67.73,false,ok
GLV-C02,TRIP-GLV-C02-01,2026-07-31T22:00:00.000Z,35.18250,128.84604,66,1500,70.06,false,ok
GLV-C02,TRIP-GLV-C02-01,2026-07-31T22:02:00.000Z,35.18565,128.84779,67,1500,72.40,false,ok
GLV-C02,TRIP-GLV-C02-01,2026-07-31T22:04:00.000Z,35.18881,128.84953,69,1500,74.73,false,ok
GLV-C02,TRIP-GLV-C02-01,2026-07-31T22:06:00.000Z,35.19196,128.85128,70,1500,77.07,false,ok
GLV-C02,TRIP-GLV-C02-01,2026-07-31T22:08:00.000Z,35.19511,128.85302,72,1500,79.41,false,ok
GLV-C02,TRIP-GLV-C02-01,2026-07-31T22:10:00.000Z,35.19827,128.85477,73,1500,81.74,false,ok
GLV-C02,TRIP-GLV-C02-01,2026-07-31T22:12:00.000Z,35.20142,128.85651,74,1500,84.08,false,ok
GLV-C02,TRIP-GLV-C02-01,2026-07-31T22:14:00.000Z,35.20457,128.85826,75,1500,86.41,false,ok
GLV-C02,TRIP-GLV-C02-01,2026-07-31T22:16:00.000Z,35.20773,128.86000,76,1500,88.75,false,ok
GLV-C02,TRIP-GLV-C02-01,2026-07-31T22:18:00.000Z,35.21088,128.86175,76,1500,91.08,false,ok
GLV-C02,TRIP-GLV-C02-01,2026-07-31T22:20:00.000Z,35.21403,128.86349,76,1500,93.42,false,ok
GLV-C02,TRIP-GLV-C02-01,2026-07-31T22:22:00.000Z,35.21718,128.86524,76,1500,95.75,false,ok
GLV-C02,TRIP-GLV-C02-01,2026-07-31T22:24:00.000Z,35.22034,128.86698,75,1500,98.09,false,ok
GLV-C02,TRIP-GLV-C02-01,2026-07-31T22:26:00.000Z,35.22349,128.86873,74,1500,100.42,false,ok
GLV-C02,TRIP-GLV-C02-01,2026-07-31T22:28:00.000Z,35.22664,128.87047,73,1500,102.76,false,ok
GLV-C02,TRIP-GLV-C02-01,2026-07-31T22:30:00.000Z,35.22980,128.87222,71,1500,105.10,false,ok
GLV-C02,TRIP-GLV-C02-01,2026-07-31T22:32:00.000Z,35.23295,128.87396,70,1500,107.43,false,ok
GLV-C02,TRIP-GLV-C02-01,2026-07-31T22:34:00.000Z,35.23610,128.87571,68,1500,109.77,false,ok
GLV-C02,TRIP-GLV-C02-01,2026-07-31T22:36:00.000Z,35.23926,128.87745,67,1500,112.10,false,ok
GLV-C02,TRIP-GLV-C02-01,2026-07-31T22:38:00.000Z,35.24241,128.87920,65,1500,114.44,false,ok
GLV-C02,TRIP-GLV-C02-01,2026-07-31T22:40:00.000Z,35.24556,128.88094,64,1500,116.77,false,ok
GLV-C02,TRIP-GLV-C02-01,2026-07-31T22:42:00.000Z,35.24872,128.88268,62,1500,119.11,false,ok
GLV-C02,TRIP-GLV-C02-01,2026-07-31T22:44:00.000Z,35.25187,128.88443,61,1500,121.44,false,ok
GLV-C02,TRIP-GLV-C02-01,2026-07-31T22:46:00.000Z,35.25502,128.88617,61,1500,123.78,false,ok
GLV-C02,TRIP-GLV-C02-01,2026-07-31T22:48:00.000Z,35.25818,128.88792,60,1500,126.11,false,ok
GLV-C02,TRIP-GLV-C02-01,2026-07-31T22:50:00.000Z,35.26133,128.88966,60,1500,128.45,false,ok
GLV-C02,TRIP-GLV-C02-01,2026-07-31T22:52:00.000Z,35.26448,128.89141,60,1500,130.79,false,ok
GLV-C02,TRIP-GLV-C02-01,2026-07-31T22:54:00.000Z,35.26764,128.89315,61,1500,133.12,false,ok
GLV-C02,TRIP-GLV-C02-01,2026-07-31T22:56:00.000Z,35.27079,128.89490,61,1500,135.46,false,ok
GLV-C02,TRIP-GLV-C02-01,2026-07-31T22:58:00.000Z,35.27394,128.89664,62,1500,137.79,false,ok
GLV-C02,TRIP-GLV-C02-01,2026-07-31T23:00:00.000Z,35.27710,128.89839,64,1500,140.13,false,ok
GLV-C02,TRIP-GLV-C02-01,2026-07-31T23:02:00.000Z,35.28025,128.90013,65,1500,142.46,false,ok
GLV-C02,TRIP-GLV-C02-01,2026-07-31T23:04:00.000Z,35.28340,128.90188,67,1500,144.80,false,ok
GLV-C02,TRIP-GLV-C02-01,2026-07-31T23:06:00.000Z,35.28656,128.90362,68,1500,147.13,false,ok
GLV-C02,TRIP-GLV-C02-01,2026-07-31T23:08:00.000Z,35.28971,128.90537,70,1500,149.47,false,ok
GLV-C02,TRIP-GLV-C02-01,2026-07-31T23:10:00.000Z,35.29286,128.90711,71,1500,151.80,false,ok
GLV-C02,TRIP-GLV-C02-01,2026-07-31T23:12:00.000Z,35.29602,128.90886,73,1500,154.14,false,ok
GLV-C02,TRIP-GLV-C02-01,2026-07-31T23:14:00.000Z,35.29917,128.91060,74,1500,156.48,false,ok
GLV-C02,TRIP-GLV-C02-01,2026-07-31T23:16:00.000Z,35.30232,128.91235,75,1500,158.81,false,ok
GLV-C02,TRIP-GLV-C02-01,2026-07-31T23:18:00.000Z,35.30548,128.91409,76,1500,161.15,false,ok
GLV-C02,TRIP-GLV-C02-01,2026-07-31T23:20:00.000Z,35.30863,128.91584,76,1500,163.48,false,ok
GLV-C02,TRIP-GLV-C02-01,2026-07-31T23:22:00.000Z,35.31178,128.91758,76,1500,165.82,false,ok
GLV-C02,TRIP-GLV-C02-01,2026-07-31T23:24:00.000Z,35.31494,128.91933,76,1500,168.15,false,ok
GLV-C02,TRIP-GLV-C02-01,2026-07-31T23:26:00.000Z,35.31809,128.92107,75,1500,170.49,false,ok
GLV-C02,TRIP-GLV-C02-01,2026-07-31T23:28:00.000Z,35.32124,128.92282,74,1500,172.82,false,ok
GLV-C02,TRIP-GLV-C02-01,2026-07-31T23:30:00.000Z,35.32440,128.92456,73,1500,175.16,false,ok
GLV-C02,TRIP-GLV-C02-01,2026-07-31T23:32:00.000Z,35.32755,128.92630,72,1500,177.49,false,ok
GLV-C02,TRIP-GLV-C02-01,2026-07-31T23:34:00.000Z,35.33070,128.92805,70,1500,179.83,false,ok
GLV-C02,TRIP-GLV-C02-01,2026-07-31T23:36:00.000Z,35.33386,128.92979,69,1500,182.17,false,ok
GLV-C02,TRIP-GLV-C02-01,2026-07-31T23:38:00.000Z,35.33701,128.93154,67,1500,184.50,false,ok
GLV-C02,TRIP-GLV-C02-01,2026-07-31T23:40:00.000Z,35.34016,128.93328,66,1500,186.84,false,ok
GLV-C02,TRIP-GLV-C02-01,2026-07-31T23:42:00.000Z,35.34332,128.93503,64,1500,189.17,false,ok
GLV-C02,TRIP-GLV-C02-01,2026-07-31T23:44:00.000Z,35.34647,128.93677,63,1500,191.51,false,ok
GLV-C02,TRIP-GLV-C02-01,2026-07-31T23:46:00.000Z,35.34962,128.93852,62,1500,193.84,false,ok
GLV-C02,TRIP-GLV-C02-01,2026-07-31T23:48:00.000Z,35.35278,128.94026,61,1500,196.18,false,ok
GLV-C02,TRIP-GLV-C02-01,2026-07-31T23:50:00.000Z,35.35593,128.94201,60,1500,198.51,false,ok
GLV-C02,TRIP-GLV-C02-01,2026-07-31T23:52:00.000Z,35.35908,128.94375,60,1500,200.85,false,ok
GLV-C02,TRIP-GLV-C02-01,2026-07-31T23:54:00.000Z,35.36224,128.94550,60,1500,203.18,false,ok
GLV-C02,TRIP-GLV-C02-01,2026-07-31T23:56:00.000Z,35.36539,128.94724,60,1500,205.52,false,ok
GLV-C02,TRIP-GLV-C02-01,2026-07-31T23:58:00.000Z,35.36854,128.94899,61,1500,207.86,false,ok
GLV-C02,TRIP-GLV-C02-01,2026-08-01T00:00:00.000Z,35.37170,128.95073,62,1500,210.19,false,ok
GLV-C02,TRIP-GLV-C02-01,2026-08-01T00:02:00.000Z,35.37485,128.95248,63,1500,212.53,false,ok
GLV-C02,TRIP-GLV-C02-01,2026-08-01T00:04:00.000Z,35.37800,128.95422,65,1500,214.86,false,ok
GLV-C02,TRIP-GLV-C02-01,2026-08-01T00:06:00.000Z,35.38116,128.95597,66,1500,217.20,false,ok
GLV-C02,TRIP-GLV-C02-01,2026-08-01T00:08:00.000Z,35.38431,128.95771,68,1500,219.53,false,ok
GLV-C02,TRIP-GLV-C02-01,2026-08-01T00:10:00.000Z,35.38746,128.95946,69,1500,221.87,false,ok
GLV-C02,TRIP-GLV-C02-01,2026-08-01T00:12:00.000Z,35.39062,128.96120,71,1500,224.20,false,ok
GLV-C02,TRIP-GLV-C02-01,2026-08-01T00:14:00.000Z,35.39377,128.96295,72,1500,226.54,false,ok
GLV-C02,TRIP-GLV-C02-01,2026-08-01T00:16:00.000Z,35.39692,128.96469,73,1500,228.87,false,ok
GLV-C02,TRIP-GLV-C02-01,2026-08-01T00:18:00.000Z,35.40008,128.96644,75,1500,231.21,false,ok
GLV-C02,TRIP-GLV-C02-01,2026-08-01T00:20:00.000Z,35.40323,128.96818,75,1500,233.55,false,ok
GLV-C02,TRIP-GLV-C02-01,2026-08-01T00:22:00.000Z,35.40638,128.96992,76,1500,235.88,false,ok
GLV-C02,TRIP-GLV-C02-01,2026-08-01T00:24:00.000Z,35.40954,128.97167,76,1500,238.22,false,ok
GLV-C02,TRIP-GLV-C02-01,2026-08-01T00:26:00.000Z,35.41269,128.97341,76,1500,240.55,false,ok
GLV-C02,TRIP-GLV-C02-01,2026-08-01T00:28:00.000Z,35.41584,128.97516,75,1500,242.89,false,ok
GLV-C02,TRIP-GLV-C02-01,2026-08-01T00:30:00.000Z,35.41900,128.97690,75,1500,245.22,false,ok
GLV-C02,TRIP-GLV-C02-01,2026-08-01T00:32:00.000Z,35.42215,128.97865,74,1500,247.56,false,ok
GLV-C02,TRIP-GLV-C02-01,2026-08-01T00:34:00.000Z,35.42530,128.98039,72,1500,249.89,false,ok
GLV-C02,TRIP-GLV-C02-01,2026-08-01T00:36:00.000Z,35.42846,128.98214,71,1500,252.23,false,ok
GLV-C02,TRIP-GLV-C02-01,2026-08-01T00:38:00.000Z,35.43161,128.98388,70,1500,254.56,false,ok
GLV-C02,TRIP-GLV-C02-01,2026-08-01T00:40:00.000Z,35.43476,128.98563,68,1500,256.90,false,ok
GLV-C02,TRIP-GLV-C02-01,2026-08-01T00:42:00.000Z,35.43792,128.98737,66,1500,259.24,false,ok
GLV-C02,TRIP-GLV-C02-01,2026-08-01T00:44:00.000Z,35.44107,128.98912,65,1500,261.57,false,ok
GLV-C02,TRIP-GLV-C02-01,2026-08-01T00:46:00.000Z,35.44422,128.99086,63,1500,263.91,false,ok
GLV-C02,TRIP-GLV-C02-01,2026-08-01T00:48:00.000Z,35.44738,128.99261,62,1500,266.24,false,ok
GLV-C02,TRIP-GLV-C02-01,2026-08-01T00:50:00.000Z,35.45053,128.99435,61,1500,268.58,false,ok
GLV-C02,TRIP-GLV-C02-01,2026-08-01T00:52:00.000Z,35.45368,128.99610,61,1500,270.91,false,ok
GLV-C02,TRIP-GLV-C02-01,2026-08-01T00:54:00.000Z,35.45684,128.99784,60,1500,273.25,false,ok
GLV-C02,TRIP-GLV-C02-01,2026-08-01T00:56:00.000Z,35.45999,128.99959,60,1500,275.58,false,ok
GLV-C02,TRIP-GLV-C02-01,2026-08-01T00:58:00.000Z,35.46314,129.00133,60,1500,277.92,false,ok
GLV-C02,TRIP-GLV-C02-01,2026-08-01T01:00:00.000Z,35.46629,129.00308,61,1500,280.25,false,ok
GLV-C02,TRIP-GLV-C02-01,2026-08-01T01:02:00.000Z,35.46945,129.00482,62,1500,282.59,false,ok
GLV-C02,TRIP-GLV-C02-01,2026-08-01T01:04:00.000Z,35.47260,129.00657,63,1500,284.93,false,ok
GLV-C02,TRIP-GLV-C02-01,2026-08-01T01:06:00.000Z,35.47575,129.00831,64,1500,287.26,false,ok
GLV-C02,TRIP-GLV-C02-01,2026-08-01T01:08:00.000Z,35.47891,129.01005,65,1500,289.60,false,ok
GLV-C02,TRIP-GLV-C02-01,2026-08-01T01:10:00.000Z,35.48206,129.01180,67,1500,291.93,false,ok
GLV-C02,TRIP-GLV-C02-01,2026-08-01T01:12:00.000Z,35.48521,129.01354,69,1500,294.27,false,ok
GLV-C02,TRIP-GLV-C02-01,2026-08-01T01:14:00.000Z,35.48837,129.01529,70,1500,296.60,false,ok
GLV-C02,TRIP-GLV-C02-01,2026-08-01T01:16:00.000Z,35.49152,129.01703,72,1500,298.94,false,ok
GLV-C02,TRIP-GLV-C02-01,2026-08-01T01:18:00.000Z,35.49467,129.01878,73,1500,301.27,false,ok
GLV-C02,TRIP-GLV-C02-01,2026-08-01T01:20:00.000Z,35.49783,129.02052,74,1500,303.61,false,ok
GLV-C02,TRIP-GLV-C02-01,2026-08-01T01:22:00.000Z,35.50098,129.02227,75,1500,305.94,false,ok
GLV-C02,TRIP-GLV-C02-01,2026-08-01T01:24:00.000Z,35.50413,129.02401,76,1500,308.28,false,ok
GLV-C02,TRIP-GLV-C02-01,2026-08-01T01:26:00.000Z,35.50729,129.02576,76,1500,310.62,false,ok
GLV-C02,TRIP-GLV-C02-01,2026-08-01T01:28:00.000Z,35.51044,129.02750,76,1500,312.95,false,ok
GLV-C02,TRIP-GLV-C02-01,2026-08-01T01:30:00.000Z,35.51359,129.02925,76,1500,315.29,false,ok
GLV-C02,TRIP-GLV-C02-01,2026-08-01T01:32:00.000Z,35.51675,129.03099,75,1500,317.62,false,ok
GLV-C02,TRIP-GLV-C02-01,2026-08-01T01:34:00.000Z,35.51990,129.03274,74,1500,319.96,false,ok
GLV-C02,TRIP-GLV-C02-01,2026-08-01T01:36:00.000Z,35.52305,129.03448,73,1500,322.29,false,ok
GLV-C02,TRIP-GLV-C02-01,2026-08-01T01:38:00.000Z,35.52621,129.03623,72,1500,324.63,false,ok
GLV-C02,TRIP-GLV-C02-01,2026-08-01T01:40:00.000Z,35.52936,129.03797,70,1500,326.96,false,ok
GLV-C02,TRIP-GLV-C02-01,2026-08-01T01:42:00.000Z,35.53251,129.03972,69,1500,329.30,false,ok
GLV-C02,TRIP-GLV-C02-01,2026-08-01T01:44:00.000Z,35.53567,129.04146,67,1500,331.63,false,ok
GLV-C02,TRIP-GLV-C02-01,2026-08-01T01:46:00.000Z,35.53882,129.04321,65,1500,333.97,false,ok
GLV-C02,TRIP-GLV-C02-01,2026-08-01T01:48:00.000Z,35.54197,129.04495,64,1500,336.31,false,ok
GLV-C02,TRIP-GLV-C02-01,2026-08-01T01:50:00.000Z,35.54513,129.04670,63,1500,338.64,false,ok
GLV-C02,TRIP-GLV-C02-01,2026-08-01T01:52:00.000Z,35.54828,129.04844,62,1500,340.98,false,ok
GLV-C02,TRIP-GLV-C02-01,2026-08-01T01:54:00.000Z,35.55143,129.05019,61,1500,343.31,false,ok
GLV-C02,TRIP-GLV-C02-01,2026-08-01T01:56:00.000Z,35.55459,129.05193,60,1500,345.65,false,ok
GLV-C02,TRIP-GLV-C02-01,2026-08-01T01:58:00.000Z,35.55774,129.05367,60,1500,347.98,false,ok
GLV-C02,TRIP-GLV-C02-01,2026-08-01T02:00:00.000Z,35.56089,129.05542,60,1500,350.32,false,ok
GLV-C02,TRIP-GLV-C02-01,2026-08-01T02:02:00.000Z,35.56405,129.05716,60,1500,352.65,false,ok
GLV-C02,TRIP-GLV-C02-01,2026-08-01T02:04:00.000Z,35.56720,129.05891,61,1500,354.99,false,ok
GLV-C02,TRIP-GLV-C02-01,2026-08-01T02:06:00.000Z,35.57035,129.06065,62,1500,357.32,false,ok
GLV-C02,TRIP-GLV-C02-01,2026-08-01T02:08:00.000Z,35.57351,129.06240,63,1500,359.66,false,ok
GLV-C02,TRIP-GLV-C02-01,2026-08-01T02:10:00.000Z,35.57666,129.06414,65,1500,362.00,false,ok
GLV-C02,TRIP-GLV-C02-01,2026-08-01T02:12:00.000Z,35.57981,129.06589,66,1500,364.33,false,ok
GLV-C02,TRIP-GLV-C02-01,2026-08-01T02:14:00.000Z,35.58297,129.06763,68,1500,366.67,false,ok
GLV-C02,TRIP-GLV-C02-01,2026-08-01T02:16:00.000Z,35.58612,129.06938,69,1500,369.00,false,ok
GLV-C02,TRIP-GLV-C02-01,2026-08-01T02:18:00.000Z,35.58927,129.07112,71,1500,371.34,false,ok
GLV-C02,TRIP-GLV-C02-01,2026-08-01T02:20:00.000Z,35.59243,129.07287,72,1500,373.67,false,ok
GLV-C02,TRIP-GLV-C02-01,2026-08-01T02:22:00.000Z,35.59558,129.07461,74,1500,376.01,false,ok
GLV-C02,TRIP-GLV-C02-01,2026-08-01T02:24:00.000Z,35.59873,129.07636,75,1500,378.34,false,ok
GLV-C02,TRIP-GLV-C02-01,2026-08-01T02:26:00.000Z,35.60189,129.07810,75,1500,380.68,false,ok
GLV-C02,TRIP-GLV-C02-01,2026-08-01T02:28:00.000Z,35.60504,129.07985,76,1500,383.01,false,ok
GLV-C02,TRIP-GLV-C02-01,2026-08-01T02:30:00.000Z,35.60819,129.08159,76,1500,385.35,false,ok
GLV-C02,TRIP-GLV-C02-01,2026-08-01T02:32:00.000Z,35.61135,129.08334,76,1500,387.69,false,ok
GLV-C02,TRIP-GLV-C02-01,2026-08-01T02:34:00.000Z,35.61450,129.08508,75,1500,390.02,false,ok
GLV-C02,TRIP-GLV-C02-01,2026-08-01T02:36:00.000Z,35.61765,129.08683,75,1500,392.36,false,ok
GLV-C02,TRIP-GLV-C02-01,2026-08-01T02:38:00.000Z,35.62081,129.08857,73,1500,394.69,false,ok
GLV-C02,TRIP-GLV-C02-01,2026-08-01T02:40:00.000Z,35.62396,129.09032,72,1500,397.03,false,ok
GLV-C02,TRIP-GLV-C02-01,2026-08-01T02:42:00.000Z,35.62711,129.09206,71,1500,399.36,false,ok
GLV-C02,TRIP-GLV-C02-01,2026-08-01T02:44:00.000Z,35.63027,129.09381,69,1500,401.70,false,ok
GLV-C02,TRIP-GLV-C02-01,2026-08-01T02:46:00.000Z,35.63342,129.09555,68,1500,404.03,false,ok
GLV-C02,TRIP-GLV-C02-01,2026-08-01T02:48:00.000Z,35.63657,129.09729,66,1500,406.37,false,ok
GLV-C02,TRIP-GLV-C02-01,2026-08-01T02:50:00.000Z,35.63973,129.09904,65,1500,408.70,false,ok
GLV-C02,TRIP-GLV-C02-01,2026-08-01T02:52:00.000Z,35.64288,129.10078,63,1500,411.04,false,ok
GLV-C02,TRIP-GLV-C02-01,2026-08-01T02:54:00.000Z,35.64603,129.10253,62,1500,413.38,false,ok
GLV-C02,TRIP-GLV-C02-01,2026-08-01T02:56:00.000Z,35.64919,129.10427,61,1500,415.71,false,ok
GLV-C02,TRIP-GLV-C02-01,2026-08-01T02:58:00.000Z,35.65234,129.10602,60,1500,418.05,false,ok
GLV-C02,TRIP-GLV-C02-01,2026-08-01T03:00:00.000Z,35.65549,129.10776,60,1500,420.38,false,ok
GLV-C02,TRIP-GLV-C02-01,2026-08-01T03:02:00.000Z,35.65865,129.10951,60,1500,422.72,false,ok
GLV-C02,TRIP-GLV-C02-01,2026-08-01T03:04:00.000Z,35.66180,129.11125,60,1500,425.05,false,ok
GLV-C02,TRIP-GLV-C02-01,2026-08-01T03:06:00.000Z,35.66495,129.11300,61,1500,427.39,false,ok
GLV-C02,TRIP-GLV-C02-01,2026-08-01T03:08:00.000Z,35.66811,129.11474,62,1500,429.72,false,ok
GLV-C02,TRIP-GLV-C02-01,2026-08-01T03:10:00.000Z,35.67126,129.11649,63,1500,432.06,false,ok
GLV-C02,TRIP-GLV-C02-01,2026-08-01T03:12:00.000Z,35.67441,129.11823,64,1500,434.39,false,ok
GLV-C02,TRIP-GLV-C02-01,2026-08-01T03:14:00.000Z,35.67757,129.11998,66,1500,436.73,false,ok
GLV-C02,TRIP-GLV-C02-01,2026-08-01T03:16:00.000Z,35.68072,129.12172,67,1500,439.07,false,ok
GLV-C02,TRIP-GLV-C02-01,2026-08-01T03:18:00.000Z,35.68387,129.12347,69,1500,441.40,false,ok
GLV-C02,TRIP-GLV-C02-01,2026-08-01T03:20:00.000Z,35.68703,129.12521,70,1500,443.74,false,ok
GLV-C02,TRIP-GLV-C02-01,2026-08-01T03:22:00.000Z,35.69018,129.12696,72,1500,446.07,false,ok
GLV-C02,TRIP-GLV-C02-01,2026-08-01T03:24:00.000Z,35.69333,129.12870,73,1500,448.41,false,ok
GLV-C02,TRIP-GLV-C02-01,2026-08-01T03:26:00.000Z,35.69649,129.13045,74,1500,450.74,false,ok
GLV-C02,TRIP-GLV-C02-01,2026-08-01T03:28:00.000Z,35.69964,129.13219,75,1500,453.08,false,ok
GLV-C02,TRIP-GLV-C02-01,2026-08-01T03:30:00.000Z,35.70279,129.13394,76,1500,455.41,false,ok
GLV-C02,TRIP-GLV-C02-01,2026-08-01T03:32:00.000Z,35.70595,129.13568,76,1500,457.75,false,ok
GLV-C02,TRIP-GLV-C02-01,2026-08-01T03:34:00.000Z,35.70910,129.13743,76,1500,460.08,false,ok
GLV-C02,TRIP-GLV-C02-01,2026-08-01T03:36:00.000Z,35.71225,129.13917,76,1500,462.42,false,ok
GLV-C02,TRIP-GLV-C02-01,2026-08-01T03:38:00.000Z,35.71540,129.14091,75,1500,464.76,false,ok
GLV-C02,TRIP-GLV-C02-01,2026-08-01T03:40:00.000Z,35.71856,129.14266,74,1500,467.09,false,ok
GLV-C02,TRIP-GLV-C02-01,2026-08-01T03:42:00.000Z,35.72171,129.14440,73,1500,469.43,false,ok
GLV-C02,TRIP-GLV-C02-01,2026-08-01T03:44:00.000Z,35.72486,129.14615,71,1500,471.76,false,ok
GLV-C02,TRIP-GLV-C02-01,2026-08-01T03:46:00.000Z,35.72802,129.14789,70,1500,474.10,false,ok
GLV-C02,TRIP-GLV-C02-01,2026-08-01T03:48:00.000Z,35.73117,129.14964,68,1500,476.43,false,ok
GLV-C02,TRIP-GLV-C02-01,2026-08-01T03:50:00.000Z,35.73432,129.15138,67,1500,478.77,false,ok
GLV-C02,TRIP-GLV-C02-01,2026-08-01T03:52:00.000Z,35.73748,129.15313,65,1500,481.10,false,ok
GLV-C02,TRIP-GLV-C02-01,2026-08-01T03:54:00.000Z,35.74063,129.15487,64,1500,483.44,false,ok
GLV-C02,TRIP-GLV-C02-01,2026-08-01T03:56:00.000Z,35.74378,129.15662,62,1500,485.77,false,ok
GLV-C02,TRIP-GLV-C02-01,2026-08-01T03:58:00.000Z,35.74694,129.15836,61,1500,488.11,false,ok
GLV-C02,TRIP-GLV-C02-01,2026-08-01T04:00:00.000Z,35.75009,129.16011,61,1500,490.45,false,ok
GLV-C02,TRIP-GLV-C02-01,2026-08-01T04:02:00.000Z,35.75324,129.16185,60,1500,492.78,false,ok
GLV-C02,TRIP-GLV-C02-01,2026-08-01T04:04:00.000Z,35.75640,129.16360,60,1500,495.12,false,ok
GLV-C02,TRIP-GLV-C02-01,2026-08-01T04:06:00.000Z,35.75955,129.16534,60,1500,497.45,false,ok
GLV-C02,TRIP-GLV-C02-01,2026-08-01T04:08:00.000Z,35.76270,129.16709,61,1500,499.79,false,ok
GLV-C02,TRIP-GLV-C02-01,2026-08-01T04:10:00.000Z,35.76586,129.16883,61,1500,502.12,false,ok
GLV-C02,TRIP-GLV-C02-01,2026-08-01T04:12:00.000Z,35.76901,129.17058,62,1500,504.46,false,ok
GLV-C02,TRIP-GLV-C02-01,2026-08-01T04:14:00.000Z,35.77216,129.17232,64,1500,506.79,false,ok
GLV-C02,TRIP-GLV-C02-01,2026-08-01T04:16:00.000Z,35.77532,129.17407,65,1500,509.13,false,ok
GLV-C02,TRIP-GLV-C02-01,2026-08-01T04:18:00.000Z,35.77847,129.17581,67,1500,511.46,false,ok
GLV-C02,TRIP-GLV-C02-01,2026-08-01T04:20:00.000Z,35.78162,129.17756,68,1500,513.80,false,ok
GLV-C02,TRIP-GLV-C02-01,2026-08-01T04:22:00.000Z,35.78478,129.17930,70,1500,516.14,false,ok
GLV-C02,TRIP-GLV-C02-01,2026-08-01T04:24:00.000Z,35.78793,129.18105,71,1500,518.47,false,ok
GLV-C02,TRIP-GLV-C02-01,2026-08-01T04:26:00.000Z,35.79108,129.18279,73,1500,520.81,false,ok
GLV-C02,TRIP-GLV-C02-01,2026-08-01T04:28:00.000Z,35.79424,129.18453,74,1500,523.14,false,ok
GLV-C02,TRIP-GLV-C02-01,2026-08-01T04:30:00.000Z,35.79739,129.18628,75,1500,525.48,false,ok
GLV-C02,TRIP-GLV-C02-01,2026-08-01T04:32:00.000Z,35.80054,129.18802,76,1500,527.81,false,ok
GLV-C02,TRIP-GLV-C02-01,2026-08-01T04:34:00.000Z,35.80370,129.18977,76,1500,530.15,false,ok
GLV-C02,TRIP-GLV-C02-01,2026-08-01T04:36:00.000Z,35.80685,129.19151,76,1500,532.48,false,ok
GLV-C02,TRIP-GLV-C02-01,2026-08-01T04:38:00.000Z,35.81000,129.19326,76,1500,534.82,false,ok
GLV-C02,TRIP-GLV-C02-01,2026-08-01T04:40:00.000Z,35.81316,129.19500,75,1500,537.15,false,ok
GLV-C02,TRIP-GLV-C02-01,2026-08-01T04:42:00.000Z,35.81631,129.19675,74,1500,539.49,false,ok
GLV-C02,TRIP-GLV-C02-01,2026-08-01T04:44:00.000Z,35.81946,129.19849,73,1500,541.83,false,ok
GLV-C02,TRIP-GLV-C02-01,2026-08-01T04:46:00.000Z,35.82262,129.20024,72,1500,544.16,false,ok
GLV-C02,TRIP-GLV-C02-01,2026-08-01T04:48:00.000Z,35.82577,129.20198,71,1500,546.50,false,ok
GLV-C02,TRIP-GLV-C02-01,2026-08-01T04:50:00.000Z,35.82892,129.20373,69,1500,548.83,false,ok
GLV-C03,TRIP-GLV-C03-01,2026-07-31T21:00:00.000Z,35.08790,128.79370,68,1500,0.00,false,ok
GLV-C03,TRIP-GLV-C03-01,2026-07-31T21:02:00.000Z,35.09089,128.79535,70,1500,2.33,false,ok
GLV-C03,TRIP-GLV-C03-01,2026-07-31T21:04:00.000Z,35.09388,128.79701,71,1500,4.67,false,ok
GLV-C03,TRIP-GLV-C03-01,2026-07-31T21:06:00.000Z,35.09686,128.79866,73,1500,7.00,false,ok
GLV-C03,TRIP-GLV-C03-01,2026-07-31T21:08:00.000Z,35.09985,128.80031,74,1500,9.34,false,ok
GLV-C03,TRIP-GLV-C03-01,2026-07-31T21:10:00.000Z,35.10284,128.80197,75,1500,11.67,false,ok
GLV-C03,TRIP-GLV-C03-01,2026-07-31T21:12:00.000Z,35.10583,128.80362,75,1500,14.00,false,ok
GLV-C03,TRIP-GLV-C03-01,2026-07-31T21:14:00.000Z,35.10882,128.80527,76,1500,16.34,false,ok
GLV-C03,TRIP-GLV-C03-01,2026-07-31T21:16:00.000Z,35.11181,128.80693,76,1500,18.67,false,ok
GLV-C03,TRIP-GLV-C03-01,2026-07-31T21:18:00.000Z,35.11479,128.80858,76,1500,21.01,false,ok
GLV-C03,TRIP-GLV-C03-01,2026-07-31T21:20:00.000Z,35.11778,128.81024,75,1500,23.34,false,ok
GLV-C03,TRIP-GLV-C03-01,2026-07-31T21:22:00.000Z,35.12077,128.81189,74,1500,25.67,false,ok
GLV-C03,TRIP-GLV-C03-01,2026-07-31T21:24:00.000Z,35.12376,128.81354,73,1500,28.01,false,ok
GLV-C03,TRIP-GLV-C03-01,2026-07-31T21:26:00.000Z,35.12675,128.81520,72,1500,30.34,false,ok
GLV-C03,TRIP-GLV-C03-01,2026-07-31T21:28:00.000Z,35.12974,128.81685,71,1500,32.68,false,ok
GLV-C03,TRIP-GLV-C03-01,2026-07-31T21:30:00.000Z,35.13272,128.81850,69,1500,35.01,false,ok
GLV-C03,TRIP-GLV-C03-01,2026-07-31T21:32:00.000Z,35.13571,128.82016,68,1500,37.34,false,ok
GLV-C03,TRIP-GLV-C03-01,2026-07-31T21:34:00.000Z,35.13870,128.82181,66,1500,39.68,false,ok
GLV-C03,TRIP-GLV-C03-01,2026-07-31T21:36:00.000Z,35.14169,128.82346,64,1500,42.01,false,ok
GLV-C03,TRIP-GLV-C03-01,2026-07-31T21:38:00.000Z,35.14468,128.82512,63,1500,44.35,false,ok
GLV-C03,TRIP-GLV-C03-01,2026-07-31T21:40:00.000Z,35.14767,128.82677,62,1500,46.68,false,ok
GLV-C03,TRIP-GLV-C03-01,2026-07-31T21:42:00.000Z,35.15065,128.82842,61,1500,49.01,false,ok
GLV-C03,TRIP-GLV-C03-01,2026-07-31T21:44:00.000Z,35.15364,128.83008,60,1500,51.35,false,ok
GLV-C03,TRIP-GLV-C03-01,2026-07-31T21:46:00.000Z,35.15663,128.83173,60,1500,53.68,false,ok
GLV-C03,TRIP-GLV-C03-01,2026-07-31T21:48:00.000Z,35.15962,128.83338,60,1500,56.02,false,ok
GLV-C03,TRIP-GLV-C03-01,2026-07-31T21:50:00.000Z,35.16261,128.83504,60,1500,58.35,false,ok
GLV-C03,TRIP-GLV-C03-01,2026-07-31T21:52:00.000Z,35.16560,128.83669,61,1500,60.68,false,ok
GLV-C03,TRIP-GLV-C03-01,2026-07-31T21:54:00.000Z,35.16858,128.83835,62,1500,63.02,false,ok
GLV-C03,TRIP-GLV-C03-01,2026-07-31T21:56:00.000Z,35.17157,128.84000,63,1500,65.35,false,ok
GLV-C03,TRIP-GLV-C03-01,2026-07-31T21:58:00.000Z,35.17456,128.84165,64,1500,67.69,false,ok
GLV-C03,TRIP-GLV-C03-01,2026-07-31T22:00:00.000Z,35.17755,128.84331,66,1500,70.02,false,ok
GLV-C03,TRIP-GLV-C03-01,2026-07-31T22:02:00.000Z,35.18054,128.84496,67,1500,72.35,false,ok
GLV-C03,TRIP-GLV-C03-01,2026-07-31T22:04:00.000Z,35.18353,128.84661,69,1500,74.69,false,ok
GLV-C03,TRIP-GLV-C03-01,2026-07-31T22:06:00.000Z,35.18651,128.84827,70,1500,77.02,false,ok
GLV-C03,TRIP-GLV-C03-01,2026-07-31T22:08:00.000Z,35.18950,128.84992,72,1500,79.36,false,ok
GLV-C03,TRIP-GLV-C03-01,2026-07-31T22:10:00.000Z,35.19249,128.85157,73,1500,81.69,false,ok
GLV-C03,TRIP-GLV-C03-01,2026-07-31T22:12:00.000Z,35.19548,128.85323,74,1500,84.02,false,ok
GLV-C03,TRIP-GLV-C03-01,2026-07-31T22:14:00.000Z,35.19847,128.85488,75,1500,86.36,false,ok
GLV-C03,TRIP-GLV-C03-01,2026-07-31T22:16:00.000Z,35.20146,128.85653,76,1500,88.69,false,ok
GLV-C03,TRIP-GLV-C03-01,2026-07-31T22:18:00.000Z,35.20444,128.85819,76,1500,91.03,false,ok
GLV-C03,TRIP-GLV-C03-01,2026-07-31T22:20:00.000Z,35.20743,128.85984,76,1500,93.36,false,ok
GLV-C03,TRIP-GLV-C03-01,2026-07-31T22:22:00.000Z,35.21042,128.86149,76,1500,95.69,false,ok
GLV-C03,TRIP-GLV-C03-01,2026-07-31T22:24:00.000Z,35.21341,128.86315,75,1500,98.03,false,ok
GLV-C03,TRIP-GLV-C03-01,2026-07-31T22:26:00.000Z,35.21640,128.86480,74,1500,100.36,false,ok
GLV-C03,TRIP-GLV-C03-01,2026-07-31T22:28:00.000Z,35.21939,128.86645,73,1500,102.70,false,ok
GLV-C03,TRIP-GLV-C03-01,2026-07-31T22:30:00.000Z,35.22237,128.86811,71,1500,105.03,false,ok
GLV-C03,TRIP-GLV-C03-01,2026-07-31T22:32:00.000Z,35.22536,128.86976,70,1500,107.36,false,ok
GLV-C03,TRIP-GLV-C03-01,2026-07-31T22:34:00.000Z,35.22835,128.87142,68,1500,109.70,false,ok
GLV-C03,TRIP-GLV-C03-01,2026-07-31T22:36:00.000Z,35.23134,128.87307,67,1500,112.03,false,ok
GLV-C03,TRIP-GLV-C03-01,2026-07-31T22:38:00.000Z,35.23433,128.87472,65,1500,114.37,false,ok
GLV-C03,TRIP-GLV-C03-01,2026-07-31T22:40:00.000Z,35.23732,128.87638,64,1500,116.70,false,ok
GLV-C03,TRIP-GLV-C03-01,2026-07-31T22:42:00.000Z,35.24030,128.87803,62,1500,119.03,false,ok
GLV-C03,TRIP-GLV-C03-01,2026-07-31T22:44:00.000Z,35.24329,128.87968,61,1500,121.37,false,ok
GLV-C03,TRIP-GLV-C03-01,2026-07-31T22:46:00.000Z,35.24628,128.88134,61,1500,123.70,false,ok
GLV-C03,TRIP-GLV-C03-01,2026-07-31T22:48:00.000Z,35.24927,128.88299,60,1500,126.04,false,ok
GLV-C03,TRIP-GLV-C03-01,2026-07-31T22:50:00.000Z,35.25226,128.88464,60,1500,128.37,false,ok
GLV-C03,TRIP-GLV-C03-01,2026-07-31T22:52:00.000Z,35.25525,128.88630,60,1500,130.70,false,ok
GLV-C03,TRIP-GLV-C03-01,2026-07-31T22:54:00.000Z,35.25823,128.88795,61,1500,133.04,false,ok
GLV-C03,TRIP-GLV-C03-01,2026-07-31T22:56:00.000Z,35.26122,128.88960,61,1500,135.37,false,ok
GLV-C03,TRIP-GLV-C03-01,2026-07-31T22:58:00.000Z,35.26421,128.89126,62,1500,137.71,false,ok
GLV-C03,TRIP-GLV-C03-01,2026-07-31T23:00:00.000Z,35.26720,128.89291,64,1500,140.04,false,ok
GLV-C03,TRIP-GLV-C03-01,2026-07-31T23:02:00.000Z,35.27019,128.89456,65,1500,142.37,false,ok
GLV-C03,TRIP-GLV-C03-01,2026-07-31T23:04:00.000Z,35.27318,128.89622,67,1500,144.71,false,ok
GLV-C03,TRIP-GLV-C03-01,2026-07-31T23:06:00.000Z,35.27616,128.89787,68,1500,147.04,false,ok
GLV-C03,TRIP-GLV-C03-01,2026-07-31T23:08:00.000Z,35.27915,128.89953,70,1500,149.38,false,ok
GLV-C03,TRIP-GLV-C03-01,2026-07-31T23:10:00.000Z,35.28214,128.90118,71,1500,151.71,false,ok
GLV-C03,TRIP-GLV-C03-01,2026-07-31T23:12:00.000Z,35.28513,128.90283,73,1500,154.04,false,ok
GLV-C03,TRIP-GLV-C03-01,2026-07-31T23:14:00.000Z,35.28812,128.90449,74,1500,156.38,false,ok
GLV-C03,TRIP-GLV-C03-01,2026-07-31T23:16:00.000Z,35.29111,128.90614,75,1500,158.71,false,ok
GLV-C03,TRIP-GLV-C03-01,2026-07-31T23:18:00.000Z,35.29409,128.90779,76,1500,161.05,false,ok
GLV-C03,TRIP-GLV-C03-01,2026-07-31T23:20:00.000Z,35.29708,128.90945,76,1500,163.38,false,ok
GLV-C03,TRIP-GLV-C03-01,2026-07-31T23:22:00.000Z,35.30007,128.91110,76,1500,165.71,false,ok
GLV-C03,TRIP-GLV-C03-01,2026-07-31T23:24:00.000Z,35.30306,128.91275,76,1500,168.05,false,ok
GLV-C03,TRIP-GLV-C03-01,2026-07-31T23:26:00.000Z,35.30605,128.91441,75,1500,170.38,false,ok
GLV-C03,TRIP-GLV-C03-01,2026-07-31T23:28:00.000Z,35.30904,128.91606,74,1500,172.72,false,ok
GLV-C03,TRIP-GLV-C03-01,2026-07-31T23:30:00.000Z,35.31202,128.91771,73,1500,175.05,false,ok
GLV-C03,TRIP-GLV-C03-01,2026-07-31T23:32:00.000Z,35.31501,128.91937,72,1500,177.38,false,ok
GLV-C03,TRIP-GLV-C03-01,2026-07-31T23:34:00.000Z,35.31800,128.92102,70,1500,179.72,false,ok
GLV-C03,TRIP-GLV-C03-01,2026-07-31T23:36:00.000Z,35.32099,128.92267,69,1500,182.05,false,ok
GLV-C03,TRIP-GLV-C03-01,2026-07-31T23:38:00.000Z,35.32398,128.92433,67,1500,184.39,false,ok
GLV-C03,TRIP-GLV-C03-01,2026-07-31T23:40:00.000Z,35.32697,128.92598,66,1500,186.72,false,ok
GLV-C03,TRIP-GLV-C03-01,2026-07-31T23:42:00.000Z,35.32995,128.92764,64,1500,189.05,false,ok
GLV-C03,TRIP-GLV-C03-01,2026-07-31T23:44:00.000Z,35.33294,128.92929,63,1500,191.39,false,ok
GLV-C03,TRIP-GLV-C03-01,2026-07-31T23:46:00.000Z,35.33593,128.93094,62,1500,193.72,false,ok
GLV-C03,TRIP-GLV-C03-01,2026-07-31T23:48:00.000Z,35.33892,128.93260,61,1500,196.06,false,ok
GLV-C03,TRIP-GLV-C03-01,2026-07-31T23:50:00.000Z,35.34191,128.93425,60,1500,198.39,false,ok
GLV-C03,TRIP-GLV-C03-01,2026-07-31T23:52:00.000Z,35.34490,128.93590,60,1500,200.72,false,ok
GLV-C03,TRIP-GLV-C03-01,2026-07-31T23:54:00.000Z,35.34788,128.93756,60,1500,203.06,false,ok
GLV-C03,TRIP-GLV-C03-01,2026-07-31T23:56:00.000Z,35.35087,128.93921,60,1500,205.39,false,ok
GLV-C03,TRIP-GLV-C03-01,2026-07-31T23:58:00.000Z,35.35386,128.94086,61,1500,207.73,false,ok
GLV-C03,TRIP-GLV-C03-01,2026-08-01T00:00:00.000Z,35.35685,128.94252,62,1500,210.06,false,ok
GLV-C03,TRIP-GLV-C03-01,2026-08-01T00:02:00.000Z,35.35984,128.94417,63,1500,212.39,false,ok
GLV-C03,TRIP-GLV-C03-01,2026-08-01T00:04:00.000Z,35.36283,128.94582,65,1500,214.73,false,ok
GLV-C03,TRIP-GLV-C03-01,2026-08-01T00:06:00.000Z,35.36581,128.94748,66,1500,217.06,false,ok
GLV-C03,TRIP-GLV-C03-01,2026-08-01T00:08:00.000Z,35.36880,128.94913,68,1500,219.40,false,ok
GLV-C03,TRIP-GLV-C03-01,2026-08-01T00:10:00.000Z,35.37179,128.95078,69,1500,221.73,false,ok
GLV-C03,TRIP-GLV-C03-01,2026-08-01T00:12:00.000Z,35.37478,128.95244,71,1500,224.06,false,ok
GLV-C03,TRIP-GLV-C03-01,2026-08-01T00:14:00.000Z,35.37777,128.95409,72,1500,226.40,false,ok
GLV-C03,TRIP-GLV-C03-01,2026-08-01T00:16:00.000Z,35.38076,128.95575,73,1500,228.73,false,ok
GLV-C03,TRIP-GLV-C03-01,2026-08-01T00:18:00.000Z,35.38374,128.95740,75,1500,231.07,false,ok
GLV-C03,TRIP-GLV-C03-01,2026-08-01T00:20:00.000Z,35.38673,128.95905,75,1500,233.40,false,ok
GLV-C03,TRIP-GLV-C03-01,2026-08-01T00:22:00.000Z,35.38972,128.96071,76,1500,235.73,false,ok
GLV-C03,TRIP-GLV-C03-01,2026-08-01T00:24:00.000Z,35.39271,128.96236,76,1500,238.07,false,ok
GLV-C03,TRIP-GLV-C03-01,2026-08-01T00:26:00.000Z,35.39570,128.96401,76,1500,240.40,false,ok
GLV-C03,TRIP-GLV-C03-01,2026-08-01T00:28:00.000Z,35.39869,128.96567,75,1500,242.74,false,ok
GLV-C03,TRIP-GLV-C03-01,2026-08-01T00:30:00.000Z,35.40167,128.96732,75,1500,245.07,false,ok
GLV-C03,TRIP-GLV-C03-01,2026-08-01T00:32:00.000Z,35.40466,128.96897,74,1500,247.40,false,ok
GLV-C03,TRIP-GLV-C03-01,2026-08-01T00:34:00.000Z,35.40765,128.97063,72,1500,249.74,false,ok
GLV-C03,TRIP-GLV-C03-01,2026-08-01T00:36:00.000Z,35.41064,128.97228,71,1500,252.07,false,ok
GLV-C03,TRIP-GLV-C03-01,2026-08-01T00:38:00.000Z,35.41363,128.97393,70,1500,254.41,false,ok
GLV-C03,TRIP-GLV-C03-01,2026-08-01T00:40:00.000Z,35.41662,128.97559,68,1500,256.74,false,ok
GLV-C03,TRIP-GLV-C03-01,2026-08-01T00:42:00.000Z,35.41960,128.97724,66,1500,259.07,false,ok
GLV-C03,TRIP-GLV-C03-01,2026-08-01T00:44:00.000Z,35.42259,128.97889,65,1500,261.41,false,ok
GLV-C03,TRIP-GLV-C03-01,2026-08-01T00:46:00.000Z,35.42558,128.98055,63,1500,263.74,false,ok
GLV-C03,TRIP-GLV-C03-01,2026-08-01T00:48:00.000Z,35.42857,128.98220,62,1500,266.08,false,ok
GLV-C03,TRIP-GLV-C03-01,2026-08-01T00:50:00.000Z,35.43156,128.98385,61,1500,268.41,false,ok
GLV-C03,TRIP-GLV-C03-01,2026-08-01T00:52:00.000Z,35.43455,128.98551,61,1500,270.74,false,ok
GLV-C03,TRIP-GLV-C03-01,2026-08-01T00:54:00.000Z,35.43753,128.98716,60,1500,273.08,false,ok
GLV-C03,TRIP-GLV-C03-01,2026-08-01T00:56:00.000Z,35.44052,128.98882,60,1500,275.41,false,ok
GLV-C03,TRIP-GLV-C03-01,2026-08-01T00:58:00.000Z,35.44351,128.99047,60,1500,277.75,false,ok
GLV-C03,TRIP-GLV-C03-01,2026-08-01T01:00:00.000Z,35.44650,128.99212,61,1500,280.08,false,ok
GLV-C03,TRIP-GLV-C03-01,2026-08-01T01:02:00.000Z,35.44949,128.99378,62,1500,282.41,false,ok
GLV-C03,TRIP-GLV-C03-01,2026-08-01T01:04:00.000Z,35.45248,128.99543,63,1500,284.75,false,ok
GLV-C03,TRIP-GLV-C03-01,2026-08-01T01:06:00.000Z,35.45546,128.99708,64,1500,287.08,false,ok
GLV-C03,TRIP-GLV-C03-01,2026-08-01T01:08:00.000Z,35.45845,128.99874,65,1500,289.42,false,ok
GLV-C03,TRIP-GLV-C03-01,2026-08-01T01:10:00.000Z,35.46144,129.00039,67,1500,291.75,false,ok
GLV-C03,TRIP-GLV-C03-01,2026-08-01T01:12:00.000Z,35.46443,129.00204,69,1500,294.08,false,ok
GLV-C03,TRIP-GLV-C03-01,2026-08-01T01:14:00.000Z,35.46742,129.00370,70,1500,296.42,false,ok
GLV-C03,TRIP-GLV-C03-01,2026-08-01T01:16:00.000Z,35.47041,129.00535,72,1500,298.75,false,ok
GLV-C03,TRIP-GLV-C03-01,2026-08-01T01:18:00.000Z,35.47339,129.00700,73,1500,301.09,false,ok
GLV-C03,TRIP-GLV-C03-01,2026-08-01T01:20:00.000Z,35.47638,129.00866,74,1500,303.42,false,ok
GLV-C03,TRIP-GLV-C03-01,2026-08-01T01:22:00.000Z,35.47937,129.01031,75,1500,305.75,false,ok
GLV-C03,TRIP-GLV-C03-01,2026-08-01T01:24:00.000Z,35.48236,129.01196,76,1500,308.09,false,ok
GLV-C03,TRIP-GLV-C03-01,2026-08-01T01:26:00.000Z,35.48535,129.01362,76,1500,310.42,false,ok
GLV-C03,TRIP-GLV-C03-01,2026-08-01T01:28:00.000Z,35.48834,129.01527,76,1500,312.76,false,ok
GLV-C03,TRIP-GLV-C03-01,2026-08-01T01:30:00.000Z,35.49132,129.01693,76,1500,315.09,false,ok
GLV-C03,TRIP-GLV-C03-01,2026-08-01T01:32:00.000Z,35.49431,129.01858,75,1500,317.42,false,ok
GLV-C03,TRIP-GLV-C03-01,2026-08-01T01:34:00.000Z,35.49730,129.02023,74,1500,319.76,false,ok
GLV-C03,TRIP-GLV-C03-01,2026-08-01T01:36:00.000Z,35.50029,129.02189,73,1500,322.09,false,ok
GLV-C03,TRIP-GLV-C03-01,2026-08-01T01:38:00.000Z,35.50328,129.02354,72,1500,324.43,false,ok
GLV-C03,TRIP-GLV-C03-01,2026-08-01T01:40:00.000Z,35.50627,129.02519,70,1500,326.76,false,ok
GLV-C03,TRIP-GLV-C03-01,2026-08-01T01:42:00.000Z,35.50925,129.02685,69,1500,329.09,false,ok
GLV-C03,TRIP-GLV-C03-01,2026-08-01T01:44:00.000Z,35.51224,129.02850,67,1500,331.43,false,ok
GLV-C03,TRIP-GLV-C03-01,2026-08-01T01:46:00.000Z,35.51523,129.03015,65,1500,333.76,false,ok
GLV-C03,TRIP-GLV-C03-01,2026-08-01T01:48:00.000Z,35.51822,129.03181,64,1500,336.10,false,ok
GLV-C03,TRIP-GLV-C03-01,2026-08-01T01:50:00.000Z,35.52121,129.03346,63,1500,338.43,false,ok
GLV-C03,TRIP-GLV-C03-01,2026-08-01T01:52:00.000Z,35.52420,129.03511,62,1500,340.76,false,ok
GLV-C03,TRIP-GLV-C03-01,2026-08-01T01:54:00.000Z,35.52718,129.03677,61,1500,343.10,false,ok
GLV-C03,TRIP-GLV-C03-01,2026-08-01T01:56:00.000Z,35.53017,129.03842,60,1500,345.43,false,ok
GLV-C03,TRIP-GLV-C03-01,2026-08-01T01:58:00.000Z,35.53316,129.04007,60,1500,347.77,false,ok
GLV-C03,TRIP-GLV-C03-01,2026-08-01T02:00:00.000Z,35.53615,129.04173,60,1500,350.10,false,ok
GLV-C03,TRIP-GLV-C03-01,2026-08-01T02:02:00.000Z,35.53914,129.04338,60,1500,352.43,false,ok
GLV-C03,TRIP-GLV-C03-01,2026-08-01T02:04:00.000Z,35.54213,129.04504,61,1500,354.77,false,ok
GLV-C03,TRIP-GLV-C03-01,2026-08-01T02:06:00.000Z,35.54511,129.04669,62,1500,357.10,false,ok
GLV-C03,TRIP-GLV-C03-01,2026-08-01T02:08:00.000Z,35.54810,129.04834,63,1500,359.44,false,ok
GLV-C03,TRIP-GLV-C03-01,2026-08-01T02:10:00.000Z,35.55109,129.05000,65,1500,361.77,false,ok
GLV-C03,TRIP-GLV-C03-01,2026-08-01T02:12:00.000Z,35.55408,129.05165,66,1500,364.10,false,ok
GLV-C03,TRIP-GLV-C03-01,2026-08-01T02:14:00.000Z,35.55707,129.05330,68,1500,366.44,false,ok
GLV-C03,TRIP-GLV-C03-01,2026-08-01T02:16:00.000Z,35.56006,129.05496,69,1500,368.77,false,ok
GLV-C03,TRIP-GLV-C03-01,2026-08-01T02:18:00.000Z,35.56304,129.05661,71,1500,371.11,false,ok
GLV-C03,TRIP-GLV-C03-01,2026-08-01T02:20:00.000Z,35.56603,129.05826,72,1500,373.44,false,ok
GLV-C03,TRIP-GLV-C03-01,2026-08-01T02:22:00.000Z,35.56902,129.05992,74,1500,375.77,false,ok
GLV-C03,TRIP-GLV-C03-01,2026-08-01T02:24:00.000Z,35.57201,129.06157,75,1500,378.11,false,ok
GLV-C03,TRIP-GLV-C03-01,2026-08-01T02:26:00.000Z,35.57500,129.06322,75,1500,380.44,false,ok
GLV-C03,TRIP-GLV-C03-01,2026-08-01T02:28:00.000Z,35.57799,129.06488,76,1500,382.78,false,ok
GLV-C03,TRIP-GLV-C03-01,2026-08-01T02:30:00.000Z,35.58097,129.06653,76,1500,385.11,false,ok
GLV-C03,TRIP-GLV-C03-01,2026-08-01T02:32:00.000Z,35.58396,129.06818,76,1500,387.44,false,ok
GLV-C03,TRIP-GLV-C03-01,2026-08-01T02:34:00.000Z,35.58695,129.06984,75,1500,389.78,false,ok
GLV-C03,TRIP-GLV-C03-01,2026-08-01T02:36:00.000Z,35.58994,129.07149,75,1500,392.11,false,ok
GLV-C03,TRIP-GLV-C03-01,2026-08-01T02:38:00.000Z,35.59293,129.07315,73,1500,394.45,false,ok
GLV-C03,TRIP-GLV-C03-01,2026-08-01T02:40:00.000Z,35.59592,129.07480,72,1500,396.78,false,ok
GLV-C03,TRIP-GLV-C03-01,2026-08-01T02:42:00.000Z,35.59890,129.07645,71,1500,399.11,false,ok
GLV-C03,TRIP-GLV-C03-01,2026-08-01T02:44:00.000Z,35.60189,129.07811,69,1500,401.45,false,ok
GLV-C03,TRIP-GLV-C03-01,2026-08-01T02:46:00.000Z,35.60488,129.07976,68,1500,403.78,false,ok
GLV-C03,TRIP-GLV-C03-01,2026-08-01T02:48:00.000Z,35.60787,129.08141,66,1500,406.12,false,ok
GLV-C03,TRIP-GLV-C03-01,2026-08-01T02:50:00.000Z,35.61086,129.08307,65,1500,408.45,false,ok
GLV-C03,TRIP-GLV-C03-01,2026-08-01T02:52:00.000Z,35.61385,129.08472,63,1500,410.78,false,ok
GLV-C03,TRIP-GLV-C03-01,2026-08-01T02:54:00.000Z,35.61683,129.08637,62,1500,413.12,false,ok
GLV-C03,TRIP-GLV-C03-01,2026-08-01T02:56:00.000Z,35.61982,129.08803,61,1500,415.45,false,ok
GLV-C03,TRIP-GLV-C03-01,2026-08-01T02:58:00.000Z,35.62281,129.08968,60,1500,417.79,false,ok
GLV-C03,TRIP-GLV-C03-01,2026-08-01T03:00:00.000Z,35.62580,129.09133,60,1500,420.12,false,ok
GLV-C03,TRIP-GLV-C03-01,2026-08-01T03:02:00.000Z,35.62879,129.09299,60,1500,422.45,false,ok
GLV-C03,TRIP-GLV-C03-01,2026-08-01T03:04:00.000Z,35.63178,129.09464,60,1500,424.79,false,ok
GLV-C03,TRIP-GLV-C03-01,2026-08-01T03:06:00.000Z,35.63476,129.09629,61,1500,427.12,false,ok
GLV-C03,TRIP-GLV-C03-01,2026-08-01T03:08:00.000Z,35.63775,129.09795,62,1500,429.46,false,ok
GLV-C03,TRIP-GLV-C03-01,2026-08-01T03:10:00.000Z,35.64074,129.09960,63,1500,431.79,false,ok
GLV-C03,TRIP-GLV-C03-01,2026-08-01T03:12:00.000Z,35.64373,129.10125,64,1500,434.12,false,ok
GLV-C03,TRIP-GLV-C03-01,2026-08-01T03:14:00.000Z,35.64672,129.10291,66,1500,436.46,false,ok
GLV-C03,TRIP-GLV-C03-01,2026-08-01T03:16:00.000Z,35.64971,129.10456,67,1500,438.79,false,ok
GLV-C03,TRIP-GLV-C03-01,2026-08-01T03:18:00.000Z,35.65269,129.10622,69,1500,441.13,false,ok
GLV-C03,TRIP-GLV-C03-01,2026-08-01T03:20:00.000Z,35.65568,129.10787,70,1500,443.46,false,ok
GLV-C03,TRIP-GLV-C03-01,2026-08-01T03:22:00.000Z,35.65867,129.10952,72,1500,445.79,false,ok
GLV-C03,TRIP-GLV-C03-01,2026-08-01T03:24:00.000Z,35.66166,129.11118,73,1500,448.13,false,ok
GLV-C03,TRIP-GLV-C03-01,2026-08-01T03:26:00.000Z,35.66465,129.11283,74,1500,450.46,false,ok
GLV-C03,TRIP-GLV-C03-01,2026-08-01T03:28:00.000Z,35.66764,129.11448,75,1500,452.80,false,ok
GLV-C03,TRIP-GLV-C03-01,2026-08-01T03:30:00.000Z,35.67062,129.11614,76,1500,455.13,false,ok
GLV-C03,TRIP-GLV-C03-01,2026-08-01T03:32:00.000Z,35.67361,129.11779,76,1500,457.46,false,ok
GLV-C03,TRIP-GLV-C03-01,2026-08-01T03:34:00.000Z,35.67660,129.11944,76,1500,459.80,false,ok
GLV-C03,TRIP-GLV-C03-01,2026-08-01T03:36:00.000Z,35.67959,129.12110,76,1500,462.13,false,ok
GLV-C03,TRIP-GLV-C03-01,2026-08-01T03:38:00.000Z,35.68258,129.12275,75,1500,464.47,false,ok
GLV-C03,TRIP-GLV-C03-01,2026-08-01T03:40:00.000Z,35.68557,129.12440,74,1500,466.80,false,ok
GLV-C03,TRIP-GLV-C03-01,2026-08-01T03:42:00.000Z,35.68855,129.12606,73,1500,469.13,false,ok
GLV-C03,TRIP-GLV-C03-01,2026-08-01T03:44:00.000Z,35.69154,129.12771,71,1500,471.47,false,ok
GLV-C03,TRIP-GLV-C03-01,2026-08-01T03:46:00.000Z,35.69453,129.12936,70,1500,473.80,false,ok
GLV-C03,TRIP-GLV-C03-01,2026-08-01T03:48:00.000Z,35.69752,129.13102,68,1500,476.14,false,ok
GLV-C03,TRIP-GLV-C03-01,2026-08-01T03:50:00.000Z,35.70051,129.13267,67,1500,478.47,false,ok
GLV-C03,TRIP-GLV-C03-01,2026-08-01T03:52:00.000Z,35.70350,129.13433,65,1500,480.80,false,ok
GLV-C03,TRIP-GLV-C03-01,2026-08-01T03:54:00.000Z,35.70648,129.13598,64,1500,483.14,false,ok
GLV-C03,TRIP-GLV-C03-01,2026-08-01T03:56:00.000Z,35.70947,129.13763,62,1500,485.47,false,ok
GLV-C03,TRIP-GLV-C03-01,2026-08-01T03:58:00.000Z,35.71246,129.13929,61,1500,487.81,false,ok
GLV-C03,TRIP-GLV-C03-01,2026-08-01T04:00:00.000Z,35.71545,129.14094,61,1500,490.14,false,ok
GLV-C03,TRIP-GLV-C03-01,2026-08-01T04:02:00.000Z,35.71844,129.14259,60,1500,492.47,false,ok
GLV-C03,TRIP-GLV-C03-01,2026-08-01T04:04:00.000Z,35.72143,129.14425,60,1500,494.81,false,ok
GLV-C03,TRIP-GLV-C03-01,2026-08-01T04:06:00.000Z,35.72441,129.14590,60,1500,497.14,false,ok
GLV-C03,TRIP-GLV-C03-01,2026-08-01T04:08:00.000Z,35.72740,129.14755,61,1500,499.48,false,ok
GLV-C03,TRIP-GLV-C03-01,2026-08-01T04:10:00.000Z,35.73039,129.14921,61,1500,501.81,false,ok
GLV-C03,TRIP-GLV-C03-01,2026-08-01T04:12:00.000Z,35.73338,129.15086,62,1500,504.14,false,ok
GLV-C03,TRIP-GLV-C03-01,2026-08-01T04:14:00.000Z,35.73637,129.15251,64,1500,506.48,false,ok
GLV-C03,TRIP-GLV-C03-01,2026-08-01T04:16:00.000Z,35.73936,129.15417,65,1500,508.81,false,ok
GLV-C03,TRIP-GLV-C03-01,2026-08-01T04:18:00.000Z,35.74234,129.15582,67,1500,511.15,false,ok
GLV-C03,TRIP-GLV-C03-01,2026-08-01T04:20:00.000Z,35.74533,129.15747,68,1500,513.48,false,ok
GLV-C03,TRIP-GLV-C03-01,2026-08-01T04:22:00.000Z,35.74832,129.15913,70,1500,515.81,false,ok
GLV-C03,TRIP-GLV-C03-01,2026-08-01T04:24:00.000Z,35.75131,129.16078,71,1500,518.15,false,ok
GLV-C03,TRIP-GLV-C03-01,2026-08-01T04:26:00.000Z,35.75430,129.16244,73,1500,520.48,false,ok
GLV-C03,TRIP-GLV-C03-01,2026-08-01T04:28:00.000Z,35.75729,129.16409,74,1500,522.82,false,ok
GLV-C03,TRIP-GLV-C03-01,2026-08-01T04:30:00.000Z,35.76027,129.16574,75,1500,525.15,false,ok
GLV-C03,TRIP-GLV-C03-01,2026-08-01T04:32:00.000Z,35.76326,129.16740,76,1500,527.48,false,ok
GLV-C03,TRIP-GLV-C03-01,2026-08-01T04:34:00.000Z,35.76625,129.16905,76,1500,529.82,false,ok
GLV-C03,TRIP-GLV-C03-01,2026-08-01T04:36:00.000Z,35.76924,129.17070,76,1500,532.15,false,ok
GLV-C03,TRIP-GLV-C03-01,2026-08-01T04:38:00.000Z,35.77223,129.17236,76,1500,534.49,false,ok
GLV-C03,TRIP-GLV-C03-01,2026-08-01T04:40:00.000Z,35.77522,129.17401,75,1500,536.82,false,ok
GLV-C03,TRIP-GLV-C03-01,2026-08-01T04:42:00.000Z,35.77820,129.17566,74,1500,539.15,false,ok
GLV-C03,TRIP-GLV-C03-01,2026-08-01T04:44:00.000Z,35.78119,129.17732,73,1500,541.49,false,ok
GLV-C03,TRIP-GLV-C03-01,2026-08-01T04:46:00.000Z,35.78418,129.17897,72,1500,543.82,false,ok
GLV-C03,TRIP-GLV-C03-01,2026-08-01T04:48:00.000Z,35.78717,129.18062,71,1500,546.16,false,ok
GLV-C03,TRIP-GLV-C03-01,2026-08-01T04:50:00.000Z,35.79016,129.18228,69,1500,548.49,false,ok
GLV-C03,TRIP-GLV-C03-01,2026-08-01T04:52:00.000Z,35.79315,129.18393,67,1500,550.82,false,ok
GLV-C03,TRIP-GLV-C03-01,2026-08-01T04:54:00.000Z,35.79613,129.18558,66,1500,553.16,false,ok
GLV-C03,TRIP-GLV-C03-01,2026-08-01T04:56:00.000Z,35.79912,129.18724,64,1500,555.49,false,ok
GLV-C03,TRIP-GLV-C03-01,2026-08-01T04:58:00.000Z,35.80211,129.18889,63,1500,557.83,false,ok
GLV-C03,TRIP-GLV-C03-01,2026-08-01T05:00:00.000Z,35.80510,129.19055,62,1500,560.16,false,ok
GLV-C03,TRIP-GLV-C03-01,2026-08-01T05:02:00.000Z,35.80809,129.19220,61,1500,562.49,false,ok
GLV-C03,TRIP-GLV-C03-01,2026-08-01T05:04:00.000Z,35.81108,129.19385,60,1500,564.83,false,ok
GLV-C03,TRIP-GLV-C03-01,2026-08-01T05:06:00.000Z,35.81406,129.19551,60,1500,567.16,false,ok
GLV-C03,TRIP-GLV-C03-01,2026-08-01T05:08:00.000Z,35.81705,129.19716,60,1500,569.50,false,ok
GLV-C03,TRIP-GLV-C03-01,2026-08-01T05:10:00.000Z,35.82004,129.19881,60,1500,571.83,false,ok
GLV-C03,TRIP-GLV-C03-01,2026-08-01T05:12:00.000Z,35.82303,129.20047,61,1500,574.16,false,ok
GLV-C03,TRIP-GLV-C03-01,2026-08-01T05:14:00.000Z,35.82602,129.20212,62,1500,576.50,false,ok
GLV-C03,TRIP-GLV-C03-01,2026-08-01T05:16:00.000Z,35.82901,129.20377,63,1500,578.83,false,ok
GLV-C04,TRIP-GLV-C04-01,2026-07-31T21:00:00.000Z,35.08790,128.79370,68,1500,0.00,false,ok
GLV-C04,TRIP-GLV-C04-01,2026-07-31T21:02:00.000Z,35.09136,128.79562,70,1500,2.33,false,ok
GLV-C04,TRIP-GLV-C04-01,2026-07-31T21:04:00.000Z,35.09482,128.79753,71,1500,4.66,false,ok
GLV-C04,TRIP-GLV-C04-01,2026-07-31T21:06:00.000Z,35.09829,128.79945,73,1500,6.99,false,ok
GLV-C04,TRIP-GLV-C04-01,2026-07-31T21:08:00.000Z,35.10175,128.80136,74,1500,9.32,false,ok
GLV-C04,TRIP-GLV-C04-01,2026-07-31T21:10:00.000Z,35.10521,128.80328,75,1500,11.66,false,ok
GLV-C04,TRIP-GLV-C04-01,2026-07-31T21:12:00.000Z,35.10867,128.80519,75,1500,13.99,false,ok
GLV-C04,TRIP-GLV-C04-01,2026-07-31T21:14:00.000Z,35.11213,128.80711,76,1500,16.32,false,ok
GLV-C04,TRIP-GLV-C04-01,2026-07-31T21:16:00.000Z,35.11560,128.80902,76,1500,18.65,false,ok
GLV-C04,TRIP-GLV-C04-01,2026-07-31T21:18:00.000Z,35.11906,128.81094,76,1500,20.98,false,ok
GLV-C04,TRIP-GLV-C04-01,2026-07-31T21:20:00.000Z,35.12252,128.81286,75,1500,23.31,false,ok
GLV-C04,TRIP-GLV-C04-01,2026-07-31T21:22:00.000Z,35.12598,128.81477,74,1500,25.64,false,ok
GLV-C04,TRIP-GLV-C04-01,2026-07-31T21:24:00.000Z,35.12944,128.81669,73,1500,27.97,false,ok
GLV-C04,TRIP-GLV-C04-01,2026-07-31T21:26:00.000Z,35.13291,128.81860,72,1500,30.30,false,ok
GLV-C04,TRIP-GLV-C04-01,2026-07-31T21:28:00.000Z,35.13637,128.82052,71,1500,32.63,false,ok
GLV-C04,TRIP-GLV-C04-01,2026-07-31T21:30:00.000Z,35.13983,128.82243,69,1500,34.97,false,ok
GLV-C04,TRIP-GLV-C04-01,2026-07-31T21:32:00.000Z,35.14329,128.82435,68,1500,37.30,false,ok
GLV-C04,TRIP-GLV-C04-01,2026-07-31T21:34:00.000Z,35.14675,128.82627,66,1500,39.63,false,ok
GLV-C04,TRIP-GLV-C04-01,2026-07-31T21:36:00.000Z,35.15022,128.82818,64,1500,41.96,false,ok
GLV-C04,TRIP-GLV-C04-01,2026-07-31T21:38:00.000Z,35.15368,128.83010,63,1500,44.29,false,ok
GLV-C04,TRIP-GLV-C04-01,2026-07-31T21:40:00.000Z,35.15714,128.83201,62,1500,46.62,false,ok
GLV-C04,TRIP-GLV-C04-01,2026-07-31T21:42:00.000Z,35.16060,128.83393,61,1500,48.95,false,ok
GLV-C04,TRIP-GLV-C04-01,2026-07-31T21:44:00.000Z,35.16406,128.83584,60,1500,51.28,false,ok
GLV-C04,TRIP-GLV-C04-01,2026-07-31T21:46:00.000Z,35.16753,128.83776,60,1500,53.61,false,ok
GLV-C04,TRIP-GLV-C04-01,2026-07-31T21:48:00.000Z,35.17099,128.83967,60,1500,55.94,false,ok
GLV-C04,TRIP-GLV-C04-01,2026-07-31T21:50:00.000Z,35.17445,128.84159,60,1500,58.28,false,ok
GLV-C04,TRIP-GLV-C04-01,2026-07-31T21:52:00.000Z,35.17791,128.84351,61,1500,60.61,false,ok
GLV-C04,TRIP-GLV-C04-01,2026-07-31T21:54:00.000Z,35.18137,128.84542,62,1500,62.94,false,ok
GLV-C04,TRIP-GLV-C04-01,2026-07-31T21:56:00.000Z,35.18484,128.84734,63,1500,65.27,false,ok
GLV-C04,TRIP-GLV-C04-01,2026-07-31T21:58:00.000Z,35.18830,128.84925,64,1500,67.60,false,ok
GLV-C04,TRIP-GLV-C04-01,2026-07-31T22:00:00.000Z,35.19176,128.85117,66,1500,69.93,false,ok
GLV-C04,TRIP-GLV-C04-01,2026-07-31T22:02:00.000Z,35.19522,128.85308,67,1500,72.26,false,ok
GLV-C04,TRIP-GLV-C04-01,2026-07-31T22:04:00.000Z,35.19868,128.85500,69,1500,74.59,false,ok
GLV-C04,TRIP-GLV-C04-01,2026-07-31T22:06:00.000Z,35.20215,128.85692,70,1500,76.92,false,ok
GLV-C04,TRIP-GLV-C04-01,2026-07-31T22:08:00.000Z,35.20561,128.85883,72,1500,79.25,false,ok
GLV-C04,TRIP-GLV-C04-01,2026-07-31T22:10:00.000Z,35.20907,128.86075,73,1500,81.59,false,ok
GLV-C04,TRIP-GLV-C04-01,2026-07-31T22:12:00.000Z,35.21253,128.86266,74,1500,83.92,false,ok
GLV-C04,TRIP-GLV-C04-01,2026-07-31T22:14:00.000Z,35.21599,128.86458,75,1500,86.25,false,ok
GLV-C04,TRIP-GLV-C04-01,2026-07-31T22:16:00.000Z,35.21946,128.86649,76,1500,88.58,false,ok
GLV-C04,TRIP-GLV-C04-01,2026-07-31T22:18:00.000Z,35.22292,128.86841,76,1500,90.91,false,ok
GLV-C04,TRIP-GLV-C04-01,2026-07-31T22:20:00.000Z,35.22638,128.87032,76,1500,93.24,false,ok
GLV-C04,TRIP-GLV-C04-01,2026-07-31T22:22:00.000Z,35.22984,128.87224,76,1500,95.57,false,ok
GLV-C04,TRIP-GLV-C04-01,2026-07-31T22:24:00.000Z,35.23330,128.87416,75,1500,97.90,false,ok
GLV-C04,TRIP-GLV-C04-01,2026-07-31T22:26:00.000Z,35.23677,128.87607,74,1500,100.23,false,ok
GLV-C04,TRIP-GLV-C04-01,2026-07-31T22:28:00.000Z,35.24023,128.87799,73,1500,102.56,false,ok
GLV-C04,TRIP-GLV-C04-01,2026-07-31T22:30:00.000Z,35.24369,128.87990,71,1500,104.90,false,ok
GLV-C04,TRIP-GLV-C04-01,2026-07-31T22:32:00.000Z,35.24715,128.88182,70,1500,107.23,false,ok
GLV-C04,TRIP-GLV-C04-01,2026-07-31T22:34:00.000Z,35.25061,128.88373,68,1500,109.56,false,ok
GLV-C04,TRIP-GLV-C04-01,2026-07-31T22:36:00.000Z,35.25408,128.88565,67,1500,111.89,false,ok
GLV-C04,TRIP-GLV-C04-01,2026-07-31T22:38:00.000Z,35.25754,128.88757,65,1500,114.22,false,ok
GLV-C04,TRIP-GLV-C04-01,2026-07-31T22:40:00.000Z,35.26100,128.88948,64,1500,116.55,false,ok
GLV-C04,TRIP-GLV-C04-01,2026-07-31T22:42:00.000Z,35.26446,128.89140,62,1500,118.88,false,ok
GLV-C04,TRIP-GLV-C04-01,2026-07-31T22:44:00.000Z,35.26792,128.89331,61,1500,121.21,false,ok
GLV-C04,TRIP-GLV-C04-01,2026-07-31T22:46:00.000Z,35.27139,128.89523,61,1500,123.54,false,ok
GLV-C04,TRIP-GLV-C04-01,2026-07-31T22:48:00.000Z,35.27485,128.89714,60,1500,125.87,false,ok
GLV-C04,TRIP-GLV-C04-01,2026-07-31T22:50:00.000Z,35.27831,128.89906,60,1500,128.21,false,ok
GLV-C04,TRIP-GLV-C04-01,2026-07-31T22:52:00.000Z,35.28177,128.90097,60,1500,130.54,false,ok
GLV-C04,TRIP-GLV-C04-01,2026-07-31T22:54:00.000Z,35.28523,128.90289,61,1500,132.87,false,ok
GLV-C04,TRIP-GLV-C04-01,2026-07-31T22:56:00.000Z,35.28870,128.90481,61,1500,135.20,false,ok
GLV-C04,TRIP-GLV-C04-01,2026-07-31T22:58:00.000Z,35.29216,128.90672,62,1500,137.53,false,ok
GLV-C04,TRIP-GLV-C04-01,2026-07-31T23:00:00.000Z,35.29562,128.90864,64,1500,139.86,false,ok
GLV-C04,TRIP-GLV-C04-01,2026-07-31T23:02:00.000Z,35.29908,128.91055,65,1500,142.19,false,ok
GLV-C04,TRIP-GLV-C04-01,2026-07-31T23:04:00.000Z,35.30254,128.91247,67,1500,144.52,false,ok
GLV-C04,TRIP-GLV-C04-01,2026-07-31T23:06:00.000Z,35.30601,128.91438,68,1500,146.85,false,ok
GLV-C04,TRIP-GLV-C04-01,2026-07-31T23:08:00.000Z,35.30947,128.91630,70,1500,149.18,false,ok
GLV-C04,TRIP-GLV-C04-01,2026-07-31T23:10:00.000Z,35.31293,128.91822,71,1500,151.52,false,ok
GLV-C04,TRIP-GLV-C04-01,2026-07-31T23:12:00.000Z,35.31639,128.92013,73,1500,153.85,false,ok
GLV-C04,TRIP-GLV-C04-01,2026-07-31T23:14:00.000Z,35.31985,128.92205,74,1500,156.18,false,ok
GLV-C04,TRIP-GLV-C04-01,2026-07-31T23:16:00.000Z,35.32332,128.92396,75,1500,158.51,false,ok
GLV-C04,TRIP-GLV-C04-01,2026-07-31T23:18:00.000Z,35.32678,128.92588,76,1500,160.84,false,ok
GLV-C04,TRIP-GLV-C04-01,2026-07-31T23:20:00.000Z,35.33024,128.92779,76,1500,163.17,false,ok
GLV-C04,TRIP-GLV-C04-01,2026-07-31T23:22:00.000Z,35.33370,128.92971,76,1500,165.50,false,ok
GLV-C04,TRIP-GLV-C04-01,2026-07-31T23:24:00.000Z,35.33716,128.93162,76,1500,167.83,false,ok
GLV-C04,TRIP-GLV-C04-01,2026-07-31T23:26:00.000Z,35.34063,128.93354,75,1500,170.16,false,ok
GLV-C04,TRIP-GLV-C04-01,2026-07-31T23:28:00.000Z,35.34409,128.93546,74,1500,172.49,false,ok
GLV-C04,TRIP-GLV-C04-01,2026-07-31T23:30:00.000Z,35.34755,128.93737,73,1500,174.83,false,ok
GLV-C04,TRIP-GLV-C04-01,2026-07-31T23:32:00.000Z,35.35101,128.93929,72,1500,177.16,false,ok
GLV-C04,TRIP-GLV-C04-01,2026-07-31T23:34:00.000Z,35.35447,128.94120,70,1500,179.49,false,ok
GLV-C04,TRIP-GLV-C04-01,2026-07-31T23:36:00.000Z,35.35794,128.94312,69,1500,181.82,false,ok
GLV-C04,TRIP-GLV-C04-01,2026-07-31T23:38:00.000Z,35.36140,128.94503,67,1500,184.15,false,ok
GLV-C04,TRIP-GLV-C04-01,2026-07-31T23:40:00.000Z,35.36486,128.94695,66,1500,186.48,false,ok
GLV-C04,TRIP-GLV-C04-01,2026-07-31T23:42:00.000Z,35.36832,128.94887,64,1500,188.81,false,ok
GLV-C04,TRIP-GLV-C04-01,2026-07-31T23:44:00.000Z,35.37178,128.95078,63,1500,191.14,false,ok
GLV-C04,TRIP-GLV-C04-01,2026-07-31T23:46:00.000Z,35.37525,128.95270,62,1500,193.47,false,ok
GLV-C04,TRIP-GLV-C04-01,2026-07-31T23:48:00.000Z,35.37871,128.95461,61,1500,195.80,false,ok
GLV-C04,TRIP-GLV-C04-01,2026-07-31T23:50:00.000Z,35.38217,128.95653,60,1500,198.14,false,ok
GLV-C04,TRIP-GLV-C04-01,2026-07-31T23:52:00.000Z,35.38563,128.95844,60,1500,200.47,false,ok
GLV-C04,TRIP-GLV-C04-01,2026-07-31T23:54:00.000Z,35.38909,128.96036,60,1500,202.80,false,ok
GLV-C04,TRIP-GLV-C04-01,2026-07-31T23:56:00.000Z,35.39256,128.96227,60,1500,205.13,false,ok
GLV-C04,TRIP-GLV-C04-01,2026-07-31T23:58:00.000Z,35.39602,128.96419,61,1500,207.46,false,ok
GLV-C04,TRIP-GLV-C04-01,2026-08-01T00:00:00.000Z,35.39948,128.96611,62,1500,209.79,false,ok
GLV-C04,TRIP-GLV-C04-01,2026-08-01T00:02:00.000Z,35.40294,128.96802,63,1500,212.12,false,ok
GLV-C04,TRIP-GLV-C04-01,2026-08-01T00:04:00.000Z,35.40640,128.96994,65,1500,214.45,false,ok
GLV-C04,TRIP-GLV-C04-01,2026-08-01T00:06:00.000Z,35.40987,128.97185,66,1500,216.78,false,ok
GLV-C04,TRIP-GLV-C04-01,2026-08-01T00:08:00.000Z,35.41333,128.97377,68,1500,219.11,false,ok
GLV-C04,TRIP-GLV-C04-01,2026-08-01T00:10:00.000Z,35.41679,128.97568,69,1500,221.45,false,ok
GLV-C04,TRIP-GLV-C04-01,2026-08-01T00:12:00.000Z,35.42025,128.97760,71,1500,223.78,false,ok
GLV-C04,TRIP-GLV-C04-01,2026-08-01T00:14:00.000Z,35.42371,128.97951,72,1500,226.11,false,ok
GLV-C04,TRIP-GLV-C04-01,2026-08-01T00:16:00.000Z,35.42718,128.98143,73,1500,228.44,false,ok
GLV-C04,TRIP-GLV-C04-01,2026-08-01T00:18:00.000Z,35.43064,128.98335,75,1500,230.77,false,ok
GLV-C04,TRIP-GLV-C04-01,2026-08-01T00:20:00.000Z,35.43410,128.98526,75,1500,233.10,false,ok
GLV-C04,TRIP-GLV-C04-01,2026-08-01T00:22:00.000Z,35.43756,128.98718,76,1500,235.43,false,ok
GLV-C04,TRIP-GLV-C04-01,2026-08-01T00:24:00.000Z,35.44102,128.98909,76,1500,237.76,false,ok
GLV-C04,TRIP-GLV-C04-01,2026-08-01T00:26:00.000Z,35.44449,128.99101,76,1500,240.09,false,ok
GLV-C04,TRIP-GLV-C04-01,2026-08-01T00:28:00.000Z,35.44795,128.99292,75,1500,242.42,false,ok
GLV-C04,TRIP-GLV-C04-01,2026-08-01T00:30:00.000Z,35.45141,128.99484,75,1500,244.76,false,ok
GLV-C04,TRIP-GLV-C04-01,2026-08-01T00:32:00.000Z,35.45487,128.99676,74,1500,247.09,false,ok
GLV-C04,TRIP-GLV-C04-01,2026-08-01T00:34:00.000Z,35.45833,128.99867,72,1500,249.42,false,ok
GLV-C04,TRIP-GLV-C04-01,2026-08-01T00:36:00.000Z,35.46180,129.00059,71,1500,251.75,false,ok
GLV-C04,TRIP-GLV-C04-01,2026-08-01T00:38:00.000Z,35.46526,129.00250,70,1500,254.08,false,ok
GLV-C04,TRIP-GLV-C04-01,2026-08-01T00:40:00.000Z,35.46872,129.00442,68,1500,256.41,false,ok
GLV-C04,TRIP-GLV-C04-01,2026-08-01T00:42:00.000Z,35.47218,129.00633,66,1500,258.74,false,ok
GLV-C04,TRIP-GLV-C04-01,2026-08-01T00:44:00.000Z,35.47564,129.00825,65,1500,261.07,false,ok
GLV-C04,TRIP-GLV-C04-01,2026-08-01T00:46:00.000Z,35.47911,129.01016,63,1500,263.40,false,ok
GLV-C04,TRIP-GLV-C04-01,2026-08-01T00:48:00.000Z,35.48257,129.01208,62,1500,265.73,false,ok
GLV-C04,TRIP-GLV-C04-01,2026-08-01T00:50:00.000Z,35.48603,129.01400,61,1500,268.07,false,ok
GLV-C04,TRIP-GLV-C04-01,2026-08-01T00:52:00.000Z,35.48949,129.01591,61,1500,270.40,false,ok
GLV-C04,TRIP-GLV-C04-01,2026-08-01T00:54:00.000Z,35.49295,129.01783,60,1500,272.73,false,ok
GLV-C04,TRIP-GLV-C04-01,2026-08-01T00:56:00.000Z,35.49642,129.01974,60,1500,275.06,false,ok
GLV-C04,TRIP-GLV-C04-01,2026-08-01T00:58:00.000Z,35.49988,129.02166,60,1500,277.39,false,ok
GLV-C04,TRIP-GLV-C04-01,2026-08-01T01:00:00.000Z,35.50334,129.02357,61,1500,279.72,false,ok
GLV-C04,TRIP-GLV-C04-01,2026-08-01T01:02:00.000Z,35.50680,129.02549,62,1500,282.05,false,ok
GLV-C04,TRIP-GLV-C04-01,2026-08-01T01:04:00.000Z,35.51026,129.02741,63,1500,284.38,false,ok
GLV-C04,TRIP-GLV-C04-01,2026-08-01T01:06:00.000Z,35.51373,129.02932,64,1500,286.71,false,ok
GLV-C04,TRIP-GLV-C04-01,2026-08-01T01:08:00.000Z,35.51719,129.03124,65,1500,289.04,false,ok
GLV-C04,TRIP-GLV-C04-01,2026-08-01T01:10:00.000Z,35.52065,129.03315,67,1500,291.38,false,ok
GLV-C04,TRIP-GLV-C04-01,2026-08-01T01:12:00.000Z,35.52411,129.03507,69,1500,293.71,false,ok
GLV-C04,TRIP-GLV-C04-01,2026-08-01T01:14:00.000Z,35.52757,129.03698,70,1500,296.04,false,ok
GLV-C04,TRIP-GLV-C04-01,2026-08-01T01:16:00.000Z,35.53104,129.03890,72,1500,298.37,false,ok
GLV-C04,TRIP-GLV-C04-01,2026-08-01T01:18:00.000Z,35.53450,129.04081,73,1500,300.70,false,ok
GLV-C04,TRIP-GLV-C04-01,2026-08-01T01:20:00.000Z,35.53796,129.04273,74,1500,303.03,false,ok
GLV-C04,TRIP-GLV-C04-01,2026-08-01T01:22:00.000Z,35.54142,129.04465,75,1500,305.36,false,ok
GLV-C04,TRIP-GLV-C04-01,2026-08-01T01:24:00.000Z,35.54488,129.04656,76,1500,307.69,false,ok
GLV-C04,TRIP-GLV-C04-01,2026-08-01T01:26:00.000Z,35.54835,129.04848,76,1500,310.02,false,ok
GLV-C04,TRIP-GLV-C04-01,2026-08-01T01:28:00.000Z,35.55181,129.05039,76,1500,312.35,false,ok
GLV-C04,TRIP-GLV-C04-01,2026-08-01T01:30:00.000Z,35.55527,129.05231,76,1500,314.69,false,ok
GLV-C04,TRIP-GLV-C04-01,2026-08-01T01:32:00.000Z,35.55873,129.05422,75,1500,317.02,false,ok
GLV-C04,TRIP-GLV-C04-01,2026-08-01T01:34:00.000Z,35.56219,129.05614,74,1500,319.35,false,ok
GLV-C04,TRIP-GLV-C04-01,2026-08-01T01:36:00.000Z,35.56566,129.05806,73,1500,321.68,false,ok
GLV-C04,TRIP-GLV-C04-01,2026-08-01T01:38:00.000Z,35.56912,129.05997,72,1500,324.01,false,ok
GLV-C04,TRIP-GLV-C04-01,2026-08-01T01:40:00.000Z,35.57258,129.06189,70,1500,326.34,false,ok
GLV-C04,TRIP-GLV-C04-01,2026-08-01T01:42:00.000Z,35.57604,129.06380,69,1500,328.67,false,ok
GLV-C04,TRIP-GLV-C04-01,2026-08-01T01:44:00.000Z,35.57950,129.06572,67,1500,331.00,false,ok
GLV-C04,TRIP-GLV-C04-01,2026-08-01T01:46:00.000Z,35.58297,129.06763,65,1500,333.33,false,ok
GLV-C04,TRIP-GLV-C04-01,2026-08-01T01:48:00.000Z,35.58643,129.06955,64,1500,335.66,false,ok
GLV-C04,TRIP-GLV-C04-01,2026-08-01T01:50:00.000Z,35.58989,129.07146,63,1500,338.00,false,ok
GLV-C04,TRIP-GLV-C04-01,2026-08-01T01:52:00.000Z,35.59335,129.07338,62,1500,340.33,false,ok
GLV-C04,TRIP-GLV-C04-01,2026-08-01T01:54:00.000Z,35.59681,129.07530,61,1500,342.66,false,ok
GLV-C04,TRIP-GLV-C04-01,2026-08-01T01:56:00.000Z,35.60028,129.07721,60,1500,344.99,false,ok
GLV-C04,TRIP-GLV-C04-01,2026-08-01T01:58:00.000Z,35.60374,129.07913,60,1500,347.32,false,ok
GLV-C04,TRIP-GLV-C04-01,2026-08-01T02:00:00.000Z,35.60720,129.08104,60,1500,349.65,false,ok
GLV-C04,TRIP-GLV-C04-01,2026-08-01T02:02:00.000Z,35.61066,129.08296,60,1500,351.98,false,ok
GLV-C04,TRIP-GLV-C04-01,2026-08-01T02:04:00.000Z,35.61412,129.08487,61,1500,354.31,false,ok
GLV-C04,TRIP-GLV-C04-01,2026-08-01T02:06:00.000Z,35.61759,129.08679,62,1500,356.64,false,ok
GLV-C04,TRIP-GLV-C04-01,2026-08-01T02:08:00.000Z,35.62105,129.08871,63,1500,358.97,false,ok
GLV-C04,TRIP-GLV-C04-01,2026-08-01T02:10:00.000Z,35.62451,129.09062,65,1500,361.31,false,ok
GLV-C04,TRIP-GLV-C04-01,2026-08-01T02:12:00.000Z,35.62797,129.09254,66,1500,363.64,false,ok
GLV-C04,TRIP-GLV-C04-01,2026-08-01T02:14:00.000Z,35.63143,129.09445,68,1500,365.97,false,ok
GLV-C04,TRIP-GLV-C04-01,2026-08-01T02:16:00.000Z,35.63490,129.09637,69,1500,368.30,false,ok
GLV-C04,TRIP-GLV-C04-01,2026-08-01T02:18:00.000Z,35.63836,129.09828,71,1500,370.63,false,ok
GLV-C04,TRIP-GLV-C04-01,2026-08-01T02:20:00.000Z,35.64182,129.10020,72,1500,372.96,false,ok
GLV-C04,TRIP-GLV-C04-01,2026-08-01T02:22:00.000Z,35.64528,129.10211,74,1500,375.29,false,ok
GLV-C04,TRIP-GLV-C04-01,2026-08-01T02:24:00.000Z,35.64874,129.10403,75,1500,377.62,false,ok
GLV-C04,TRIP-GLV-C04-01,2026-08-01T02:26:00.000Z,35.65221,129.10595,75,1500,379.95,false,ok
GLV-C04,TRIP-GLV-C04-01,2026-08-01T02:28:00.000Z,35.65567,129.10786,76,1500,382.28,false,ok
GLV-C04,TRIP-GLV-C04-01,2026-08-01T02:30:00.000Z,35.65913,129.10978,76,1500,384.62,false,ok
GLV-C04,TRIP-GLV-C04-01,2026-08-01T02:32:00.000Z,35.66259,129.11169,76,1500,386.95,false,ok
GLV-C04,TRIP-GLV-C04-01,2026-08-01T02:34:00.000Z,35.66605,129.11361,75,1500,389.28,false,ok
GLV-C04,TRIP-GLV-C04-01,2026-08-01T02:36:00.000Z,35.66952,129.11552,75,1500,391.61,false,ok
GLV-C04,TRIP-GLV-C04-01,2026-08-01T02:38:00.000Z,35.67298,129.11744,73,1500,393.94,false,ok
GLV-C04,TRIP-GLV-C04-01,2026-08-01T02:40:00.000Z,35.67644,129.11936,72,1500,396.27,false,ok
GLV-C04,TRIP-GLV-C04-01,2026-08-01T02:42:00.000Z,35.67990,129.12127,71,1500,398.60,false,ok
GLV-C04,TRIP-GLV-C04-01,2026-08-01T02:44:00.000Z,35.68336,129.12319,69,1500,400.93,false,ok
GLV-C04,TRIP-GLV-C04-01,2026-08-01T02:46:00.000Z,35.68683,129.12510,68,1500,403.26,false,ok
GLV-C04,TRIP-GLV-C04-01,2026-08-01T02:48:00.000Z,35.69029,129.12702,66,1500,405.59,false,ok
GLV-C04,TRIP-GLV-C04-01,2026-08-01T02:50:00.000Z,35.69375,129.12893,65,1500,407.93,false,ok
GLV-C04,TRIP-GLV-C04-01,2026-08-01T02:52:00.000Z,35.69721,129.13085,63,1500,410.26,false,ok
GLV-C04,TRIP-GLV-C04-01,2026-08-01T02:54:00.000Z,35.70067,129.13276,62,1500,412.59,false,ok
GLV-C04,TRIP-GLV-C04-01,2026-08-01T02:56:00.000Z,35.70414,129.13468,61,1500,414.92,false,ok
GLV-C04,TRIP-GLV-C04-01,2026-08-01T02:58:00.000Z,35.70760,129.13660,60,1500,417.25,false,ok
GLV-C04,TRIP-GLV-C04-01,2026-08-01T03:00:00.000Z,35.71106,129.13851,60,1500,419.58,false,ok
GLV-C04,TRIP-GLV-C04-01,2026-08-01T03:02:00.000Z,35.71452,129.14043,60,1500,421.91,false,ok
GLV-C04,TRIP-GLV-C04-01,2026-08-01T03:04:00.000Z,35.71798,129.14234,60,1500,424.24,false,ok
GLV-C04,TRIP-GLV-C04-01,2026-08-01T03:06:00.000Z,35.72145,129.14426,61,1500,426.57,false,ok
GLV-C04,TRIP-GLV-C04-01,2026-08-01T03:08:00.000Z,35.72491,129.14617,62,1500,428.90,false,ok
GLV-C04,TRIP-GLV-C04-01,2026-08-01T03:10:00.000Z,35.72837,129.14809,63,1500,431.24,false,ok
GLV-C04,TRIP-GLV-C04-01,2026-08-01T03:12:00.000Z,35.73183,129.15000,64,1500,433.57,false,ok
GLV-C04,TRIP-GLV-C04-01,2026-08-01T03:14:00.000Z,35.73529,129.15192,66,1500,435.90,false,ok
GLV-C04,TRIP-GLV-C04-01,2026-08-01T03:16:00.000Z,35.73876,129.15384,67,1500,438.23,false,ok
GLV-C04,TRIP-GLV-C04-01,2026-08-01T03:18:00.000Z,35.74222,129.15575,69,1500,440.56,false,ok
GLV-C04,TRIP-GLV-C04-01,2026-08-01T03:20:00.000Z,35.74568,129.15767,70,1500,442.89,false,ok
GLV-C04,TRIP-GLV-C04-01,2026-08-01T03:22:00.000Z,35.74914,129.15958,72,1500,445.22,false,ok
GLV-C04,TRIP-GLV-C04-01,2026-08-01T03:24:00.000Z,35.75260,129.16150,73,1500,447.55,false,ok
GLV-C04,TRIP-GLV-C04-01,2026-08-01T03:26:00.000Z,35.75607,129.16341,74,1500,449.88,false,ok
GLV-C04,TRIP-GLV-C04-01,2026-08-01T03:28:00.000Z,35.75953,129.16533,75,1500,452.21,false,ok
GLV-C04,TRIP-GLV-C04-01,2026-08-01T03:30:00.000Z,35.76299,129.16725,76,1500,454.55,false,ok
GLV-C04,TRIP-GLV-C04-01,2026-08-01T03:32:00.000Z,35.76645,129.16916,76,1500,456.88,false,ok
GLV-C04,TRIP-GLV-C04-01,2026-08-01T03:34:00.000Z,35.76991,129.17108,76,1500,459.21,false,ok
GLV-C04,TRIP-GLV-C04-01,2026-08-01T03:36:00.000Z,35.77338,129.17299,76,1500,461.54,false,ok
GLV-C04,TRIP-GLV-C04-01,2026-08-01T03:38:00.000Z,35.77684,129.17491,75,1500,463.87,false,ok
GLV-C04,TRIP-GLV-C04-01,2026-08-01T03:40:00.000Z,35.78030,129.17682,74,1500,466.20,false,ok
GLV-C04,TRIP-GLV-C04-01,2026-08-01T03:42:00.000Z,35.78376,129.17874,73,1500,468.53,false,ok
GLV-C04,TRIP-GLV-C04-01,2026-08-01T03:44:00.000Z,35.78722,129.18065,71,1500,470.86,false,ok
GLV-C04,TRIP-GLV-C04-01,2026-08-01T03:46:00.000Z,35.79069,129.18257,70,1500,473.19,false,ok
GLV-C04,TRIP-GLV-C04-01,2026-08-01T03:48:00.000Z,35.79415,129.18449,68,1500,475.52,false,ok
GLV-C04,TRIP-GLV-C04-01,2026-08-01T03:50:00.000Z,35.79761,129.18640,67,1500,477.86,false,ok
GLV-C04,TRIP-GLV-C04-01,2026-08-01T03:52:00.000Z,35.80107,129.18832,65,1500,480.19,false,ok
GLV-C04,TRIP-GLV-C04-01,2026-08-01T03:54:00.000Z,35.80453,129.19023,64,1500,482.52,false,ok
GLV-C04,TRIP-GLV-C04-01,2026-08-01T03:56:00.000Z,35.80800,129.19215,62,1500,484.85,false,ok
GLV-C04,TRIP-GLV-C04-01,2026-08-01T03:58:00.000Z,35.81146,129.19406,61,1500,487.18,false,ok
GLV-C04,TRIP-GLV-C04-01,2026-08-01T04:00:00.000Z,35.81492,129.19598,61,1500,489.51,false,ok
GLV-C04,TRIP-GLV-C04-01,2026-08-01T04:02:00.000Z,35.81838,129.19790,60,1500,491.84,false,ok
GLV-C04,TRIP-GLV-C04-01,2026-08-01T04:04:00.000Z,35.82184,129.19981,60,1500,494.17,false,ok
GLV-C04,TRIP-GLV-C04-01,2026-08-01T04:06:00.000Z,35.82531,129.20173,60,1500,496.50,false,ok
GLV-C04,TRIP-GLV-C04-01,2026-08-01T04:08:00.000Z,35.82877,129.20364,61,1500,498.83,false,ok
GLV-C05,TRIP-GLV-C05-01,2026-07-31T21:00:00.000Z,35.08790,128.79370,68,1500,0.00,false,ok
GLV-C05,TRIP-GLV-C05-01,2026-07-31T21:02:00.000Z,35.09070,128.79525,70,1500,2.34,false,ok
GLV-C05,TRIP-GLV-C05-01,2026-07-31T21:04:00.000Z,35.09349,128.79680,71,1500,4.67,false,ok
GLV-C05,TRIP-GLV-C05-01,2026-07-31T21:06:00.000Z,35.09629,128.79834,73,1500,7.01,false,ok
GLV-C05,TRIP-GLV-C05-01,2026-07-31T21:08:00.000Z,35.09909,128.79989,74,1500,9.34,false,ok
GLV-C05,TRIP-GLV-C05-01,2026-07-31T21:10:00.000Z,35.10188,128.80144,75,1500,11.68,false,ok
GLV-C05,TRIP-GLV-C05-01,2026-07-31T21:12:00.000Z,35.10468,128.80299,75,1500,14.01,false,ok
GLV-C05,TRIP-GLV-C05-01,2026-07-31T21:14:00.000Z,35.10748,128.80453,76,1500,16.35,false,ok
GLV-C05,TRIP-GLV-C05-01,2026-07-31T21:16:00.000Z,35.11028,128.80608,76,1500,18.68,false,ok
GLV-C05,TRIP-GLV-C05-01,2026-07-31T21:18:00.000Z,35.11307,128.80763,76,1500,21.02,false,ok
GLV-C05,TRIP-GLV-C05-01,2026-07-31T21:20:00.000Z,35.11587,128.80918,75,1500,23.35,false,ok
GLV-C05,TRIP-GLV-C05-01,2026-07-31T21:22:00.000Z,35.11867,128.81072,74,1500,25.69,false,ok
GLV-C05,TRIP-GLV-C05-01,2026-07-31T21:24:00.000Z,35.12146,128.81227,73,1500,28.02,false,ok
GLV-C05,TRIP-GLV-C05-01,2026-07-31T21:26:00.000Z,35.12426,128.81382,72,1500,30.36,false,ok
GLV-C05,TRIP-GLV-C05-01,2026-07-31T21:28:00.000Z,35.12706,128.81537,71,1500,32.69,false,ok
GLV-C05,TRIP-GLV-C05-01,2026-07-31T21:30:00.000Z,35.12985,128.81691,69,1500,35.03,false,ok
GLV-C05,TRIP-GLV-C05-01,2026-07-31T21:32:00.000Z,35.13265,128.81846,68,1500,37.36,false,ok
GLV-C05,TRIP-GLV-C05-01,2026-07-31T21:34:00.000Z,35.13545,128.82001,66,1500,39.70,false,ok
GLV-C05,TRIP-GLV-C05-01,2026-07-31T21:36:00.000Z,35.13825,128.82156,64,1500,42.03,false,ok
GLV-C05,TRIP-GLV-C05-01,2026-07-31T21:38:00.000Z,35.14104,128.82311,63,1500,44.37,false,ok
GLV-C05,TRIP-GLV-C05-01,2026-07-31T21:40:00.000Z,35.14384,128.82465,62,1500,46.70,false,ok
GLV-C05,TRIP-GLV-C05-01,2026-07-31T21:42:00.000Z,35.14664,128.82620,61,1500,49.04,false,ok
GLV-C05,TRIP-GLV-C05-01,2026-07-31T21:44:00.000Z,35.14943,128.82775,60,1500,51.37,false,ok
GLV-C05,TRIP-GLV-C05-01,2026-07-31T21:46:00.000Z,35.15223,128.82930,60,1500,53.71,false,ok
GLV-C05,TRIP-GLV-C05-01,2026-07-31T21:48:00.000Z,35.15503,128.83084,60,1500,56.05,false,ok
GLV-C05,TRIP-GLV-C05-01,2026-07-31T21:50:00.000Z,35.15782,128.83239,60,1500,58.38,false,ok
GLV-C05,TRIP-GLV-C05-01,2026-07-31T21:52:00.000Z,35.16062,128.83394,61,1500,60.72,false,ok
GLV-C05,TRIP-GLV-C05-01,2026-07-31T21:54:00.000Z,35.16342,128.83549,62,1500,63.05,false,ok
GLV-C05,TRIP-GLV-C05-01,2026-07-31T21:56:00.000Z,35.16622,128.83703,63,1500,65.39,false,ok
GLV-C05,TRIP-GLV-C05-01,2026-07-31T21:58:00.000Z,35.16901,128.83858,64,1500,67.72,false,ok
GLV-C05,TRIP-GLV-C05-01,2026-07-31T22:00:00.000Z,35.17181,128.84013,66,1500,70.06,false,ok
GLV-C05,TRIP-GLV-C05-01,2026-07-31T22:02:00.000Z,35.17461,128.84168,67,1500,72.39,false,ok
GLV-C05,TRIP-GLV-C05-01,2026-07-31T22:04:00.000Z,35.17740,128.84322,69,1500,74.73,false,ok
GLV-C05,TRIP-GLV-C05-01,2026-07-31T22:06:00.000Z,35.18020,128.84477,70,1500,77.06,false,ok
GLV-C05,TRIP-GLV-C05-01,2026-07-31T22:08:00.000Z,35.18300,128.84632,72,1500,79.40,false,ok
GLV-C05,TRIP-GLV-C05-01,2026-07-31T22:10:00.000Z,35.18579,128.84787,73,1500,81.73,false,ok
GLV-C05,TRIP-GLV-C05-01,2026-07-31T22:12:00.000Z,35.18859,128.84942,74,1500,84.07,false,ok
GLV-C05,TRIP-GLV-C05-01,2026-07-31T22:14:00.000Z,35.19139,128.85096,75,1500,86.40,false,ok
GLV-C05,TRIP-GLV-C05-01,2026-07-31T22:16:00.000Z,35.19419,128.85251,76,1500,88.74,false,ok
GLV-C05,TRIP-GLV-C05-01,2026-07-31T22:18:00.000Z,35.19698,128.85406,76,1500,91.07,false,ok
GLV-C05,TRIP-GLV-C05-01,2026-07-31T22:20:00.000Z,35.19978,128.85561,76,1500,93.41,false,ok
GLV-C05,TRIP-GLV-C05-01,2026-07-31T22:22:00.000Z,35.20258,128.85715,76,1500,95.74,false,ok
GLV-C05,TRIP-GLV-C05-01,2026-07-31T22:24:00.000Z,35.20537,128.85870,75,1500,98.08,false,ok
GLV-C05,TRIP-GLV-C05-01,2026-07-31T22:26:00.000Z,35.20817,128.86025,74,1500,100.41,false,ok
GLV-C05,TRIP-GLV-C05-01,2026-07-31T22:28:00.000Z,35.21097,128.86180,73,1500,102.75,false,ok
GLV-C05,TRIP-GLV-C05-01,2026-07-31T22:30:00.000Z,35.21376,128.86334,71,1500,105.08,false,ok
GLV-C05,TRIP-GLV-C05-01,2026-07-31T22:32:00.000Z,35.21656,128.86489,70,1500,107.42,false,ok
GLV-C05,TRIP-GLV-C05-01,2026-07-31T22:34:00.000Z,35.21936,128.86644,68,1500,109.76,false,ok
GLV-C05,TRIP-GLV-C05-01,2026-07-31T22:36:00.000Z,35.22216,128.86799,67,1500,112.09,false,ok
GLV-C05,TRIP-GLV-C05-01,2026-07-31T22:38:00.000Z,35.22495,128.86953,65,1500,114.43,false,ok
GLV-C05,TRIP-GLV-C05-01,2026-07-31T22:40:00.000Z,35.22775,128.87108,64,1500,116.76,false,ok
GLV-C05,TRIP-GLV-C05-01,2026-07-31T22:42:00.000Z,35.23055,128.87263,62,1500,119.10,false,ok
GLV-C05,TRIP-GLV-C05-01,2026-07-31T22:44:00.000Z,35.23334,128.87418,61,1500,121.43,false,ok
GLV-C05,TRIP-GLV-C05-01,2026-07-31T22:46:00.000Z,35.23614,128.87573,61,1500,123.77,false,ok
GLV-C05,TRIP-GLV-C05-01,2026-07-31T22:48:00.000Z,35.23894,128.87727,60,1500,126.10,false,ok
GLV-C05,TRIP-GLV-C05-01,2026-07-31T22:50:00.000Z,35.24173,128.87882,60,1500,128.44,false,ok
GLV-C05,TRIP-GLV-C05-01,2026-07-31T22:52:00.000Z,35.24453,128.88037,60,1500,130.77,false,ok
GLV-C05,TRIP-GLV-C05-01,2026-07-31T22:54:00.000Z,35.24733,128.88192,61,1500,133.11,false,ok
GLV-C05,TRIP-GLV-C05-01,2026-07-31T22:56:00.000Z,35.25013,128.88346,61,1500,135.44,false,ok
GLV-C05,TRIP-GLV-C05-01,2026-07-31T22:58:00.000Z,35.25292,128.88501,62,1500,137.78,false,ok
GLV-C05,TRIP-GLV-C05-01,2026-07-31T23:00:00.000Z,35.25572,128.88656,64,1500,140.11,false,ok
GLV-C05,TRIP-GLV-C05-01,2026-07-31T23:02:00.000Z,35.25852,128.88811,65,1500,142.45,false,ok
GLV-C05,TRIP-GLV-C05-01,2026-07-31T23:04:00.000Z,35.26131,128.88965,67,1500,144.78,false,ok
GLV-C05,TRIP-GLV-C05-01,2026-07-31T23:06:00.000Z,35.26411,128.89120,68,1500,147.12,false,ok
GLV-C05,TRIP-GLV-C05-01,2026-07-31T23:08:00.000Z,35.26691,128.89275,70,1500,149.45,false,ok
GLV-C05,TRIP-GLV-C05-01,2026-07-31T23:10:00.000Z,35.26970,128.89430,71,1500,151.79,false,ok
GLV-C05,TRIP-GLV-C05-01,2026-07-31T23:12:00.000Z,35.27250,128.89584,73,1500,154.12,false,ok
GLV-C05,TRIP-GLV-C05-01,2026-07-31T23:14:00.000Z,35.27530,128.89739,74,1500,156.46,false,ok
GLV-C05,TRIP-GLV-C05-01,2026-07-31T23:16:00.000Z,35.27810,128.89894,75,1500,158.79,false,ok
GLV-C05,TRIP-GLV-C05-01,2026-07-31T23:18:00.000Z,35.28089,128.90049,76,1500,161.13,false,ok
GLV-C05,TRIP-GLV-C05-01,2026-07-31T23:20:00.000Z,35.28369,128.90204,76,1500,163.47,false,ok
GLV-C05,TRIP-GLV-C05-01,2026-07-31T23:22:00.000Z,35.28649,128.90358,76,1500,165.80,false,ok
GLV-C05,TRIP-GLV-C05-01,2026-07-31T23:24:00.000Z,35.28928,128.90513,76,1500,168.14,false,ok
GLV-C05,TRIP-GLV-C05-01,2026-07-31T23:26:00.000Z,35.29208,128.90668,75,1500,170.47,false,ok
GLV-C05,TRIP-GLV-C05-01,2026-07-31T23:28:00.000Z,35.29488,128.90823,74,1500,172.81,false,ok
GLV-C05,TRIP-GLV-C05-01,2026-07-31T23:30:00.000Z,35.29767,128.90977,73,1500,175.14,false,ok
GLV-C05,TRIP-GLV-C05-01,2026-07-31T23:32:00.000Z,35.30047,128.91132,72,1500,177.48,false,ok
GLV-C05,TRIP-GLV-C05-01,2026-07-31T23:34:00.000Z,35.30327,128.91287,70,1500,179.81,false,ok
GLV-C05,TRIP-GLV-C05-01,2026-07-31T23:36:00.000Z,35.30606,128.91442,69,1500,182.15,false,ok
GLV-C05,TRIP-GLV-C05-01,2026-07-31T23:38:00.000Z,35.30886,128.91596,67,1500,184.48,false,ok
GLV-C05,TRIP-GLV-C05-01,2026-07-31T23:40:00.000Z,35.31166,128.91751,66,1500,186.82,false,ok
GLV-C05,TRIP-GLV-C05-01,2026-07-31T23:42:00.000Z,35.31446,128.91906,64,1500,189.15,false,ok
GLV-C05,TRIP-GLV-C05-01,2026-07-31T23:44:00.000Z,35.31725,128.92061,63,1500,191.49,false,ok
GLV-C05,TRIP-GLV-C05-01,2026-07-31T23:46:00.000Z,35.32005,128.92215,62,1500,193.82,false,ok
GLV-C05,TRIP-GLV-C05-01,2026-07-31T23:48:00.000Z,35.32285,128.92370,61,1500,196.16,false,ok
GLV-C05,TRIP-GLV-C05-01,2026-07-31T23:50:00.000Z,35.32564,128.92525,60,1500,198.49,false,ok
GLV-C05,TRIP-GLV-C05-01,2026-07-31T23:52:00.000Z,35.32844,128.92680,60,1500,200.83,false,ok
GLV-C05,TRIP-GLV-C05-01,2026-07-31T23:54:00.000Z,35.33124,128.92835,60,1500,203.16,false,ok
GLV-C05,TRIP-GLV-C05-01,2026-07-31T23:56:00.000Z,35.33403,128.92989,60,1500,205.50,false,ok
GLV-C05,TRIP-GLV-C05-01,2026-07-31T23:58:00.000Z,35.33683,128.93144,61,1500,207.83,false,ok
GLV-C05,TRIP-GLV-C05-01,2026-08-01T00:00:00.000Z,35.33963,128.93299,62,1500,210.17,false,ok
GLV-C05,TRIP-GLV-C05-01,2026-08-01T00:02:00.000Z,35.34243,128.93454,63,1500,212.50,false,ok
GLV-C05,TRIP-GLV-C05-01,2026-08-01T00:04:00.000Z,35.34522,128.93608,65,1500,214.84,false,ok
GLV-C05,TRIP-GLV-C05-01,2026-08-01T00:06:00.000Z,35.34802,128.93763,66,1500,217.18,false,ok
GLV-C05,TRIP-GLV-C05-01,2026-08-01T00:08:00.000Z,35.35082,128.93918,68,1500,219.51,false,ok
GLV-C05,TRIP-GLV-C05-01,2026-08-01T00:10:00.000Z,35.35361,128.94073,69,1500,221.85,false,ok
GLV-C05,TRIP-GLV-C05-01,2026-08-01T00:12:00.000Z,35.35641,128.94227,71,1500,224.18,false,ok
GLV-C05,TRIP-GLV-C05-01,2026-08-01T00:14:00.000Z,35.35921,128.94382,72,1500,226.52,false,ok
GLV-C05,TRIP-GLV-C05-01,2026-08-01T00:16:00.000Z,35.36200,128.94537,73,1500,228.85,false,ok
GLV-C05,TRIP-GLV-C05-01,2026-08-01T00:18:00.000Z,35.36480,128.94692,75,1500,231.19,false,ok
GLV-C05,TRIP-GLV-C05-01,2026-08-01T00:20:00.000Z,35.36760,128.94846,75,1500,233.52,false,ok
GLV-C05,TRIP-GLV-C05-01,2026-08-01T00:22:00.000Z,35.37040,128.95001,76,1500,235.86,false,ok
GLV-C05,TRIP-GLV-C05-01,2026-08-01T00:24:00.000Z,35.37319,128.95156,76,1500,238.19,false,ok
GLV-C05,TRIP-GLV-C05-01,2026-08-01T00:26:00.000Z,35.37599,128.95311,76,1500,240.53,false,ok
GLV-C05,TRIP-GLV-C05-01,2026-08-01T00:28:00.000Z,35.37879,128.95466,75,1500,242.86,false,ok
GLV-C05,TRIP-GLV-C05-01,2026-08-01T00:30:00.000Z,35.38158,128.95620,75,1500,245.20,false,ok
GLV-C05,TRIP-GLV-C05-01,2026-08-01T00:32:00.000Z,35.38438,128.95775,74,1500,247.53,false,ok
GLV-C05,TRIP-GLV-C05-01,2026-08-01T00:34:00.000Z,35.38718,128.95930,72,1500,249.87,false,ok
GLV-C05,TRIP-GLV-C05-01,2026-08-01T00:36:00.000Z,35.38997,128.96085,71,1500,252.20,false,ok
GLV-C05,TRIP-GLV-C05-01,2026-08-01T00:38:00.000Z,35.39277,128.96239,70,1500,254.54,false,ok
GLV-C05,TRIP-GLV-C05-01,2026-08-01T00:40:00.000Z,35.39557,128.96394,68,1500,256.87,false,ok
GLV-C05,TRIP-GLV-C05-01,2026-08-01T00:42:00.000Z,35.39837,128.96549,66,1500,259.21,false,ok
GLV-C05,TRIP-GLV-C05-01,2026-08-01T00:44:00.000Z,35.40116,128.96704,65,1500,261.54,false,ok
GLV-C05,TRIP-GLV-C05-01,2026-08-01T00:46:00.000Z,35.40396,128.96858,63,1500,263.88,false,ok
GLV-C05,TRIP-GLV-C05-01,2026-08-01T00:48:00.000Z,35.40676,128.97013,62,1500,266.21,false,ok
GLV-C05,TRIP-GLV-C05-01,2026-08-01T00:50:00.000Z,35.40955,128.97168,61,1500,268.55,false,ok
GLV-C05,TRIP-GLV-C05-01,2026-08-01T00:52:00.000Z,35.41235,128.97323,61,1500,270.89,false,ok
GLV-C05,TRIP-GLV-C05-01,2026-08-01T00:54:00.000Z,35.41515,128.97477,60,1500,273.22,false,ok
GLV-C05,TRIP-GLV-C05-01,2026-08-01T00:56:00.000Z,35.41794,128.97632,60,1500,275.56,false,ok
GLV-C05,TRIP-GLV-C05-01,2026-08-01T00:58:00.000Z,35.42074,128.97787,60,1500,277.89,false,ok
GLV-C05,TRIP-GLV-C05-01,2026-08-01T01:00:00.000Z,35.42354,128.97942,61,1500,280.23,false,ok
GLV-C05,TRIP-GLV-C05-01,2026-08-01T01:02:00.000Z,35.42634,128.98097,62,1500,282.56,false,ok
GLV-C05,TRIP-GLV-C05-01,2026-08-01T01:04:00.000Z,35.42913,128.98251,63,1500,284.90,false,ok
GLV-C05,TRIP-GLV-C05-01,2026-08-01T01:06:00.000Z,35.43193,128.98406,64,1500,287.23,false,ok
GLV-C05,TRIP-GLV-C05-01,2026-08-01T01:08:00.000Z,35.43473,128.98561,65,1500,289.57,false,ok
GLV-C05,TRIP-GLV-C05-01,2026-08-01T01:10:00.000Z,35.43752,128.98716,67,1500,291.90,false,ok
GLV-C05,TRIP-GLV-C05-01,2026-08-01T01:12:00.000Z,35.44032,128.98870,69,1500,294.24,false,ok
GLV-C05,TRIP-GLV-C05-01,2026-08-01T01:14:00.000Z,35.44312,128.99025,70,1500,296.57,false,ok
GLV-C05,TRIP-GLV-C05-01,2026-08-01T01:16:00.000Z,35.44591,128.99180,72,1500,298.91,false,ok
GLV-C05,TRIP-GLV-C05-01,2026-08-01T01:18:00.000Z,35.44871,128.99335,73,1500,301.24,false,ok
GLV-C05,TRIP-GLV-C05-01,2026-08-01T01:20:00.000Z,35.45151,128.99489,74,1500,303.58,false,ok
GLV-C05,TRIP-GLV-C05-01,2026-08-01T01:22:00.000Z,35.45431,128.99644,75,1500,305.91,false,ok
GLV-C05,TRIP-GLV-C05-01,2026-08-01T01:24:00.000Z,35.45710,128.99799,76,1500,308.25,false,ok
GLV-C05,TRIP-GLV-C05-01,2026-08-01T01:26:00.000Z,35.45990,128.99954,76,1500,310.58,false,ok
GLV-C05,TRIP-GLV-C05-01,2026-08-01T01:28:00.000Z,35.46270,129.00108,76,1500,312.92,false,ok
GLV-C05,TRIP-GLV-C05-01,2026-08-01T01:30:00.000Z,35.46549,129.00263,76,1500,315.25,false,ok
GLV-C05,TRIP-GLV-C05-01,2026-08-01T01:32:00.000Z,35.46829,129.00418,75,1500,317.59,false,ok
GLV-C05,TRIP-GLV-C05-01,2026-08-01T01:34:00.000Z,35.47109,129.00573,74,1500,319.92,false,ok
GLV-C05,TRIP-GLV-C05-01,2026-08-01T01:36:00.000Z,35.47388,129.00728,73,1500,322.26,false,ok
GLV-C05,TRIP-GLV-C05-01,2026-08-01T01:38:00.000Z,35.47668,129.00882,72,1500,324.60,false,ok
GLV-C05,TRIP-GLV-C05-01,2026-08-01T01:40:00.000Z,35.47948,129.01037,70,1500,326.93,false,ok
GLV-C05,TRIP-GLV-C05-01,2026-08-01T01:42:00.000Z,35.48228,129.01192,69,1500,329.27,false,ok
GLV-C05,TRIP-GLV-C05-01,2026-08-01T01:44:00.000Z,35.48507,129.01347,67,1500,331.60,false,ok
GLV-C05,TRIP-GLV-C05-01,2026-08-01T01:46:00.000Z,35.48787,129.01501,65,1500,333.94,false,ok
GLV-C05,TRIP-GLV-C05-01,2026-08-01T01:48:00.000Z,35.49067,129.01656,64,1500,336.27,false,ok
GLV-C05,TRIP-GLV-C05-01,2026-08-01T01:50:00.000Z,35.49346,129.01811,63,1500,338.61,false,ok
GLV-C05,TRIP-GLV-C05-01,2026-08-01T01:52:00.000Z,35.49626,129.01966,62,1500,340.94,false,ok
GLV-C05,TRIP-GLV-C05-01,2026-08-01T01:54:00.000Z,35.49906,129.02120,61,1500,343.28,false,ok
GLV-C05,TRIP-GLV-C05-01,2026-08-01T01:56:00.000Z,35.50185,129.02275,60,1500,345.61,false,ok
GLV-C05,TRIP-GLV-C05-01,2026-08-01T01:58:00.000Z,35.50465,129.02430,60,1500,347.95,false,ok
GLV-C05,TRIP-GLV-C05-01,2026-08-01T02:00:00.000Z,35.50745,129.02585,60,1500,350.28,false,ok
GLV-C05,TRIP-GLV-C05-01,2026-08-01T02:02:00.000Z,35.51025,129.02739,60,1500,352.62,false,ok
GLV-C05,TRIP-GLV-C05-01,2026-08-01T02:04:00.000Z,35.51304,129.02894,61,1500,354.95,false,ok
GLV-C05,TRIP-GLV-C05-01,2026-08-01T02:06:00.000Z,35.51584,129.03049,62,1500,357.29,false,ok
GLV-C05,TRIP-GLV-C05-01,2026-08-01T02:08:00.000Z,35.51864,129.03204,63,1500,359.62,false,ok
GLV-C05,TRIP-GLV-C05-01,2026-08-01T02:10:00.000Z,35.52143,129.03359,65,1500,361.96,false,ok
GLV-C05,TRIP-GLV-C05-01,2026-08-01T02:12:00.000Z,35.52423,129.03513,66,1500,364.29,false,ok
GLV-C05,TRIP-GLV-C05-01,2026-08-01T02:14:00.000Z,35.52703,129.03668,68,1500,366.63,false,ok
GLV-C05,TRIP-GLV-C05-01,2026-08-01T02:16:00.000Z,35.52982,129.03823,69,1500,368.96,false,ok
GLV-C05,TRIP-GLV-C05-01,2026-08-01T02:18:00.000Z,35.53262,129.03978,71,1500,371.30,false,ok
GLV-C05,TRIP-GLV-C05-01,2026-08-01T02:20:00.000Z,35.53542,129.04132,72,1500,373.63,false,ok
GLV-C05,TRIP-GLV-C05-01,2026-08-01T02:22:00.000Z,35.53821,129.04287,74,1500,375.97,false,ok
GLV-C05,TRIP-GLV-C05-01,2026-08-01T02:24:00.000Z,35.54101,129.04442,75,1500,378.31,false,ok
GLV-C05,TRIP-GLV-C05-01,2026-08-01T02:26:00.000Z,35.54381,129.04597,75,1500,380.64,false,ok
GLV-C05,TRIP-GLV-C05-01,2026-08-01T02:28:00.000Z,35.54661,129.04751,76,1500,382.98,false,ok
GLV-C05,TRIP-GLV-C05-01,2026-08-01T02:30:00.000Z,35.54940,129.04906,76,1500,385.31,false,ok
GLV-C05,TRIP-GLV-C05-01,2026-08-01T02:32:00.000Z,35.55220,129.05061,76,1500,387.65,false,ok
GLV-C05,TRIP-GLV-C05-01,2026-08-01T02:34:00.000Z,35.55500,129.05216,75,1500,389.98,false,ok
GLV-C05,TRIP-GLV-C05-01,2026-08-01T02:36:00.000Z,35.55779,129.05370,75,1500,392.32,false,ok
GLV-C05,TRIP-GLV-C05-01,2026-08-01T02:38:00.000Z,35.56059,129.05525,73,1500,394.65,false,ok
GLV-C05,TRIP-GLV-C05-01,2026-08-01T02:40:00.000Z,35.56339,129.05680,72,1500,396.99,false,ok
GLV-C05,TRIP-GLV-C05-01,2026-08-01T02:42:00.000Z,35.56618,129.05835,71,1500,399.32,false,ok
GLV-C05,TRIP-GLV-C05-01,2026-08-01T02:44:00.000Z,35.56898,129.05990,69,1500,401.66,false,ok
GLV-C05,TRIP-GLV-C05-01,2026-08-01T02:46:00.000Z,35.57178,129.06144,68,1500,403.99,false,ok
GLV-C05,TRIP-GLV-C05-01,2026-08-01T02:48:00.000Z,35.57458,129.06299,66,1500,406.33,false,ok
GLV-C05,TRIP-GLV-C05-01,2026-08-01T02:50:00.000Z,35.57737,129.06454,65,1500,408.66,false,ok
GLV-C05,TRIP-GLV-C05-01,2026-08-01T02:52:00.000Z,35.58017,129.06609,63,1500,411.00,false,ok
GLV-C05,TRIP-GLV-C05-01,2026-08-01T02:54:00.000Z,35.58297,129.06763,62,1500,413.33,false,ok
GLV-C05,TRIP-GLV-C05-01,2026-08-01T02:56:00.000Z,35.58576,129.06918,61,1500,415.67,false,ok
GLV-C05,TRIP-GLV-C05-01,2026-08-01T02:58:00.000Z,35.58856,129.07073,60,1500,418.00,false,ok
GLV-C05,TRIP-GLV-C05-01,2026-08-01T03:00:00.000Z,35.59136,129.07228,60,1500,420.34,false,ok
GLV-C05,TRIP-GLV-C05-01,2026-08-01T03:02:00.000Z,35.59415,129.07382,60,1500,422.67,false,ok
GLV-C05,TRIP-GLV-C05-01,2026-08-01T03:04:00.000Z,35.59695,129.07537,60,1500,425.01,false,ok
GLV-C05,TRIP-GLV-C05-01,2026-08-01T03:06:00.000Z,35.59975,129.07692,61,1500,427.34,false,ok
GLV-C05,TRIP-GLV-C05-01,2026-08-01T03:08:00.000Z,35.60255,129.07847,62,1500,429.68,false,ok
GLV-C05,TRIP-GLV-C05-01,2026-08-01T03:10:00.000Z,35.60534,129.08001,63,1500,432.02,false,ok
GLV-C05,TRIP-GLV-C05-01,2026-08-01T03:12:00.000Z,35.60814,129.08156,64,1500,434.35,false,ok
GLV-C05,TRIP-GLV-C05-01,2026-08-01T03:14:00.000Z,35.61094,129.08311,66,1500,436.69,false,ok
GLV-C05,TRIP-GLV-C05-01,2026-08-01T03:16:00.000Z,35.61373,129.08466,67,1500,439.02,false,ok
GLV-C05,TRIP-GLV-C05-01,2026-08-01T03:18:00.000Z,35.61653,129.08621,69,1500,441.36,false,ok
GLV-C05,TRIP-GLV-C05-01,2026-08-01T03:20:00.000Z,35.61933,129.08775,70,1500,443.69,false,ok
GLV-C05,TRIP-GLV-C05-01,2026-08-01T03:22:00.000Z,35.62212,129.08930,72,1500,446.03,false,ok
GLV-C05,TRIP-GLV-C05-01,2026-08-01T03:24:00.000Z,35.62492,129.09085,73,1500,448.36,false,ok
GLV-C05,TRIP-GLV-C05-01,2026-08-01T03:26:00.000Z,35.62772,129.09240,74,1500,450.70,false,ok
GLV-C05,TRIP-GLV-C05-01,2026-08-01T03:28:00.000Z,35.63052,129.09394,75,1500,453.03,false,ok
GLV-C05,TRIP-GLV-C05-01,2026-08-01T03:30:00.000Z,35.63331,129.09549,76,1500,455.37,false,ok
GLV-C05,TRIP-GLV-C05-01,2026-08-01T03:32:00.000Z,35.63611,129.09704,76,1500,457.70,false,ok
GLV-C05,TRIP-GLV-C05-01,2026-08-01T03:34:00.000Z,35.63891,129.09859,76,1500,460.04,false,ok
GLV-C05,TRIP-GLV-C05-01,2026-08-01T03:36:00.000Z,35.64170,129.10013,76,1500,462.37,false,ok
GLV-C05,TRIP-GLV-C05-01,2026-08-01T03:38:00.000Z,35.64450,129.10168,75,1500,464.71,false,ok
GLV-C05,TRIP-GLV-C05-01,2026-08-01T03:40:00.000Z,35.64730,129.10323,74,1500,467.04,false,ok
GLV-C05,TRIP-GLV-C05-01,2026-08-01T03:42:00.000Z,35.65009,129.10478,73,1500,469.38,false,ok
GLV-C05,TRIP-GLV-C05-01,2026-08-01T03:44:00.000Z,35.65289,129.10632,71,1500,471.71,false,ok
GLV-C05,TRIP-GLV-C05-01,2026-08-01T03:46:00.000Z,35.65569,129.10787,70,1500,474.05,false,ok
GLV-C05,TRIP-GLV-C05-01,2026-08-01T03:48:00.000Z,35.65849,129.10942,68,1500,476.38,false,ok
GLV-C05,TRIP-GLV-C05-01,2026-08-01T03:50:00.000Z,35.66128,129.11097,67,1500,478.72,false,ok
GLV-C05,TRIP-GLV-C05-01,2026-08-01T03:52:00.000Z,35.66408,129.11252,65,1500,481.05,false,ok
GLV-C05,TRIP-GLV-C05-01,2026-08-01T03:54:00.000Z,35.66688,129.11406,64,1500,483.39,false,ok
GLV-C05,TRIP-GLV-C05-01,2026-08-01T03:56:00.000Z,35.66967,129.11561,62,1500,485.73,false,ok
GLV-C05,TRIP-GLV-C05-01,2026-08-01T03:58:00.000Z,35.67247,129.11716,61,1500,488.06,false,ok
GLV-C05,TRIP-GLV-C05-01,2026-08-01T04:00:00.000Z,35.67527,129.11871,61,1500,490.40,false,ok
GLV-C05,TRIP-GLV-C05-01,2026-08-01T04:02:00.000Z,35.67806,129.12025,60,1500,492.73,false,ok
GLV-C05,TRIP-GLV-C05-01,2026-08-01T04:04:00.000Z,35.68086,129.12180,60,1500,495.07,false,ok
GLV-C05,TRIP-GLV-C05-01,2026-08-01T04:06:00.000Z,35.68366,129.12335,60,1500,497.40,false,ok
GLV-C05,TRIP-GLV-C05-01,2026-08-01T04:08:00.000Z,35.68646,129.12490,61,1500,499.74,false,ok
GLV-C05,TRIP-GLV-C05-01,2026-08-01T04:10:00.000Z,35.68925,129.12644,61,1500,502.07,false,ok
GLV-C05,TRIP-GLV-C05-01,2026-08-01T04:12:00.000Z,35.69205,129.12799,62,1500,504.41,false,ok
GLV-C05,TRIP-GLV-C05-01,2026-08-01T04:14:00.000Z,35.69485,129.12954,64,1500,506.74,false,ok
GLV-C05,TRIP-GLV-C05-01,2026-08-01T04:16:00.000Z,35.69764,129.13109,65,1500,509.08,false,ok
GLV-C05,TRIP-GLV-C05-01,2026-08-01T04:18:00.000Z,35.70044,129.13263,67,1500,511.41,false,ok
GLV-C05,TRIP-GLV-C05-01,2026-08-01T04:20:00.000Z,35.70324,129.13418,68,1500,513.75,false,ok
GLV-C05,TRIP-GLV-C05-01,2026-08-01T04:22:00.000Z,35.70603,129.13573,70,1500,516.08,false,ok
GLV-C05,TRIP-GLV-C05-01,2026-08-01T04:24:00.000Z,35.70883,129.13728,71,1500,518.42,false,ok
GLV-C05,TRIP-GLV-C05-01,2026-08-01T04:26:00.000Z,35.71163,129.13883,73,1500,520.75,false,ok
GLV-C05,TRIP-GLV-C05-01,2026-08-01T04:28:00.000Z,35.71443,129.14037,74,1500,523.09,false,ok
GLV-C05,TRIP-GLV-C05-01,2026-08-01T04:30:00.000Z,35.71722,129.14192,75,1500,525.42,false,ok
GLV-C05,TRIP-GLV-C05-01,2026-08-01T04:32:00.000Z,35.72002,129.14347,76,1500,527.76,false,ok
GLV-C05,TRIP-GLV-C05-01,2026-08-01T04:34:00.000Z,35.72282,129.14502,76,1500,530.09,false,ok
GLV-C05,TRIP-GLV-C05-01,2026-08-01T04:36:00.000Z,35.72561,129.14656,76,1500,532.43,false,ok
GLV-C05,TRIP-GLV-C05-01,2026-08-01T04:38:00.000Z,35.72841,129.14811,76,1500,534.76,false,ok
GLV-C05,TRIP-GLV-C05-01,2026-08-01T04:40:00.000Z,35.73121,129.14966,75,1500,537.10,false,ok
GLV-C05,TRIP-GLV-C05-01,2026-08-01T04:42:00.000Z,35.73400,129.15121,74,1500,539.44,false,ok
GLV-C05,TRIP-GLV-C05-01,2026-08-01T04:44:00.000Z,35.73680,129.15275,73,1500,541.77,false,ok
GLV-C05,TRIP-GLV-C05-01,2026-08-01T04:46:00.000Z,35.73960,129.15430,72,1500,544.11,false,ok
GLV-C05,TRIP-GLV-C05-01,2026-08-01T04:48:00.000Z,35.74239,129.15585,71,1500,546.44,false,ok
GLV-C05,TRIP-GLV-C05-01,2026-08-01T04:50:00.000Z,35.74519,129.15740,69,1500,548.78,false,ok
GLV-C05,TRIP-GLV-C05-01,2026-08-01T04:52:00.000Z,35.74799,129.15894,67,1500,551.11,false,ok
GLV-C05,TRIP-GLV-C05-01,2026-08-01T04:54:00.000Z,35.75079,129.16049,66,1500,553.45,false,ok
GLV-C05,TRIP-GLV-C05-01,2026-08-01T04:56:00.000Z,35.75358,129.16204,64,1500,555.78,false,ok
GLV-C05,TRIP-GLV-C05-01,2026-08-01T04:58:00.000Z,35.75638,129.16359,63,1500,558.12,false,ok
GLV-C05,TRIP-GLV-C05-01,2026-08-01T05:00:00.000Z,35.75918,129.16514,62,1500,560.45,false,ok
GLV-C05,TRIP-GLV-C05-01,2026-08-01T05:02:00.000Z,35.76197,129.16668,61,1500,562.79,false,ok
GLV-C05,TRIP-GLV-C05-01,2026-08-01T05:04:00.000Z,35.76477,129.16823,60,1500,565.12,false,ok
GLV-C05,TRIP-GLV-C05-01,2026-08-01T05:06:00.000Z,35.76757,129.16978,60,1500,567.46,false,ok
GLV-C05,TRIP-GLV-C05-01,2026-08-01T05:08:00.000Z,35.77036,129.17133,60,1500,569.79,false,ok
GLV-C05,TRIP-GLV-C05-01,2026-08-01T05:10:00.000Z,35.77316,129.17287,60,1500,572.13,false,ok
GLV-C05,TRIP-GLV-C05-01,2026-08-01T05:12:00.000Z,35.77596,129.17442,61,1500,574.46,false,ok
GLV-C05,TRIP-GLV-C05-01,2026-08-01T05:14:00.000Z,35.77876,129.17597,62,1500,576.80,false,ok
GLV-C05,TRIP-GLV-C05-01,2026-08-01T05:16:00.000Z,35.78155,129.17752,63,1500,579.13,false,ok
GLV-C05,TRIP-GLV-C05-01,2026-08-01T05:18:00.000Z,35.78435,129.17906,64,1500,581.47,false,ok
GLV-C05,TRIP-GLV-C05-01,2026-08-01T05:20:00.000Z,35.78715,129.18061,66,1500,583.80,false,ok
GLV-C05,TRIP-GLV-C05-01,2026-08-01T05:22:00.000Z,35.78994,129.18216,67,1500,586.14,false,ok
GLV-C05,TRIP-GLV-C05-01,2026-08-01T05:24:00.000Z,35.79274,129.18371,69,1500,588.47,false,ok
GLV-C05,TRIP-GLV-C05-01,2026-08-01T05:26:00.000Z,35.79554,129.18525,71,1500,590.81,false,ok
GLV-C05,TRIP-GLV-C05-01,2026-08-01T05:28:00.000Z,35.79833,129.18680,72,1500,593.15,false,ok
GLV-C05,TRIP-GLV-C05-01,2026-08-01T05:30:00.000Z,35.80113,129.18835,73,1500,595.48,false,ok
GLV-C05,TRIP-GLV-C05-01,2026-08-01T05:32:00.000Z,35.80393,129.18990,74,1500,597.82,false,ok
GLV-C05,TRIP-GLV-C05-01,2026-08-01T05:34:00.000Z,35.80673,129.19145,75,1500,600.15,false,ok
GLV-C05,TRIP-GLV-C05-01,2026-08-01T05:36:00.000Z,35.80952,129.19299,76,1500,602.49,false,ok
GLV-C05,TRIP-GLV-C05-01,2026-08-01T05:38:00.000Z,35.81232,129.19454,76,1500,604.82,false,ok
GLV-C05,TRIP-GLV-C05-01,2026-08-01T05:40:00.000Z,35.81512,129.19609,76,1500,607.16,false,ok
GLV-C05,TRIP-GLV-C05-01,2026-08-01T05:42:00.000Z,35.81791,129.19764,75,1500,609.49,false,ok
GLV-C05,TRIP-GLV-C05-01,2026-08-01T05:44:00.000Z,35.82071,129.19918,75,1500,611.83,false,ok
GLV-C05,TRIP-GLV-C05-01,2026-08-01T05:46:00.000Z,35.82351,129.20073,74,1500,614.16,false,ok
GLV-C05,TRIP-GLV-C05-01,2026-08-01T05:48:00.000Z,35.82630,129.20228,73,1500,616.50,false,ok
GLV-C05,TRIP-GLV-C05-01,2026-08-01T05:50:00.000Z,35.82910,129.20383,71,1500,618.83,false,ok
GLV-C06,TRIP-GLV-C06-01,2026-07-31T21:00:00.000Z,35.08790,128.79370,68,1500,0.00,false,ok
GLV-C06,TRIP-GLV-C06-01,2026-07-31T21:02:00.000Z,35.09038,128.79507,70,1500,2.33,false,ok
GLV-C06,TRIP-GLV-C06-01,2026-07-31T21:04:00.000Z,35.09285,128.79644,71,1500,4.67,false,ok
GLV-C06,TRIP-GLV-C06-01,2026-07-31T21:06:00.000Z,35.09533,128.79781,73,1500,7.00,false,ok
GLV-C06,TRIP-GLV-C06-01,2026-07-31T21:08:00.000Z,35.09780,128.79918,74,1500,9.33,false,ok
GLV-C06,TRIP-GLV-C06-01,2026-07-31T21:10:00.000Z,35.10028,128.80055,75,1500,11.67,false,ok
GLV-C06,TRIP-GLV-C06-01,2026-07-31T21:12:00.000Z,35.10275,128.80192,75,1500,14.00,false,ok
GLV-C06,TRIP-GLV-C06-01,2026-07-31T21:14:00.000Z,35.10523,128.80329,76,1500,16.33,false,ok
GLV-C06,TRIP-GLV-C06-01,2026-07-31T21:16:00.000Z,35.10770,128.80466,76,1500,18.67,false,ok
GLV-C06,TRIP-GLV-C06-01,2026-07-31T21:18:00.000Z,35.11018,128.80603,76,1500,21.00,false,ok
GLV-C06,TRIP-GLV-C06-01,2026-07-31T21:20:00.000Z,35.11265,128.80740,75,1500,23.33,false,ok
GLV-C06,TRIP-GLV-C06-01,2026-07-31T21:22:00.000Z,35.11513,128.80877,74,1500,25.67,false,ok
GLV-C06,TRIP-GLV-C06-01,2026-07-31T21:24:00.000Z,35.11760,128.81014,73,1500,28.00,false,ok
GLV-C06,TRIP-GLV-C06-01,2026-07-31T21:26:00.000Z,35.12008,128.81151,72,1500,30.33,false,ok
GLV-C06,TRIP-GLV-C06-01,2026-07-31T21:28:00.000Z,35.12255,128.81288,71,1500,32.67,false,ok
GLV-C06,TRIP-GLV-C06-01,2026-07-31T21:30:00.000Z,35.12503,128.81424,69,1500,35.00,false,ok
GLV-C06,TRIP-GLV-C06-01,2026-07-31T21:32:00.000Z,35.12751,128.81561,68,1500,37.33,false,ok
GLV-C06,TRIP-GLV-C06-01,2026-07-31T21:34:00.000Z,35.12998,128.81698,66,1500,39.67,false,ok
GLV-C06,TRIP-GLV-C06-01,2026-07-31T21:36:00.000Z,35.13246,128.81835,64,1500,42.00,false,ok
GLV-C06,TRIP-GLV-C06-01,2026-07-31T21:38:00.000Z,35.13493,128.81972,63,1500,44.33,false,ok
GLV-C06,TRIP-GLV-C06-01,2026-07-31T21:40:00.000Z,35.13741,128.82109,62,1500,46.67,false,ok
GLV-C06,TRIP-GLV-C06-01,2026-07-31T21:42:00.000Z,35.13988,128.82246,61,1500,49.00,false,ok
GLV-C06,TRIP-GLV-C06-01,2026-07-31T21:44:00.000Z,35.14236,128.82383,60,1500,51.33,false,ok
GLV-C06,TRIP-GLV-C06-01,2026-07-31T21:46:00.000Z,35.14483,128.82520,60,1500,53.67,false,ok
GLV-C06,TRIP-GLV-C06-01,2026-07-31T21:48:00.000Z,35.14731,128.82657,60,1500,56.00,false,ok
GLV-C06,TRIP-GLV-C06-01,2026-07-31T21:50:00.000Z,35.14978,128.82794,60,1500,58.33,false,ok
GLV-C06,TRIP-GLV-C06-01,2026-07-31T21:52:00.000Z,35.15226,128.82931,61,1500,60.67,false,ok
GLV-C06,TRIP-GLV-C06-01,2026-07-31T21:54:00.000Z,35.15473,128.83068,62,1500,63.00,false,ok
GLV-C06,TRIP-GLV-C06-01,2026-07-31T21:56:00.000Z,35.15721,128.83205,63,1500,65.33,false,ok
GLV-C06,TRIP-GLV-C06-01,2026-07-31T21:58:00.000Z,35.15968,128.83342,64,1500,67.67,false,ok
GLV-C06,TRIP-GLV-C06-01,2026-07-31T22:00:00.000Z,35.16216,128.83479,66,1500,70.00,false,ok
GLV-C06,TRIP-GLV-C06-01,2026-07-31T22:02:00.000Z,35.16464,128.83616,67,1500,72.33,false,ok
GLV-C06,TRIP-GLV-C06-01,2026-07-31T22:04:00.000Z,35.16711,128.83753,69,1500,74.67,false,ok
GLV-C06,TRIP-GLV-C06-01,2026-07-31T22:06:00.000Z,35.16959,128.83890,70,1500,77.00,false,ok
GLV-C06,TRIP-GLV-C06-01,2026-07-31T22:08:00.000Z,35.17206,128.84027,72,1500,79.33,false,ok
GLV-C06,TRIP-GLV-C06-01,2026-07-31T22:10:00.000Z,35.17454,128.84164,73,1500,81.67,false,ok
GLV-C06,TRIP-GLV-C06-01,2026-07-31T22:12:00.000Z,35.17701,128.84301,74,1500,84.00,false,ok
GLV-C06,TRIP-GLV-C06-01,2026-07-31T22:14:00.000Z,35.17949,128.84438,75,1500,86.33,false,ok
GLV-C06,TRIP-GLV-C06-01,2026-07-31T22:16:00.000Z,35.18196,128.84575,76,1500,88.67,false,ok
GLV-C06,TRIP-GLV-C06-01,2026-07-31T22:18:00.000Z,35.18444,128.84712,76,1500,91.00,false,ok
GLV-C06,TRIP-GLV-C06-01,2026-07-31T22:20:00.000Z,35.18691,128.84849,76,1500,93.33,false,ok
GLV-C06,TRIP-GLV-C06-01,2026-07-31T22:22:00.000Z,35.18939,128.84986,76,1500,95.67,false,ok
GLV-C06,TRIP-GLV-C06-01,2026-07-31T22:24:00.000Z,35.19186,128.85123,75,1500,98.00,false,ok
GLV-C06,TRIP-GLV-C06-01,2026-07-31T22:26:00.000Z,35.19434,128.85260,74,1500,100.33,false,ok
GLV-C06,TRIP-GLV-C06-01,2026-07-31T22:28:00.000Z,35.19681,128.85397,73,1500,102.67,false,ok
GLV-C06,TRIP-GLV-C06-01,2026-07-31T22:30:00.000Z,35.19929,128.85533,71,1500,105.00,false,ok
GLV-C06,TRIP-GLV-C06-01,2026-07-31T22:32:00.000Z,35.20177,128.85670,70,1500,107.33,false,ok
GLV-C06,TRIP-GLV-C06-01,2026-07-31T22:34:00.000Z,35.20424,128.85807,68,1500,109.67,false,ok
GLV-C06,TRIP-GLV-C06-01,2026-07-31T22:36:00.000Z,35.20672,128.85944,67,1500,112.00,false,ok
GLV-C06,TRIP-GLV-C06-01,2026-07-31T22:38:00.000Z,35.20919,128.86081,65,1500,114.33,false,ok
GLV-C06,TRIP-GLV-C06-01,2026-07-31T22:40:00.000Z,35.21167,128.86218,64,1500,116.67,false,ok
GLV-C06,TRIP-GLV-C06-01,2026-07-31T22:42:00.000Z,35.21414,128.86355,62,1500,119.00,false,ok
GLV-C06,TRIP-GLV-C06-01,2026-07-31T22:44:00.000Z,35.21662,128.86492,61,1500,121.33,false,ok
GLV-C06,TRIP-GLV-C06-01,2026-07-31T22:46:00.000Z,35.21909,128.86629,61,1500,123.67,false,ok
GLV-C06,TRIP-GLV-C06-01,2026-07-31T22:48:00.000Z,35.22157,128.86766,60,1500,126.00,false,ok
GLV-C06,TRIP-GLV-C06-01,2026-07-31T22:50:00.000Z,35.22404,128.86903,60,1500,128.33,false,ok
GLV-C06,TRIP-GLV-C06-01,2026-07-31T22:52:00.000Z,35.22652,128.87040,60,1500,130.67,false,ok
GLV-C06,TRIP-GLV-C06-01,2026-07-31T22:54:00.000Z,35.22899,128.87177,61,1500,133.00,false,ok
GLV-C06,TRIP-GLV-C06-01,2026-07-31T22:56:00.000Z,35.23147,128.87314,61,1500,135.33,false,ok
GLV-C06,TRIP-GLV-C06-01,2026-07-31T22:58:00.000Z,35.23394,128.87451,62,1500,137.67,false,ok
GLV-C06,TRIP-GLV-C06-01,2026-07-31T23:00:00.000Z,35.23642,128.87588,64,1500,140.00,false,ok
GLV-C06,TRIP-GLV-C06-01,2026-07-31T23:02:00.000Z,35.23890,128.87725,65,1500,142.33,false,ok
GLV-C06,TRIP-GLV-C06-01,2026-07-31T23:04:00.000Z,35.24137,128.87862,67,1500,144.67,false,ok
GLV-C06,TRIP-GLV-C06-01,2026-07-31T23:06:00.000Z,35.24385,128.87999,68,1500,147.00,false,ok
GLV-C06,TRIP-GLV-C06-01,2026-07-31T23:08:00.000Z,35.24632,128.88136,70,1500,149.33,false,ok
GLV-C06,TRIP-GLV-C06-01,2026-07-31T23:10:00.000Z,35.24880,128.88273,71,1500,151.67,false,ok
GLV-C06,TRIP-GLV-C06-01,2026-07-31T23:12:00.000Z,35.25127,128.88410,73,1500,154.00,false,ok
GLV-C06,TRIP-GLV-C06-01,2026-07-31T23:14:00.000Z,35.25375,128.88547,74,1500,156.33,false,ok
GLV-C06,TRIP-GLV-C06-01,2026-07-31T23:16:00.000Z,35.25622,128.88684,75,1500,158.67,false,ok
GLV-C06,TRIP-GLV-C06-01,2026-07-31T23:18:00.000Z,35.25870,128.88821,76,1500,161.00,false,ok
GLV-C06,TRIP-GLV-C06-01,2026-07-31T23:20:00.000Z,35.26117,128.88958,76,1500,163.33,false,ok
GLV-C06,TRIP-GLV-C06-01,2026-07-31T23:22:00.000Z,35.26365,128.89095,76,1500,165.67,false,ok
GLV-C06,TRIP-GLV-C06-01,2026-07-31T23:24:00.000Z,35.26612,128.89232,76,1500,168.00,false,ok
GLV-C06,TRIP-GLV-C06-01,2026-07-31T23:26:00.000Z,35.26860,128.89369,75,1500,170.33,false,ok
GLV-C06,TRIP-GLV-C06-01,2026-07-31T23:28:00.000Z,35.27107,128.89506,74,1500,172.67,false,ok
GLV-C06,TRIP-GLV-C06-01,2026-07-31T23:30:00.000Z,35.27355,128.89642,73,1500,175.00,false,ok
GLV-C06,TRIP-GLV-C06-01,2026-07-31T23:32:00.000Z,35.27603,128.89779,72,1500,177.33,false,ok
GLV-C06,TRIP-GLV-C06-01,2026-07-31T23:34:00.000Z,35.27850,128.89916,70,1500,179.67,false,ok
GLV-C06,TRIP-GLV-C06-01,2026-07-31T23:36:00.000Z,35.28098,128.90053,69,1500,182.00,false,ok
GLV-C06,TRIP-GLV-C06-01,2026-07-31T23:38:00.000Z,35.28345,128.90190,67,1500,184.33,false,ok
GLV-C06,TRIP-GLV-C06-01,2026-07-31T23:40:00.000Z,35.28593,128.90327,66,1500,186.67,false,ok
GLV-C06,TRIP-GLV-C06-01,2026-07-31T23:42:00.000Z,35.28840,128.90464,64,1500,189.00,false,ok
GLV-C06,TRIP-GLV-C06-01,2026-07-31T23:44:00.000Z,35.29088,128.90601,63,1500,191.33,false,ok
GLV-C06,TRIP-GLV-C06-01,2026-07-31T23:46:00.000Z,35.29335,128.90738,62,1500,193.67,false,ok
GLV-C06,TRIP-GLV-C06-01,2026-07-31T23:48:00.000Z,35.29583,128.90875,61,1500,196.00,false,ok
GLV-C06,TRIP-GLV-C06-01,2026-07-31T23:50:00.000Z,35.29830,128.91012,60,1500,198.33,false,ok
GLV-C06,TRIP-GLV-C06-01,2026-07-31T23:52:00.000Z,35.30078,128.91149,60,1500,200.67,false,ok
GLV-C06,TRIP-GLV-C06-01,2026-07-31T23:54:00.000Z,35.30325,128.91286,60,1500,203.00,false,ok
GLV-C06,TRIP-GLV-C06-01,2026-07-31T23:56:00.000Z,35.30573,128.91423,60,1500,205.33,false,ok
GLV-C06,TRIP-GLV-C06-01,2026-07-31T23:58:00.000Z,35.30820,128.91560,61,1500,207.67,false,ok
GLV-C06,TRIP-GLV-C06-01,2026-08-01T00:00:00.000Z,35.31068,128.91697,62,1500,210.00,false,ok
GLV-C06,TRIP-GLV-C06-01,2026-08-01T00:02:00.000Z,35.31316,128.91834,63,1500,212.33,false,ok
GLV-C06,TRIP-GLV-C06-01,2026-08-01T00:04:00.000Z,35.31563,128.91971,65,1500,214.67,false,ok
GLV-C06,TRIP-GLV-C06-01,2026-08-01T00:06:00.000Z,35.31811,128.92108,66,1500,217.00,false,ok
GLV-C06,TRIP-GLV-C06-01,2026-08-01T00:08:00.000Z,35.32058,128.92245,68,1500,219.33,false,ok
GLV-C06,TRIP-GLV-C06-01,2026-08-01T00:10:00.000Z,35.32306,128.92382,69,1500,221.67,false,ok
GLV-C06,TRIP-GLV-C06-01,2026-08-01T00:12:00.000Z,35.32553,128.92519,71,1500,224.00,false,ok
GLV-C06,TRIP-GLV-C06-01,2026-08-01T00:14:00.000Z,35.32801,128.92656,72,1500,226.33,false,ok
GLV-C06,TRIP-GLV-C06-01,2026-08-01T00:16:00.000Z,35.33048,128.92793,73,1500,228.67,false,ok
GLV-C06,TRIP-GLV-C06-01,2026-08-01T00:18:00.000Z,35.33296,128.92930,75,1500,231.00,false,ok
GLV-C06,TRIP-GLV-C06-01,2026-08-01T00:20:00.000Z,35.33543,128.93067,75,1500,233.33,false,ok
GLV-C06,TRIP-GLV-C06-01,2026-08-01T00:22:00.000Z,35.33791,128.93204,76,1500,235.67,false,ok
GLV-C06,TRIP-GLV-C06-01,2026-08-01T00:24:00.000Z,35.34038,128.93341,76,1500,238.00,false,ok
GLV-C06,TRIP-GLV-C06-01,2026-08-01T00:26:00.000Z,35.34286,128.93478,76,1500,240.33,false,ok
GLV-C06,TRIP-GLV-C06-01,2026-08-01T00:28:00.000Z,35.34533,128.93615,75,1500,242.67,false,ok
GLV-C06,TRIP-GLV-C06-01,2026-08-01T00:30:00.000Z,35.34781,128.93751,75,1500,245.00,false,ok
GLV-C06,TRIP-GLV-C06-01,2026-08-01T00:32:00.000Z,35.35029,128.93888,74,1500,247.33,false,ok
GLV-C06,TRIP-GLV-C06-01,2026-08-01T00:34:00.000Z,35.35276,128.94025,72,1500,249.67,false,ok
GLV-C06,TRIP-GLV-C06-01,2026-08-01T00:36:00.000Z,35.35524,128.94162,71,1500,252.00,false,ok
GLV-C06,TRIP-GLV-C06-01,2026-08-01T00:38:00.000Z,35.35771,128.94299,70,1500,254.33,false,ok
GLV-C06,TRIP-GLV-C06-01,2026-08-01T00:40:00.000Z,35.36019,128.94436,68,1500,256.67,false,ok
GLV-C06,TRIP-GLV-C06-01,2026-08-01T00:42:00.000Z,35.36266,128.94573,66,1500,259.00,false,ok
GLV-C06,TRIP-GLV-C06-01,2026-08-01T00:44:00.000Z,35.36514,128.94710,65,1500,261.33,false,ok
GLV-C06,TRIP-GLV-C06-01,2026-08-01T00:46:00.000Z,35.36761,128.94847,63,1500,263.67,false,ok
GLV-C06,TRIP-GLV-C06-01,2026-08-01T00:48:00.000Z,35.37009,128.94984,62,1500,266.00,false,ok
GLV-C06,TRIP-GLV-C06-01,2026-08-01T00:50:00.000Z,35.37256,128.95121,61,1500,268.33,false,ok
GLV-C06,TRIP-GLV-C06-01,2026-08-01T00:52:00.000Z,35.37504,128.95258,61,1500,270.67,false,ok
GLV-C06,TRIP-GLV-C06-01,2026-08-01T00:54:00.000Z,35.37751,128.95395,60,1500,273.00,false,ok
GLV-C06,TRIP-GLV-C06-01,2026-08-01T00:56:00.000Z,35.37999,128.95532,60,1500,275.33,false,ok
GLV-C06,TRIP-GLV-C06-01,2026-08-01T00:58:00.000Z,35.38246,128.95669,60,1500,277.67,false,ok
GLV-C06,TRIP-GLV-C06-01,2026-08-01T01:00:00.000Z,35.38494,128.95806,61,1500,280.00,false,ok
GLV-C06,TRIP-GLV-C06-01,2026-08-01T01:02:00.000Z,35.38742,128.95943,62,1500,282.33,false,ok
GLV-C06,TRIP-GLV-C06-01,2026-08-01T01:04:00.000Z,35.38989,128.96080,63,1500,284.67,false,ok
GLV-C06,TRIP-GLV-C06-01,2026-08-01T01:06:00.000Z,35.39237,128.96217,64,1500,287.00,false,ok
GLV-C06,TRIP-GLV-C06-01,2026-08-01T01:08:00.000Z,35.39484,128.96354,65,1500,289.33,false,ok
GLV-C06,TRIP-GLV-C06-01,2026-08-01T01:10:00.000Z,35.39732,128.96491,67,1500,291.67,false,ok
GLV-C06,TRIP-GLV-C06-01,2026-08-01T01:12:00.000Z,35.39979,128.96628,69,1500,294.00,false,ok
GLV-C06,TRIP-GLV-C06-01,2026-08-01T01:14:00.000Z,35.40227,128.96765,70,1500,296.33,false,ok
GLV-C06,TRIP-GLV-C06-01,2026-08-01T01:16:00.000Z,35.40474,128.96902,72,1500,298.67,false,ok
GLV-C06,TRIP-GLV-C06-01,2026-08-01T01:18:00.000Z,35.40722,128.97039,73,1500,301.00,false,ok
GLV-C06,TRIP-GLV-C06-01,2026-08-01T01:20:00.000Z,35.40969,128.97176,74,1500,303.33,false,ok
GLV-C06,TRIP-GLV-C06-01,2026-08-01T01:22:00.000Z,35.41217,128.97313,75,1500,305.67,false,ok
GLV-C06,TRIP-GLV-C06-01,2026-08-01T01:24:00.000Z,35.41464,128.97450,76,1500,308.00,false,ok
GLV-C06,TRIP-GLV-C06-01,2026-08-01T01:26:00.000Z,35.41712,128.97587,76,1500,310.33,false,ok
GLV-C06,TRIP-GLV-C06-01,2026-08-01T01:28:00.000Z,35.41959,128.97724,76,1500,312.67,false,ok
GLV-C06,TRIP-GLV-C06-01,2026-08-01T01:30:00.000Z,35.42207,128.97860,76,1500,315.00,false,ok
GLV-C06,TRIP-GLV-C06-01,2026-08-01T01:32:00.000Z,35.42455,128.97997,75,1500,317.33,false,ok
GLV-C06,TRIP-GLV-C06-01,2026-08-01T01:34:00.000Z,35.42702,128.98134,74,1500,319.67,false,ok
GLV-C06,TRIP-GLV-C06-01,2026-08-01T01:36:00.000Z,35.42950,128.98271,73,1500,322.00,false,ok
GLV-C06,TRIP-GLV-C06-01,2026-08-01T01:38:00.000Z,35.43197,128.98408,72,1500,324.33,false,ok
GLV-C06,TRIP-GLV-C06-01,2026-08-01T01:40:00.000Z,35.43445,128.98545,70,1500,326.67,false,ok
GLV-C06,TRIP-GLV-C06-01,2026-08-01T01:42:00.000Z,35.43692,128.98682,69,1500,329.00,false,ok
GLV-C06,TRIP-GLV-C06-01,2026-08-01T01:44:00.000Z,35.43940,128.98819,67,1500,331.33,false,ok
GLV-C06,TRIP-GLV-C06-01,2026-08-01T01:46:00.000Z,35.44187,128.98956,65,1500,333.67,false,ok
GLV-C06,TRIP-GLV-C06-01,2026-08-01T01:48:00.000Z,35.44435,128.99093,64,1500,336.00,false,ok
GLV-C06,TRIP-GLV-C06-01,2026-08-01T01:50:00.000Z,35.44682,128.99230,63,1500,338.33,false,ok
GLV-C06,TRIP-GLV-C06-01,2026-08-01T01:52:00.000Z,35.44930,128.99367,62,1500,340.67,false,ok
GLV-C06,TRIP-GLV-C06-01,2026-08-01T01:54:00.000Z,35.45177,128.99504,61,1500,343.00,false,ok
GLV-C06,TRIP-GLV-C06-01,2026-08-01T01:56:00.000Z,35.45425,128.99641,60,1500,345.33,false,ok
GLV-C06,TRIP-GLV-C06-01,2026-08-01T01:58:00.000Z,35.45672,128.99778,60,1500,347.67,false,ok
GLV-C06,TRIP-GLV-C06-01,2026-08-01T02:00:00.000Z,35.45920,128.99915,60,1500,350.00,false,ok
GLV-C06,TRIP-GLV-C06-01,2026-08-01T02:02:00.000Z,35.46168,129.00052,60,1500,352.33,false,ok
GLV-C06,TRIP-GLV-C06-01,2026-08-01T02:04:00.000Z,35.46415,129.00189,61,1500,354.67,false,ok
GLV-C06,TRIP-GLV-C06-01,2026-08-01T02:06:00.000Z,35.46663,129.00326,62,1500,357.00,false,ok
GLV-C06,TRIP-GLV-C06-01,2026-08-01T02:08:00.000Z,35.46910,129.00463,63,1500,359.33,false,ok
GLV-C06,TRIP-GLV-C06-01,2026-08-01T02:10:00.000Z,35.47158,129.00600,65,1500,361.67,false,ok
GLV-C06,TRIP-GLV-C06-01,2026-08-01T02:12:00.000Z,35.47405,129.00737,66,1500,364.00,false,ok
GLV-C06,TRIP-GLV-C06-01,2026-08-01T02:14:00.000Z,35.47653,129.00874,68,1500,366.33,false,ok
GLV-C06,TRIP-GLV-C06-01,2026-08-01T02:16:00.000Z,35.47900,129.01011,69,1500,368.67,false,ok
GLV-C06,TRIP-GLV-C06-01,2026-08-01T02:18:00.000Z,35.48148,129.01148,71,1500,371.00,false,ok
GLV-C06,TRIP-GLV-C06-01,2026-08-01T02:20:00.000Z,35.48395,129.01285,72,1500,373.33,false,ok
GLV-C06,TRIP-GLV-C06-01,2026-08-01T02:22:00.000Z,35.48643,129.01422,74,1500,375.67,false,ok
GLV-C06,TRIP-GLV-C06-01,2026-08-01T02:24:00.000Z,35.48890,129.01559,75,1500,378.00,false,ok
GLV-C06,TRIP-GLV-C06-01,2026-08-01T02:26:00.000Z,35.49138,129.01696,75,1500,380.33,false,ok
GLV-C06,TRIP-GLV-C06-01,2026-08-01T02:28:00.000Z,35.49385,129.01833,76,1500,382.67,false,ok
GLV-C06,TRIP-GLV-C06-01,2026-08-01T02:30:00.000Z,35.49633,129.01970,76,1500,385.00,false,ok
GLV-C06,TRIP-GLV-C06-01,2026-08-01T02:32:00.000Z,35.49881,129.02106,76,1500,387.33,false,ok
GLV-C06,TRIP-GLV-C06-01,2026-08-01T02:34:00.000Z,35.50128,129.02243,75,1500,389.67,false,ok
GLV-C06,TRIP-GLV-C06-01,2026-08-01T02:36:00.000Z,35.50376,129.02380,75,1500,392.00,false,ok
GLV-C06,TRIP-GLV-C06-01,2026-08-01T02:38:00.000Z,35.50623,129.02517,73,1500,394.33,false,ok
GLV-C06,TRIP-GLV-C06-01,2026-08-01T02:40:00.000Z,35.50871,129.02654,72,1500,396.67,false,ok
GLV-C06,TRIP-GLV-C06-01,2026-08-01T02:42:00.000Z,35.51118,129.02791,71,1500,399.00,false,ok
GLV-C06,TRIP-GLV-C06-01,2026-08-01T02:44:00.000Z,35.51366,129.02928,69,1500,401.33,false,ok
GLV-C06,TRIP-GLV-C06-01,2026-08-01T02:46:00.000Z,35.51613,129.03065,68,1500,403.67,false,ok
GLV-C06,TRIP-GLV-C06-01,2026-08-01T02:48:00.000Z,35.51861,129.03202,66,1500,406.00,false,ok
GLV-C06,TRIP-GLV-C06-01,2026-08-01T02:50:00.000Z,35.52108,129.03339,65,1500,408.33,false,ok
GLV-C06,TRIP-GLV-C06-01,2026-08-01T02:52:00.000Z,35.52356,129.03476,63,1500,410.67,false,ok
GLV-C06,TRIP-GLV-C06-01,2026-08-01T02:54:00.000Z,35.52603,129.03613,62,1500,413.00,false,ok
GLV-C06,TRIP-GLV-C06-01,2026-08-01T02:56:00.000Z,35.52851,129.03750,61,1500,415.33,false,ok
GLV-C06,TRIP-GLV-C06-01,2026-08-01T02:58:00.000Z,35.53098,129.03887,60,1500,417.67,false,ok
GLV-C06,TRIP-GLV-C06-01,2026-08-01T03:00:00.000Z,35.53346,129.04024,60,1500,420.00,false,ok
GLV-C06,TRIP-GLV-C06-01,2026-08-01T03:02:00.000Z,35.53594,129.04161,60,1500,422.33,false,ok
GLV-C06,TRIP-GLV-C06-01,2026-08-01T03:04:00.000Z,35.53841,129.04298,60,1500,424.67,false,ok
GLV-C06,TRIP-GLV-C06-01,2026-08-01T03:06:00.000Z,35.54089,129.04435,61,1500,427.00,false,ok
GLV-C06,TRIP-GLV-C06-01,2026-08-01T03:08:00.000Z,35.54336,129.04572,62,1500,429.33,false,ok
GLV-C06,TRIP-GLV-C06-01,2026-08-01T03:10:00.000Z,35.54584,129.04709,63,1500,431.67,false,ok
GLV-C06,TRIP-GLV-C06-01,2026-08-01T03:12:00.000Z,35.54831,129.04846,64,1500,434.00,false,ok
GLV-C06,TRIP-GLV-C06-01,2026-08-01T03:14:00.000Z,35.55079,129.04983,66,1500,436.33,false,ok
GLV-C06,TRIP-GLV-C06-01,2026-08-01T03:16:00.000Z,35.55326,129.05120,67,1500,438.67,false,ok
GLV-C06,TRIP-GLV-C06-01,2026-08-01T03:18:00.000Z,35.55574,129.05257,69,1500,441.00,false,ok
GLV-C06,TRIP-GLV-C06-01,2026-08-01T03:20:00.000Z,35.55821,129.05394,70,1500,443.33,false,ok
GLV-C06,TRIP-GLV-C06-01,2026-08-01T03:22:00.000Z,35.56069,129.05531,72,1500,445.67,false,ok
GLV-C06,TRIP-GLV-C06-01,2026-08-01T03:24:00.000Z,35.56316,129.05668,73,1500,448.00,false,ok
GLV-C06,TRIP-GLV-C06-01,2026-08-01T03:26:00.000Z,35.56564,129.05805,74,1500,450.33,false,ok
GLV-C06,TRIP-GLV-C06-01,2026-08-01T03:28:00.000Z,35.56811,129.05942,75,1500,452.67,false,ok
GLV-C06,TRIP-GLV-C06-01,2026-08-01T03:30:00.000Z,35.57059,129.06079,76,1500,455.00,false,ok
GLV-C06,TRIP-GLV-C06-01,2026-08-01T03:32:00.000Z,35.57307,129.06215,76,1500,457.33,false,ok
GLV-C06,TRIP-GLV-C06-01,2026-08-01T03:34:00.000Z,35.57554,129.06352,76,1500,459.67,false,ok
GLV-C06,TRIP-GLV-C06-01,2026-08-01T03:36:00.000Z,35.57802,129.06489,76,1500,462.00,false,ok
GLV-C06,TRIP-GLV-C06-01,2026-08-01T03:38:00.000Z,35.58049,129.06626,75,1500,464.33,false,ok
GLV-C06,TRIP-GLV-C06-01,2026-08-01T03:40:00.000Z,35.58297,129.06763,74,1500,466.67,false,ok
GLV-C06,TRIP-GLV-C06-01,2026-08-01T03:42:00.000Z,35.58544,129.06900,73,1500,469.00,false,ok
GLV-C06,TRIP-GLV-C06-01,2026-08-01T03:44:00.000Z,35.58792,129.07037,71,1500,471.33,false,ok
GLV-C06,TRIP-GLV-C06-01,2026-08-01T03:46:00.000Z,35.59039,129.07174,70,1500,473.67,false,ok
GLV-C06,TRIP-GLV-C06-01,2026-08-01T03:48:00.000Z,35.59287,129.07311,68,1500,476.00,false,ok
GLV-C06,TRIP-GLV-C06-01,2026-08-01T03:50:00.000Z,35.59534,129.07448,67,1500,478.33,false,ok
GLV-C06,TRIP-GLV-C06-01,2026-08-01T03:52:00.000Z,35.59782,129.07585,65,1500,480.67,false,ok
GLV-C06,TRIP-GLV-C06-01,2026-08-01T03:54:00.000Z,35.60029,129.07722,64,1500,483.00,false,ok
GLV-C06,TRIP-GLV-C06-01,2026-08-01T03:56:00.000Z,35.60277,129.07859,62,1500,485.33,false,ok
GLV-C06,TRIP-GLV-C06-01,2026-08-01T03:58:00.000Z,35.60524,129.07996,61,1500,487.67,false,ok
GLV-C06,TRIP-GLV-C06-01,2026-08-01T04:00:00.000Z,35.60772,129.08133,61,1500,490.00,false,ok
GLV-C06,TRIP-GLV-C06-01,2026-08-01T04:02:00.000Z,35.61020,129.08270,60,1500,492.33,false,ok
GLV-C06,TRIP-GLV-C06-01,2026-08-01T04:04:00.000Z,35.61267,129.08407,60,1500,494.67,false,ok
GLV-C06,TRIP-GLV-C06-01,2026-08-01T04:06:00.000Z,35.61515,129.08544,60,1500,497.00,false,ok
GLV-C06,TRIP-GLV-C06-01,2026-08-01T04:08:00.000Z,35.61762,129.08681,61,1500,499.33,false,ok
GLV-C06,TRIP-GLV-C06-01,2026-08-01T04:10:00.000Z,35.62010,129.08818,61,1500,501.67,false,ok
GLV-C06,TRIP-GLV-C06-01,2026-08-01T04:12:00.000Z,35.62257,129.08955,62,1500,504.00,false,ok
GLV-C06,TRIP-GLV-C06-01,2026-08-01T04:14:00.000Z,35.62505,129.09092,64,1500,506.33,false,ok
GLV-C06,TRIP-GLV-C06-01,2026-08-01T04:16:00.000Z,35.62752,129.09229,65,1500,508.67,false,ok
GLV-C06,TRIP-GLV-C06-01,2026-08-01T04:18:00.000Z,35.63000,129.09366,67,1500,511.00,false,ok
GLV-C06,TRIP-GLV-C06-01,2026-08-01T04:20:00.000Z,35.63247,129.09503,68,1500,513.33,false,ok
GLV-C06,TRIP-GLV-C06-01,2026-08-01T04:22:00.000Z,35.63495,129.09640,70,1500,515.67,false,ok
GLV-C06,TRIP-GLV-C06-01,2026-08-01T04:24:00.000Z,35.63742,129.09777,71,1500,518.00,false,ok
GLV-C06,TRIP-GLV-C06-01,2026-08-01T04:26:00.000Z,35.63990,129.09914,73,1500,520.33,false,ok
GLV-C06,TRIP-GLV-C06-01,2026-08-01T04:28:00.000Z,35.64237,129.10051,74,1500,522.67,false,ok
GLV-C06,TRIP-GLV-C06-01,2026-08-01T04:30:00.000Z,35.64485,129.10188,75,1500,525.00,false,ok
GLV-C06,TRIP-GLV-C06-01,2026-08-01T04:32:00.000Z,35.64733,129.10324,76,1500,527.33,false,ok
GLV-C06,TRIP-GLV-C06-01,2026-08-01T04:34:00.000Z,35.64980,129.10461,76,1500,529.67,false,ok
GLV-C06,TRIP-GLV-C06-01,2026-08-01T04:36:00.000Z,35.65228,129.10598,76,1500,532.00,false,ok
GLV-C06,TRIP-GLV-C06-01,2026-08-01T04:38:00.000Z,35.65475,129.10735,76,1500,534.33,false,ok
GLV-C06,TRIP-GLV-C06-01,2026-08-01T04:40:00.000Z,35.65723,129.10872,75,1500,536.67,false,ok
GLV-C06,TRIP-GLV-C06-01,2026-08-01T04:42:00.000Z,35.65970,129.11009,74,1500,539.00,false,ok
GLV-C06,TRIP-GLV-C06-01,2026-08-01T04:44:00.000Z,35.66218,129.11146,73,1500,541.33,false,ok
GLV-C06,TRIP-GLV-C06-01,2026-08-01T04:46:00.000Z,35.66465,129.11283,72,1500,543.67,false,ok
GLV-C06,TRIP-GLV-C06-01,2026-08-01T04:48:00.000Z,35.66713,129.11420,71,1500,546.00,false,ok
GLV-C06,TRIP-GLV-C06-01,2026-08-01T04:50:00.000Z,35.66960,129.11557,69,1500,548.33,false,ok
GLV-C06,TRIP-GLV-C06-01,2026-08-01T04:52:00.000Z,35.67208,129.11694,67,1500,550.67,false,ok
GLV-C06,TRIP-GLV-C06-01,2026-08-01T04:54:00.000Z,35.67455,129.11831,66,1500,553.00,false,ok
GLV-C06,TRIP-GLV-C06-01,2026-08-01T04:56:00.000Z,35.67703,129.11968,64,1500,555.33,false,ok
GLV-C06,TRIP-GLV-C06-01,2026-08-01T04:58:00.000Z,35.67950,129.12105,63,1500,557.67,false,ok
GLV-C06,TRIP-GLV-C06-01,2026-08-01T05:00:00.000Z,35.68198,129.12242,62,1500,560.00,false,ok
GLV-C06,TRIP-GLV-C06-01,2026-08-01T05:02:00.000Z,35.68446,129.12379,61,1500,562.33,false,ok
GLV-C06,TRIP-GLV-C06-01,2026-08-01T05:04:00.000Z,35.68693,129.12516,60,1500,564.67,false,ok
GLV-C06,TRIP-GLV-C06-01,2026-08-01T05:06:00.000Z,35.68941,129.12653,60,1500,567.00,false,ok
GLV-C06,TRIP-GLV-C06-01,2026-08-01T05:08:00.000Z,35.69188,129.12790,60,1500,569.33,false,ok
GLV-C06,TRIP-GLV-C06-01,2026-08-01T05:10:00.000Z,35.69436,129.12927,60,1500,571.67,false,ok
GLV-C06,TRIP-GLV-C06-01,2026-08-01T05:12:00.000Z,35.69683,129.13064,61,1500,574.00,false,ok
GLV-C06,TRIP-GLV-C06-01,2026-08-01T05:14:00.000Z,35.69931,129.13201,62,1500,576.33,false,ok
GLV-C06,TRIP-GLV-C06-01,2026-08-01T05:16:00.000Z,35.70178,129.13338,63,1500,578.67,false,ok
GLV-C06,TRIP-GLV-C06-01,2026-08-01T05:18:00.000Z,35.70426,129.13475,64,1500,581.00,false,ok
GLV-C06,TRIP-GLV-C06-01,2026-08-01T05:20:00.000Z,35.70673,129.13612,66,1500,583.33,false,ok
GLV-C06,TRIP-GLV-C06-01,2026-08-01T05:22:00.000Z,35.70921,129.13749,67,1500,585.67,false,ok
GLV-C06,TRIP-GLV-C06-01,2026-08-01T05:24:00.000Z,35.71168,129.13886,69,1500,588.00,false,ok
GLV-C06,TRIP-GLV-C06-01,2026-08-01T05:26:00.000Z,35.71416,129.14023,71,1500,590.33,false,ok
GLV-C06,TRIP-GLV-C06-01,2026-08-01T05:28:00.000Z,35.71663,129.14160,72,1500,592.67,false,ok
GLV-C06,TRIP-GLV-C06-01,2026-08-01T05:30:00.000Z,35.71911,129.14297,73,1500,595.00,false,ok
GLV-C06,TRIP-GLV-C06-01,2026-08-01T05:32:00.000Z,35.72159,129.14433,74,1500,597.33,false,ok
GLV-C06,TRIP-GLV-C06-01,2026-08-01T05:34:00.000Z,35.72406,129.14570,75,1500,599.67,false,ok
GLV-C06,TRIP-GLV-C06-01,2026-08-01T05:36:00.000Z,35.72654,129.14707,76,1500,602.00,false,ok
GLV-C06,TRIP-GLV-C06-01,2026-08-01T05:38:00.000Z,35.72901,129.14844,76,1500,604.33,false,ok
GLV-C06,TRIP-GLV-C06-01,2026-08-01T05:40:00.000Z,35.73149,129.14981,76,1500,606.67,false,ok
GLV-C06,TRIP-GLV-C06-01,2026-08-01T05:42:00.000Z,35.73396,129.15118,75,1500,609.00,false,ok
GLV-C06,TRIP-GLV-C06-01,2026-08-01T05:44:00.000Z,35.73644,129.15255,75,1500,611.33,false,ok
GLV-C06,TRIP-GLV-C06-01,2026-08-01T05:46:00.000Z,35.73891,129.15392,74,1500,613.67,false,ok
GLV-C06,TRIP-GLV-C06-01,2026-08-01T05:48:00.000Z,35.74139,129.15529,73,1500,616.00,false,ok
GLV-C06,TRIP-GLV-C06-01,2026-08-01T05:50:00.000Z,35.74386,129.15666,71,1500,618.33,false,ok
GLV-C06,TRIP-GLV-C06-01,2026-08-01T05:52:00.000Z,35.74634,129.15803,70,1500,620.67,false,ok
GLV-C06,TRIP-GLV-C06-01,2026-08-01T05:54:00.000Z,35.74881,129.15940,68,1500,623.00,false,ok
GLV-C06,TRIP-GLV-C06-01,2026-08-01T05:56:00.000Z,35.75129,129.16077,66,1500,625.33,false,ok
GLV-C06,TRIP-GLV-C06-01,2026-08-01T05:58:00.000Z,35.75376,129.16214,65,1500,627.67,false,ok
GLV-C06,TRIP-GLV-C06-01,2026-08-01T06:00:00.000Z,35.75624,129.16351,64,1500,630.00,false,ok
GLV-C06,TRIP-GLV-C06-01,2026-08-01T06:02:00.000Z,35.75872,129.16488,62,1500,632.33,false,ok
GLV-C06,TRIP-GLV-C06-01,2026-08-01T06:04:00.000Z,35.76119,129.16625,61,1500,634.67,false,ok
GLV-C06,TRIP-GLV-C06-01,2026-08-01T06:06:00.000Z,35.76367,129.16762,61,1500,637.00,false,ok
GLV-C06,TRIP-GLV-C06-01,2026-08-01T06:08:00.000Z,35.76614,129.16899,60,1500,639.33,false,ok
GLV-C06,TRIP-GLV-C06-01,2026-08-01T06:10:00.000Z,35.76862,129.17036,60,1500,641.67,false,ok
GLV-C06,TRIP-GLV-C06-01,2026-08-01T06:12:00.000Z,35.77109,129.17173,60,1500,644.00,false,ok
GLV-C06,TRIP-GLV-C06-01,2026-08-01T06:14:00.000Z,35.77357,129.17310,61,1500,646.33,false,ok
GLV-C06,TRIP-GLV-C06-01,2026-08-01T06:16:00.000Z,35.77604,129.17447,61,1500,648.67,false,ok
GLV-C06,TRIP-GLV-C06-01,2026-08-01T06:18:00.000Z,35.77852,129.17584,63,1500,651.00,false,ok
GLV-C06,TRIP-GLV-C06-01,2026-08-01T06:20:00.000Z,35.78099,129.17721,64,1500,653.33,false,ok
GLV-C06,TRIP-GLV-C06-01,2026-08-01T06:22:00.000Z,35.78347,129.17858,65,1500,655.67,false,ok
GLV-C06,TRIP-GLV-C06-01,2026-08-01T06:24:00.000Z,35.78594,129.17995,67,1500,658.00,false,ok
GLV-C06,TRIP-GLV-C06-01,2026-08-01T06:26:00.000Z,35.78842,129.18132,68,1500,660.33,false,ok
GLV-C06,TRIP-GLV-C06-01,2026-08-01T06:28:00.000Z,35.79089,129.18269,70,1500,662.67,false,ok
GLV-C06,TRIP-GLV-C06-01,2026-08-01T06:30:00.000Z,35.79337,129.18406,71,1500,665.00,false,ok
GLV-C06,TRIP-GLV-C06-01,2026-08-01T06:32:00.000Z,35.79585,129.18542,73,1500,667.33,false,ok
GLV-C06,TRIP-GLV-C06-01,2026-08-01T06:34:00.000Z,35.79832,129.18679,74,1500,669.67,false,ok
GLV-C06,TRIP-GLV-C06-01,2026-08-01T06:36:00.000Z,35.80080,129.18816,75,1500,672.00,false,ok
GLV-C06,TRIP-GLV-C06-01,2026-08-01T06:38:00.000Z,35.80327,129.18953,76,1500,674.33,false,ok
GLV-C06,TRIP-GLV-C06-01,2026-08-01T06:40:00.000Z,35.80575,129.19090,76,1500,676.67,false,ok
GLV-C06,TRIP-GLV-C06-01,2026-08-01T06:42:00.000Z,35.80822,129.19227,76,1500,679.00,false,ok
GLV-C06,TRIP-GLV-C06-01,2026-08-01T06:44:00.000Z,35.81070,129.19364,76,1500,681.33,false,ok
GLV-C06,TRIP-GLV-C06-01,2026-08-01T06:46:00.000Z,35.81317,129.19501,75,1500,683.67,false,ok
GLV-C06,TRIP-GLV-C06-01,2026-08-01T06:48:00.000Z,35.81565,129.19638,74,1500,686.00,false,ok
GLV-C06,TRIP-GLV-C06-01,2026-08-01T06:50:00.000Z,35.81812,129.19775,73,1500,688.33,false,ok
GLV-C06,TRIP-GLV-C06-01,2026-08-01T06:52:00.000Z,35.82060,129.19912,72,1500,690.67,false,ok
GLV-C06,TRIP-GLV-C06-01,2026-08-01T06:54:00.000Z,35.82307,129.20049,70,1500,693.00,false,ok
GLV-C06,TRIP-GLV-C06-01,2026-08-01T06:56:00.000Z,35.82555,129.20186,69,1500,695.33,false,ok
GLV-C06,TRIP-GLV-C06-01,2026-08-01T06:58:00.000Z,35.82802,129.20323,67,1500,697.67,false,ok
GLV-C06,TRIP-GLV-C06-01,2026-08-01T07:00:00.000Z,35.83050,129.20460,66,1500,700.00,false,ok
GLV-C07,TRIP-GLV-C07-01,2026-07-31T21:00:00.000Z,35.08790,128.79370,68,1500,0.00,false,ok
GLV-C07,TRIP-GLV-C07-01,2026-07-31T21:02:00.000Z,35.09151,128.79570,70,1500,2.34,false,ok
GLV-C07,TRIP-GLV-C07-01,2026-07-31T21:04:00.000Z,35.09513,128.79770,71,1500,4.67,false,ok
GLV-C07,TRIP-GLV-C07-01,2026-07-31T21:06:00.000Z,35.09874,128.79970,73,1500,7.01,false,ok
GLV-C07,TRIP-GLV-C07-01,2026-07-31T21:08:00.000Z,35.10235,128.80170,74,1500,9.34,false,ok
GLV-C07,TRIP-GLV-C07-01,2026-07-31T21:10:00.000Z,35.10597,128.80370,75,1500,11.68,false,ok
GLV-C07,TRIP-GLV-C07-01,2026-07-31T21:12:00.000Z,35.10958,128.80570,75,1500,14.01,false,ok
GLV-C07,TRIP-GLV-C07-01,2026-07-31T21:14:00.000Z,35.11320,128.80770,76,1500,16.35,false,ok
GLV-C07,TRIP-GLV-C07-01,2026-07-31T21:16:00.000Z,35.11681,128.80970,76,1500,18.69,false,ok
GLV-C07,TRIP-GLV-C07-01,2026-07-31T21:18:00.000Z,35.12042,128.81170,76,1500,21.02,false,ok
GLV-C07,TRIP-GLV-C07-01,2026-07-31T21:20:00.000Z,35.12404,128.81370,75,1500,23.36,false,ok
GLV-C07,TRIP-GLV-C07-01,2026-07-31T21:22:00.000Z,35.12765,128.81569,74,1500,25.69,false,ok
GLV-C07,TRIP-GLV-C07-01,2026-07-31T21:24:00.000Z,35.13126,128.81769,73,1500,28.03,false,ok
GLV-C07,TRIP-GLV-C07-01,2026-07-31T21:26:00.000Z,35.13488,128.81969,72,1500,30.36,false,ok
GLV-C07,TRIP-GLV-C07-01,2026-07-31T21:28:00.000Z,35.13849,128.82169,71,1500,32.70,false,ok
GLV-C07,TRIP-GLV-C07-01,2026-07-31T21:30:00.000Z,35.14210,128.82369,69,1500,35.04,false,ok
GLV-C07,TRIP-GLV-C07-01,2026-07-31T21:32:00.000Z,35.14572,128.82569,68,1500,37.37,false,ok
GLV-C07,TRIP-GLV-C07-01,2026-07-31T21:34:00.000Z,35.14933,128.82769,66,1500,39.71,false,ok
GLV-C07,TRIP-GLV-C07-01,2026-07-31T21:36:00.000Z,35.15295,128.82969,64,1500,42.04,false,ok
GLV-C07,TRIP-GLV-C07-01,2026-07-31T21:38:00.000Z,35.15656,128.83169,63,1500,44.38,false,ok
GLV-C07,TRIP-GLV-C07-01,2026-07-31T21:40:00.000Z,35.16017,128.83369,62,1500,46.72,false,ok
GLV-C07,TRIP-GLV-C07-01,2026-07-31T21:42:00.000Z,35.16379,128.83569,61,1500,49.05,false,ok
GLV-C07,TRIP-GLV-C07-01,2026-07-31T21:44:00.000Z,35.16740,128.83769,60,1500,51.39,false,ok
GLV-C07,TRIP-GLV-C07-01,2026-07-31T21:46:00.000Z,35.17101,128.83969,60,1500,53.72,false,ok
GLV-C07,TRIP-GLV-C07-01,2026-07-31T21:48:00.000Z,35.17463,128.84169,60,1500,56.06,false,ok
GLV-C07,TRIP-GLV-C07-01,2026-07-31T21:50:00.000Z,35.17824,128.84369,60,1500,58.39,false,ok
GLV-C07,TRIP-GLV-C07-01,2026-07-31T21:52:00.000Z,35.18185,128.84569,61,1500,60.73,false,ok
GLV-C07,TRIP-GLV-C07-01,2026-07-31T21:54:00.000Z,35.18547,128.84769,62,1500,63.07,false,ok
GLV-C07,TRIP-GLV-C07-01,2026-07-31T21:56:00.000Z,35.18908,128.84969,63,1500,65.40,false,ok
GLV-C07,TRIP-GLV-C07-01,2026-07-31T21:58:00.000Z,35.19270,128.85169,64,1500,67.74,false,ok
GLV-C07,TRIP-GLV-C07-01,2026-07-31T22:00:00.000Z,35.19631,128.85369,66,1500,70.07,false,ok
GLV-C07,TRIP-GLV-C07-01,2026-07-31T22:02:00.000Z,35.19992,128.85568,67,1500,72.41,false,ok
GLV-C07,TRIP-GLV-C07-01,2026-07-31T22:04:00.000Z,35.20354,128.85768,69,1500,74.74,false,ok
GLV-C07,TRIP-GLV-C07-01,2026-07-31T22:06:00.000Z,35.20715,128.85968,70,1500,77.08,false,ok
GLV-C07,TRIP-GLV-C07-01,2026-07-31T22:08:00.000Z,35.21076,128.86168,72,1500,79.42,false,ok
GLV-C07,TRIP-GLV-C07-01,2026-07-31T22:10:00.000Z,35.21438,128.86368,73,1500,81.75,false,ok
GLV-C07,TRIP-GLV-C07-01,2026-07-31T22:12:00.000Z,35.21799,128.86568,74,1500,84.09,false,ok
GLV-C07,TRIP-GLV-C07-01,2026-07-31T22:14:00.000Z,35.22160,128.86768,75,1500,86.42,false,ok
GLV-C07,TRIP-GLV-C07-01,2026-07-31T22:16:00.000Z,35.22522,128.86968,76,1500,88.76,false,ok
GLV-C07,TRIP-GLV-C07-01,2026-07-31T22:18:00.000Z,35.22883,128.87168,76,1500,91.09,false,ok
GLV-C07,TRIP-GLV-C07-01,2026-07-31T22:20:00.000Z,35.23245,128.87368,76,1500,93.43,false,ok
GLV-C07,TRIP-GLV-C07-01,2026-07-31T22:22:00.000Z,35.23606,128.87568,76,1500,95.77,false,ok
GLV-C07,TRIP-GLV-C07-01,2026-07-31T22:24:00.000Z,35.23967,128.87768,75,1500,98.10,false,ok
GLV-C07,TRIP-GLV-C07-01,2026-07-31T22:26:00.000Z,35.24329,128.87968,74,1500,100.44,false,ok
GLV-C07,TRIP-GLV-C07-01,2026-07-31T22:28:00.000Z,35.24690,128.88168,73,1500,102.77,false,ok
GLV-C07,TRIP-GLV-C07-01,2026-07-31T22:30:00.000Z,35.25051,128.88368,71,1500,105.11,false,ok
GLV-C07,TRIP-GLV-C07-01,2026-07-31T22:32:00.000Z,35.25413,128.88568,70,1500,107.45,false,ok
GLV-C07,TRIP-GLV-C07-01,2026-07-31T22:34:00.000Z,35.25774,128.88768,68,1500,109.78,false,ok
GLV-C07,TRIP-GLV-C07-01,2026-07-31T22:36:00.000Z,35.26135,128.88968,67,1500,112.12,false,ok
GLV-C07,TRIP-GLV-C07-01,2026-07-31T22:38:00.000Z,35.26497,128.89168,65,1500,114.45,false,ok
GLV-C07,TRIP-GLV-C07-01,2026-07-31T22:40:00.000Z,35.26858,128.89368,64,1500,116.79,false,ok
GLV-C07,TRIP-GLV-C07-01,2026-07-31T22:42:00.000Z,35.27219,128.89568,62,1500,119.12,false,ok
GLV-C07,TRIP-GLV-C07-01,2026-07-31T22:44:00.000Z,35.27581,128.89767,61,1500,121.46,false,ok
GLV-C07,TRIP-GLV-C07-01,2026-07-31T22:46:00.000Z,35.27942,128.89967,61,1500,123.80,false,ok
GLV-C07,TRIP-GLV-C07-01,2026-07-31T22:48:00.000Z,35.28304,128.90167,60,1500,126.13,false,ok
GLV-C07,TRIP-GLV-C07-01,2026-07-31T22:50:00.000Z,35.28665,128.90367,60,1500,128.47,false,ok
GLV-C07,TRIP-GLV-C07-01,2026-07-31T22:52:00.000Z,35.29026,128.90567,60,1500,130.80,false,ok
GLV-C07,TRIP-GLV-C07-01,2026-07-31T22:54:00.000Z,35.29388,128.90767,61,1500,133.14,false,ok
GLV-C07,TRIP-GLV-C07-01,2026-07-31T22:56:00.000Z,35.29749,128.90967,61,1500,135.47,false,ok
GLV-C07,TRIP-GLV-C07-01,2026-07-31T22:58:00.000Z,35.30110,128.91167,62,1500,137.81,false,ok
GLV-C07,TRIP-GLV-C07-01,2026-07-31T23:00:00.000Z,35.30472,128.91367,64,1500,140.15,false,ok
GLV-C07,TRIP-GLV-C07-01,2026-07-31T23:02:00.000Z,35.30833,128.91567,65,1500,142.48,false,ok
GLV-C07,TRIP-GLV-C07-01,2026-07-31T23:04:00.000Z,35.31194,128.91767,67,1500,144.82,false,ok
GLV-C07,TRIP-GLV-C07-01,2026-07-31T23:06:00.000Z,35.31556,128.91967,68,1500,147.15,false,ok
GLV-C07,TRIP-GLV-C07-01,2026-07-31T23:08:00.000Z,35.31917,128.92167,70,1500,149.49,false,ok
GLV-C07,TRIP-GLV-C07-01,2026-07-31T23:10:00.000Z,35.32279,128.92367,71,1500,151.82,false,ok
GLV-C07,TRIP-GLV-C07-01,2026-07-31T23:12:00.000Z,35.32640,128.92567,73,1500,154.16,false,ok
GLV-C07,TRIP-GLV-C07-01,2026-07-31T23:14:00.000Z,35.33001,128.92767,74,1500,156.50,false,ok
GLV-C07,TRIP-GLV-C07-01,2026-07-31T23:16:00.000Z,35.33363,128.92967,75,1500,158.83,false,ok
GLV-C07,TRIP-GLV-C07-01,2026-07-31T23:18:00.000Z,35.33724,128.93167,76,1500,161.17,false,ok
GLV-C07,TRIP-GLV-C07-01,2026-07-31T23:20:00.000Z,35.34085,128.93367,76,1500,163.50,false,ok
GLV-C07,TRIP-GLV-C07-01,2026-07-31T23:22:00.000Z,35.34447,128.93567,76,1500,165.84,false,ok
GLV-C07,TRIP-GLV-C07-01,2026-07-31T23:24:00.000Z,35.34808,128.93766,76,1500,168.18,false,ok
GLV-C07,TRIP-GLV-C07-01,2026-07-31T23:26:00.000Z,35.35169,128.93966,75,1500,170.51,false,ok
GLV-C07,TRIP-GLV-C07-01,2026-07-31T23:28:00.000Z,35.35531,128.94166,74,1500,172.85,false,ok
GLV-C07,TRIP-GLV-C07-01,2026-07-31T23:30:00.000Z,35.35892,128.94366,73,1500,175.18,false,ok
GLV-C07,TRIP-GLV-C07-01,2026-07-31T23:32:00.000Z,35.36254,128.94566,72,1500,177.52,false,ok
GLV-C07,TRIP-GLV-C07-01,2026-07-31T23:34:00.000Z,35.36615,128.94766,70,1500,179.85,false,ok
GLV-C07,TRIP-GLV-C07-01,2026-07-31T23:36:00.000Z,35.36976,128.94966,69,1500,182.19,false,ok
GLV-C07,TRIP-GLV-C07-01,2026-07-31T23:38:00.000Z,35.37338,128.95166,67,1500,184.53,false,ok
GLV-C07,TRIP-GLV-C07-01,2026-07-31T23:40:00.000Z,35.37699,128.95366,66,1500,186.86,false,ok
GLV-C07,TRIP-GLV-C07-01,2026-07-31T23:42:00.000Z,35.38060,128.95566,64,1500,189.20,false,ok
GLV-C07,TRIP-GLV-C07-01,2026-07-31T23:44:00.000Z,35.38422,128.95766,63,1500,191.53,false,ok
GLV-C07,TRIP-GLV-C07-01,2026-07-31T23:46:00.000Z,35.38783,128.95966,62,1500,193.87,false,ok
GLV-C07,TRIP-GLV-C07-01,2026-07-31T23:48:00.000Z,35.39144,128.96166,61,1500,196.20,false,ok
GLV-C07,TRIP-GLV-C07-01,2026-07-31T23:50:00.000Z,35.39506,128.96366,60,1500,198.54,false,ok
GLV-C07,TRIP-GLV-C07-01,2026-07-31T23:52:00.000Z,35.39867,128.96566,60,1500,200.88,false,ok
GLV-C07,TRIP-GLV-C07-01,2026-07-31T23:54:00.000Z,35.40229,128.96766,60,1500,203.21,false,ok
GLV-C07,TRIP-GLV-C07-01,2026-07-31T23:56:00.000Z,35.40590,128.96966,60,1500,205.55,false,ok
GLV-C07,TRIP-GLV-C07-01,2026-07-31T23:58:00.000Z,35.40951,128.97166,61,1500,207.88,false,ok
GLV-C07,TRIP-GLV-C07-01,2026-08-01T00:00:00.000Z,35.41313,128.97366,62,1500,210.22,false,ok
GLV-C07,TRIP-GLV-C07-01,2026-08-01T00:02:00.000Z,35.41674,128.97566,63,1500,212.55,false,ok
GLV-C07,TRIP-GLV-C07-01,2026-08-01T00:04:00.000Z,35.42035,128.97766,65,1500,214.89,false,ok
GLV-C07,TRIP-GLV-C07-01,2026-08-01T00:06:00.000Z,35.42397,128.97965,66,1500,217.23,false,ok
GLV-C07,TRIP-GLV-C07-01,2026-08-01T00:08:00.000Z,35.42758,128.98165,68,1500,219.56,false,ok
GLV-C07,TRIP-GLV-C07-01,2026-08-01T00:10:00.000Z,35.43119,128.98365,69,1500,221.90,false,ok
GLV-C07,TRIP-GLV-C07-01,2026-08-01T00:12:00.000Z,35.43481,128.98565,71,1500,224.23,false,ok
GLV-C07,TRIP-GLV-C07-01,2026-08-01T00:14:00.000Z,35.43842,128.98765,72,1500,226.57,false,ok
GLV-C07,TRIP-GLV-C07-01,2026-08-01T00:16:00.000Z,35.44204,128.98965,73,1500,228.91,false,ok
GLV-C07,TRIP-GLV-C07-01,2026-08-01T00:18:00.000Z,35.44565,128.99165,75,1500,231.24,false,ok
GLV-C07,TRIP-GLV-C07-01,2026-08-01T00:20:00.000Z,35.44926,128.99365,75,1500,233.58,false,ok
GLV-C07,TRIP-GLV-C07-01,2026-08-01T00:22:00.000Z,35.45288,128.99565,76,1500,235.91,false,ok
GLV-C07,TRIP-GLV-C07-01,2026-08-01T00:24:00.000Z,35.45649,128.99765,76,1500,238.25,false,ok
GLV-C07,TRIP-GLV-C07-01,2026-08-01T00:26:00.000Z,35.46010,128.99965,76,1500,240.58,false,ok
GLV-C07,TRIP-GLV-C07-01,2026-08-01T00:28:00.000Z,35.46372,129.00165,75,1500,242.92,false,ok
GLV-C07,TRIP-GLV-C07-01,2026-08-01T00:30:00.000Z,35.46733,129.00365,75,1500,245.26,false,ok
GLV-C07,TRIP-GLV-C07-01,2026-08-01T00:32:00.000Z,35.47094,129.00565,74,1500,247.59,false,ok
GLV-C07,TRIP-GLV-C07-01,2026-08-01T00:34:00.000Z,35.47456,129.00765,72,1500,249.93,false,ok
GLV-C07,TRIP-GLV-C07-01,2026-08-01T00:36:00.000Z,35.47817,129.00965,71,1500,252.26,false,ok
GLV-C07,TRIP-GLV-C07-01,2026-08-01T00:38:00.000Z,35.48179,129.01165,70,1500,254.60,false,ok
GLV-C07,TRIP-GLV-C07-01,2026-08-01T00:40:00.000Z,35.48540,129.01365,68,1500,256.93,false,ok
GLV-C07,TRIP-GLV-C07-01,2026-08-01T00:42:00.000Z,35.48901,129.01565,66,1500,259.27,false,ok
GLV-C07,TRIP-GLV-C07-01,2026-08-01T00:44:00.000Z,35.49263,129.01765,65,1500,261.61,false,ok
GLV-C07,TRIP-GLV-C07-01,2026-08-01T00:46:00.000Z,35.49624,129.01965,63,1500,263.94,false,ok
GLV-C07,TRIP-GLV-C07-01,2026-08-01T00:48:00.000Z,35.49985,129.02164,62,1500,266.28,false,ok
GLV-C07,TRIP-GLV-C07-01,2026-08-01T00:50:00.000Z,35.50347,129.02364,61,1500,268.61,false,ok
GLV-C07,TRIP-GLV-C07-01,2026-08-01T00:52:00.000Z,35.50708,129.02564,61,1500,270.95,false,ok
GLV-C07,TRIP-GLV-C07-01,2026-08-01T00:54:00.000Z,35.51069,129.02764,60,1500,273.28,false,ok
GLV-C07,TRIP-GLV-C07-01,2026-08-01T00:56:00.000Z,35.51431,129.02964,60,1500,275.62,false,ok
GLV-C07,TRIP-GLV-C07-01,2026-08-01T00:58:00.000Z,35.51792,129.03164,60,1500,277.96,false,ok
GLV-C07,TRIP-GLV-C07-01,2026-08-01T01:00:00.000Z,35.52154,129.03364,61,1500,280.29,false,ok
GLV-C07,TRIP-GLV-C07-01,2026-08-01T01:02:00.000Z,35.52515,129.03564,62,1500,282.63,false,ok
GLV-C07,TRIP-GLV-C07-01,2026-08-01T01:04:00.000Z,35.52876,129.03764,63,1500,284.96,false,ok
GLV-C07,TRIP-GLV-C07-01,2026-08-01T01:06:00.000Z,35.53238,129.03964,64,1500,287.30,false,ok
GLV-C07,TRIP-GLV-C07-01,2026-08-01T01:08:00.000Z,35.53599,129.04164,65,1500,289.64,false,ok
GLV-C07,TRIP-GLV-C07-01,2026-08-01T01:10:00.000Z,35.53960,129.04364,67,1500,291.97,false,ok
GLV-C07,TRIP-GLV-C07-01,2026-08-01T01:12:00.000Z,35.54322,129.04564,69,1500,294.31,false,ok
GLV-C07,TRIP-GLV-C07-01,2026-08-01T01:14:00.000Z,35.54683,129.04764,70,1500,296.64,false,ok
GLV-C07,TRIP-GLV-C07-01,2026-08-01T01:16:00.000Z,35.55044,129.04964,72,1500,298.98,false,ok
GLV-C07,TRIP-GLV-C07-01,2026-08-01T01:18:00.000Z,35.55406,129.05164,73,1500,301.31,false,ok
GLV-C07,TRIP-GLV-C07-01,2026-08-01T01:20:00.000Z,35.55767,129.05364,74,1500,303.65,false,ok
GLV-C07,TRIP-GLV-C07-01,2026-08-01T01:22:00.000Z,35.56128,129.05564,75,1500,305.99,false,ok
GLV-C07,TRIP-GLV-C07-01,2026-08-01T01:24:00.000Z,35.56490,129.05764,76,1500,308.32,false,ok
GLV-C07,TRIP-GLV-C07-01,2026-08-01T01:26:00.000Z,35.56851,129.05964,76,1500,310.66,false,ok
GLV-C07,TRIP-GLV-C07-01,2026-08-01T01:28:00.000Z,35.57213,129.06163,76,1500,312.99,false,ok
GLV-C07,TRIP-GLV-C07-01,2026-08-01T01:30:00.000Z,35.57574,129.06363,76,1500,315.33,false,ok
GLV-C07,TRIP-GLV-C07-01,2026-08-01T01:32:00.000Z,35.57935,129.06563,75,1500,317.66,false,ok
GLV-C07,TRIP-GLV-C07-01,2026-08-01T01:34:00.000Z,35.58297,129.06763,74,1500,320.00,false,ok
GLV-C07,TRIP-GLV-C07-01,2026-08-01T01:36:00.000Z,35.58658,129.06963,73,1500,322.34,false,ok
GLV-C07,TRIP-GLV-C07-01,2026-08-01T01:38:00.000Z,35.59019,129.07163,72,1500,324.67,false,ok
GLV-C07,TRIP-GLV-C07-01,2026-08-01T01:40:00.000Z,35.59381,129.07363,70,1500,327.01,false,ok
GLV-C07,TRIP-GLV-C07-01,2026-08-01T01:42:00.000Z,35.59742,129.07563,69,1500,329.34,false,ok
GLV-C07,TRIP-GLV-C07-01,2026-08-01T01:44:00.000Z,35.60103,129.07763,67,1500,331.68,false,ok
GLV-C07,TRIP-GLV-C07-01,2026-08-01T01:46:00.000Z,35.60465,129.07963,65,1500,334.01,false,ok
GLV-C07,TRIP-GLV-C07-01,2026-08-01T01:48:00.000Z,35.60826,129.08163,64,1500,336.35,false,ok
GLV-C07,TRIP-GLV-C07-01,2026-08-01T01:50:00.000Z,35.61188,129.08363,63,1500,338.69,false,ok
GLV-C07,TRIP-GLV-C07-01,2026-08-01T01:52:00.000Z,35.61549,129.08563,62,1500,341.02,false,ok
GLV-C07,TRIP-GLV-C07-01,2026-08-01T01:54:00.000Z,35.61910,129.08763,61,1500,343.36,false,ok
GLV-C07,TRIP-GLV-C07-01,2026-08-01T01:56:00.000Z,35.62272,129.08963,60,1500,345.69,false,ok
GLV-C07,TRIP-GLV-C07-01,2026-08-01T01:58:00.000Z,35.62633,129.09163,60,1500,348.03,false,ok
GLV-C07,TRIP-GLV-C07-01,2026-08-01T02:00:00.000Z,35.62994,129.09363,60,1500,350.36,false,ok
GLV-C07,TRIP-GLV-C07-01,2026-08-01T02:02:00.000Z,35.63356,129.09563,60,1500,352.70,false,ok
GLV-C07,TRIP-GLV-C07-01,2026-08-01T02:04:00.000Z,35.63717,129.09763,61,1500,355.04,false,ok
GLV-C07,TRIP-GLV-C07-01,2026-08-01T02:06:00.000Z,35.64078,129.09963,62,1500,357.37,false,ok
GLV-C07,TRIP-GLV-C07-01,2026-08-01T02:08:00.000Z,35.64440,129.10163,63,1500,359.71,false,ok
GLV-C07,TRIP-GLV-C07-01,2026-08-01T02:10:00.000Z,35.64801,129.10362,65,1500,362.04,false,ok
GLV-C07,TRIP-GLV-C07-01,2026-08-01T02:12:00.000Z,35.65163,129.10562,66,1500,364.38,false,ok
GLV-C07,TRIP-GLV-C07-01,2026-08-01T02:14:00.000Z,35.65524,129.10762,68,1500,366.72,false,ok
GLV-C07,TRIP-GLV-C07-01,2026-08-01T02:16:00.000Z,35.65885,129.10962,69,1500,369.05,false,ok
GLV-C07,TRIP-GLV-C07-01,2026-08-01T02:18:00.000Z,35.66247,129.11162,71,1500,371.39,false,ok
GLV-C07,TRIP-GLV-C07-01,2026-08-01T02:20:00.000Z,35.66608,129.11362,72,1500,373.72,false,ok
GLV-C07,TRIP-GLV-C07-01,2026-08-01T02:22:00.000Z,35.66969,129.11562,74,1500,376.06,false,ok
GLV-C07,TRIP-GLV-C07-01,2026-08-01T02:24:00.000Z,35.67331,129.11762,75,1500,378.39,false,ok
GLV-C07,TRIP-GLV-C07-01,2026-08-01T02:26:00.000Z,35.67692,129.11962,75,1500,380.73,false,ok
GLV-C07,TRIP-GLV-C07-01,2026-08-01T02:28:00.000Z,35.68053,129.12162,76,1500,383.07,false,ok
GLV-C07,TRIP-GLV-C07-01,2026-08-01T02:30:00.000Z,35.68415,129.12362,76,1500,385.40,false,ok
GLV-C07,TRIP-GLV-C07-01,2026-08-01T02:32:00.000Z,35.68776,129.12562,76,1500,387.74,false,ok
GLV-C07,TRIP-GLV-C07-01,2026-08-01T02:34:00.000Z,35.69138,129.12762,75,1500,390.07,false,ok
GLV-C07,TRIP-GLV-C07-01,2026-08-01T02:36:00.000Z,35.69499,129.12962,75,1500,392.41,false,ok
GLV-C07,TRIP-GLV-C07-01,2026-08-01T02:38:00.000Z,35.69860,129.13162,73,1500,394.74,false,ok
GLV-C07,TRIP-GLV-C07-01,2026-08-01T02:40:00.000Z,35.70222,129.13362,72,1500,397.08,false,ok
GLV-C07,TRIP-GLV-C07-01,2026-08-01T02:42:00.000Z,35.70583,129.13562,71,1500,399.42,false,ok
GLV-C07,TRIP-GLV-C07-01,2026-08-01T02:44:00.000Z,35.70944,129.13762,69,1500,401.75,false,ok
GLV-C07,TRIP-GLV-C07-01,2026-08-01T02:46:00.000Z,35.71306,129.13962,68,1500,404.09,false,ok
GLV-C07,TRIP-GLV-C07-01,2026-08-01T02:48:00.000Z,35.71667,129.14162,66,1500,406.42,false,ok
GLV-C07,TRIP-GLV-C07-01,2026-08-01T02:50:00.000Z,35.72028,129.14361,65,1500,408.76,false,ok
GLV-C07,TRIP-GLV-C07-01,2026-08-01T02:52:00.000Z,35.72390,129.14561,63,1500,411.09,false,ok
GLV-C07,TRIP-GLV-C07-01,2026-08-01T02:54:00.000Z,35.72751,129.14761,62,1500,413.43,false,ok
GLV-C07,TRIP-GLV-C07-01,2026-08-01T02:56:00.000Z,35.73113,129.14961,61,1500,415.77,false,ok
GLV-C07,TRIP-GLV-C07-01,2026-08-01T02:58:00.000Z,35.73474,129.15161,60,1500,418.10,false,ok
GLV-C07,TRIP-GLV-C07-01,2026-08-01T03:00:00.000Z,35.73835,129.15361,60,1500,420.44,false,ok
GLV-C07,TRIP-GLV-C07-01,2026-08-01T03:02:00.000Z,35.74197,129.15561,60,1500,422.77,false,ok
GLV-C07,TRIP-GLV-C07-01,2026-08-01T03:04:00.000Z,35.74558,129.15761,60,1500,425.11,false,ok
GLV-C07,TRIP-GLV-C07-01,2026-08-01T03:06:00.000Z,35.74919,129.15961,61,1500,427.45,false,ok
GLV-C07,TRIP-GLV-C07-01,2026-08-01T03:08:00.000Z,35.75281,129.16161,62,1500,429.78,false,ok
GLV-C07,TRIP-GLV-C07-01,2026-08-01T03:10:00.000Z,35.75642,129.16361,63,1500,432.12,false,ok
GLV-C07,TRIP-GLV-C07-01,2026-08-01T03:12:00.000Z,35.76003,129.16561,64,1500,434.45,false,ok
GLV-C07,TRIP-GLV-C07-01,2026-08-01T03:14:00.000Z,35.76365,129.16761,66,1500,436.79,false,ok
GLV-C07,TRIP-GLV-C07-01,2026-08-01T03:16:00.000Z,35.76726,129.16961,67,1500,439.12,false,ok
GLV-C07,TRIP-GLV-C07-01,2026-08-01T03:18:00.000Z,35.77088,129.17161,69,1500,441.46,false,ok
GLV-C07,TRIP-GLV-C07-01,2026-08-01T03:20:00.000Z,35.77449,129.17361,70,1500,443.80,false,ok
GLV-C07,TRIP-GLV-C07-01,2026-08-01T03:22:00.000Z,35.77810,129.17561,72,1500,446.13,false,ok
GLV-C07,TRIP-GLV-C07-01,2026-08-01T03:24:00.000Z,35.78172,129.17761,73,1500,448.47,false,ok
GLV-C07,TRIP-GLV-C07-01,2026-08-01T03:26:00.000Z,35.78533,129.17961,74,1500,450.80,false,ok
GLV-C07,TRIP-GLV-C07-01,2026-08-01T03:28:00.000Z,35.78894,129.18161,75,1500,453.14,false,ok
GLV-C07,TRIP-GLV-C07-01,2026-08-01T03:30:00.000Z,35.79256,129.18361,76,1500,455.47,false,ok
GLV-C07,TRIP-GLV-C07-01,2026-08-01T03:32:00.000Z,35.79617,129.18560,76,1500,457.81,false,ok
GLV-C07,TRIP-GLV-C07-01,2026-08-01T03:34:00.000Z,35.79978,129.18760,76,1500,460.15,false,ok
GLV-C07,TRIP-GLV-C07-01,2026-08-01T03:36:00.000Z,35.80340,129.18960,76,1500,462.48,false,ok
GLV-C07,TRIP-GLV-C07-01,2026-08-01T03:38:00.000Z,35.80701,129.19160,75,1500,464.82,false,ok
GLV-C07,TRIP-GLV-C07-01,2026-08-01T03:40:00.000Z,35.81063,129.19360,74,1500,467.15,false,ok
GLV-C07,TRIP-GLV-C07-01,2026-08-01T03:42:00.000Z,35.81424,129.19560,73,1500,469.49,false,ok
GLV-C07,TRIP-GLV-C07-01,2026-08-01T03:44:00.000Z,35.81785,129.19760,71,1500,471.82,false,ok
GLV-C07,TRIP-GLV-C07-01,2026-08-01T03:46:00.000Z,35.82147,129.19960,70,1500,474.16,false,ok
GLV-C07,TRIP-GLV-C07-01,2026-08-01T03:48:00.000Z,35.82508,129.20160,68,1500,476.50,false,ok
GLV-C07,TRIP-GLV-C07-01,2026-08-01T03:50:00.000Z,35.82869,129.20360,67,1500,478.83,false,ok
GLV-C08,TRIP-GLV-C08-01,2026-07-31T21:00:00.000Z,35.08790,128.79370,68,1500,0.00,false,ok
GLV-C08,TRIP-GLV-C08-01,2026-07-31T21:02:00.000Z,35.09117,128.79551,70,1500,2.33,false,ok
GLV-C08,TRIP-GLV-C08-01,2026-07-31T21:04:00.000Z,35.09444,128.79732,71,1500,4.67,false,ok
GLV-C08,TRIP-GLV-C08-01,2026-07-31T21:06:00.000Z,35.09771,128.79913,73,1500,7.00,false,ok
GLV-C08,TRIP-GLV-C08-01,2026-07-31T21:08:00.000Z,35.10099,128.80094,74,1500,9.34,false,ok
GLV-C08,TRIP-GLV-C08-01,2026-07-31T21:10:00.000Z,35.10426,128.80275,75,1500,11.67,false,ok
GLV-C08,TRIP-GLV-C08-01,2026-07-31T21:12:00.000Z,35.10753,128.80456,75,1500,14.01,false,ok
GLV-C08,TRIP-GLV-C08-01,2026-07-31T21:14:00.000Z,35.11080,128.80637,76,1500,16.34,false,ok
GLV-C08,TRIP-GLV-C08-01,2026-07-31T21:16:00.000Z,35.11407,128.80818,76,1500,18.68,false,ok
GLV-C08,TRIP-GLV-C08-01,2026-07-31T21:18:00.000Z,35.11734,128.80999,76,1500,21.01,false,ok
GLV-C08,TRIP-GLV-C08-01,2026-07-31T21:20:00.000Z,35.12061,128.81180,75,1500,23.35,false,ok
GLV-C08,TRIP-GLV-C08-01,2026-07-31T21:22:00.000Z,35.12389,128.81361,74,1500,25.68,false,ok
GLV-C08,TRIP-GLV-C08-01,2026-07-31T21:24:00.000Z,35.12716,128.81542,73,1500,28.02,false,ok
GLV-C08,TRIP-GLV-C08-01,2026-07-31T21:26:00.000Z,35.13043,128.81723,72,1500,30.35,false,ok
GLV-C08,TRIP-GLV-C08-01,2026-07-31T21:28:00.000Z,35.13370,128.81904,71,1500,32.69,false,ok
GLV-C08,TRIP-GLV-C08-01,2026-07-31T21:30:00.000Z,35.13697,128.82085,69,1500,35.02,false,ok
GLV-C08,TRIP-GLV-C08-01,2026-07-31T21:32:00.000Z,35.14024,128.82266,68,1500,37.36,false,ok
GLV-C08,TRIP-GLV-C08-01,2026-07-31T21:34:00.000Z,35.14351,128.82447,66,1500,39.69,false,ok
GLV-C08,TRIP-GLV-C08-01,2026-07-31T21:36:00.000Z,35.14678,128.82628,64,1500,42.03,false,ok
GLV-C08,TRIP-GLV-C08-01,2026-07-31T21:38:00.000Z,35.15006,128.82809,63,1500,44.36,false,ok
GLV-C08,TRIP-GLV-C08-01,2026-07-31T21:40:00.000Z,35.15333,128.82990,62,1500,46.70,false,ok
GLV-C08,TRIP-GLV-C08-01,2026-07-31T21:42:00.000Z,35.15660,128.83171,61,1500,49.03,false,ok
GLV-C08,TRIP-GLV-C08-01,2026-07-31T21:44:00.000Z,35.15987,128.83352,60,1500,51.37,false,ok
GLV-C08,TRIP-GLV-C08-01,2026-07-31T21:46:00.000Z,35.16314,128.83533,60,1500,53.70,false,ok
GLV-C08,TRIP-GLV-C08-01,2026-07-31T21:48:00.000Z,35.16641,128.83714,60,1500,56.04,false,ok
GLV-C08,TRIP-GLV-C08-01,2026-07-31T21:50:00.000Z,35.16968,128.83895,60,1500,58.37,false,ok
GLV-C08,TRIP-GLV-C08-01,2026-07-31T21:52:00.000Z,35.17296,128.84076,61,1500,60.70,false,ok
GLV-C08,TRIP-GLV-C08-01,2026-07-31T21:54:00.000Z,35.17623,128.84257,62,1500,63.04,false,ok
GLV-C08,TRIP-GLV-C08-01,2026-07-31T21:56:00.000Z,35.17950,128.84438,63,1500,65.37,false,ok
GLV-C08,TRIP-GLV-C08-01,2026-07-31T21:58:00.000Z,35.18277,128.84619,64,1500,67.71,false,ok
GLV-C08,TRIP-GLV-C08-01,2026-07-31T22:00:00.000Z,35.18604,128.84800,66,1500,70.04,false,ok
GLV-C08,TRIP-GLV-C08-01,2026-07-31T22:02:00.000Z,35.18931,128.84981,67,1500,72.38,false,ok
GLV-C08,TRIP-GLV-C08-01,2026-07-31T22:04:00.000Z,35.19258,128.85162,69,1500,74.71,false,ok
GLV-C08,TRIP-GLV-C08-01,2026-07-31T22:06:00.000Z,35.19586,128.85343,70,1500,77.05,false,ok
GLV-C08,TRIP-GLV-C08-01,2026-07-31T22:08:00.000Z,35.19913,128.85524,72,1500,79.38,false,ok
GLV-C08,TRIP-GLV-C08-01,2026-07-31T22:10:00.000Z,35.20240,128.85705,73,1500,81.72,false,ok
GLV-C08,TRIP-GLV-C08-01,2026-07-31T22:12:00.000Z,35.20567,128.85886,74,1500,84.05,false,ok
GLV-C08,TRIP-GLV-C08-01,2026-07-31T22:14:00.000Z,35.20894,128.86067,75,1500,86.39,false,ok
GLV-C08,TRIP-GLV-C08-01,2026-07-31T22:16:00.000Z,35.21221,128.86249,76,1500,88.72,false,ok
GLV-C08,TRIP-GLV-C08-01,2026-07-31T22:18:00.000Z,35.21548,128.86430,76,1500,91.06,false,ok
GLV-C08,TRIP-GLV-C08-01,2026-07-31T22:20:00.000Z,35.21875,128.86611,76,1500,93.39,false,ok
GLV-C08,TRIP-GLV-C08-01,2026-07-31T22:22:00.000Z,35.22203,128.86792,76,1500,95.73,false,ok
GLV-C08,TRIP-GLV-C08-01,2026-07-31T22:24:00.000Z,35.22530,128.86973,75,1500,98.06,false,ok
GLV-C08,TRIP-GLV-C08-01,2026-07-31T22:26:00.000Z,35.22857,128.87154,74,1500,100.40,false,ok
GLV-C08,TRIP-GLV-C08-01,2026-07-31T22:28:00.000Z,35.23184,128.87335,73,1500,102.73,false,ok
GLV-C08,TRIP-GLV-C08-01,2026-07-31T22:30:00.000Z,35.23511,128.87516,71,1500,105.07,false,ok
GLV-C08,TRIP-GLV-C08-01,2026-07-31T22:32:00.000Z,35.23838,128.87697,70,1500,107.40,false,ok
GLV-C08,TRIP-GLV-C08-01,2026-07-31T22:34:00.000Z,35.24165,128.87878,68,1500,109.74,false,ok
GLV-C08,TRIP-GLV-C08-01,2026-07-31T22:36:00.000Z,35.24493,128.88059,67,1500,112.07,false,ok
GLV-C08,TRIP-GLV-C08-01,2026-07-31T22:38:00.000Z,35.24820,128.88240,65,1500,114.41,false,ok
GLV-C08,TRIP-GLV-C08-01,2026-07-31T22:40:00.000Z,35.25147,128.88421,64,1500,116.74,false,ok
GLV-C08,TRIP-GLV-C08-01,2026-07-31T22:42:00.000Z,35.25474,128.88602,62,1500,119.07,false,ok
GLV-C08,TRIP-GLV-C08-01,2026-07-31T22:44:00.000Z,35.25801,128.88783,61,1500,121.41,false,ok
GLV-C08,TRIP-GLV-C08-01,2026-07-31T22:46:00.000Z,35.26128,128.88964,61,1500,123.74,false,ok
GLV-C08,TRIP-GLV-C08-01,2026-07-31T22:48:00.000Z,35.26455,128.89145,60,1500,126.08,false,ok
GLV-C08,TRIP-GLV-C08-01,2026-07-31T22:50:00.000Z,35.26783,128.89326,60,1500,128.41,false,ok
GLV-C08,TRIP-GLV-C08-01,2026-07-31T22:52:00.000Z,35.27110,128.89507,60,1500,130.75,false,ok
GLV-C08,TRIP-GLV-C08-01,2026-07-31T22:54:00.000Z,35.27437,128.89688,61,1500,133.08,false,ok
GLV-C08,TRIP-GLV-C08-01,2026-07-31T22:56:00.000Z,35.27764,128.89869,61,1500,135.42,false,ok
GLV-C08,TRIP-GLV-C08-01,2026-07-31T22:58:00.000Z,35.28091,128.90050,62,1500,137.75,false,ok
GLV-C08,TRIP-GLV-C08-01,2026-07-31T23:00:00.000Z,35.28418,128.90231,64,1500,140.09,false,ok
GLV-C08,TRIP-GLV-C08-01,2026-07-31T23:02:00.000Z,35.28745,128.90412,65,1500,142.42,false,ok
GLV-C08,TRIP-GLV-C08-01,2026-07-31T23:04:00.000Z,35.29072,128.90593,67,1500,144.76,false,ok
GLV-C08,TRIP-GLV-C08-01,2026-07-31T23:06:00.000Z,35.29400,128.90774,68,1500,147.09,false,ok
GLV-C08,TRIP-GLV-C08-01,2026-07-31T23:08:00.000Z,35.29727,128.90955,70,1500,149.43,false,ok
GLV-C08,TRIP-GLV-C08-01,2026-07-31T23:10:00.000Z,35.30054,128.91136,71,1500,151.76,false,ok
GLV-C08,TRIP-GLV-C08-01,2026-07-31T23:12:00.000Z,35.30381,128.91317,73,1500,154.10,false,ok
GLV-C08,TRIP-GLV-C08-01,2026-07-31T23:14:00.000Z,35.30708,128.91498,74,1500,156.43,false,ok
GLV-C08,TRIP-GLV-C08-01,2026-07-31T23:16:00.000Z,35.31035,128.91679,75,1500,158.77,false,ok
GLV-C08,TRIP-GLV-C08-01,2026-07-31T23:18:00.000Z,35.31362,128.91860,76,1500,161.10,false,ok
GLV-C08,TRIP-GLV-C08-01,2026-07-31T23:20:00.000Z,35.31690,128.92041,76,1500,163.44,false,ok
GLV-C08,TRIP-GLV-C08-01,2026-07-31T23:22:00.000Z,35.32017,128.92222,76,1500,165.77,false,ok
GLV-C08,TRIP-GLV-C08-01,2026-07-31T23:24:00.000Z,35.32344,128.92403,76,1500,168.11,false,ok
GLV-C08,TRIP-GLV-C08-01,2026-07-31T23:26:00.000Z,35.32671,128.92584,75,1500,170.44,false,ok
GLV-C08,TRIP-GLV-C08-01,2026-07-31T23:28:00.000Z,35.32998,128.92765,74,1500,172.78,false,ok
GLV-C08,TRIP-GLV-C08-01,2026-07-31T23:30:00.000Z,35.33325,128.92946,73,1500,175.11,false,ok
GLV-C08,TRIP-GLV-C08-01,2026-07-31T23:32:00.000Z,35.33652,128.93127,72,1500,177.44,false,ok
GLV-C08,TRIP-GLV-C08-01,2026-07-31T23:34:00.000Z,35.33980,128.93308,70,1500,179.78,false,ok
GLV-C08,TRIP-GLV-C08-01,2026-07-31T23:36:00.000Z,35.34307,128.93489,69,1500,182.11,false,ok
GLV-C08,TRIP-GLV-C08-01,2026-07-31T23:38:00.000Z,35.34634,128.93670,67,1500,184.45,false,ok
GLV-C08,TRIP-GLV-C08-01,2026-07-31T23:40:00.000Z,35.34961,128.93851,66,1500,186.78,false,ok
GLV-C08,TRIP-GLV-C08-01,2026-07-31T23:42:00.000Z,35.35288,128.94032,64,1500,189.12,false,ok
GLV-C08,TRIP-GLV-C08-01,2026-07-31T23:44:00.000Z,35.35615,128.94213,63,1500,191.45,false,ok
GLV-C08,TRIP-GLV-C08-01,2026-07-31T23:46:00.000Z,35.35942,128.94394,62,1500,193.79,false,ok
GLV-C08,TRIP-GLV-C08-01,2026-07-31T23:48:00.000Z,35.36269,128.94575,61,1500,196.12,false,ok
GLV-C08,TRIP-GLV-C08-01,2026-07-31T23:50:00.000Z,35.36597,128.94756,60,1500,198.46,false,ok
GLV-C08,TRIP-GLV-C08-01,2026-07-31T23:52:00.000Z,35.36924,128.94937,60,1500,200.79,false,ok
GLV-C08,TRIP-GLV-C08-01,2026-07-31T23:54:00.000Z,35.37251,128.95118,60,1500,203.13,false,ok
GLV-C08,TRIP-GLV-C08-01,2026-07-31T23:56:00.000Z,35.37578,128.95299,60,1500,205.46,false,ok
GLV-C08,TRIP-GLV-C08-01,2026-07-31T23:58:00.000Z,35.37905,128.95480,61,1500,207.80,false,ok
GLV-C08,TRIP-GLV-C08-01,2026-08-01T00:00:00.000Z,35.38232,128.95661,62,1500,210.13,false,ok
GLV-C08,TRIP-GLV-C08-01,2026-08-01T00:02:00.000Z,35.38559,128.95842,63,1500,212.47,false,ok
GLV-C08,TRIP-GLV-C08-01,2026-08-01T00:04:00.000Z,35.38887,128.96023,65,1500,214.80,false,ok
GLV-C08,TRIP-GLV-C08-01,2026-08-01T00:06:00.000Z,35.39214,128.96204,66,1500,217.14,false,ok
GLV-C08,TRIP-GLV-C08-01,2026-08-01T00:08:00.000Z,35.39541,128.96385,68,1500,219.47,false,ok
GLV-C08,TRIP-GLV-C08-01,2026-08-01T00:10:00.000Z,35.39868,128.96566,69,1500,221.81,false,ok
GLV-C08,TRIP-GLV-C08-01,2026-08-01T00:12:00.000Z,35.40195,128.96747,71,1500,224.14,false,ok
GLV-C08,TRIP-GLV-C08-01,2026-08-01T00:14:00.000Z,35.40522,128.96928,72,1500,226.48,false,ok
GLV-C08,TRIP-GLV-C08-01,2026-08-01T00:16:00.000Z,35.40849,128.97109,73,1500,228.81,false,ok
GLV-C08,TRIP-GLV-C08-01,2026-08-01T00:18:00.000Z,35.41177,128.97290,75,1500,231.15,false,ok
GLV-C08,TRIP-GLV-C08-01,2026-08-01T00:20:00.000Z,35.41504,128.97471,75,1500,233.48,false,ok
GLV-C08,TRIP-GLV-C08-01,2026-08-01T00:22:00.000Z,35.41831,128.97652,76,1500,235.81,false,ok
GLV-C08,TRIP-GLV-C08-01,2026-08-01T00:24:00.000Z,35.42158,128.97833,76,1500,238.15,false,ok
GLV-C08,TRIP-GLV-C08-01,2026-08-01T00:26:00.000Z,35.42485,128.98014,76,1500,240.48,false,ok
GLV-C08,TRIP-GLV-C08-01,2026-08-01T00:28:00.000Z,35.42812,128.98195,75,1500,242.82,false,ok
GLV-C08,TRIP-GLV-C08-01,2026-08-01T00:30:00.000Z,35.43139,128.98376,75,1500,245.15,false,ok
GLV-C08,TRIP-GLV-C08-01,2026-08-01T00:32:00.000Z,35.43466,128.98557,74,1500,247.49,false,ok
GLV-C08,TRIP-GLV-C08-01,2026-08-01T00:34:00.000Z,35.43794,128.98738,72,1500,249.82,false,ok
GLV-C08,TRIP-GLV-C08-01,2026-08-01T00:36:00.000Z,35.44121,128.98919,71,1500,252.16,false,ok
GLV-C08,TRIP-GLV-C08-01,2026-08-01T00:38:00.000Z,35.44448,128.99100,70,1500,254.49,false,ok
GLV-C08,TRIP-GLV-C08-01,2026-08-01T00:40:00.000Z,35.44775,128.99281,68,1500,256.83,false,ok
GLV-C08,TRIP-GLV-C08-01,2026-08-01T00:42:00.000Z,35.45102,128.99462,66,1500,259.16,false,ok
GLV-C08,TRIP-GLV-C08-01,2026-08-01T00:44:00.000Z,35.45429,128.99643,65,1500,261.50,false,ok
GLV-C08,TRIP-GLV-C08-01,2026-08-01T00:46:00.000Z,35.45756,128.99824,63,1500,263.83,false,ok
GLV-C08,TRIP-GLV-C08-01,2026-08-01T00:48:00.000Z,35.46084,129.00006,62,1500,266.17,false,ok
GLV-C08,TRIP-GLV-C08-01,2026-08-01T00:50:00.000Z,35.46411,129.00187,61,1500,268.50,false,ok
GLV-C08,TRIP-GLV-C08-01,2026-08-01T00:52:00.000Z,35.46738,129.00368,61,1500,270.84,false,ok
GLV-C08,TRIP-GLV-C08-01,2026-08-01T00:54:00.000Z,35.47065,129.00549,60,1500,273.17,false,ok
GLV-C08,TRIP-GLV-C08-01,2026-08-01T00:56:00.000Z,35.47392,129.00730,60,1500,275.51,false,ok
GLV-C08,TRIP-GLV-C08-01,2026-08-01T00:58:00.000Z,35.47719,129.00911,60,1500,277.84,false,ok
GLV-C08,TRIP-GLV-C08-01,2026-08-01T01:00:00.000Z,35.48046,129.01092,61,1500,280.18,false,ok
GLV-C08,TRIP-GLV-C08-01,2026-08-01T01:02:00.000Z,35.48374,129.01273,62,1500,282.51,false,ok
GLV-C08,TRIP-GLV-C08-01,2026-08-01T01:04:00.000Z,35.48701,129.01454,63,1500,284.85,false,ok
GLV-C08,TRIP-GLV-C08-01,2026-08-01T01:06:00.000Z,35.49028,129.01635,64,1500,287.18,false,ok
GLV-C08,TRIP-GLV-C08-01,2026-08-01T01:08:00.000Z,35.49355,129.01816,65,1500,289.52,false,ok
GLV-C08,TRIP-GLV-C08-01,2026-08-01T01:10:00.000Z,35.49682,129.01997,67,1500,291.85,false,ok
GLV-C08,TRIP-GLV-C08-01,2026-08-01T01:12:00.000Z,35.50009,129.02178,69,1500,294.19,false,ok
GLV-C08,TRIP-GLV-C08-01,2026-08-01T01:14:00.000Z,35.50336,129.02359,70,1500,296.52,false,ok
GLV-C08,TRIP-GLV-C08-01,2026-08-01T01:16:00.000Z,35.50663,129.02540,72,1500,298.85,false,ok
GLV-C08,TRIP-GLV-C08-01,2026-08-01T01:18:00.000Z,35.50991,129.02721,73,1500,301.19,false,ok
GLV-C08,TRIP-GLV-C08-01,2026-08-01T01:20:00.000Z,35.51318,129.02902,74,1500,303.52,false,ok
GLV-C08,TRIP-GLV-C08-01,2026-08-01T01:22:00.000Z,35.51645,129.03083,75,1500,305.86,false,ok
GLV-C08,TRIP-GLV-C08-01,2026-08-01T01:24:00.000Z,35.51972,129.03264,76,1500,308.19,false,ok
GLV-C08,TRIP-GLV-C08-01,2026-08-01T01:26:00.000Z,35.52299,129.03445,76,1500,310.53,false,ok
GLV-C08,TRIP-GLV-C08-01,2026-08-01T01:28:00.000Z,35.52626,129.03626,76,1500,312.86,false,ok
GLV-C08,TRIP-GLV-C08-01,2026-08-01T01:30:00.000Z,35.52953,129.03807,76,1500,315.20,false,ok
GLV-C08,TRIP-GLV-C08-01,2026-08-01T01:32:00.000Z,35.53281,129.03988,75,1500,317.53,false,ok
GLV-C08,TRIP-GLV-C08-01,2026-08-01T01:34:00.000Z,35.53608,129.04169,74,1500,319.87,false,ok
GLV-C08,TRIP-GLV-C08-01,2026-08-01T01:36:00.000Z,35.53935,129.04350,73,1500,322.20,false,ok
GLV-C08,TRIP-GLV-C08-01,2026-08-01T01:38:00.000Z,35.54262,129.04531,72,1500,324.54,false,ok
GLV-C08,TRIP-GLV-C08-01,2026-08-01T01:40:00.000Z,35.54589,129.04712,70,1500,326.87,false,ok
GLV-C08,TRIP-GLV-C08-01,2026-08-01T01:42:00.000Z,35.54916,129.04893,69,1500,329.21,false,ok
GLV-C08,TRIP-GLV-C08-01,2026-08-01T01:44:00.000Z,35.55243,129.05074,67,1500,331.54,false,ok
GLV-C08,TRIP-GLV-C08-01,2026-08-01T01:46:00.000Z,35.55571,129.05255,65,1500,333.88,false,ok
GLV-C08,TRIP-GLV-C08-01,2026-08-01T01:48:00.000Z,35.55898,129.05436,64,1500,336.21,false,ok
GLV-C08,TRIP-GLV-C08-01,2026-08-01T01:50:00.000Z,35.56225,129.05617,63,1500,338.55,false,ok
GLV-C08,TRIP-GLV-C08-01,2026-08-01T01:52:00.000Z,35.56552,129.05798,62,1500,340.88,false,ok
GLV-C08,TRIP-GLV-C08-01,2026-08-01T01:54:00.000Z,35.56879,129.05979,61,1500,343.22,false,ok
GLV-C08,TRIP-GLV-C08-01,2026-08-01T01:56:00.000Z,35.57206,129.06160,60,1500,345.55,false,ok
GLV-C08,TRIP-GLV-C08-01,2026-08-01T01:58:00.000Z,35.57533,129.06341,60,1500,347.89,false,ok
GLV-C08,TRIP-GLV-C08-01,2026-08-01T02:00:00.000Z,35.57860,129.06522,60,1500,350.22,false,ok
GLV-C08,TRIP-GLV-C08-01,2026-08-01T02:02:00.000Z,35.58188,129.06703,60,1500,352.56,false,ok
GLV-C08,TRIP-GLV-C08-01,2026-08-01T02:04:00.000Z,35.58515,129.06884,61,1500,354.89,false,ok
GLV-C08,TRIP-GLV-C08-01,2026-08-01T02:06:00.000Z,35.58842,129.07065,62,1500,357.22,false,ok
GLV-C08,TRIP-GLV-C08-01,2026-08-01T02:08:00.000Z,35.59169,129.07246,63,1500,359.56,false,ok
GLV-C08,TRIP-GLV-C08-01,2026-08-01T02:10:00.000Z,35.59496,129.07427,65,1500,361.89,false,ok
GLV-C08,TRIP-GLV-C08-01,2026-08-01T02:12:00.000Z,35.59823,129.07608,66,1500,364.23,false,ok
GLV-C08,TRIP-GLV-C08-01,2026-08-01T02:14:00.000Z,35.60150,129.07789,68,1500,366.56,false,ok
GLV-C08,TRIP-GLV-C08-01,2026-08-01T02:16:00.000Z,35.60478,129.07970,69,1500,368.90,false,ok
GLV-C08,TRIP-GLV-C08-01,2026-08-01T02:18:00.000Z,35.60805,129.08151,71,1500,371.23,false,ok
GLV-C08,TRIP-GLV-C08-01,2026-08-01T02:20:00.000Z,35.61132,129.08332,72,1500,373.57,false,ok
GLV-C08,TRIP-GLV-C08-01,2026-08-01T02:22:00.000Z,35.61459,129.08513,74,1500,375.90,false,ok
GLV-C08,TRIP-GLV-C08-01,2026-08-01T02:24:00.000Z,35.61786,129.08694,75,1500,378.24,false,ok
GLV-C08,TRIP-GLV-C08-01,2026-08-01T02:26:00.000Z,35.62113,129.08875,75,1500,380.57,false,ok
GLV-C08,TRIP-GLV-C08-01,2026-08-01T02:28:00.000Z,35.62440,129.09056,76,1500,382.91,false,ok
GLV-C08,TRIP-GLV-C08-01,2026-08-01T02:30:00.000Z,35.62768,129.09237,76,1500,385.24,false,ok
GLV-C08,TRIP-GLV-C08-01,2026-08-01T02:32:00.000Z,35.63095,129.09418,76,1500,387.58,false,ok
GLV-C08,TRIP-GLV-C08-01,2026-08-01T02:34:00.000Z,35.63422,129.09599,75,1500,389.91,false,ok
GLV-C08,TRIP-GLV-C08-01,2026-08-01T02:36:00.000Z,35.63749,129.09780,75,1500,392.25,false,ok
GLV-C08,TRIP-GLV-C08-01,2026-08-01T02:38:00.000Z,35.64076,129.09961,73,1500,394.58,false,ok
GLV-C08,TRIP-GLV-C08-01,2026-08-01T02:40:00.000Z,35.64403,129.10142,72,1500,396.92,false,ok
GLV-C08,TRIP-GLV-C08-01,2026-08-01T02:42:00.000Z,35.64730,129.10323,71,1500,399.25,false,ok
GLV-C08,TRIP-GLV-C08-01,2026-08-01T02:44:00.000Z,35.65057,129.10504,69,1500,401.59,false,ok
GLV-C08,TRIP-GLV-C08-01,2026-08-01T02:46:00.000Z,35.65385,129.10685,68,1500,403.92,false,ok
GLV-C08,TRIP-GLV-C08-01,2026-08-01T02:48:00.000Z,35.65712,129.10866,66,1500,406.26,false,ok
GLV-C08,TRIP-GLV-C08-01,2026-08-01T02:50:00.000Z,35.66039,129.11047,65,1500,408.59,false,ok
GLV-C08,TRIP-GLV-C08-01,2026-08-01T02:52:00.000Z,35.66366,129.11228,63,1500,410.93,false,ok
GLV-C08,TRIP-GLV-C08-01,2026-08-01T02:54:00.000Z,35.66693,129.11409,62,1500,413.26,false,ok
GLV-C08,TRIP-GLV-C08-01,2026-08-01T02:56:00.000Z,35.67020,129.11590,61,1500,415.59,false,ok
GLV-C08,TRIP-GLV-C08-01,2026-08-01T02:58:00.000Z,35.67347,129.11771,60,1500,417.93,false,ok
GLV-C08,TRIP-GLV-C08-01,2026-08-01T03:00:00.000Z,35.67675,129.11952,60,1500,420.26,false,ok
GLV-C08,TRIP-GLV-C08-01,2026-08-01T03:02:00.000Z,35.68002,129.12133,60,1500,422.60,false,ok
GLV-C08,TRIP-GLV-C08-01,2026-08-01T03:04:00.000Z,35.68329,129.12314,60,1500,424.93,false,ok
GLV-C08,TRIP-GLV-C08-01,2026-08-01T03:06:00.000Z,35.68656,129.12495,61,1500,427.27,false,ok
GLV-C08,TRIP-GLV-C08-01,2026-08-01T03:08:00.000Z,35.68983,129.12676,62,1500,429.60,false,ok
GLV-C08,TRIP-GLV-C08-01,2026-08-01T03:10:00.000Z,35.69310,129.12857,63,1500,431.94,false,ok
GLV-C08,TRIP-GLV-C08-01,2026-08-01T03:12:00.000Z,35.69637,129.13038,64,1500,434.27,false,ok
GLV-C08,TRIP-GLV-C08-01,2026-08-01T03:14:00.000Z,35.69965,129.13219,66,1500,436.61,false,ok
GLV-C08,TRIP-GLV-C08-01,2026-08-01T03:16:00.000Z,35.70292,129.13400,67,1500,438.94,false,ok
GLV-C08,TRIP-GLV-C08-01,2026-08-01T03:18:00.000Z,35.70619,129.13581,69,1500,441.28,false,ok
GLV-C08,TRIP-GLV-C08-01,2026-08-01T03:20:00.000Z,35.70946,129.13763,70,1500,443.61,false,ok
GLV-C08,TRIP-GLV-C08-01,2026-08-01T03:22:00.000Z,35.71273,129.13944,72,1500,445.95,false,ok
GLV-C08,TRIP-GLV-C08-01,2026-08-01T03:24:00.000Z,35.71600,129.14125,73,1500,448.28,false,ok
GLV-C08,TRIP-GLV-C08-01,2026-08-01T03:26:00.000Z,35.71927,129.14306,74,1500,450.62,false,ok
GLV-C08,TRIP-GLV-C08-01,2026-08-01T03:28:00.000Z,35.72254,129.14487,75,1500,452.95,false,ok
GLV-C08,TRIP-GLV-C08-01,2026-08-01T03:30:00.000Z,35.72582,129.14668,76,1500,455.29,false,ok
GLV-C08,TRIP-GLV-C08-01,2026-08-01T03:32:00.000Z,35.72909,129.14849,76,1500,457.62,false,ok
GLV-C08,TRIP-GLV-C08-01,2026-08-01T03:34:00.000Z,35.73236,129.15030,76,1500,459.96,false,ok
GLV-C08,TRIP-GLV-C08-01,2026-08-01T03:36:00.000Z,35.73563,129.15211,76,1500,462.29,false,ok
GLV-C08,TRIP-GLV-C08-01,2026-08-01T03:38:00.000Z,35.73890,129.15392,75,1500,464.63,false,ok
GLV-C08,TRIP-GLV-C08-01,2026-08-01T03:40:00.000Z,35.74217,129.15573,74,1500,466.96,false,ok
GLV-C08,TRIP-GLV-C08-01,2026-08-01T03:42:00.000Z,35.74544,129.15754,73,1500,469.30,false,ok
GLV-C08,TRIP-GLV-C08-01,2026-08-01T03:44:00.000Z,35.74872,129.15935,71,1500,471.63,false,ok
GLV-C08,TRIP-GLV-C08-01,2026-08-01T03:46:00.000Z,35.75199,129.16116,70,1500,473.96,false,ok
GLV-C08,TRIP-GLV-C08-01,2026-08-01T03:48:00.000Z,35.75526,129.16297,68,1500,476.30,false,ok
GLV-C08,TRIP-GLV-C08-01,2026-08-01T03:50:00.000Z,35.75853,129.16478,67,1500,478.63,false,ok
GLV-C08,TRIP-GLV-C08-01,2026-08-01T03:52:00.000Z,35.76180,129.16659,65,1500,480.97,false,ok
GLV-C08,TRIP-GLV-C08-01,2026-08-01T03:54:00.000Z,35.76507,129.16840,64,1500,483.30,false,ok
GLV-C08,TRIP-GLV-C08-01,2026-08-01T03:56:00.000Z,35.76834,129.17021,62,1500,485.64,false,ok
GLV-C08,TRIP-GLV-C08-01,2026-08-01T03:58:00.000Z,35.77162,129.17202,61,1500,487.97,false,ok
GLV-C08,TRIP-GLV-C08-01,2026-08-01T04:00:00.000Z,35.77489,129.17383,61,1500,490.31,false,ok
GLV-C08,TRIP-GLV-C08-01,2026-08-01T04:02:00.000Z,35.77816,129.17564,60,1500,492.64,false,ok
GLV-C08,TRIP-GLV-C08-01,2026-08-01T04:04:00.000Z,35.78143,129.17745,60,1500,494.98,false,ok
GLV-C08,TRIP-GLV-C08-01,2026-08-01T04:06:00.000Z,35.78470,129.17926,60,1500,497.31,false,ok
GLV-C08,TRIP-GLV-C08-01,2026-08-01T04:08:00.000Z,35.78797,129.18107,61,1500,499.65,false,ok
GLV-C08,TRIP-GLV-C08-01,2026-08-01T04:10:00.000Z,35.79124,129.18288,61,1500,501.98,false,ok
GLV-C08,TRIP-GLV-C08-01,2026-08-01T04:12:00.000Z,35.79451,129.18469,62,1500,504.32,false,ok
GLV-C08,TRIP-GLV-C08-01,2026-08-01T04:14:00.000Z,35.79779,129.18650,64,1500,506.65,false,ok
GLV-C08,TRIP-GLV-C08-01,2026-08-01T04:16:00.000Z,35.80106,129.18831,65,1500,508.99,false,ok
GLV-C08,TRIP-GLV-C08-01,2026-08-01T04:18:00.000Z,35.80433,129.19012,67,1500,511.32,false,ok
GLV-C08,TRIP-GLV-C08-01,2026-08-01T04:20:00.000Z,35.80760,129.19193,68,1500,513.66,false,ok
GLV-C08,TRIP-GLV-C08-01,2026-08-01T04:22:00.000Z,35.81087,129.19374,70,1500,515.99,false,ok
GLV-C08,TRIP-GLV-C08-01,2026-08-01T04:24:00.000Z,35.81414,129.19555,71,1500,518.33,false,ok
GLV-C08,TRIP-GLV-C08-01,2026-08-01T04:26:00.000Z,35.81741,129.19736,73,1500,520.66,false,ok
GLV-C08,TRIP-GLV-C08-01,2026-08-01T04:28:00.000Z,35.82069,129.19917,74,1500,523.00,false,ok
GLV-C08,TRIP-GLV-C08-01,2026-08-01T04:30:00.000Z,35.82396,129.20098,75,1500,525.33,false,ok
GLV-C08,TRIP-GLV-C08-01,2026-08-01T04:32:00.000Z,35.82723,129.20279,76,1500,527.67,false,ok
GLV-C08,TRIP-GLV-C08-01,2026-08-01T04:34:00.000Z,35.83050,129.20460,76,1500,530.00,false,ok
GLV-C09,TRIP-GLV-C09-01,2026-07-31T21:00:00.000Z,35.08790,128.79370,68,1500,0.00,false,ok
GLV-C09,TRIP-GLV-C09-01,2026-07-31T21:02:00.000Z,35.09099,128.79541,70,1500,2.33,false,ok
GLV-C09,TRIP-GLV-C09-01,2026-07-31T21:04:00.000Z,35.09409,128.79712,71,1500,4.67,false,ok
GLV-C09,TRIP-GLV-C09-01,2026-07-31T21:06:00.000Z,35.09718,128.79884,73,1500,7.00,false,ok
GLV-C09,TRIP-GLV-C09-01,2026-07-31T21:08:00.000Z,35.10028,128.80055,74,1500,9.33,false,ok
GLV-C09,TRIP-GLV-C09-01,2026-07-31T21:10:00.000Z,35.10337,128.80226,75,1500,11.67,false,ok
GLV-C09,TRIP-GLV-C09-01,2026-07-31T21:12:00.000Z,35.10647,128.80397,75,1500,14.00,false,ok
GLV-C09,TRIP-GLV-C09-01,2026-07-31T21:14:00.000Z,35.10956,128.80568,76,1500,16.33,false,ok
GLV-C09,TRIP-GLV-C09-01,2026-07-31T21:16:00.000Z,35.11265,128.80740,76,1500,18.67,false,ok
GLV-C09,TRIP-GLV-C09-01,2026-07-31T21:18:00.000Z,35.11575,128.80911,76,1500,21.00,false,ok
GLV-C09,TRIP-GLV-C09-01,2026-07-31T21:20:00.000Z,35.11884,128.81082,75,1500,23.33,false,ok
GLV-C09,TRIP-GLV-C09-01,2026-07-31T21:22:00.000Z,35.12194,128.81253,74,1500,25.67,false,ok
GLV-C09,TRIP-GLV-C09-01,2026-07-31T21:24:00.000Z,35.12503,128.81424,73,1500,28.00,false,ok
GLV-C09,TRIP-GLV-C09-01,2026-07-31T21:26:00.000Z,35.12812,128.81596,72,1500,30.33,false,ok
GLV-C09,TRIP-GLV-C09-01,2026-07-31T21:28:00.000Z,35.13122,128.81767,71,1500,32.67,false,ok
GLV-C09,TRIP-GLV-C09-01,2026-07-31T21:30:00.000Z,35.13431,128.81938,69,1500,35.00,false,ok
GLV-C09,TRIP-GLV-C09-01,2026-07-31T21:32:00.000Z,35.13741,128.82109,68,1500,37.33,false,ok
GLV-C09,TRIP-GLV-C09-01,2026-07-31T21:34:00.000Z,35.14050,128.82281,66,1500,39.67,false,ok
GLV-C09,TRIP-GLV-C09-01,2026-07-31T21:36:00.000Z,35.14359,128.82452,64,1500,42.00,false,ok
GLV-C09,TRIP-GLV-C09-01,2026-07-31T21:38:00.000Z,35.14669,128.82623,63,1500,44.33,false,ok
GLV-C09,TRIP-GLV-C09-01,2026-07-31T21:40:00.000Z,35.14978,128.82794,62,1500,46.67,false,ok
GLV-C09,TRIP-GLV-C09-01,2026-07-31T21:42:00.000Z,35.15288,128.82965,61,1500,49.00,false,ok
GLV-C09,TRIP-GLV-C09-01,2026-07-31T21:44:00.000Z,35.15597,128.83137,60,1500,51.33,false,ok
GLV-C09,TRIP-GLV-C09-01,2026-07-31T21:46:00.000Z,35.15907,128.83308,60,1500,53.67,false,ok
GLV-C09,TRIP-GLV-C09-01,2026-07-31T21:48:00.000Z,35.16216,128.83479,60,1500,56.00,false,ok
GLV-C09,TRIP-GLV-C09-01,2026-07-31T21:50:00.000Z,35.16525,128.83650,60,1500,58.33,false,ok
GLV-C09,TRIP-GLV-C09-01,2026-07-31T21:52:00.000Z,35.16835,128.83821,61,1500,60.67,false,ok
GLV-C09,TRIP-GLV-C09-01,2026-07-31T21:54:00.000Z,35.17144,128.83993,62,1500,63.00,false,ok
GLV-C09,TRIP-GLV-C09-01,2026-07-31T21:56:00.000Z,35.17454,128.84164,63,1500,65.33,false,ok
GLV-C09,TRIP-GLV-C09-01,2026-07-31T21:58:00.000Z,35.17763,128.84335,64,1500,67.67,false,ok
GLV-C09,TRIP-GLV-C09-01,2026-07-31T22:00:00.000Z,35.18072,128.84506,66,1500,70.00,false,ok
GLV-C09,TRIP-GLV-C09-01,2026-07-31T22:02:00.000Z,35.18382,128.84677,67,1500,72.33,false,ok
GLV-C09,TRIP-GLV-C09-01,2026-07-31T22:04:00.000Z,35.18691,128.84849,69,1500,74.67,false,ok
GLV-C09,TRIP-GLV-C09-01,2026-07-31T22:06:00.000Z,35.19001,128.85020,70,1500,77.00,false,ok
GLV-C09,TRIP-GLV-C09-01,2026-07-31T22:08:00.000Z,35.19310,128.85191,72,1500,79.33,false,ok
GLV-C09,TRIP-GLV-C09-01,2026-07-31T22:10:00.000Z,35.19620,128.85362,73,1500,81.67,false,ok
GLV-C09,TRIP-GLV-C09-01,2026-07-31T22:12:00.000Z,35.19929,128.85533,74,1500,84.00,false,ok
GLV-C09,TRIP-GLV-C09-01,2026-07-31T22:14:00.000Z,35.20238,128.85705,75,1500,86.33,false,ok
GLV-C09,TRIP-GLV-C09-01,2026-07-31T22:16:00.000Z,35.20548,128.85876,76,1500,88.67,false,ok
GLV-C09,TRIP-GLV-C09-01,2026-07-31T22:18:00.000Z,35.20857,128.86047,76,1500,91.00,false,ok
GLV-C09,TRIP-GLV-C09-01,2026-07-31T22:20:00.000Z,35.21167,128.86218,76,1500,93.33,false,ok
GLV-C09,TRIP-GLV-C09-01,2026-07-31T22:22:00.000Z,35.21476,128.86390,76,1500,95.67,false,ok
GLV-C09,TRIP-GLV-C09-01,2026-07-31T22:24:00.000Z,35.21786,128.86561,75,1500,98.00,false,ok
GLV-C09,TRIP-GLV-C09-01,2026-07-31T22:26:00.000Z,35.22095,128.86732,74,1500,100.33,false,ok
GLV-C09,TRIP-GLV-C09-01,2026-07-31T22:28:00.000Z,35.22404,128.86903,73,1500,102.67,false,ok
GLV-C09,TRIP-GLV-C09-01,2026-07-31T22:30:00.000Z,35.22714,128.87074,71,1500,105.00,false,ok
GLV-C09,TRIP-GLV-C09-01,2026-07-31T22:32:00.000Z,35.23023,128.87246,70,1500,107.33,false,ok
GLV-C09,TRIP-GLV-C09-01,2026-07-31T22:34:00.000Z,35.23333,128.87417,68,1500,109.67,false,ok
GLV-C09,TRIP-GLV-C09-01,2026-07-31T22:36:00.000Z,35.23642,128.87588,67,1500,112.00,false,ok
GLV-C09,TRIP-GLV-C09-01,2026-07-31T22:38:00.000Z,35.23951,128.87759,65,1500,114.33,false,ok
GLV-C09,TRIP-GLV-C09-01,2026-07-31T22:40:00.000Z,35.24261,128.87930,64,1500,116.67,false,ok
GLV-C09,TRIP-GLV-C09-01,2026-07-31T22:42:00.000Z,35.24570,128.88102,62,1500,119.00,false,ok
GLV-C09,TRIP-GLV-C09-01,2026-07-31T22:44:00.000Z,35.24880,128.88273,61,1500,121.33,false,ok
GLV-C09,TRIP-GLV-C09-01,2026-07-31T22:46:00.000Z,35.25189,128.88444,61,1500,123.67,false,ok
GLV-C09,TRIP-GLV-C09-01,2026-07-31T22:48:00.000Z,35.25498,128.88615,60,1500,126.00,false,ok
GLV-C09,TRIP-GLV-C09-01,2026-07-31T22:50:00.000Z,35.25808,128.88786,60,1500,128.33,false,ok
GLV-C09,TRIP-GLV-C09-01,2026-07-31T22:52:00.000Z,35.26117,128.88958,60,1500,130.67,false,ok
GLV-C09,TRIP-GLV-C09-01,2026-07-31T22:54:00.000Z,35.26427,128.89129,61,1500,133.00,false,ok
GLV-C09,TRIP-GLV-C09-01,2026-07-31T22:56:00.000Z,35.26736,128.89300,61,1500,135.33,false,ok
GLV-C09,TRIP-GLV-C09-01,2026-07-31T22:58:00.000Z,35.27046,128.89471,62,1500,137.67,false,ok
GLV-C09,TRIP-GLV-C09-01,2026-07-31T23:00:00.000Z,35.27355,128.89642,64,1500,140.00,false,ok
GLV-C09,TRIP-GLV-C09-01,2026-07-31T23:02:00.000Z,35.27664,128.89814,65,1500,142.33,false,ok
GLV-C09,TRIP-GLV-C09-01,2026-07-31T23:04:00.000Z,35.27974,128.89985,67,1500,144.67,false,ok
GLV-C09,TRIP-GLV-C09-01,2026-07-31T23:06:00.000Z,35.28283,128.90156,68,1500,147.00,false,ok
GLV-C09,TRIP-GLV-C09-01,2026-07-31T23:08:00.000Z,35.28593,128.90327,70,1500,149.33,false,ok
GLV-C09,TRIP-GLV-C09-01,2026-07-31T23:10:00.000Z,35.28902,128.90499,71,1500,151.67,false,ok
GLV-C09,TRIP-GLV-C09-01,2026-07-31T23:12:00.000Z,35.29211,128.90670,73,1500,154.00,false,ok
GLV-C09,TRIP-GLV-C09-01,2026-07-31T23:14:00.000Z,35.29521,128.90841,74,1500,156.33,false,ok
GLV-C09,TRIP-GLV-C09-01,2026-07-31T23:16:00.000Z,35.29830,128.91012,75,1500,158.67,false,ok
GLV-C09,TRIP-GLV-C09-01,2026-07-31T23:18:00.000Z,35.30140,128.91183,76,1500,161.00,false,ok
GLV-C09,TRIP-GLV-C09-01,2026-07-31T23:20:00.000Z,35.30449,128.91355,76,1500,163.33,false,ok
GLV-C09,TRIP-GLV-C09-01,2026-07-31T23:22:00.000Z,35.30759,128.91526,76,1500,165.67,false,ok
GLV-C09,TRIP-GLV-C09-01,2026-07-31T23:24:00.000Z,35.31068,128.91697,76,1500,168.00,false,ok
GLV-C09,TRIP-GLV-C09-01,2026-07-31T23:26:00.000Z,35.31377,128.91868,75,1500,170.33,false,ok
GLV-C09,TRIP-GLV-C09-01,2026-07-31T23:28:00.000Z,35.31687,128.92039,74,1500,172.67,false,ok
GLV-C09,TRIP-GLV-C09-01,2026-07-31T23:30:00.000Z,35.31996,128.92211,73,1500,175.00,false,ok
GLV-C09,TRIP-GLV-C09-01,2026-07-31T23:32:00.000Z,35.32306,128.92382,72,1500,177.33,false,ok
GLV-C09,TRIP-GLV-C09-01,2026-07-31T23:34:00.000Z,35.32615,128.92553,70,1500,179.67,false,ok
GLV-C09,TRIP-GLV-C09-01,2026-07-31T23:36:00.000Z,35.32925,128.92724,69,1500,182.00,false,ok
GLV-C09,TRIP-GLV-C09-01,2026-07-31T23:38:00.000Z,35.33234,128.92895,67,1500,184.33,false,ok
GLV-C09,TRIP-GLV-C09-01,2026-07-31T23:40:00.000Z,35.33543,128.93067,66,1500,186.67,false,ok
GLV-C09,TRIP-GLV-C09-01,2026-07-31T23:42:00.000Z,35.33853,128.93238,64,1500,189.00,false,ok
GLV-C09,TRIP-GLV-C09-01,2026-07-31T23:44:00.000Z,35.34162,128.93409,63,1500,191.33,false,ok
GLV-C09,TRIP-GLV-C09-01,2026-07-31T23:46:00.000Z,35.34472,128.93580,62,1500,193.67,false,ok
GLV-C09,TRIP-GLV-C09-01,2026-07-31T23:48:00.000Z,35.34781,128.93751,61,1500,196.00,false,ok
GLV-C09,TRIP-GLV-C09-01,2026-07-31T23:50:00.000Z,35.35090,128.93923,60,1500,198.33,false,ok
GLV-C09,TRIP-GLV-C09-01,2026-07-31T23:52:00.000Z,35.35400,128.94094,60,1500,200.67,false,ok
GLV-C09,TRIP-GLV-C09-01,2026-07-31T23:54:00.000Z,35.35709,128.94265,60,1500,203.00,false,ok
GLV-C09,TRIP-GLV-C09-01,2026-07-31T23:56:00.000Z,35.36019,128.94436,60,1500,205.33,false,ok
GLV-C09,TRIP-GLV-C09-01,2026-07-31T23:58:00.000Z,35.36328,128.94608,61,1500,207.67,false,ok
GLV-C09,TRIP-GLV-C09-01,2026-08-01T00:00:00.000Z,35.36637,128.94779,62,1500,210.00,false,ok
GLV-C09,TRIP-GLV-C09-01,2026-08-01T00:02:00.000Z,35.36947,128.94950,63,1500,212.33,false,ok
GLV-C09,TRIP-GLV-C09-01,2026-08-01T00:04:00.000Z,35.37256,128.95121,65,1500,214.67,false,ok
GLV-C09,TRIP-GLV-C09-01,2026-08-01T00:06:00.000Z,35.37566,128.95292,66,1500,217.00,false,ok
GLV-C09,TRIP-GLV-C09-01,2026-08-01T00:08:00.000Z,35.37875,128.95464,68,1500,219.33,false,ok
GLV-C09,TRIP-GLV-C09-01,2026-08-01T00:10:00.000Z,35.38185,128.95635,69,1500,221.67,false,ok
GLV-C09,TRIP-GLV-C09-01,2026-08-01T00:12:00.000Z,35.38494,128.95806,71,1500,224.00,false,ok
GLV-C09,TRIP-GLV-C09-01,2026-08-01T00:14:00.000Z,35.38803,128.95977,72,1500,226.33,false,ok
GLV-C09,TRIP-GLV-C09-01,2026-08-01T00:16:00.000Z,35.39113,128.96148,73,1500,228.67,false,ok
GLV-C09,TRIP-GLV-C09-01,2026-08-01T00:18:00.000Z,35.39422,128.96320,75,1500,231.00,false,ok
GLV-C09,TRIP-GLV-C09-01,2026-08-01T00:20:00.000Z,35.39732,128.96491,75,1500,233.33,false,ok
GLV-C09,TRIP-GLV-C09-01,2026-08-01T00:22:00.000Z,35.40041,128.96662,76,1500,235.67,false,ok
GLV-C09,TRIP-GLV-C09-01,2026-08-01T00:24:00.000Z,35.40350,128.96833,76,1500,238.00,false,ok
GLV-C09,TRIP-GLV-C09-01,2026-08-01T00:26:00.000Z,35.40660,128.97004,76,1500,240.33,false,ok
GLV-C09,TRIP-GLV-C09-01,2026-08-01T00:28:00.000Z,35.40969,128.97176,75,1500,242.67,false,ok
GLV-C09,TRIP-GLV-C09-01,2026-08-01T00:30:00.000Z,35.41279,128.97347,75,1500,245.00,false,ok
GLV-C09,TRIP-GLV-C09-01,2026-08-01T00:32:00.000Z,35.41588,128.97518,74,1500,247.33,false,ok
GLV-C09,TRIP-GLV-C09-01,2026-08-01T00:34:00.000Z,35.41898,128.97689,72,1500,249.67,false,ok
GLV-C09,TRIP-GLV-C09-01,2026-08-01T00:36:00.000Z,35.42207,128.97860,71,1500,252.00,false,ok
GLV-C09,TRIP-GLV-C09-01,2026-08-01T00:38:00.000Z,35.42516,128.98032,70,1500,254.33,false,ok
GLV-C09,TRIP-GLV-C09-01,2026-08-01T00:40:00.000Z,35.42826,128.98203,68,1500,256.67,false,ok
GLV-C09,TRIP-GLV-C09-01,2026-08-01T00:42:00.000Z,35.43135,128.98374,66,1500,259.00,false,ok
GLV-C09,TRIP-GLV-C09-01,2026-08-01T00:44:00.000Z,35.43445,128.98545,65,1500,261.33,false,ok
GLV-C09,TRIP-GLV-C09-01,2026-08-01T00:46:00.000Z,35.43754,128.98717,63,1500,263.67,false,ok
GLV-C09,TRIP-GLV-C09-01,2026-08-01T00:48:00.000Z,35.44064,128.98888,62,1500,266.00,false,ok
GLV-C09,TRIP-GLV-C09-01,2026-08-01T00:50:00.000Z,35.44373,128.99059,61,1500,268.33,false,ok
GLV-C09,TRIP-GLV-C09-01,2026-08-01T00:52:00.000Z,35.44682,128.99230,61,1500,270.67,false,ok
GLV-C09,TRIP-GLV-C09-01,2026-08-01T00:54:00.000Z,35.44992,128.99401,60,1500,273.00,false,ok
GLV-C09,TRIP-GLV-C09-01,2026-08-01T00:56:00.000Z,35.45301,128.99573,60,1500,275.33,false,ok
GLV-C09,TRIP-GLV-C09-01,2026-08-01T00:58:00.000Z,35.45611,128.99744,60,1500,277.67,false,ok
GLV-C09,TRIP-GLV-C09-01,2026-08-01T01:00:00.000Z,35.45920,128.99915,61,1500,280.00,false,ok
GLV-C09,TRIP-GLV-C09-01,2026-08-01T01:02:00.000Z,35.46229,129.00086,62,1500,282.33,false,ok
GLV-C09,TRIP-GLV-C09-01,2026-08-01T01:04:00.000Z,35.46539,129.00257,63,1500,284.67,false,ok
GLV-C09,TRIP-GLV-C09-01,2026-08-01T01:06:00.000Z,35.46848,129.00429,64,1500,287.00,false,ok
GLV-C09,TRIP-GLV-C09-01,2026-08-01T01:08:00.000Z,35.47158,129.00600,65,1500,289.33,false,ok
GLV-C09,TRIP-GLV-C09-01,2026-08-01T01:10:00.000Z,35.47467,129.00771,67,1500,291.67,false,ok
GLV-C09,TRIP-GLV-C09-01,2026-08-01T01:12:00.000Z,35.47776,129.00942,69,1500,294.00,false,ok
GLV-C09,TRIP-GLV-C09-01,2026-08-01T01:14:00.000Z,35.48086,129.01113,70,1500,296.33,false,ok
GLV-C09,TRIP-GLV-C09-01,2026-08-01T01:16:00.000Z,35.48395,129.01285,72,1500,298.67,false,ok
GLV-C09,TRIP-GLV-C09-01,2026-08-01T01:18:00.000Z,35.48705,129.01456,73,1500,301.00,false,ok
GLV-C09,TRIP-GLV-C09-01,2026-08-01T01:20:00.000Z,35.49014,129.01627,74,1500,303.33,false,ok
GLV-C09,TRIP-GLV-C09-01,2026-08-01T01:22:00.000Z,35.49324,129.01798,75,1500,305.67,false,ok
GLV-C09,TRIP-GLV-C09-01,2026-08-01T01:24:00.000Z,35.49633,129.01970,76,1500,308.00,false,ok
GLV-C09,TRIP-GLV-C09-01,2026-08-01T01:26:00.000Z,35.49942,129.02141,76,1500,310.33,false,ok
GLV-C09,TRIP-GLV-C09-01,2026-08-01T01:28:00.000Z,35.50252,129.02312,76,1500,312.67,false,ok
GLV-C09,TRIP-GLV-C09-01,2026-08-01T01:30:00.000Z,35.50561,129.02483,76,1500,315.00,false,ok
GLV-C09,TRIP-GLV-C09-01,2026-08-01T01:32:00.000Z,35.50871,129.02654,75,1500,317.33,false,ok
GLV-C09,TRIP-GLV-C09-01,2026-08-01T01:34:00.000Z,35.51180,129.02826,74,1500,319.67,false,ok
GLV-C09,TRIP-GLV-C09-01,2026-08-01T01:36:00.000Z,35.51490,129.02997,73,1500,322.00,false,ok
GLV-C09,TRIP-GLV-C09-01,2026-08-01T01:38:00.000Z,35.51799,129.03168,72,1500,324.33,false,ok
GLV-C09,TRIP-GLV-C09-01,2026-08-01T01:40:00.000Z,35.52108,129.03339,70,1500,326.67,false,ok
GLV-C09,TRIP-GLV-C09-01,2026-08-01T01:42:00.000Z,35.52418,129.03510,69,1500,329.00,false,ok
GLV-C09,TRIP-GLV-C09-01,2026-08-01T01:44:00.000Z,35.52727,129.03682,67,1500,331.33,false,ok
GLV-C09,TRIP-GLV-C09-01,2026-08-01T01:46:00.000Z,35.53037,129.03853,65,1500,333.67,false,ok
GLV-C09,TRIP-GLV-C09-01,2026-08-01T01:48:00.000Z,35.53346,129.04024,64,1500,336.00,false,ok
GLV-C09,TRIP-GLV-C09-01,2026-08-01T01:50:00.000Z,35.53655,129.04195,63,1500,338.33,false,ok
GLV-C09,TRIP-GLV-C09-01,2026-08-01T01:52:00.000Z,35.53965,129.04366,62,1500,340.67,false,ok
GLV-C09,TRIP-GLV-C09-01,2026-08-01T01:54:00.000Z,35.54274,129.04538,61,1500,343.00,false,ok
GLV-C09,TRIP-GLV-C09-01,2026-08-01T01:56:00.000Z,35.54584,129.04709,60,1500,345.33,false,ok
GLV-C09,TRIP-GLV-C09-01,2026-08-01T01:58:00.000Z,35.54893,129.04880,60,1500,347.67,false,ok
GLV-C09,TRIP-GLV-C09-01,2026-08-01T02:00:00.000Z,35.55203,129.05051,60,1500,350.00,false,ok
GLV-C09,TRIP-GLV-C09-01,2026-08-01T02:02:00.000Z,35.55512,129.05222,60,1500,352.33,false,ok
GLV-C09,TRIP-GLV-C09-01,2026-08-01T02:04:00.000Z,35.55821,129.05394,61,1500,354.67,false,ok
GLV-C09,TRIP-GLV-C09-01,2026-08-01T02:06:00.000Z,35.56131,129.05565,62,1500,357.00,false,ok
GLV-C09,TRIP-GLV-C09-01,2026-08-01T02:08:00.000Z,35.56440,129.05736,63,1500,359.33,false,ok
GLV-C09,TRIP-GLV-C09-01,2026-08-01T02:10:00.000Z,35.56750,129.05907,65,1500,361.67,false,ok
GLV-C09,TRIP-GLV-C09-01,2026-08-01T02:12:00.000Z,35.57059,129.06079,66,1500,364.00,false,ok
GLV-C09,TRIP-GLV-C09-01,2026-08-01T02:14:00.000Z,35.57368,129.06250,68,1500,366.33,false,ok
GLV-C09,TRIP-GLV-C09-01,2026-08-01T02:16:00.000Z,35.57678,129.06421,69,1500,368.67,false,ok
GLV-C09,TRIP-GLV-C09-01,2026-08-01T02:18:00.000Z,35.57987,129.06592,71,1500,371.00,false,ok
GLV-C09,TRIP-GLV-C09-01,2026-08-01T02:20:00.000Z,35.58297,129.06763,72,1500,373.33,false,ok
GLV-C09,TRIP-GLV-C09-01,2026-08-01T02:22:00.000Z,35.58606,129.06935,74,1500,375.67,false,ok
GLV-C09,TRIP-GLV-C09-01,2026-08-01T02:24:00.000Z,35.58915,129.07106,75,1500,378.00,false,ok
GLV-C09,TRIP-GLV-C09-01,2026-08-01T02:26:00.000Z,35.59225,129.07277,75,1500,380.33,false,ok
GLV-C09,TRIP-GLV-C09-01,2026-08-01T02:28:00.000Z,35.59534,129.07448,76,1500,382.67,false,ok
GLV-C09,TRIP-GLV-C09-01,2026-08-01T02:30:00.000Z,35.59844,129.07619,76,1500,385.00,false,ok
GLV-C09,TRIP-GLV-C09-01,2026-08-01T02:32:00.000Z,35.60153,129.07791,76,1500,387.33,false,ok
GLV-C09,TRIP-GLV-C09-01,2026-08-01T02:34:00.000Z,35.60463,129.07962,75,1500,389.67,false,ok
GLV-C09,TRIP-GLV-C09-01,2026-08-01T02:36:00.000Z,35.60772,129.08133,75,1500,392.00,false,ok
GLV-C09,TRIP-GLV-C09-01,2026-08-01T02:38:00.000Z,35.61081,129.08304,73,1500,394.33,false,ok
GLV-C09,TRIP-GLV-C09-01,2026-08-01T02:40:00.000Z,35.61391,129.08475,72,1500,396.67,false,ok
GLV-C09,TRIP-GLV-C09-01,2026-08-01T02:42:00.000Z,35.61700,129.08647,71,1500,399.00,false,ok
GLV-C09,TRIP-GLV-C09-01,2026-08-01T02:44:00.000Z,35.62010,129.08818,69,1500,401.33,false,ok
GLV-C09,TRIP-GLV-C09-01,2026-08-01T02:46:00.000Z,35.62319,129.08989,68,1500,403.67,false,ok
GLV-C09,TRIP-GLV-C09-01,2026-08-01T02:48:00.000Z,35.62629,129.09160,66,1500,406.00,false,ok
GLV-C09,TRIP-GLV-C09-01,2026-08-01T02:50:00.000Z,35.62938,129.09331,65,1500,408.33,false,ok
GLV-C09,TRIP-GLV-C09-01,2026-08-01T02:52:00.000Z,35.63247,129.09503,63,1500,410.67,false,ok
GLV-C09,TRIP-GLV-C09-01,2026-08-01T02:54:00.000Z,35.63557,129.09674,62,1500,413.00,false,ok
GLV-C09,TRIP-GLV-C09-01,2026-08-01T02:56:00.000Z,35.63866,129.09845,61,1500,415.33,false,ok
GLV-C09,TRIP-GLV-C09-01,2026-08-01T02:58:00.000Z,35.64176,129.10016,60,1500,417.67,false,ok
GLV-C09,TRIP-GLV-C09-01,2026-08-01T03:00:00.000Z,35.64485,129.10188,60,1500,420.00,false,ok
GLV-C09,TRIP-GLV-C09-01,2026-08-01T03:02:00.000Z,35.64794,129.10359,60,1500,422.33,false,ok
GLV-C09,TRIP-GLV-C09-01,2026-08-01T03:04:00.000Z,35.65104,129.10530,60,1500,424.67,false,ok
GLV-C09,TRIP-GLV-C09-01,2026-08-01T03:06:00.000Z,35.65413,129.10701,61,1500,427.00,false,ok
GLV-C09,TRIP-GLV-C09-01,2026-08-01T03:08:00.000Z,35.65723,129.10872,62,1500,429.33,false,ok
GLV-C09,TRIP-GLV-C09-01,2026-08-01T03:10:00.000Z,35.66032,129.11044,63,1500,431.67,false,ok
GLV-C09,TRIP-GLV-C09-01,2026-08-01T03:12:00.000Z,35.66342,129.11215,64,1500,434.00,false,ok
GLV-C09,TRIP-GLV-C09-01,2026-08-01T03:14:00.000Z,35.66651,129.11386,66,1500,436.33,false,ok
GLV-C09,TRIP-GLV-C09-01,2026-08-01T03:16:00.000Z,35.66960,129.11557,67,1500,438.67,false,ok
GLV-C09,TRIP-GLV-C09-01,2026-08-01T03:18:00.000Z,35.67270,129.11728,69,1500,441.00,false,ok
GLV-C09,TRIP-GLV-C09-01,2026-08-01T03:20:00.000Z,35.67579,129.11900,70,1500,443.33,false,ok
GLV-C09,TRIP-GLV-C09-01,2026-08-01T03:22:00.000Z,35.67889,129.12071,72,1500,445.67,false,ok
GLV-C09,TRIP-GLV-C09-01,2026-08-01T03:24:00.000Z,35.68198,129.12242,73,1500,448.00,false,ok
GLV-C09,TRIP-GLV-C09-01,2026-08-01T03:26:00.000Z,35.68507,129.12413,74,1500,450.33,false,ok
GLV-C09,TRIP-GLV-C09-01,2026-08-01T03:28:00.000Z,35.68817,129.12584,75,1500,452.67,false,ok
GLV-C09,TRIP-GLV-C09-01,2026-08-01T03:30:00.000Z,35.69126,129.12756,76,1500,455.00,false,ok
GLV-C09,TRIP-GLV-C09-01,2026-08-01T03:32:00.000Z,35.69436,129.12927,76,1500,457.33,false,ok
GLV-C09,TRIP-GLV-C09-01,2026-08-01T03:34:00.000Z,35.69745,129.13098,76,1500,459.67,false,ok
GLV-C09,TRIP-GLV-C09-01,2026-08-01T03:36:00.000Z,35.70054,129.13269,76,1500,462.00,false,ok
GLV-C09,TRIP-GLV-C09-01,2026-08-01T03:38:00.000Z,35.70364,129.13440,75,1500,464.33,false,ok
GLV-C09,TRIP-GLV-C09-01,2026-08-01T03:40:00.000Z,35.70673,129.13612,74,1500,466.67,false,ok
GLV-C09,TRIP-GLV-C09-01,2026-08-01T03:42:00.000Z,35.70983,129.13783,73,1500,469.00,false,ok
GLV-C09,TRIP-GLV-C09-01,2026-08-01T03:44:00.000Z,35.71292,129.13954,71,1500,471.33,false,ok
GLV-C09,TRIP-GLV-C09-01,2026-08-01T03:46:00.000Z,35.71602,129.14125,70,1500,473.67,false,ok
GLV-C09,TRIP-GLV-C09-01,2026-08-01T03:48:00.000Z,35.71911,129.14297,68,1500,476.00,false,ok
GLV-C09,TRIP-GLV-C09-01,2026-08-01T03:50:00.000Z,35.72220,129.14468,67,1500,478.33,false,ok
GLV-C09,TRIP-GLV-C09-01,2026-08-01T03:52:00.000Z,35.72530,129.14639,65,1500,480.67,false,ok
GLV-C09,TRIP-GLV-C09-01,2026-08-01T03:54:00.000Z,35.72839,129.14810,64,1500,483.00,false,ok
GLV-C09,TRIP-GLV-C09-01,2026-08-01T03:56:00.000Z,35.73149,129.14981,62,1500,485.33,false,ok
GLV-C09,TRIP-GLV-C09-01,2026-08-01T03:58:00.000Z,35.73458,129.15153,61,1500,487.67,false,ok
GLV-C09,TRIP-GLV-C09-01,2026-08-01T04:00:00.000Z,35.73768,129.15324,61,1500,490.00,false,ok
GLV-C09,TRIP-GLV-C09-01,2026-08-01T04:02:00.000Z,35.74077,129.15495,60,1500,492.33,false,ok
GLV-C09,TRIP-GLV-C09-01,2026-08-01T04:04:00.000Z,35.74386,129.15666,60,1500,494.67,false,ok
GLV-C09,TRIP-GLV-C09-01,2026-08-01T04:06:00.000Z,35.74696,129.15837,60,1500,497.00,false,ok
GLV-C09,TRIP-GLV-C09-01,2026-08-01T04:08:00.000Z,35.75005,129.16009,61,1500,499.33,false,ok
GLV-C09,TRIP-GLV-C09-01,2026-08-01T04:10:00.000Z,35.75315,129.16180,61,1500,501.67,false,ok
GLV-C09,TRIP-GLV-C09-01,2026-08-01T04:12:00.000Z,35.75624,129.16351,62,1500,504.00,false,ok
GLV-C09,TRIP-GLV-C09-01,2026-08-01T04:14:00.000Z,35.75933,129.16522,64,1500,506.33,false,ok
GLV-C09,TRIP-GLV-C09-01,2026-08-01T04:16:00.000Z,35.76243,129.16693,65,1500,508.67,false,ok
GLV-C09,TRIP-GLV-C09-01,2026-08-01T04:18:00.000Z,35.76552,129.16865,67,1500,511.00,false,ok
GLV-C09,TRIP-GLV-C09-01,2026-08-01T04:20:00.000Z,35.76862,129.17036,68,1500,513.33,false,ok
GLV-C09,TRIP-GLV-C09-01,2026-08-01T04:22:00.000Z,35.77171,129.17207,70,1500,515.67,false,ok
GLV-C09,TRIP-GLV-C09-01,2026-08-01T04:24:00.000Z,35.77481,129.17378,71,1500,518.00,false,ok
GLV-C09,TRIP-GLV-C09-01,2026-08-01T04:26:00.000Z,35.77790,129.17549,73,1500,520.33,false,ok
GLV-C09,TRIP-GLV-C09-01,2026-08-01T04:28:00.000Z,35.78099,129.17721,74,1500,522.67,false,ok
GLV-C09,TRIP-GLV-C09-01,2026-08-01T04:30:00.000Z,35.78409,129.17892,75,1500,525.00,false,ok
GLV-C09,TRIP-GLV-C09-01,2026-08-01T04:32:00.000Z,35.78718,129.18063,76,1500,527.33,false,ok
GLV-C09,TRIP-GLV-C09-01,2026-08-01T04:34:00.000Z,35.79028,129.18234,76,1500,529.67,false,ok
GLV-C09,TRIP-GLV-C09-01,2026-08-01T04:36:00.000Z,35.79337,129.18406,76,1500,532.00,false,ok
GLV-C09,TRIP-GLV-C09-01,2026-08-01T04:38:00.000Z,35.79646,129.18577,76,1500,534.33,false,ok
GLV-C09,TRIP-GLV-C09-01,2026-08-01T04:40:00.000Z,35.79956,129.18748,75,1500,536.67,false,ok
GLV-C09,TRIP-GLV-C09-01,2026-08-01T04:42:00.000Z,35.80265,129.18919,74,1500,539.00,false,ok
GLV-C09,TRIP-GLV-C09-01,2026-08-01T04:44:00.000Z,35.80575,129.19090,73,1500,541.33,false,ok
GLV-C09,TRIP-GLV-C09-01,2026-08-01T04:46:00.000Z,35.80884,129.19262,72,1500,543.67,false,ok
GLV-C09,TRIP-GLV-C09-01,2026-08-01T04:48:00.000Z,35.81193,129.19433,71,1500,546.00,false,ok
GLV-C09,TRIP-GLV-C09-01,2026-08-01T04:50:00.000Z,35.81503,129.19604,69,1500,548.33,false,ok
GLV-C09,TRIP-GLV-C09-01,2026-08-01T04:52:00.000Z,35.81812,129.19775,67,1500,550.67,false,ok
GLV-C09,TRIP-GLV-C09-01,2026-08-01T04:54:00.000Z,35.82122,129.19946,66,1500,553.00,false,ok
GLV-C09,TRIP-GLV-C09-01,2026-08-01T04:56:00.000Z,35.82431,129.20118,64,1500,555.33,false,ok
GLV-C09,TRIP-GLV-C09-01,2026-08-01T04:58:00.000Z,35.82741,129.20289,63,1500,557.67,false,ok
GLV-C09,TRIP-GLV-C09-01,2026-08-01T05:00:00.000Z,35.83050,129.20460,62,1500,560.00,false,ok
GLV-C10,TRIP-GLV-C10-01,2026-07-31T21:00:00.000Z,35.08790,128.79370,68,1500,0.00,false,ok
GLV-C10,TRIP-GLV-C10-01,2026-07-31T21:02:00.000Z,35.09223,128.79610,70,1500,2.33,false,ok
GLV-C10,TRIP-GLV-C10-01,2026-07-31T21:04:00.000Z,35.09656,128.79849,71,1500,4.66,false,ok
GLV-C10,TRIP-GLV-C10-01,2026-07-31T21:06:00.000Z,35.10089,128.80089,73,1500,7.00,false,ok
GLV-C10,TRIP-GLV-C10-01,2026-07-31T21:08:00.000Z,35.10522,128.80328,74,1500,9.33,false,ok
GLV-C10,TRIP-GLV-C10-01,2026-07-31T21:10:00.000Z,35.10955,128.80568,75,1500,11.66,false,ok
GLV-C10,TRIP-GLV-C10-01,2026-07-31T21:12:00.000Z,35.11388,128.80808,75,1500,13.99,false,ok
GLV-C10,TRIP-GLV-C10-01,2026-07-31T21:14:00.000Z,35.11821,128.81047,76,1500,16.33,false,ok
GLV-C10,TRIP-GLV-C10-01,2026-07-31T21:16:00.000Z,35.12254,128.81287,76,1500,18.66,false,ok
GLV-C10,TRIP-GLV-C10-01,2026-07-31T21:18:00.000Z,35.12687,128.81526,76,1500,20.99,false,ok
GLV-C10,TRIP-GLV-C10-01,2026-07-31T21:20:00.000Z,35.13120,128.81766,75,1500,23.32,false,ok
GLV-C10,TRIP-GLV-C10-01,2026-07-31T21:22:00.000Z,35.13553,128.82006,74,1500,25.66,false,ok
GLV-C10,TRIP-GLV-C10-01,2026-07-31T21:24:00.000Z,35.13986,128.82245,73,1500,27.99,false,ok
GLV-C10,TRIP-GLV-C10-01,2026-07-31T21:26:00.000Z,35.14419,128.82485,72,1500,30.32,false,ok
GLV-C10,TRIP-GLV-C10-01,2026-07-31T21:28:00.000Z,35.14852,128.82724,71,1500,32.65,false,ok
GLV-C10,TRIP-GLV-C10-01,2026-07-31T21:30:00.000Z,35.15285,128.82964,69,1500,34.99,false,ok
GLV-C10,TRIP-GLV-C10-01,2026-07-31T21:32:00.000Z,35.15718,128.83203,68,1500,37.32,false,ok
GLV-C10,TRIP-GLV-C10-01,2026-07-31T21:34:00.000Z,35.16151,128.83443,66,1500,39.65,false,ok
GLV-C10,TRIP-GLV-C10-01,2026-07-31T21:36:00.000Z,35.16584,128.83683,64,1500,41.98,false,ok
GLV-C10,TRIP-GLV-C10-01,2026-07-31T21:38:00.000Z,35.17017,128.83922,63,1500,44.31,false,ok
GLV-C10,TRIP-GLV-C10-01,2026-07-31T21:40:00.000Z,35.17450,128.84162,62,1500,46.65,false,ok
GLV-C10,TRIP-GLV-C10-01,2026-07-31T21:42:00.000Z,35.17883,128.84401,61,1500,48.98,false,ok
GLV-C10,TRIP-GLV-C10-01,2026-07-31T21:44:00.000Z,35.18316,128.84641,60,1500,51.31,false,ok
GLV-C10,TRIP-GLV-C10-01,2026-07-31T21:46:00.000Z,35.18749,128.84881,60,1500,53.64,false,ok
GLV-C10,TRIP-GLV-C10-01,2026-07-31T21:48:00.000Z,35.19182,128.85120,60,1500,55.98,false,ok
GLV-C10,TRIP-GLV-C10-01,2026-07-31T21:50:00.000Z,35.19615,128.85360,60,1500,58.31,false,ok
GLV-C10,TRIP-GLV-C10-01,2026-07-31T21:52:00.000Z,35.20048,128.85599,61,1500,60.64,false,ok
GLV-C10,TRIP-GLV-C10-01,2026-07-31T21:54:00.000Z,35.20481,128.85839,62,1500,62.97,false,ok
GLV-C10,TRIP-GLV-C10-01,2026-07-31T21:56:00.000Z,35.20914,128.86079,63,1500,65.31,false,ok
GLV-C10,TRIP-GLV-C10-01,2026-07-31T21:58:00.000Z,35.21347,128.86318,64,1500,67.64,false,ok
GLV-C10,TRIP-GLV-C10-01,2026-07-31T22:00:00.000Z,35.21780,128.86558,66,1500,69.97,false,ok
GLV-C10,TRIP-GLV-C10-01,2026-07-31T22:02:00.000Z,35.22213,128.86797,67,1500,72.30,false,ok
GLV-C10,TRIP-GLV-C10-01,2026-07-31T22:04:00.000Z,35.22646,128.87037,69,1500,74.64,false,ok
GLV-C10,TRIP-GLV-C10-01,2026-07-31T22:06:00.000Z,35.23079,128.87277,70,1500,76.97,false,ok
GLV-C10,TRIP-GLV-C10-01,2026-07-31T22:08:00.000Z,35.23512,128.87516,72,1500,79.30,false,ok
GLV-C10,TRIP-GLV-C10-01,2026-07-31T22:10:00.000Z,35.23945,128.87756,73,1500,81.63,false,ok
GLV-C10,TRIP-GLV-C10-01,2026-07-31T22:12:00.000Z,35.24378,128.87995,74,1500,83.97,false,ok
GLV-C10,TRIP-GLV-C10-01,2026-07-31T22:14:00.000Z,35.24811,128.88235,75,1500,86.30,false,ok
GLV-C10,TRIP-GLV-C10-01,2026-07-31T22:16:00.000Z,35.25244,128.88474,76,1500,88.63,false,ok
GLV-C10,TRIP-GLV-C10-01,2026-07-31T22:18:00.000Z,35.25677,128.88714,76,1500,90.96,false,ok
GLV-C10,TRIP-GLV-C10-01,2026-07-31T22:20:00.000Z,35.26110,128.88954,76,1500,93.29,false,ok
GLV-C10,TRIP-GLV-C10-01,2026-07-31T22:22:00.000Z,35.26543,128.89193,76,1500,95.63,false,ok
GLV-C10,TRIP-GLV-C10-01,2026-07-31T22:24:00.000Z,35.26976,128.89433,75,1500,97.96,false,ok
GLV-C10,TRIP-GLV-C10-01,2026-07-31T22:26:00.000Z,35.27409,128.89672,74,1500,100.29,false,ok
GLV-C10,TRIP-GLV-C10-01,2026-07-31T22:28:00.000Z,35.27842,128.89912,73,1500,102.62,false,ok
GLV-C10,TRIP-GLV-C10-01,2026-07-31T22:30:00.000Z,35.28275,128.90152,71,1500,104.96,false,ok
GLV-C10,TRIP-GLV-C10-01,2026-07-31T22:32:00.000Z,35.28708,128.90391,70,1500,107.29,false,ok
GLV-C10,TRIP-GLV-C10-01,2026-07-31T22:34:00.000Z,35.29141,128.90631,68,1500,109.62,false,ok
GLV-C10,TRIP-GLV-C10-01,2026-07-31T22:36:00.000Z,35.29574,128.90870,67,1500,111.95,false,ok
GLV-C10,TRIP-GLV-C10-01,2026-07-31T22:38:00.000Z,35.30007,128.91110,65,1500,114.29,false,ok
GLV-C10,TRIP-GLV-C10-01,2026-07-31T22:40:00.000Z,35.30440,128.91350,64,1500,116.62,false,ok
GLV-C10,TRIP-GLV-C10-01,2026-07-31T22:42:00.000Z,35.30873,128.91589,62,1500,118.95,false,ok
GLV-C10,TRIP-GLV-C10-01,2026-07-31T22:44:00.000Z,35.31306,128.91829,61,1500,121.28,false,ok
GLV-C10,TRIP-GLV-C10-01,2026-07-31T22:46:00.000Z,35.31739,128.92068,61,1500,123.62,false,ok
GLV-C10,TRIP-GLV-C10-01,2026-07-31T22:48:00.000Z,35.32172,128.92308,60,1500,125.95,false,ok
GLV-C10,TRIP-GLV-C10-01,2026-07-31T22:50:00.000Z,35.32605,128.92548,60,1500,128.28,false,ok
GLV-C10,TRIP-GLV-C10-01,2026-07-31T22:52:00.000Z,35.33038,128.92787,60,1500,130.61,false,ok
GLV-C10,TRIP-GLV-C10-01,2026-07-31T22:54:00.000Z,35.33471,128.93027,61,1500,132.94,false,ok
GLV-C10,TRIP-GLV-C10-01,2026-07-31T22:56:00.000Z,35.33904,128.93266,61,1500,135.28,false,ok
GLV-C10,TRIP-GLV-C10-01,2026-07-31T22:58:00.000Z,35.34337,128.93506,62,1500,137.61,false,ok
GLV-C10,TRIP-GLV-C10-01,2026-07-31T23:00:00.000Z,35.34770,128.93746,64,1500,139.94,false,ok
GLV-C10,TRIP-GLV-C10-01,2026-07-31T23:02:00.000Z,35.35203,128.93985,65,1500,142.27,false,ok
GLV-C10,TRIP-GLV-C10-01,2026-07-31T23:04:00.000Z,35.35636,128.94225,67,1500,144.61,false,ok
GLV-C10,TRIP-GLV-C10-01,2026-07-31T23:06:00.000Z,35.36069,128.94464,68,1500,146.94,false,ok
GLV-C10,TRIP-GLV-C10-01,2026-07-31T23:08:00.000Z,35.36502,128.94704,70,1500,149.27,false,ok
GLV-C10,TRIP-GLV-C10-01,2026-07-31T23:10:00.000Z,35.36935,128.94943,71,1500,151.60,false,ok
GLV-C10,TRIP-GLV-C10-01,2026-07-31T23:12:00.000Z,35.37368,128.95183,73,1500,153.94,false,ok
GLV-C10,TRIP-GLV-C10-01,2026-07-31T23:14:00.000Z,35.37801,128.95423,74,1500,156.27,false,ok
GLV-C10,TRIP-GLV-C10-01,2026-07-31T23:16:00.000Z,35.38234,128.95662,75,1500,158.60,false,ok
GLV-C10,TRIP-GLV-C10-01,2026-07-31T23:18:00.000Z,35.38667,128.95902,76,1500,160.93,false,ok
GLV-C10,TRIP-GLV-C10-01,2026-07-31T23:20:00.000Z,35.39100,128.96141,76,1500,163.27,false,ok
GLV-C10,TRIP-GLV-C10-01,2026-07-31T23:22:00.000Z,35.39533,128.96381,76,1500,165.60,false,ok
GLV-C10,TRIP-GLV-C10-01,2026-07-31T23:24:00.000Z,35.39966,128.96621,76,1500,167.93,false,ok
GLV-C10,TRIP-GLV-C10-01,2026-07-31T23:26:00.000Z,35.40399,128.96860,75,1500,170.26,false,ok
GLV-C10,TRIP-GLV-C10-01,2026-07-31T23:28:00.000Z,35.40832,128.97100,74,1500,172.59,false,ok
GLV-C10,TRIP-GLV-C10-01,2026-07-31T23:30:00.000Z,35.41265,128.97339,73,1500,174.93,false,ok
GLV-C10,TRIP-GLV-C10-01,2026-07-31T23:32:00.000Z,35.41698,128.97579,72,1500,177.26,false,ok
GLV-C10,TRIP-GLV-C10-01,2026-07-31T23:34:00.000Z,35.42131,128.97819,70,1500,179.59,false,ok
GLV-C10,TRIP-GLV-C10-01,2026-07-31T23:36:00.000Z,35.42564,128.98058,69,1500,181.92,false,ok
GLV-C10,TRIP-GLV-C10-01,2026-07-31T23:38:00.000Z,35.42997,128.98298,67,1500,184.26,false,ok
GLV-C10,TRIP-GLV-C10-01,2026-07-31T23:40:00.000Z,35.43430,128.98537,66,1500,186.59,false,ok
GLV-C10,TRIP-GLV-C10-01,2026-07-31T23:42:00.000Z,35.43863,128.98777,64,1500,188.92,false,ok
GLV-C10,TRIP-GLV-C10-01,2026-07-31T23:44:00.000Z,35.44296,128.99017,63,1500,191.25,false,ok
GLV-C10,TRIP-GLV-C10-01,2026-07-31T23:46:00.000Z,35.44729,128.99256,62,1500,193.59,false,ok
GLV-C10,TRIP-GLV-C10-01,2026-07-31T23:48:00.000Z,35.45162,128.99496,61,1500,195.92,false,ok
GLV-C10,TRIP-GLV-C10-01,2026-07-31T23:50:00.000Z,35.45595,128.99735,60,1500,198.25,false,ok
GLV-C10,TRIP-GLV-C10-01,2026-07-31T23:52:00.000Z,35.46028,128.99975,60,1500,200.58,false,ok
GLV-C10,TRIP-GLV-C10-01,2026-07-31T23:54:00.000Z,35.46461,129.00214,60,1500,202.92,false,ok
GLV-C10,TRIP-GLV-C10-01,2026-07-31T23:56:00.000Z,35.46894,129.00454,60,1500,205.25,false,ok
GLV-C10,TRIP-GLV-C10-01,2026-07-31T23:58:00.000Z,35.47327,129.00694,61,1500,207.58,false,ok
GLV-C10,TRIP-GLV-C10-01,2026-08-01T00:00:00.000Z,35.47760,129.00933,62,1500,209.91,false,ok
GLV-C10,TRIP-GLV-C10-01,2026-08-01T00:02:00.000Z,35.48193,129.01173,63,1500,212.24,false,ok
GLV-C10,TRIP-GLV-C10-01,2026-08-01T00:04:00.000Z,35.48626,129.01412,65,1500,214.58,false,ok
GLV-C10,TRIP-GLV-C10-01,2026-08-01T00:06:00.000Z,35.49059,129.01652,66,1500,216.91,false,ok
GLV-C10,TRIP-GLV-C10-01,2026-08-01T00:08:00.000Z,35.49492,129.01892,68,1500,219.24,false,ok
GLV-C10,TRIP-GLV-C10-01,2026-08-01T00:10:00.000Z,35.49925,129.02131,69,1500,221.57,false,ok
GLV-C10,TRIP-GLV-C10-01,2026-08-01T00:12:00.000Z,35.50358,129.02371,71,1500,223.91,false,ok
GLV-C10,TRIP-GLV-C10-01,2026-08-01T00:14:00.000Z,35.50791,129.02610,72,1500,226.24,false,ok
GLV-C10,TRIP-GLV-C10-01,2026-08-01T00:16:00.000Z,35.51224,129.02850,73,1500,228.57,false,ok
GLV-C10,TRIP-GLV-C10-01,2026-08-01T00:18:00.000Z,35.51657,129.03090,75,1500,230.90,false,ok
GLV-C10,TRIP-GLV-C10-01,2026-08-01T00:20:00.000Z,35.52090,129.03329,75,1500,233.24,false,ok
GLV-C10,TRIP-GLV-C10-01,2026-08-01T00:22:00.000Z,35.52523,129.03569,76,1500,235.57,false,ok
GLV-C10,TRIP-GLV-C10-01,2026-08-01T00:24:00.000Z,35.52956,129.03808,76,1500,237.90,false,ok
GLV-C10,TRIP-GLV-C10-01,2026-08-01T00:26:00.000Z,35.53389,129.04048,76,1500,240.23,false,ok
GLV-C10,TRIP-GLV-C10-01,2026-08-01T00:28:00.000Z,35.53822,129.04288,75,1500,242.57,false,ok
GLV-C10,TRIP-GLV-C10-01,2026-08-01T00:30:00.000Z,35.54255,129.04527,75,1500,244.90,false,ok
GLV-C10,TRIP-GLV-C10-01,2026-08-01T00:32:00.000Z,35.54688,129.04767,74,1500,247.23,false,ok
GLV-C10,TRIP-GLV-C10-01,2026-08-01T00:34:00.000Z,35.55121,129.05006,72,1500,249.56,false,ok
GLV-C10,TRIP-GLV-C10-01,2026-08-01T00:36:00.000Z,35.55554,129.05246,71,1500,251.90,false,ok
GLV-C10,TRIP-GLV-C10-01,2026-08-01T00:38:00.000Z,35.55987,129.05486,70,1500,254.23,false,ok
GLV-C10,TRIP-GLV-C10-01,2026-08-01T00:40:00.000Z,35.56420,129.05725,68,1500,256.56,false,ok
GLV-C10,TRIP-GLV-C10-01,2026-08-01T00:42:00.000Z,35.56853,129.05965,66,1500,258.89,false,ok
GLV-C10,TRIP-GLV-C10-01,2026-08-01T00:44:00.000Z,35.57286,129.06204,65,1500,261.22,false,ok
GLV-C10,TRIP-GLV-C10-01,2026-08-01T00:46:00.000Z,35.57719,129.06444,63,1500,263.56,false,ok
GLV-C10,TRIP-GLV-C10-01,2026-08-01T00:48:00.000Z,35.58152,129.06683,62,1500,265.89,false,ok
GLV-C10,TRIP-GLV-C10-01,2026-08-01T00:50:00.000Z,35.58585,129.06923,61,1500,268.22,false,ok
GLV-C10,TRIP-GLV-C10-01,2026-08-01T00:52:00.000Z,35.59018,129.07163,61,1500,270.55,false,ok
GLV-C10,TRIP-GLV-C10-01,2026-08-01T00:54:00.000Z,35.59451,129.07402,60,1500,272.89,false,ok
GLV-C10,TRIP-GLV-C10-01,2026-08-01T00:56:00.000Z,35.59884,129.07642,60,1500,275.22,false,ok
GLV-C10,TRIP-GLV-C10-01,2026-08-01T00:58:00.000Z,35.60317,129.07881,60,1500,277.55,false,ok
GLV-C10,TRIP-GLV-C10-01,2026-08-01T01:00:00.000Z,35.60750,129.08121,61,1500,279.88,false,ok
GLV-C10,TRIP-GLV-C10-01,2026-08-01T01:02:00.000Z,35.61183,129.08361,62,1500,282.22,false,ok
GLV-C10,TRIP-GLV-C10-01,2026-08-01T01:04:00.000Z,35.61616,129.08600,63,1500,284.55,false,ok
GLV-C10,TRIP-GLV-C10-01,2026-08-01T01:06:00.000Z,35.62049,129.08840,64,1500,286.88,false,ok
GLV-C10,TRIP-GLV-C10-01,2026-08-01T01:08:00.000Z,35.62482,129.09079,65,1500,289.21,false,ok
GLV-C10,TRIP-GLV-C10-01,2026-08-01T01:10:00.000Z,35.62915,129.09319,67,1500,291.55,false,ok
GLV-C10,TRIP-GLV-C10-01,2026-08-01T01:12:00.000Z,35.63348,129.09559,69,1500,293.88,false,ok
GLV-C10,TRIP-GLV-C10-01,2026-08-01T01:14:00.000Z,35.63781,129.09798,70,1500,296.21,false,ok
GLV-C10,TRIP-GLV-C10-01,2026-08-01T01:16:00.000Z,35.64214,129.10038,72,1500,298.54,false,ok
GLV-C10,TRIP-GLV-C10-01,2026-08-01T01:18:00.000Z,35.64647,129.10277,73,1500,300.87,false,ok
GLV-C10,TRIP-GLV-C10-01,2026-08-01T01:20:00.000Z,35.65080,129.10517,74,1500,303.21,false,ok
GLV-C10,TRIP-GLV-C10-01,2026-08-01T01:22:00.000Z,35.65513,129.10757,75,1500,305.54,false,ok
GLV-C10,TRIP-GLV-C10-01,2026-08-01T01:24:00.000Z,35.65946,129.10996,76,1500,307.87,false,ok
GLV-C10,TRIP-GLV-C10-01,2026-08-01T01:26:00.000Z,35.66379,129.11236,76,1500,310.20,false,ok
GLV-C10,TRIP-GLV-C10-01,2026-08-01T01:28:00.000Z,35.66812,129.11475,76,1500,312.54,false,ok
GLV-C10,TRIP-GLV-C10-01,2026-08-01T01:30:00.000Z,35.67245,129.11715,76,1500,314.87,false,ok
GLV-C10,TRIP-GLV-C10-01,2026-08-01T01:32:00.000Z,35.67678,129.11954,75,1500,317.20,false,ok
GLV-C10,TRIP-GLV-C10-01,2026-08-01T01:34:00.000Z,35.68111,129.12194,74,1500,319.53,false,ok
GLV-C10,TRIP-GLV-C10-01,2026-08-01T01:36:00.000Z,35.68544,129.12434,73,1500,321.87,false,ok
GLV-C10,TRIP-GLV-C10-01,2026-08-01T01:38:00.000Z,35.68977,129.12673,72,1500,324.20,false,ok
GLV-C10,TRIP-GLV-C10-01,2026-08-01T01:40:00.000Z,35.69410,129.12913,70,1500,326.53,false,ok
GLV-C10,TRIP-GLV-C10-01,2026-08-01T01:42:00.000Z,35.69843,129.13152,69,1500,328.86,false,ok
GLV-C10,TRIP-GLV-C10-01,2026-08-01T01:44:00.000Z,35.70276,129.13392,67,1500,331.20,false,ok
GLV-C10,TRIP-GLV-C10-01,2026-08-01T01:46:00.000Z,35.70709,129.13632,65,1500,333.53,false,ok
GLV-C10,TRIP-GLV-C10-01,2026-08-01T01:48:00.000Z,35.71142,129.13871,64,1500,335.86,false,ok
GLV-C10,TRIP-GLV-C10-01,2026-08-01T01:50:00.000Z,35.71575,129.14111,63,1500,338.19,false,ok
GLV-C10,TRIP-GLV-C10-01,2026-08-01T01:52:00.000Z,35.72008,129.14350,62,1500,340.52,false,ok
GLV-C10,TRIP-GLV-C10-01,2026-08-01T01:54:00.000Z,35.72441,129.14590,61,1500,342.86,false,ok
GLV-C10,TRIP-GLV-C10-01,2026-08-01T01:56:00.000Z,35.72874,129.14830,60,1500,345.19,false,ok
GLV-C10,TRIP-GLV-C10-01,2026-08-01T01:58:00.000Z,35.73307,129.15069,60,1500,347.52,false,ok
GLV-C10,TRIP-GLV-C10-01,2026-08-01T02:00:00.000Z,35.73740,129.15309,60,1500,349.85,false,ok
GLV-C10,TRIP-GLV-C10-01,2026-08-01T02:02:00.000Z,35.74173,129.15548,60,1500,352.19,false,ok
GLV-C10,TRIP-GLV-C10-01,2026-08-01T02:04:00.000Z,35.74606,129.15788,61,1500,354.52,false,ok
GLV-C10,TRIP-GLV-C10-01,2026-08-01T02:06:00.000Z,35.75039,129.16028,62,1500,356.85,false,ok
GLV-C10,TRIP-GLV-C10-01,2026-08-01T02:08:00.000Z,35.75472,129.16267,63,1500,359.18,false,ok
GLV-C10,TRIP-GLV-C10-01,2026-08-01T02:10:00.000Z,35.75905,129.16507,65,1500,361.52,false,ok
GLV-C10,TRIP-GLV-C10-01,2026-08-01T02:12:00.000Z,35.76338,129.16746,66,1500,363.85,false,ok
GLV-C10,TRIP-GLV-C10-01,2026-08-01T02:14:00.000Z,35.76771,129.16986,68,1500,366.18,false,ok
GLV-C10,TRIP-GLV-C10-01,2026-08-01T02:16:00.000Z,35.77204,129.17226,69,1500,368.51,false,ok
GLV-C10,TRIP-GLV-C10-01,2026-08-01T02:18:00.000Z,35.77637,129.17465,71,1500,370.85,false,ok
GLV-C10,TRIP-GLV-C10-01,2026-08-01T02:20:00.000Z,35.78070,129.17705,72,1500,373.18,false,ok
GLV-C10,TRIP-GLV-C10-01,2026-08-01T02:22:00.000Z,35.78503,129.17944,74,1500,375.51,false,ok
GLV-C10,TRIP-GLV-C10-01,2026-08-01T02:24:00.000Z,35.78936,129.18184,75,1500,377.84,false,ok
GLV-C10,TRIP-GLV-C10-01,2026-08-01T02:26:00.000Z,35.79369,129.18423,75,1500,380.17,false,ok
GLV-C10,TRIP-GLV-C10-01,2026-08-01T02:28:00.000Z,35.79802,129.18663,76,1500,382.51,false,ok
GLV-C10,TRIP-GLV-C10-01,2026-08-01T02:30:00.000Z,35.80235,129.18903,76,1500,384.84,false,ok
GLV-C10,TRIP-GLV-C10-01,2026-08-01T02:32:00.000Z,35.80668,129.19142,76,1500,387.17,false,ok
GLV-C10,TRIP-GLV-C10-01,2026-08-01T02:34:00.000Z,35.81101,129.19382,75,1500,389.50,false,ok
GLV-C10,TRIP-GLV-C10-01,2026-08-01T02:36:00.000Z,35.81534,129.19621,75,1500,391.84,false,ok
GLV-C10,TRIP-GLV-C10-01,2026-08-01T02:38:00.000Z,35.81967,129.19861,73,1500,394.17,false,ok
GLV-C10,TRIP-GLV-C10-01,2026-08-01T02:40:00.000Z,35.82400,129.20101,72,1500,396.50,false,ok
GLV-C10,TRIP-GLV-C10-01,2026-08-01T02:42:00.000Z,35.82833,129.20340,71,1500,398.83,false,ok
